solid 
 facet normal -1.000000e+00  0.000000e+00  0.000000e+00
   outer loop
     vertex -1.402500e+01 -3.500000e+00  5.000000e-01
     vertex -1.402500e+01  3.500000e+00 -5.000000e-01
     vertex -1.402500e+01 -3.500000e+00 -5.000000e-01
   endloop
 endfacet
 facet normal -1.000000e+00  0.000000e+00  0.000000e+00
   outer loop
     vertex -1.402500e+01 -3.500000e+00  5.000000e-01
     vertex -1.402500e+01  3.500000e+00  5.000000e-01
     vertex -1.402500e+01  3.500000e+00 -5.000000e-01
   endloop
 endfacet
 facet normal  0.000000e+00 -1.000000e+00 -0.000000e+00
   outer loop
     vertex  1.402500e+01 -3.500000e+00  5.000000e-01
     vertex -1.402500e+01 -3.500000e+00 -5.000000e-01
     vertex  1.402500e+01 -3.500000e+00 -5.000000e-01
   endloop
 endfacet
 facet normal -0.000000e+00 -1.000000e+00  0.000000e+00
   outer loop
     vertex  1.402500e+01 -3.500000e+00  5.000000e-01
     vertex -1.402500e+01 -3.500000e+00  5.000000e-01
     vertex -1.402500e+01 -3.500000e+00 -5.000000e-01
   endloop
 endfacet
 facet normal  0.000000e+00  0.000000e+00  1.000000e+00
   outer loop
     vertex -9.172883e+00 -1.088276e+00  5.000000e-01
     vertex -1.402500e+01 -3.500000e+00  5.000000e-01
     vertex -9.117179e+00 -1.145387e+00  5.000000e-01
   endloop
 endfacet
 facet normal  0.000000e+00  0.000000e+00  1.000000e+00
   outer loop
     vertex -9.058697e+00 -1.199650e+00  5.000000e-01
     vertex -9.117179e+00 -1.145387e+00  5.000000e-01
     vertex -1.402500e+01 -3.500000e+00  5.000000e-01
   endloop
 endfacet
 facet normal  0.000000e+00  0.000000e+00  1.000000e+00
   outer loop
     vertex -9.225671e+00 -1.028460e+00  5.000000e-01
     vertex -1.402500e+01 -3.500000e+00  5.000000e-01
     vertex -9.172883e+00 -1.088276e+00  5.000000e-01
   endloop
 endfacet
 facet normal  0.000000e+00  0.000000e+00  1.000000e+00
   outer loop
     vertex -8.997584e+00 -1.250930e+00  5.000000e-01
     vertex -9.058697e+00 -1.199650e+00  5.000000e-01
     vertex -1.402500e+01 -3.500000e+00  5.000000e-01
   endloop
 endfacet
 facet normal  0.000000e+00  0.000000e+00  1.000000e+00
   outer loop
     vertex -9.275412e+00 -9.660871e-01  5.000000e-01
     vertex -1.402500e+01 -3.500000e+00  5.000000e-01
     vertex -9.225671e+00 -1.028460e+00  5.000000e-01
   endloop
 endfacet
 facet normal  0.000000e+00  0.000000e+00  1.000000e+00
   outer loop
     vertex -8.933990e+00 -1.299101e+00  5.000000e-01
     vertex -8.997584e+00 -1.250930e+00  5.000000e-01
     vertex -1.402500e+01 -3.500000e+00  5.000000e-01
   endloop
 endfacet
 facet normal  0.000000e+00  0.000000e+00  1.000000e+00
   outer loop
     vertex -9.321982e+00 -9.013121e-01  5.000000e-01
     vertex -1.402500e+01 -3.500000e+00  5.000000e-01
     vertex -9.275412e+00 -9.660871e-01  5.000000e-01
   endloop
 endfacet
 facet normal  0.000000e+00  0.000000e+00  1.000000e+00
   outer loop
     vertex -8.868074e+00 -1.344041e+00  5.000000e-01
     vertex -8.933990e+00 -1.299101e+00  5.000000e-01
     vertex -1.402500e+01 -3.500000e+00  5.000000e-01
   endloop
 endfacet
 facet normal  0.000000e+00  0.000000e+00  1.000000e+00
   outer loop
     vertex -9.365265e+00 -8.342963e-01  5.000000e-01
     vertex -1.402500e+01 -3.500000e+00  5.000000e-01
     vertex -9.321982e+00 -9.013121e-01  5.000000e-01
   endloop
 endfacet
 facet normal  0.000000e+00  0.000000e+00  1.000000e+00
   outer loop
     vertex -8.800000e+00 -1.385641e+00  5.000000e-01
     vertex -8.868074e+00 -1.344041e+00  5.000000e-01
     vertex -1.402500e+01 -3.500000e+00  5.000000e-01
   endloop
 endfacet
 facet normal  0.000000e+00  0.000000e+00  1.000000e+00
   outer loop
     vertex -9.405155e+00 -7.652064e-01  5.000000e-01
     vertex -1.402500e+01 -3.500000e+00  5.000000e-01
     vertex -9.365265e+00 -8.342963e-01  5.000000e-01
   endloop
 endfacet
 facet normal  0.000000e+00  0.000000e+00  1.000000e+00
   outer loop
     vertex -8.729937e+00 -1.423795e+00  5.000000e-01
     vertex -8.800000e+00 -1.385641e+00  5.000000e-01
     vertex -1.402500e+01 -3.500000e+00  5.000000e-01
   endloop
 endfacet
 facet normal  0.000000e+00  0.000000e+00  1.000000e+00
   outer loop
     vertex -9.441550e+00 -6.942140e-01  5.000000e-01
     vertex -1.402500e+01 -3.500000e+00  5.000000e-01
     vertex -9.405155e+00 -7.652064e-01  5.000000e-01
   endloop
 endfacet
 facet normal  0.000000e+00  0.000000e+00  1.000000e+00
   outer loop
     vertex -8.658059e+00 -1.458409e+00  5.000000e-01
     vertex -8.729937e+00 -1.423795e+00  5.000000e-01
     vertex -1.402500e+01 -3.500000e+00  5.000000e-01
   endloop
 endfacet
 facet normal  0.000000e+00  0.000000e+00  1.000000e+00
   outer loop
     vertex -9.474362e+00 -6.214957e-01  5.000000e-01
     vertex -1.402500e+01 -3.500000e+00  5.000000e-01
     vertex -9.441550e+00 -6.942140e-01  5.000000e-01
   endloop
 endfacet
 facet normal  0.000000e+00  0.000000e+00  1.000000e+00
   outer loop
     vertex -8.584546e+00 -1.489398e+00  5.000000e-01
     vertex -8.658059e+00 -1.458409e+00  5.000000e-01
     vertex -1.402500e+01 -3.500000e+00  5.000000e-01
   endloop
 endfacet
 facet normal  0.000000e+00  0.000000e+00  1.000000e+00
   outer loop
     vertex -9.503508e+00 -5.472322e-01  5.000000e-01
     vertex -1.402500e+01 -3.500000e+00  5.000000e-01
     vertex -9.474362e+00 -6.214957e-01  5.000000e-01
   endloop
 endfacet
 facet normal  0.000000e+00  0.000000e+00  1.000000e+00
   outer loop
     vertex -8.509579e+00 -1.516684e+00  5.000000e-01
     vertex -8.584546e+00 -1.489398e+00  5.000000e-01
     vertex -1.402500e+01 -3.500000e+00  5.000000e-01
   endloop
 endfacet
 facet normal  0.000000e+00  0.000000e+00  1.000000e+00
   outer loop
     vertex -9.528916e+00 -4.716083e-01  5.000000e-01
     vertex -1.402500e+01 -3.500000e+00  5.000000e-01
     vertex -9.503508e+00 -5.472322e-01  5.000000e-01
   endloop
 endfacet
 facet normal  0.000000e+00  0.000000e+00  1.000000e+00
   outer loop
     vertex -8.433345e+00 -1.540199e+00  5.000000e-01
     vertex -8.509579e+00 -1.516684e+00  5.000000e-01
     vertex -1.402500e+01 -3.500000e+00  5.000000e-01
   endloop
 endfacet
 facet normal  0.000000e+00  0.000000e+00  1.000000e+00
   outer loop
     vertex -9.550524e+00 -3.948118e-01  5.000000e-01
     vertex -1.402500e+01 -3.500000e+00  5.000000e-01
     vertex -9.528916e+00 -4.716083e-01  5.000000e-01
   endloop
 endfacet
 facet normal  0.000000e+00  0.000000e+00  1.000000e+00
   outer loop
     vertex -8.356033e+00 -1.559885e+00  5.000000e-01
     vertex -8.433345e+00 -1.540199e+00  5.000000e-01
     vertex -1.402500e+01 -3.500000e+00  5.000000e-01
   endloop
 endfacet
 facet normal  0.000000e+00  0.000000e+00  1.000000e+00
   outer loop
     vertex -9.568276e+00 -3.170338e-01  5.000000e-01
     vertex -1.402500e+01 -3.500000e+00  5.000000e-01
     vertex -9.550524e+00 -3.948118e-01  5.000000e-01
   endloop
 endfacet
 facet normal  0.000000e+00  0.000000e+00  1.000000e+00
   outer loop
     vertex -8.277837e+00 -1.575692e+00  5.000000e-01
     vertex -8.356033e+00 -1.559885e+00  5.000000e-01
     vertex -1.402500e+01 -3.500000e+00  5.000000e-01
   endloop
 endfacet
 facet normal  0.000000e+00  0.000000e+00  1.000000e+00
   outer loop
     vertex -9.582129e+00 -2.384676e-01  5.000000e-01
     vertex -1.402500e+01 -3.500000e+00  5.000000e-01
     vertex -9.568276e+00 -3.170338e-01  5.000000e-01
   endloop
 endfacet
 facet normal  0.000000e+00  0.000000e+00  1.000000e+00
   outer loop
     vertex -8.198950e+00 -1.587583e+00  5.000000e-01
     vertex -8.277837e+00 -1.575692e+00  5.000000e-01
     vertex -1.402500e+01 -3.500000e+00  5.000000e-01
   endloop
 endfacet
 facet normal  0.000000e+00  0.000000e+00  1.000000e+00
   outer loop
     vertex -9.592049e+00 -1.593086e-01  5.000000e-01
     vertex -1.402500e+01 -3.500000e+00  5.000000e-01
     vertex -9.582129e+00 -2.384676e-01  5.000000e-01
   endloop
 endfacet
 facet normal  0.000000e+00  0.000000e+00  1.000000e+00
   outer loop
     vertex -8.119568e+00 -1.595526e+00  5.000000e-01
     vertex -8.198950e+00 -1.587583e+00  5.000000e-01
     vertex -1.402500e+01 -3.500000e+00  5.000000e-01
   endloop
 endfacet
 facet normal  0.000000e+00  0.000000e+00  1.000000e+00
   outer loop
     vertex -9.598011e+00 -7.975342e-02  5.000000e-01
     vertex -1.402500e+01 -3.500000e+00  5.000000e-01
     vertex -9.592049e+00 -1.593086e-01  5.000000e-01
   endloop
 endfacet
 facet normal  0.000000e+00  0.000000e+00  1.000000e+00
   outer loop
     vertex -8.039889e+00 -1.599503e+00  5.000000e-01
     vertex -8.119568e+00 -1.595526e+00  5.000000e-01
     vertex -1.402500e+01 -3.500000e+00  5.000000e-01
   endloop
 endfacet
 facet normal  0.000000e+00  0.000000e+00  1.000000e+00
   outer loop
     vertex -9.600000e+00  5.488398e-15  5.000000e-01
     vertex -1.402500e+01  3.500000e+00  5.000000e-01
     vertex -1.402500e+01 -3.500000e+00  5.000000e-01
   endloop
 endfacet
 facet normal  0.000000e+00  0.000000e+00  1.000000e+00
   outer loop
     vertex -9.600000e+00  5.488398e-15  5.000000e-01
     vertex -1.402500e+01 -3.500000e+00  5.000000e-01
     vertex -9.598011e+00 -7.975342e-02  5.000000e-01
   endloop
 endfacet
 facet normal  0.000000e+00  0.000000e+00  1.000000e+00
   outer loop
     vertex -7.960111e+00 -1.599503e+00  5.000000e-01
     vertex -8.039889e+00 -1.599503e+00  5.000000e-01
     vertex -1.402500e+01 -3.500000e+00  5.000000e-01
   endloop
 endfacet
 facet normal  0.000000e+00  0.000000e+00  1.000000e+00
   outer loop
     vertex -9.598011e+00  7.975342e-02  5.000000e-01
     vertex -1.402500e+01  3.500000e+00  5.000000e-01
     vertex -9.600000e+00  5.488398e-15  5.000000e-01
   endloop
 endfacet
 facet normal  0.000000e+00  0.000000e+00  1.000000e+00
   outer loop
     vertex -7.880432e+00 -1.595526e+00  5.000000e-01
     vertex -7.960111e+00 -1.599503e+00  5.000000e-01
     vertex -1.402500e+01 -3.500000e+00  5.000000e-01
   endloop
 endfacet
 facet normal  0.000000e+00  0.000000e+00  1.000000e+00
   outer loop
     vertex -9.592049e+00  1.593086e-01  5.000000e-01
     vertex -1.402500e+01  3.500000e+00  5.000000e-01
     vertex -9.598011e+00  7.975342e-02  5.000000e-01
   endloop
 endfacet
 facet normal  0.000000e+00  0.000000e+00  1.000000e+00
   outer loop
     vertex -7.801050e+00 -1.587583e+00  5.000000e-01
     vertex -7.880432e+00 -1.595526e+00  5.000000e-01
     vertex -1.402500e+01 -3.500000e+00  5.000000e-01
   endloop
 endfacet
 facet normal  0.000000e+00  0.000000e+00  1.000000e+00
   outer loop
     vertex -9.582129e+00  2.384676e-01  5.000000e-01
     vertex -1.402500e+01  3.500000e+00  5.000000e-01
     vertex -9.592049e+00  1.593086e-01  5.000000e-01
   endloop
 endfacet
 facet normal  0.000000e+00  0.000000e+00  1.000000e+00
   outer loop
     vertex -7.722163e+00 -1.575692e+00  5.000000e-01
     vertex -7.801050e+00 -1.587583e+00  5.000000e-01
     vertex -1.402500e+01 -3.500000e+00  5.000000e-01
   endloop
 endfacet
 facet normal  0.000000e+00  0.000000e+00  1.000000e+00
   outer loop
     vertex -9.568276e+00  3.170338e-01  5.000000e-01
     vertex -1.402500e+01  3.500000e+00  5.000000e-01
     vertex -9.582129e+00  2.384676e-01  5.000000e-01
   endloop
 endfacet
 facet normal  0.000000e+00  0.000000e+00  1.000000e+00
   outer loop
     vertex -7.643967e+00 -1.559885e+00  5.000000e-01
     vertex -7.722163e+00 -1.575692e+00  5.000000e-01
     vertex -1.402500e+01 -3.500000e+00  5.000000e-01
   endloop
 endfacet
 facet normal  0.000000e+00  0.000000e+00  1.000000e+00
   outer loop
     vertex -9.550524e+00  3.948118e-01  5.000000e-01
     vertex -1.402500e+01  3.500000e+00  5.000000e-01
     vertex -9.568276e+00  3.170338e-01  5.000000e-01
   endloop
 endfacet
 facet normal  0.000000e+00  0.000000e+00  1.000000e+00
   outer loop
     vertex -9.528916e+00  4.716083e-01  5.000000e-01
     vertex -1.402500e+01  3.500000e+00  5.000000e-01
     vertex -9.550524e+00  3.948118e-01  5.000000e-01
   endloop
 endfacet
 facet normal  0.000000e+00  0.000000e+00  1.000000e+00
   outer loop
     vertex -9.503508e+00  5.472322e-01  5.000000e-01
     vertex -1.402500e+01  3.500000e+00  5.000000e-01
     vertex -9.528916e+00  4.716083e-01  5.000000e-01
   endloop
 endfacet
 facet normal  0.000000e+00  0.000000e+00  1.000000e+00
   outer loop
     vertex -9.474362e+00  6.214957e-01  5.000000e-01
     vertex -1.402500e+01  3.500000e+00  5.000000e-01
     vertex -9.503508e+00  5.472322e-01  5.000000e-01
   endloop
 endfacet
 facet normal  0.000000e+00  0.000000e+00  1.000000e+00
   outer loop
     vertex -9.441550e+00  6.942140e-01  5.000000e-01
     vertex -1.402500e+01  3.500000e+00  5.000000e-01
     vertex -9.474362e+00  6.214957e-01  5.000000e-01
   endloop
 endfacet
 facet normal  0.000000e+00  0.000000e+00  1.000000e+00
   outer loop
     vertex -9.405155e+00  7.652064e-01  5.000000e-01
     vertex -1.402500e+01  3.500000e+00  5.000000e-01
     vertex -9.441550e+00  6.942140e-01  5.000000e-01
   endloop
 endfacet
 facet normal  0.000000e+00  0.000000e+00  1.000000e+00
   outer loop
     vertex -9.365265e+00  8.342963e-01  5.000000e-01
     vertex -1.402500e+01  3.500000e+00  5.000000e-01
     vertex -9.405155e+00  7.652064e-01  5.000000e-01
   endloop
 endfacet
 facet normal  0.000000e+00  0.000000e+00  1.000000e+00
   outer loop
     vertex -9.321982e+00  9.013121e-01  5.000000e-01
     vertex -1.402500e+01  3.500000e+00  5.000000e-01
     vertex -9.365265e+00  8.342963e-01  5.000000e-01
   endloop
 endfacet
 facet normal  0.000000e+00  0.000000e+00  1.000000e+00
   outer loop
     vertex -9.275412e+00  9.660871e-01  5.000000e-01
     vertex -1.402500e+01  3.500000e+00  5.000000e-01
     vertex -9.321982e+00  9.013121e-01  5.000000e-01
   endloop
 endfacet
 facet normal  0.000000e+00  0.000000e+00  1.000000e+00
   outer loop
     vertex -9.225671e+00  1.028460e+00  5.000000e-01
     vertex -1.402500e+01  3.500000e+00  5.000000e-01
     vertex -9.275412e+00  9.660871e-01  5.000000e-01
   endloop
 endfacet
 facet normal  0.000000e+00  0.000000e+00  1.000000e+00
   outer loop
     vertex -9.172883e+00  1.088276e+00  5.000000e-01
     vertex -1.402500e+01  3.500000e+00  5.000000e-01
     vertex -9.225671e+00  1.028460e+00  5.000000e-01
   endloop
 endfacet
 facet normal  0.000000e+00  0.000000e+00  1.000000e+00
   outer loop
     vertex -9.117179e+00  1.145387e+00  5.000000e-01
     vertex -1.402500e+01  3.500000e+00  5.000000e-01
     vertex -9.172883e+00  1.088276e+00  5.000000e-01
   endloop
 endfacet
 facet normal  0.000000e+00  0.000000e+00  1.000000e+00
   outer loop
     vertex -9.058697e+00  1.199650e+00  5.000000e-01
     vertex -1.402500e+01  3.500000e+00  5.000000e-01
     vertex -9.117179e+00  1.145387e+00  5.000000e-01
   endloop
 endfacet
 facet normal  0.000000e+00  0.000000e+00  1.000000e+00
   outer loop
     vertex -8.997584e+00  1.250930e+00  5.000000e-01
     vertex -1.402500e+01  3.500000e+00  5.000000e-01
     vertex -9.058697e+00  1.199650e+00  5.000000e-01
   endloop
 endfacet
 facet normal  0.000000e+00  0.000000e+00  1.000000e+00
   outer loop
     vertex -8.933990e+00  1.299101e+00  5.000000e-01
     vertex -1.402500e+01  3.500000e+00  5.000000e-01
     vertex -8.997584e+00  1.250930e+00  5.000000e-01
   endloop
 endfacet
 facet normal  0.000000e+00  0.000000e+00  1.000000e+00
   outer loop
     vertex -8.868074e+00  1.344041e+00  5.000000e-01
     vertex -1.402500e+01  3.500000e+00  5.000000e-01
     vertex -8.933990e+00  1.299101e+00  5.000000e-01
   endloop
 endfacet
 facet normal  0.000000e+00  0.000000e+00  1.000000e+00
   outer loop
     vertex -8.800000e+00  1.385641e+00  5.000000e-01
     vertex -1.402500e+01  3.500000e+00  5.000000e-01
     vertex -8.868074e+00  1.344041e+00  5.000000e-01
   endloop
 endfacet
 facet normal  0.000000e+00  0.000000e+00  1.000000e+00
   outer loop
     vertex -8.729937e+00  1.423795e+00  5.000000e-01
     vertex -1.402500e+01  3.500000e+00  5.000000e-01
     vertex -8.800000e+00  1.385641e+00  5.000000e-01
   endloop
 endfacet
 facet normal  0.000000e+00  0.000000e+00  1.000000e+00
   outer loop
     vertex -8.658059e+00  1.458409e+00  5.000000e-01
     vertex -1.402500e+01  3.500000e+00  5.000000e-01
     vertex -8.729937e+00  1.423795e+00  5.000000e-01
   endloop
 endfacet
 facet normal  0.000000e+00  0.000000e+00  1.000000e+00
   outer loop
     vertex -8.584546e+00  1.489398e+00  5.000000e-01
     vertex -1.402500e+01  3.500000e+00  5.000000e-01
     vertex -8.658059e+00  1.458409e+00  5.000000e-01
   endloop
 endfacet
 facet normal  0.000000e+00  0.000000e+00  1.000000e+00
   outer loop
     vertex -8.509579e+00  1.516684e+00  5.000000e-01
     vertex -1.402500e+01  3.500000e+00  5.000000e-01
     vertex -8.584546e+00  1.489398e+00  5.000000e-01
   endloop
 endfacet
 facet normal  0.000000e+00  0.000000e+00  1.000000e+00
   outer loop
     vertex -8.433345e+00  1.540199e+00  5.000000e-01
     vertex -1.402500e+01  3.500000e+00  5.000000e-01
     vertex -8.509579e+00  1.516684e+00  5.000000e-01
   endloop
 endfacet
 facet normal  0.000000e+00  0.000000e+00  1.000000e+00
   outer loop
     vertex -8.356033e+00  1.559885e+00  5.000000e-01
     vertex -1.402500e+01  3.500000e+00  5.000000e-01
     vertex -8.433345e+00  1.540199e+00  5.000000e-01
   endloop
 endfacet
 facet normal  0.000000e+00  0.000000e+00  1.000000e+00
   outer loop
     vertex -8.277837e+00  1.575692e+00  5.000000e-01
     vertex -1.402500e+01  3.500000e+00  5.000000e-01
     vertex -8.356033e+00  1.559885e+00  5.000000e-01
   endloop
 endfacet
 facet normal  0.000000e+00  0.000000e+00  1.000000e+00
   outer loop
     vertex -8.198950e+00  1.587583e+00  5.000000e-01
     vertex -1.402500e+01  3.500000e+00  5.000000e-01
     vertex -8.277837e+00  1.575692e+00  5.000000e-01
   endloop
 endfacet
 facet normal  0.000000e+00  0.000000e+00  1.000000e+00
   outer loop
     vertex -8.119568e+00  1.595526e+00  5.000000e-01
     vertex -1.402500e+01  3.500000e+00  5.000000e-01
     vertex -8.198950e+00  1.587583e+00  5.000000e-01
   endloop
 endfacet
 facet normal  0.000000e+00  0.000000e+00  1.000000e+00
   outer loop
     vertex -8.039889e+00  1.599503e+00  5.000000e-01
     vertex -1.402500e+01  3.500000e+00  5.000000e-01
     vertex -8.119568e+00  1.595526e+00  5.000000e-01
   endloop
 endfacet
 facet normal  0.000000e+00  0.000000e+00  1.000000e+00
   outer loop
     vertex -7.960111e+00  1.599503e+00  5.000000e-01
     vertex -1.402500e+01  3.500000e+00  5.000000e-01
     vertex -8.039889e+00  1.599503e+00  5.000000e-01
   endloop
 endfacet
 facet normal  0.000000e+00  0.000000e+00  1.000000e+00
   outer loop
     vertex -7.880432e+00  1.595526e+00  5.000000e-01
     vertex -1.402500e+01  3.500000e+00  5.000000e-01
     vertex -7.960111e+00  1.599503e+00  5.000000e-01
   endloop
 endfacet
 facet normal  0.000000e+00  0.000000e+00  1.000000e+00
   outer loop
     vertex  6.827117e+00 -1.088276e+00  5.000000e-01
     vertex -6.882821e+00 -1.145387e+00  5.000000e-01
     vertex  6.882821e+00 -1.145387e+00  5.000000e-01
   endloop
 endfacet
 facet normal  0.000000e+00  0.000000e+00  1.000000e+00
   outer loop
     vertex  6.827117e+00 -1.088276e+00  5.000000e-01
     vertex -6.827117e+00 -1.088276e+00  5.000000e-01
     vertex -6.882821e+00 -1.145387e+00  5.000000e-01
   endloop
 endfacet
 facet normal  0.000000e+00  0.000000e+00  1.000000e+00
   outer loop
     vertex  6.941303e+00 -1.199650e+00  5.000000e-01
     vertex  6.882821e+00 -1.145387e+00  5.000000e-01
     vertex -6.882821e+00 -1.145387e+00  5.000000e-01
   endloop
 endfacet
 facet normal  0.000000e+00  0.000000e+00  1.000000e+00
   outer loop
     vertex  6.941303e+00 -1.199650e+00  5.000000e-01
     vertex -6.882821e+00 -1.145387e+00  5.000000e-01
     vertex -6.941303e+00 -1.199650e+00  5.000000e-01
   endloop
 endfacet
 facet normal  0.000000e+00  0.000000e+00  1.000000e+00
   outer loop
     vertex  6.941303e+00 -1.199650e+00  5.000000e-01
     vertex -6.941303e+00 -1.199650e+00  5.000000e-01
     vertex -7.002416e+00 -1.250930e+00  5.000000e-01
   endloop
 endfacet
 facet normal  0.000000e+00  0.000000e+00  1.000000e+00
   outer loop
     vertex  6.774329e+00 -1.028460e+00  5.000000e-01
     vertex -6.827117e+00 -1.088276e+00  5.000000e-01
     vertex  6.827117e+00 -1.088276e+00  5.000000e-01
   endloop
 endfacet
 facet normal  0.000000e+00  0.000000e+00  1.000000e+00
   outer loop
     vertex  6.774329e+00 -1.028460e+00  5.000000e-01
     vertex -6.774329e+00 -1.028460e+00  5.000000e-01
     vertex -6.827117e+00 -1.088276e+00  5.000000e-01
   endloop
 endfacet
 facet normal  0.000000e+00  0.000000e+00  1.000000e+00
   outer loop
     vertex  7.002416e+00 -1.250930e+00  5.000000e-01
     vertex  6.941303e+00 -1.199650e+00  5.000000e-01
     vertex -7.002416e+00 -1.250930e+00  5.000000e-01
   endloop
 endfacet
 facet normal  0.000000e+00  0.000000e+00  1.000000e+00
   outer loop
     vertex  6.724588e+00 -9.660871e-01  5.000000e-01
     vertex -6.724588e+00 -9.660871e-01  5.000000e-01
     vertex -6.774329e+00 -1.028460e+00  5.000000e-01
   endloop
 endfacet
 facet normal  0.000000e+00  0.000000e+00  1.000000e+00
   outer loop
     vertex  6.724588e+00 -9.660871e-01  5.000000e-01
     vertex -6.774329e+00 -1.028460e+00  5.000000e-01
     vertex  6.774329e+00 -1.028460e+00  5.000000e-01
   endloop
 endfacet
 facet normal  0.000000e+00  0.000000e+00  1.000000e+00
   outer loop
     vertex  7.066010e+00 -1.299101e+00  5.000000e-01
     vertex  7.002416e+00 -1.250930e+00  5.000000e-01
     vertex -7.002416e+00 -1.250930e+00  5.000000e-01
   endloop
 endfacet
 facet normal  0.000000e+00  0.000000e+00  1.000000e+00
   outer loop
     vertex  7.066010e+00 -1.299101e+00  5.000000e-01
     vertex -7.002416e+00 -1.250930e+00  5.000000e-01
     vertex -7.066010e+00 -1.299101e+00  5.000000e-01
   endloop
 endfacet
 facet normal  0.000000e+00  0.000000e+00  1.000000e+00
   outer loop
     vertex  6.678018e+00 -9.013121e-01  5.000000e-01
     vertex -6.634735e+00 -8.342963e-01  5.000000e-01
     vertex -6.678018e+00 -9.013121e-01  5.000000e-01
   endloop
 endfacet
 facet normal  0.000000e+00  0.000000e+00  1.000000e+00
   outer loop
     vertex  6.678018e+00 -9.013121e-01  5.000000e-01
     vertex -6.678018e+00 -9.013121e-01  5.000000e-01
     vertex -6.724588e+00 -9.660871e-01  5.000000e-01
   endloop
 endfacet
 facet normal  0.000000e+00  0.000000e+00  1.000000e+00
   outer loop
     vertex  6.678018e+00 -9.013121e-01  5.000000e-01
     vertex -6.724588e+00 -9.660871e-01  5.000000e-01
     vertex  6.724588e+00 -9.660871e-01  5.000000e-01
   endloop
 endfacet
 facet normal  0.000000e+00  0.000000e+00  1.000000e+00
   outer loop
     vertex  7.131926e+00 -1.344041e+00  5.000000e-01
     vertex  7.066010e+00 -1.299101e+00  5.000000e-01
     vertex -7.066010e+00 -1.299101e+00  5.000000e-01
   endloop
 endfacet
 facet normal  0.000000e+00  0.000000e+00  1.000000e+00
   outer loop
     vertex  7.131926e+00 -1.344041e+00  5.000000e-01
     vertex -7.066010e+00 -1.299101e+00  5.000000e-01
     vertex -7.131926e+00 -1.344041e+00  5.000000e-01
   endloop
 endfacet
 facet normal  0.000000e+00  0.000000e+00  1.000000e+00
   outer loop
     vertex  6.634735e+00 -8.342963e-01  5.000000e-01
     vertex -6.634735e+00 -8.342963e-01  5.000000e-01
     vertex  6.678018e+00 -9.013121e-01  5.000000e-01
   endloop
 endfacet
 facet normal  0.000000e+00  0.000000e+00  1.000000e+00
   outer loop
     vertex  7.200000e+00 -1.385641e+00  5.000000e-01
     vertex -7.131926e+00 -1.344041e+00  5.000000e-01
     vertex -7.200000e+00 -1.385641e+00  5.000000e-01
   endloop
 endfacet
 facet normal  0.000000e+00  0.000000e+00  1.000000e+00
   outer loop
     vertex  7.200000e+00 -1.385641e+00  5.000000e-01
     vertex  7.131926e+00 -1.344041e+00  5.000000e-01
     vertex -7.131926e+00 -1.344041e+00  5.000000e-01
   endloop
 endfacet
 facet normal  0.000000e+00  0.000000e+00  1.000000e+00
   outer loop
     vertex  6.594845e+00 -7.652064e-01  5.000000e-01
     vertex -6.558450e+00 -6.942140e-01  5.000000e-01
     vertex -6.594845e+00 -7.652064e-01  5.000000e-01
   endloop
 endfacet
 facet normal  0.000000e+00  0.000000e+00  1.000000e+00
   outer loop
     vertex  6.594845e+00 -7.652064e-01  5.000000e-01
     vertex -6.594845e+00 -7.652064e-01  5.000000e-01
     vertex -6.634735e+00 -8.342963e-01  5.000000e-01
   endloop
 endfacet
 facet normal  0.000000e+00  0.000000e+00  1.000000e+00
   outer loop
     vertex  6.594845e+00 -7.652064e-01  5.000000e-01
     vertex -6.634735e+00 -8.342963e-01  5.000000e-01
     vertex  6.634735e+00 -8.342963e-01  5.000000e-01
   endloop
 endfacet
 facet normal  0.000000e+00  0.000000e+00  1.000000e+00
   outer loop
     vertex  7.270063e+00 -1.423795e+00  5.000000e-01
     vertex -7.200000e+00 -1.385641e+00  5.000000e-01
     vertex -7.270063e+00 -1.423795e+00  5.000000e-01
   endloop
 endfacet
 facet normal  0.000000e+00  0.000000e+00  1.000000e+00
   outer loop
     vertex  7.270063e+00 -1.423795e+00  5.000000e-01
     vertex  7.200000e+00 -1.385641e+00  5.000000e-01
     vertex -7.200000e+00 -1.385641e+00  5.000000e-01
   endloop
 endfacet
 facet normal  0.000000e+00  0.000000e+00  1.000000e+00
   outer loop
     vertex  6.558450e+00 -6.942140e-01  5.000000e-01
     vertex -6.558450e+00 -6.942140e-01  5.000000e-01
     vertex  6.594845e+00 -7.652064e-01  5.000000e-01
   endloop
 endfacet
 facet normal  0.000000e+00  0.000000e+00  1.000000e+00
   outer loop
     vertex  7.341941e+00 -1.458409e+00  5.000000e-01
     vertex -7.270063e+00 -1.423795e+00  5.000000e-01
     vertex -7.341941e+00 -1.458409e+00  5.000000e-01
   endloop
 endfacet
 facet normal  0.000000e+00  0.000000e+00  1.000000e+00
   outer loop
     vertex  7.341941e+00 -1.458409e+00  5.000000e-01
     vertex  7.270063e+00 -1.423795e+00  5.000000e-01
     vertex -7.270063e+00 -1.423795e+00  5.000000e-01
   endloop
 endfacet
 facet normal  0.000000e+00  0.000000e+00  1.000000e+00
   outer loop
     vertex  6.525638e+00 -6.214957e-01  5.000000e-01
     vertex -6.496492e+00 -5.472322e-01  5.000000e-01
     vertex -6.525638e+00 -6.214957e-01  5.000000e-01
   endloop
 endfacet
 facet normal  0.000000e+00  0.000000e+00  1.000000e+00
   outer loop
     vertex  6.525638e+00 -6.214957e-01  5.000000e-01
     vertex -6.525638e+00 -6.214957e-01  5.000000e-01
     vertex -6.558450e+00 -6.942140e-01  5.000000e-01
   endloop
 endfacet
 facet normal  0.000000e+00  0.000000e+00  1.000000e+00
   outer loop
     vertex  6.525638e+00 -6.214957e-01  5.000000e-01
     vertex -6.558450e+00 -6.942140e-01  5.000000e-01
     vertex  6.558450e+00 -6.942140e-01  5.000000e-01
   endloop
 endfacet
 facet normal  0.000000e+00  0.000000e+00  1.000000e+00
   outer loop
     vertex  7.415454e+00 -1.489398e+00  5.000000e-01
     vertex -7.341941e+00 -1.458409e+00  5.000000e-01
     vertex -7.415454e+00 -1.489398e+00  5.000000e-01
   endloop
 endfacet
 facet normal  0.000000e+00  0.000000e+00  1.000000e+00
   outer loop
     vertex  7.415454e+00 -1.489398e+00  5.000000e-01
     vertex  7.341941e+00 -1.458409e+00  5.000000e-01
     vertex -7.341941e+00 -1.458409e+00  5.000000e-01
   endloop
 endfacet
 facet normal  0.000000e+00  0.000000e+00  1.000000e+00
   outer loop
     vertex  6.496492e+00 -5.472322e-01  5.000000e-01
     vertex -6.496492e+00 -5.472322e-01  5.000000e-01
     vertex  6.525638e+00 -6.214957e-01  5.000000e-01
   endloop
 endfacet
 facet normal  0.000000e+00  0.000000e+00  1.000000e+00
   outer loop
     vertex  7.490421e+00 -1.516684e+00  5.000000e-01
     vertex -7.415454e+00 -1.489398e+00  5.000000e-01
     vertex -7.490421e+00 -1.516684e+00  5.000000e-01
   endloop
 endfacet
 facet normal  0.000000e+00  0.000000e+00  1.000000e+00
   outer loop
     vertex  7.490421e+00 -1.516684e+00  5.000000e-01
     vertex  7.415454e+00 -1.489398e+00  5.000000e-01
     vertex -7.415454e+00 -1.489398e+00  5.000000e-01
   endloop
 endfacet
 facet normal  0.000000e+00  0.000000e+00  1.000000e+00
   outer loop
     vertex  6.471084e+00 -4.716083e-01  5.000000e-01
     vertex -6.471084e+00 -4.716083e-01  5.000000e-01
     vertex -6.496492e+00 -5.472322e-01  5.000000e-01
   endloop
 endfacet
 facet normal  0.000000e+00  0.000000e+00  1.000000e+00
   outer loop
     vertex  6.471084e+00 -4.716083e-01  5.000000e-01
     vertex -6.496492e+00 -5.472322e-01  5.000000e-01
     vertex  6.496492e+00 -5.472322e-01  5.000000e-01
   endloop
 endfacet
 facet normal  0.000000e+00  0.000000e+00  1.000000e+00
   outer loop
     vertex  7.566655e+00 -1.540199e+00  5.000000e-01
     vertex -7.490421e+00 -1.516684e+00  5.000000e-01
     vertex -7.566655e+00 -1.540199e+00  5.000000e-01
   endloop
 endfacet
 facet normal  0.000000e+00  0.000000e+00  1.000000e+00
   outer loop
     vertex  7.566655e+00 -1.540199e+00  5.000000e-01
     vertex -7.566655e+00 -1.540199e+00  5.000000e-01
     vertex -7.643967e+00 -1.559885e+00  5.000000e-01
   endloop
 endfacet
 facet normal  0.000000e+00  0.000000e+00  1.000000e+00
   outer loop
     vertex  7.566655e+00 -1.540199e+00  5.000000e-01
     vertex  7.490421e+00 -1.516684e+00  5.000000e-01
     vertex -7.490421e+00 -1.516684e+00  5.000000e-01
   endloop
 endfacet
 facet normal  0.000000e+00  0.000000e+00  1.000000e+00
   outer loop
     vertex  6.449476e+00 -3.948118e-01  5.000000e-01
     vertex -6.449476e+00 -3.948118e-01  5.000000e-01
     vertex -6.471084e+00 -4.716083e-01  5.000000e-01
   endloop
 endfacet
 facet normal  0.000000e+00  0.000000e+00  1.000000e+00
   outer loop
     vertex  6.449476e+00 -3.948118e-01  5.000000e-01
     vertex -6.471084e+00 -4.716083e-01  5.000000e-01
     vertex  6.471084e+00 -4.716083e-01  5.000000e-01
   endloop
 endfacet
 facet normal  0.000000e+00  0.000000e+00  1.000000e+00
   outer loop
     vertex  7.643967e+00 -1.559885e+00  5.000000e-01
     vertex  7.566655e+00 -1.540199e+00  5.000000e-01
     vertex -7.643967e+00 -1.559885e+00  5.000000e-01
   endloop
 endfacet
 facet normal  0.000000e+00  0.000000e+00  1.000000e+00
   outer loop
     vertex  6.431724e+00 -3.170338e-01  5.000000e-01
     vertex -6.417871e+00 -2.384676e-01  5.000000e-01
     vertex -6.431724e+00 -3.170338e-01  5.000000e-01
   endloop
 endfacet
 facet normal  0.000000e+00  0.000000e+00  1.000000e+00
   outer loop
     vertex  6.431724e+00 -3.170338e-01  5.000000e-01
     vertex -6.431724e+00 -3.170338e-01  5.000000e-01
     vertex -6.449476e+00 -3.948118e-01  5.000000e-01
   endloop
 endfacet
 facet normal  0.000000e+00  0.000000e+00  1.000000e+00
   outer loop
     vertex  6.431724e+00 -3.170338e-01  5.000000e-01
     vertex -6.449476e+00 -3.948118e-01  5.000000e-01
     vertex  6.449476e+00 -3.948118e-01  5.000000e-01
   endloop
 endfacet
 facet normal  0.000000e+00  0.000000e+00  1.000000e+00
   outer loop
     vertex  6.417871e+00 -2.384676e-01  5.000000e-01
     vertex -6.417871e+00 -2.384676e-01  5.000000e-01
     vertex  6.431724e+00 -3.170338e-01  5.000000e-01
   endloop
 endfacet
 facet normal  0.000000e+00  0.000000e+00  1.000000e+00
   outer loop
     vertex  6.407951e+00 -1.593086e-01  5.000000e-01
     vertex -6.401989e+00 -7.975342e-02  5.000000e-01
     vertex -6.407951e+00 -1.593086e-01  5.000000e-01
   endloop
 endfacet
 facet normal  0.000000e+00  0.000000e+00  1.000000e+00
   outer loop
     vertex  6.407951e+00 -1.593086e-01  5.000000e-01
     vertex -6.407951e+00 -1.593086e-01  5.000000e-01
     vertex -6.417871e+00 -2.384676e-01  5.000000e-01
   endloop
 endfacet
 facet normal  0.000000e+00  0.000000e+00  1.000000e+00
   outer loop
     vertex  6.407951e+00 -1.593086e-01  5.000000e-01
     vertex -6.417871e+00 -2.384676e-01  5.000000e-01
     vertex  6.417871e+00 -2.384676e-01  5.000000e-01
   endloop
 endfacet
 facet normal  0.000000e+00  0.000000e+00  1.000000e+00
   outer loop
     vertex  6.401989e+00 -7.975342e-02  5.000000e-01
     vertex -6.401989e+00 -7.975342e-02  5.000000e-01
     vertex  6.407951e+00 -1.593086e-01  5.000000e-01
   endloop
 endfacet
 facet normal  0.000000e+00  0.000000e+00  1.000000e+00
   outer loop
     vertex  6.400000e+00  5.488398e-15  5.000000e-01
     vertex -6.400000e+00  0.000000e+00  5.000000e-01
     vertex -6.401989e+00 -7.975342e-02  5.000000e-01
   endloop
 endfacet
 facet normal  0.000000e+00  0.000000e+00  1.000000e+00
   outer loop
     vertex  6.400000e+00  5.488398e-15  5.000000e-01
     vertex -6.401989e+00  7.975342e-02  5.000000e-01
     vertex -6.400000e+00  0.000000e+00  5.000000e-01
   endloop
 endfacet
 facet normal  0.000000e+00  0.000000e+00  1.000000e+00
   outer loop
     vertex  6.400000e+00  5.488398e-15  5.000000e-01
     vertex -6.401989e+00 -7.975342e-02  5.000000e-01
     vertex  6.401989e+00 -7.975342e-02  5.000000e-01
   endloop
 endfacet
 facet normal  0.000000e+00  0.000000e+00  1.000000e+00
   outer loop
     vertex  6.401989e+00  7.975342e-02  5.000000e-01
     vertex -6.401989e+00  7.975342e-02  5.000000e-01
     vertex  6.400000e+00  5.488398e-15  5.000000e-01
   endloop
 endfacet
 facet normal  0.000000e+00  0.000000e+00  1.000000e+00
   outer loop
     vertex  6.407951e+00  1.593086e-01  5.000000e-01
     vertex -6.407951e+00  1.593086e-01  5.000000e-01
     vertex -6.401989e+00  7.975342e-02  5.000000e-01
   endloop
 endfacet
 facet normal  0.000000e+00  0.000000e+00  1.000000e+00
   outer loop
     vertex  6.407951e+00  1.593086e-01  5.000000e-01
     vertex -6.401989e+00  7.975342e-02  5.000000e-01
     vertex  6.401989e+00  7.975342e-02  5.000000e-01
   endloop
 endfacet
 facet normal  0.000000e+00  0.000000e+00  1.000000e+00
   outer loop
     vertex  6.417871e+00  2.384676e-01  5.000000e-01
     vertex -6.407951e+00  1.593086e-01  5.000000e-01
     vertex  6.407951e+00  1.593086e-01  5.000000e-01
   endloop
 endfacet
 facet normal  0.000000e+00  0.000000e+00  1.000000e+00
   outer loop
     vertex  6.417871e+00  2.384676e-01  5.000000e-01
     vertex -6.431724e+00  3.170338e-01  5.000000e-01
     vertex -6.417871e+00  2.384676e-01  5.000000e-01
   endloop
 endfacet
 facet normal  0.000000e+00  0.000000e+00  1.000000e+00
   outer loop
     vertex  6.417871e+00  2.384676e-01  5.000000e-01
     vertex -6.417871e+00  2.384676e-01  5.000000e-01
     vertex -6.407951e+00  1.593086e-01  5.000000e-01
   endloop
 endfacet
 facet normal  0.000000e+00  0.000000e+00  1.000000e+00
   outer loop
     vertex  6.431724e+00  3.170338e-01  5.000000e-01
     vertex -6.431724e+00  3.170338e-01  5.000000e-01
     vertex  6.417871e+00  2.384676e-01  5.000000e-01
   endloop
 endfacet
 facet normal  0.000000e+00  0.000000e+00  1.000000e+00
   outer loop
     vertex  6.449476e+00  3.948118e-01  5.000000e-01
     vertex -6.449476e+00  3.948118e-01  5.000000e-01
     vertex -6.431724e+00  3.170338e-01  5.000000e-01
   endloop
 endfacet
 facet normal  0.000000e+00  0.000000e+00  1.000000e+00
   outer loop
     vertex  6.449476e+00  3.948118e-01  5.000000e-01
     vertex -6.431724e+00  3.170338e-01  5.000000e-01
     vertex  6.431724e+00  3.170338e-01  5.000000e-01
   endloop
 endfacet
 facet normal  0.000000e+00  0.000000e+00  1.000000e+00
   outer loop
     vertex  6.471084e+00  4.716083e-01  5.000000e-01
     vertex -6.471084e+00  4.716083e-01  5.000000e-01
     vertex -6.449476e+00  3.948118e-01  5.000000e-01
   endloop
 endfacet
 facet normal  0.000000e+00  0.000000e+00  1.000000e+00
   outer loop
     vertex  6.471084e+00  4.716083e-01  5.000000e-01
     vertex -6.449476e+00  3.948118e-01  5.000000e-01
     vertex  6.449476e+00  3.948118e-01  5.000000e-01
   endloop
 endfacet
 facet normal  0.000000e+00  0.000000e+00  1.000000e+00
   outer loop
     vertex  6.496492e+00  5.472322e-01  5.000000e-01
     vertex -6.525638e+00  6.214957e-01  5.000000e-01
     vertex -6.496492e+00  5.472322e-01  5.000000e-01
   endloop
 endfacet
 facet normal  0.000000e+00  0.000000e+00  1.000000e+00
   outer loop
     vertex  6.496492e+00  5.472322e-01  5.000000e-01
     vertex -6.496492e+00  5.472322e-01  5.000000e-01
     vertex -6.471084e+00  4.716083e-01  5.000000e-01
   endloop
 endfacet
 facet normal  0.000000e+00  0.000000e+00  1.000000e+00
   outer loop
     vertex  6.496492e+00  5.472322e-01  5.000000e-01
     vertex -6.471084e+00  4.716083e-01  5.000000e-01
     vertex  6.471084e+00  4.716083e-01  5.000000e-01
   endloop
 endfacet
 facet normal  0.000000e+00  0.000000e+00  1.000000e+00
   outer loop
     vertex  6.525638e+00  6.214957e-01  5.000000e-01
     vertex -6.558450e+00  6.942140e-01  5.000000e-01
     vertex -6.525638e+00  6.214957e-01  5.000000e-01
   endloop
 endfacet
 facet normal  0.000000e+00  0.000000e+00  1.000000e+00
   outer loop
     vertex  6.525638e+00  6.214957e-01  5.000000e-01
     vertex -6.525638e+00  6.214957e-01  5.000000e-01
     vertex  6.496492e+00  5.472322e-01  5.000000e-01
   endloop
 endfacet
 facet normal  0.000000e+00  0.000000e+00  1.000000e+00
   outer loop
     vertex  6.558450e+00  6.942140e-01  5.000000e-01
     vertex -6.558450e+00  6.942140e-01  5.000000e-01
     vertex  6.525638e+00  6.214957e-01  5.000000e-01
   endloop
 endfacet
 facet normal  0.000000e+00  0.000000e+00  1.000000e+00
   outer loop
     vertex  6.558450e+00  6.942140e-01  5.000000e-01
     vertex -6.594845e+00  7.652064e-01  5.000000e-01
     vertex -6.558450e+00  6.942140e-01  5.000000e-01
   endloop
 endfacet
 facet normal  0.000000e+00  0.000000e+00  1.000000e+00
   outer loop
     vertex  6.594845e+00  7.652064e-01  5.000000e-01
     vertex -6.594845e+00  7.652064e-01  5.000000e-01
     vertex  6.558450e+00  6.942140e-01  5.000000e-01
   endloop
 endfacet
 facet normal  0.000000e+00  0.000000e+00  1.000000e+00
   outer loop
     vertex  6.594845e+00  7.652064e-01  5.000000e-01
     vertex -6.634735e+00  8.342963e-01  5.000000e-01
     vertex -6.594845e+00  7.652064e-01  5.000000e-01
   endloop
 endfacet
 facet normal  0.000000e+00  0.000000e+00  1.000000e+00
   outer loop
     vertex  6.634735e+00  8.342963e-01  5.000000e-01
     vertex -6.634735e+00  8.342963e-01  5.000000e-01
     vertex  6.594845e+00  7.652064e-01  5.000000e-01
   endloop
 endfacet
 facet normal  0.000000e+00  0.000000e+00  1.000000e+00
   outer loop
     vertex  6.678018e+00  9.013121e-01  5.000000e-01
     vertex -6.634735e+00  8.342963e-01  5.000000e-01
     vertex  6.634735e+00  8.342963e-01  5.000000e-01
   endloop
 endfacet
 facet normal  0.000000e+00  0.000000e+00  1.000000e+00
   outer loop
     vertex  6.678018e+00  9.013121e-01  5.000000e-01
     vertex -6.678018e+00  9.013121e-01  5.000000e-01
     vertex -6.634735e+00  8.342963e-01  5.000000e-01
   endloop
 endfacet
 facet normal  0.000000e+00  0.000000e+00  1.000000e+00
   outer loop
     vertex  6.724588e+00  9.660871e-01  5.000000e-01
     vertex -6.774329e+00  1.028460e+00  5.000000e-01
     vertex -6.724588e+00  9.660871e-01  5.000000e-01
   endloop
 endfacet
 facet normal  0.000000e+00  0.000000e+00  1.000000e+00
   outer loop
     vertex  6.724588e+00  9.660871e-01  5.000000e-01
     vertex -6.724588e+00  9.660871e-01  5.000000e-01
     vertex -6.678018e+00  9.013121e-01  5.000000e-01
   endloop
 endfacet
 facet normal  0.000000e+00  0.000000e+00  1.000000e+00
   outer loop
     vertex  6.724588e+00  9.660871e-01  5.000000e-01
     vertex -6.678018e+00  9.013121e-01  5.000000e-01
     vertex  6.678018e+00  9.013121e-01  5.000000e-01
   endloop
 endfacet
 facet normal  0.000000e+00  0.000000e+00  1.000000e+00
   outer loop
     vertex  6.774329e+00  1.028460e+00  5.000000e-01
     vertex -6.774329e+00  1.028460e+00  5.000000e-01
     vertex  6.724588e+00  9.660871e-01  5.000000e-01
   endloop
 endfacet
 facet normal  0.000000e+00  0.000000e+00  1.000000e+00
   outer loop
     vertex  6.774329e+00  1.028460e+00  5.000000e-01
     vertex -6.827117e+00  1.088276e+00  5.000000e-01
     vertex -6.774329e+00  1.028460e+00  5.000000e-01
   endloop
 endfacet
 facet normal  0.000000e+00  0.000000e+00  1.000000e+00
   outer loop
     vertex  6.827117e+00  1.088276e+00  5.000000e-01
     vertex -6.827117e+00  1.088276e+00  5.000000e-01
     vertex  6.774329e+00  1.028460e+00  5.000000e-01
   endloop
 endfacet
 facet normal  0.000000e+00  0.000000e+00  1.000000e+00
   outer loop
     vertex  6.882821e+00  1.145387e+00  5.000000e-01
     vertex -6.941303e+00  1.199650e+00  5.000000e-01
     vertex -6.882821e+00  1.145387e+00  5.000000e-01
   endloop
 endfacet
 facet normal  0.000000e+00  0.000000e+00  1.000000e+00
   outer loop
     vertex  6.882821e+00  1.145387e+00  5.000000e-01
     vertex -6.882821e+00  1.145387e+00  5.000000e-01
     vertex -6.827117e+00  1.088276e+00  5.000000e-01
   endloop
 endfacet
 facet normal  0.000000e+00  0.000000e+00  1.000000e+00
   outer loop
     vertex  6.882821e+00  1.145387e+00  5.000000e-01
     vertex -6.827117e+00  1.088276e+00  5.000000e-01
     vertex  6.827117e+00  1.088276e+00  5.000000e-01
   endloop
 endfacet
 facet normal  0.000000e+00  0.000000e+00  1.000000e+00
   outer loop
     vertex  6.941303e+00  1.199650e+00  5.000000e-01
     vertex -7.002416e+00  1.250930e+00  5.000000e-01
     vertex -6.941303e+00  1.199650e+00  5.000000e-01
   endloop
 endfacet
 facet normal  0.000000e+00  0.000000e+00  1.000000e+00
   outer loop
     vertex  6.941303e+00  1.199650e+00  5.000000e-01
     vertex -6.941303e+00  1.199650e+00  5.000000e-01
     vertex  6.882821e+00  1.145387e+00  5.000000e-01
   endloop
 endfacet
 facet normal  0.000000e+00  0.000000e+00  1.000000e+00
   outer loop
     vertex  7.002416e+00  1.250930e+00  5.000000e-01
     vertex -7.002416e+00  1.250930e+00  5.000000e-01
     vertex  6.941303e+00  1.199650e+00  5.000000e-01
   endloop
 endfacet
 facet normal  0.000000e+00  0.000000e+00  1.000000e+00
   outer loop
     vertex  7.066010e+00  1.299101e+00  5.000000e-01
     vertex -7.131926e+00  1.344041e+00  5.000000e-01
     vertex -7.066010e+00  1.299101e+00  5.000000e-01
   endloop
 endfacet
 facet normal  0.000000e+00  0.000000e+00  1.000000e+00
   outer loop
     vertex  7.066010e+00  1.299101e+00  5.000000e-01
     vertex -7.066010e+00  1.299101e+00  5.000000e-01
     vertex -7.002416e+00  1.250930e+00  5.000000e-01
   endloop
 endfacet
 facet normal  0.000000e+00  0.000000e+00  1.000000e+00
   outer loop
     vertex  7.066010e+00  1.299101e+00  5.000000e-01
     vertex -7.002416e+00  1.250930e+00  5.000000e-01
     vertex  7.002416e+00  1.250930e+00  5.000000e-01
   endloop
 endfacet
 facet normal  0.000000e+00  0.000000e+00  1.000000e+00
   outer loop
     vertex  7.131926e+00  1.344041e+00  5.000000e-01
     vertex -7.200000e+00  1.385641e+00  5.000000e-01
     vertex -7.131926e+00  1.344041e+00  5.000000e-01
   endloop
 endfacet
 facet normal  0.000000e+00  0.000000e+00  1.000000e+00
   outer loop
     vertex  7.131926e+00  1.344041e+00  5.000000e-01
     vertex -7.131926e+00  1.344041e+00  5.000000e-01
     vertex  7.066010e+00  1.299101e+00  5.000000e-01
   endloop
 endfacet
 facet normal  0.000000e+00  0.000000e+00  1.000000e+00
   outer loop
     vertex  7.200000e+00  1.385641e+00  5.000000e-01
     vertex -7.200000e+00  1.385641e+00  5.000000e-01
     vertex  7.131926e+00  1.344041e+00  5.000000e-01
   endloop
 endfacet
 facet normal  0.000000e+00  0.000000e+00  1.000000e+00
   outer loop
     vertex  7.270063e+00  1.423795e+00  5.000000e-01
     vertex -7.270063e+00  1.423795e+00  5.000000e-01
     vertex -7.200000e+00  1.385641e+00  5.000000e-01
   endloop
 endfacet
 facet normal  0.000000e+00  0.000000e+00  1.000000e+00
   outer loop
     vertex  7.270063e+00  1.423795e+00  5.000000e-01
     vertex -7.200000e+00  1.385641e+00  5.000000e-01
     vertex  7.200000e+00  1.385641e+00  5.000000e-01
   endloop
 endfacet
 facet normal  0.000000e+00  0.000000e+00  1.000000e+00
   outer loop
     vertex  1.402500e+01 -3.500000e+00  5.000000e-01
     vertex  9.600000e+00  0.000000e+00  5.000000e-01
     vertex  9.598011e+00 -7.975342e-02  5.000000e-01
   endloop
 endfacet
 facet normal  0.000000e+00  0.000000e+00  1.000000e+00
   outer loop
     vertex  1.402500e+01 -3.500000e+00  5.000000e-01
     vertex  9.598011e+00 -7.975342e-02  5.000000e-01
     vertex  9.592049e+00 -1.593086e-01  5.000000e-01
   endloop
 endfacet
 facet normal  0.000000e+00  0.000000e+00  1.000000e+00
   outer loop
     vertex  1.402500e+01 -3.500000e+00  5.000000e-01
     vertex  9.592049e+00 -1.593086e-01  5.000000e-01
     vertex  9.582129e+00 -2.384676e-01  5.000000e-01
   endloop
 endfacet
 facet normal  0.000000e+00  0.000000e+00  1.000000e+00
   outer loop
     vertex  1.402500e+01 -3.500000e+00  5.000000e-01
     vertex  9.582129e+00 -2.384676e-01  5.000000e-01
     vertex  9.568276e+00 -3.170338e-01  5.000000e-01
   endloop
 endfacet
 facet normal  0.000000e+00  0.000000e+00  1.000000e+00
   outer loop
     vertex  1.402500e+01 -3.500000e+00  5.000000e-01
     vertex  9.568276e+00 -3.170338e-01  5.000000e-01
     vertex  9.550524e+00 -3.948118e-01  5.000000e-01
   endloop
 endfacet
 facet normal  0.000000e+00  0.000000e+00  1.000000e+00
   outer loop
     vertex  1.402500e+01 -3.500000e+00  5.000000e-01
     vertex  9.550524e+00 -3.948118e-01  5.000000e-01
     vertex  9.528916e+00 -4.716083e-01  5.000000e-01
   endloop
 endfacet
 facet normal  0.000000e+00  0.000000e+00  1.000000e+00
   outer loop
     vertex  1.402500e+01 -3.500000e+00  5.000000e-01
     vertex  9.528916e+00 -4.716083e-01  5.000000e-01
     vertex  9.503508e+00 -5.472322e-01  5.000000e-01
   endloop
 endfacet
 facet normal  0.000000e+00  0.000000e+00  1.000000e+00
   outer loop
     vertex  1.402500e+01 -3.500000e+00  5.000000e-01
     vertex  9.503508e+00 -5.472322e-01  5.000000e-01
     vertex  9.474362e+00 -6.214957e-01  5.000000e-01
   endloop
 endfacet
 facet normal  0.000000e+00  0.000000e+00  1.000000e+00
   outer loop
     vertex  1.402500e+01 -3.500000e+00  5.000000e-01
     vertex -7.643967e+00 -1.559885e+00  5.000000e-01
     vertex -1.402500e+01 -3.500000e+00  5.000000e-01
   endloop
 endfacet
 facet normal  0.000000e+00  0.000000e+00  1.000000e+00
   outer loop
     vertex  1.402500e+01 -3.500000e+00  5.000000e-01
     vertex  9.474362e+00 -6.214957e-01  5.000000e-01
     vertex  9.441550e+00 -6.942140e-01  5.000000e-01
   endloop
 endfacet
 facet normal  0.000000e+00  0.000000e+00  1.000000e+00
   outer loop
     vertex  1.402500e+01 -3.500000e+00  5.000000e-01
     vertex  9.441550e+00 -6.942140e-01  5.000000e-01
     vertex  9.405155e+00 -7.652064e-01  5.000000e-01
   endloop
 endfacet
 facet normal  0.000000e+00  0.000000e+00  1.000000e+00
   outer loop
     vertex  1.402500e+01 -3.500000e+00  5.000000e-01
     vertex  9.405155e+00 -7.652064e-01  5.000000e-01
     vertex  9.365265e+00 -8.342963e-01  5.000000e-01
   endloop
 endfacet
 facet normal  0.000000e+00  0.000000e+00  1.000000e+00
   outer loop
     vertex  1.402500e+01 -3.500000e+00  5.000000e-01
     vertex  9.365265e+00 -8.342963e-01  5.000000e-01
     vertex  9.321982e+00 -9.013121e-01  5.000000e-01
   endloop
 endfacet
 facet normal  0.000000e+00  0.000000e+00  1.000000e+00
   outer loop
     vertex  1.402500e+01 -3.500000e+00  5.000000e-01
     vertex  7.643967e+00 -1.559885e+00  5.000000e-01
     vertex -7.643967e+00 -1.559885e+00  5.000000e-01
   endloop
 endfacet
 facet normal  0.000000e+00  0.000000e+00  1.000000e+00
   outer loop
     vertex  1.402500e+01 -3.500000e+00  5.000000e-01
     vertex  9.321982e+00 -9.013121e-01  5.000000e-01
     vertex  9.275412e+00 -9.660871e-01  5.000000e-01
   endloop
 endfacet
 facet normal  0.000000e+00  0.000000e+00  1.000000e+00
   outer loop
     vertex  1.402500e+01 -3.500000e+00  5.000000e-01
     vertex  9.275412e+00 -9.660871e-01  5.000000e-01
     vertex  9.225671e+00 -1.028460e+00  5.000000e-01
   endloop
 endfacet
 facet normal  0.000000e+00  0.000000e+00  1.000000e+00
   outer loop
     vertex  1.402500e+01 -3.500000e+00  5.000000e-01
     vertex  9.225671e+00 -1.028460e+00  5.000000e-01
     vertex  9.172883e+00 -1.088276e+00  5.000000e-01
   endloop
 endfacet
 facet normal  0.000000e+00  0.000000e+00  1.000000e+00
   outer loop
     vertex  1.402500e+01 -3.500000e+00  5.000000e-01
     vertex  9.172883e+00 -1.088276e+00  5.000000e-01
     vertex  9.117179e+00 -1.145387e+00  5.000000e-01
   endloop
 endfacet
 facet normal  0.000000e+00  0.000000e+00  1.000000e+00
   outer loop
     vertex  1.402500e+01 -3.500000e+00  5.000000e-01
     vertex  9.117179e+00 -1.145387e+00  5.000000e-01
     vertex  9.058697e+00 -1.199650e+00  5.000000e-01
   endloop
 endfacet
 facet normal  0.000000e+00  0.000000e+00  1.000000e+00
   outer loop
     vertex  1.402500e+01 -3.500000e+00  5.000000e-01
     vertex  9.058697e+00 -1.199650e+00  5.000000e-01
     vertex  8.997584e+00 -1.250930e+00  5.000000e-01
   endloop
 endfacet
 facet normal  0.000000e+00  0.000000e+00  1.000000e+00
   outer loop
     vertex  1.402500e+01 -3.500000e+00  5.000000e-01
     vertex  8.997584e+00 -1.250930e+00  5.000000e-01
     vertex  8.933990e+00 -1.299101e+00  5.000000e-01
   endloop
 endfacet
 facet normal  0.000000e+00  0.000000e+00  1.000000e+00
   outer loop
     vertex  1.402500e+01 -3.500000e+00  5.000000e-01
     vertex  8.933990e+00 -1.299101e+00  5.000000e-01
     vertex  8.868074e+00 -1.344041e+00  5.000000e-01
   endloop
 endfacet
 facet normal  0.000000e+00  0.000000e+00  1.000000e+00
   outer loop
     vertex  1.402500e+01 -3.500000e+00  5.000000e-01
     vertex  8.868074e+00 -1.344041e+00  5.000000e-01
     vertex  8.800000e+00 -1.385641e+00  5.000000e-01
   endloop
 endfacet
 facet normal  0.000000e+00  0.000000e+00  1.000000e+00
   outer loop
     vertex  1.402500e+01 -3.500000e+00  5.000000e-01
     vertex  8.800000e+00 -1.385641e+00  5.000000e-01
     vertex  8.729937e+00 -1.423795e+00  5.000000e-01
   endloop
 endfacet
 facet normal  0.000000e+00  0.000000e+00  1.000000e+00
   outer loop
     vertex  1.402500e+01 -3.500000e+00  5.000000e-01
     vertex  8.729937e+00 -1.423795e+00  5.000000e-01
     vertex  8.658059e+00 -1.458409e+00  5.000000e-01
   endloop
 endfacet
 facet normal  0.000000e+00  0.000000e+00  1.000000e+00
   outer loop
     vertex  1.402500e+01 -3.500000e+00  5.000000e-01
     vertex  8.658059e+00 -1.458409e+00  5.000000e-01
     vertex  8.584546e+00 -1.489398e+00  5.000000e-01
   endloop
 endfacet
 facet normal  0.000000e+00  0.000000e+00  1.000000e+00
   outer loop
     vertex  1.402500e+01 -3.500000e+00  5.000000e-01
     vertex  8.584546e+00 -1.489398e+00  5.000000e-01
     vertex  8.509579e+00 -1.516684e+00  5.000000e-01
   endloop
 endfacet
 facet normal  0.000000e+00  0.000000e+00  1.000000e+00
   outer loop
     vertex  1.402500e+01 -3.500000e+00  5.000000e-01
     vertex  8.509579e+00 -1.516684e+00  5.000000e-01
     vertex  8.433345e+00 -1.540199e+00  5.000000e-01
   endloop
 endfacet
 facet normal  0.000000e+00  0.000000e+00  1.000000e+00
   outer loop
     vertex  1.402500e+01 -3.500000e+00  5.000000e-01
     vertex  8.433345e+00 -1.540199e+00  5.000000e-01
     vertex  8.356033e+00 -1.559885e+00  5.000000e-01
   endloop
 endfacet
 facet normal  0.000000e+00  0.000000e+00  1.000000e+00
   outer loop
     vertex  1.402500e+01 -3.500000e+00  5.000000e-01
     vertex  8.356033e+00 -1.559885e+00  5.000000e-01
     vertex  8.277837e+00 -1.575692e+00  5.000000e-01
   endloop
 endfacet
 facet normal  0.000000e+00  0.000000e+00  1.000000e+00
   outer loop
     vertex  1.402500e+01 -3.500000e+00  5.000000e-01
     vertex  8.277837e+00 -1.575692e+00  5.000000e-01
     vertex  8.198950e+00 -1.587583e+00  5.000000e-01
   endloop
 endfacet
 facet normal  0.000000e+00  0.000000e+00  1.000000e+00
   outer loop
     vertex  1.402500e+01 -3.500000e+00  5.000000e-01
     vertex  8.198950e+00 -1.587583e+00  5.000000e-01
     vertex  8.119568e+00 -1.595526e+00  5.000000e-01
   endloop
 endfacet
 facet normal  0.000000e+00  0.000000e+00  1.000000e+00
   outer loop
     vertex  1.402500e+01 -3.500000e+00  5.000000e-01
     vertex  8.119568e+00 -1.595526e+00  5.000000e-01
     vertex  8.039889e+00 -1.599503e+00  5.000000e-01
   endloop
 endfacet
 facet normal  0.000000e+00  0.000000e+00  1.000000e+00
   outer loop
     vertex  1.402500e+01 -3.500000e+00  5.000000e-01
     vertex  8.039889e+00 -1.599503e+00  5.000000e-01
     vertex  7.960111e+00 -1.599503e+00  5.000000e-01
   endloop
 endfacet
 facet normal  0.000000e+00  0.000000e+00  1.000000e+00
   outer loop
     vertex  1.402500e+01 -3.500000e+00  5.000000e-01
     vertex  7.960111e+00 -1.599503e+00  5.000000e-01
     vertex  7.880432e+00 -1.595526e+00  5.000000e-01
   endloop
 endfacet
 facet normal  0.000000e+00  0.000000e+00  1.000000e+00
   outer loop
     vertex  1.402500e+01 -3.500000e+00  5.000000e-01
     vertex  7.880432e+00 -1.595526e+00  5.000000e-01
     vertex  7.801050e+00 -1.587583e+00  5.000000e-01
   endloop
 endfacet
 facet normal  0.000000e+00  0.000000e+00  1.000000e+00
   outer loop
     vertex  1.402500e+01 -3.500000e+00  5.000000e-01
     vertex  7.801050e+00 -1.587583e+00  5.000000e-01
     vertex  7.722163e+00 -1.575692e+00  5.000000e-01
   endloop
 endfacet
 facet normal  0.000000e+00  0.000000e+00  1.000000e+00
   outer loop
     vertex  1.402500e+01 -3.500000e+00  5.000000e-01
     vertex  7.722163e+00 -1.575692e+00  5.000000e-01
     vertex  7.643967e+00 -1.559885e+00  5.000000e-01
   endloop
 endfacet
 facet normal  0.000000e+00  0.000000e+00  1.000000e+00
   outer loop
     vertex  1.402500e+01  3.500000e+00  5.000000e-01
     vertex  7.880432e+00  1.595526e+00  5.000000e-01
     vertex  7.960111e+00  1.599503e+00  5.000000e-01
   endloop
 endfacet
 facet normal  0.000000e+00  0.000000e+00  1.000000e+00
   outer loop
     vertex  1.402500e+01  3.500000e+00  5.000000e-01
     vertex  7.960111e+00  1.599503e+00  5.000000e-01
     vertex  8.039889e+00  1.599503e+00  5.000000e-01
   endloop
 endfacet
 facet normal  0.000000e+00  0.000000e+00  1.000000e+00
   outer loop
     vertex  1.402500e+01  3.500000e+00  5.000000e-01
     vertex  8.039889e+00  1.599503e+00  5.000000e-01
     vertex  8.119568e+00  1.595526e+00  5.000000e-01
   endloop
 endfacet
 facet normal  0.000000e+00  0.000000e+00  1.000000e+00
   outer loop
     vertex  1.402500e+01  3.500000e+00  5.000000e-01
     vertex  8.119568e+00  1.595526e+00  5.000000e-01
     vertex  8.198950e+00  1.587583e+00  5.000000e-01
   endloop
 endfacet
 facet normal  0.000000e+00  0.000000e+00  1.000000e+00
   outer loop
     vertex  1.402500e+01  3.500000e+00  5.000000e-01
     vertex  8.198950e+00  1.587583e+00  5.000000e-01
     vertex  8.277837e+00  1.575692e+00  5.000000e-01
   endloop
 endfacet
 facet normal  0.000000e+00  0.000000e+00  1.000000e+00
   outer loop
     vertex  1.402500e+01  3.500000e+00  5.000000e-01
     vertex  8.277837e+00  1.575692e+00  5.000000e-01
     vertex  8.356033e+00  1.559885e+00  5.000000e-01
   endloop
 endfacet
 facet normal  0.000000e+00  0.000000e+00  1.000000e+00
   outer loop
     vertex  1.402500e+01  3.500000e+00  5.000000e-01
     vertex  8.356033e+00  1.559885e+00  5.000000e-01
     vertex  8.433345e+00  1.540199e+00  5.000000e-01
   endloop
 endfacet
 facet normal  0.000000e+00  0.000000e+00  1.000000e+00
   outer loop
     vertex  1.402500e+01  3.500000e+00  5.000000e-01
     vertex  8.433345e+00  1.540199e+00  5.000000e-01
     vertex  8.509579e+00  1.516684e+00  5.000000e-01
   endloop
 endfacet
 facet normal  0.000000e+00  0.000000e+00  1.000000e+00
   outer loop
     vertex  1.402500e+01  3.500000e+00  5.000000e-01
     vertex  8.509579e+00  1.516684e+00  5.000000e-01
     vertex  8.584546e+00  1.489398e+00  5.000000e-01
   endloop
 endfacet
 facet normal  0.000000e+00  0.000000e+00  1.000000e+00
   outer loop
     vertex  1.402500e+01  3.500000e+00  5.000000e-01
     vertex  8.584546e+00  1.489398e+00  5.000000e-01
     vertex  8.658059e+00  1.458409e+00  5.000000e-01
   endloop
 endfacet
 facet normal  0.000000e+00  0.000000e+00  1.000000e+00
   outer loop
     vertex  1.402500e+01  3.500000e+00  5.000000e-01
     vertex  8.658059e+00  1.458409e+00  5.000000e-01
     vertex  8.729937e+00  1.423795e+00  5.000000e-01
   endloop
 endfacet
 facet normal  0.000000e+00  0.000000e+00  1.000000e+00
   outer loop
     vertex  1.402500e+01  3.500000e+00  5.000000e-01
     vertex  8.729937e+00  1.423795e+00  5.000000e-01
     vertex  8.800000e+00  1.385641e+00  5.000000e-01
   endloop
 endfacet
 facet normal  0.000000e+00  0.000000e+00  1.000000e+00
   outer loop
     vertex  1.402500e+01  3.500000e+00  5.000000e-01
     vertex  8.800000e+00  1.385641e+00  5.000000e-01
     vertex  8.868074e+00  1.344041e+00  5.000000e-01
   endloop
 endfacet
 facet normal  0.000000e+00  0.000000e+00  1.000000e+00
   outer loop
     vertex  1.402500e+01  3.500000e+00  5.000000e-01
     vertex  8.868074e+00  1.344041e+00  5.000000e-01
     vertex  8.933990e+00  1.299101e+00  5.000000e-01
   endloop
 endfacet
 facet normal  0.000000e+00  0.000000e+00  1.000000e+00
   outer loop
     vertex  1.402500e+01  3.500000e+00  5.000000e-01
     vertex  8.933990e+00  1.299101e+00  5.000000e-01
     vertex  8.997584e+00  1.250930e+00  5.000000e-01
   endloop
 endfacet
 facet normal  0.000000e+00  0.000000e+00  1.000000e+00
   outer loop
     vertex  1.402500e+01  3.500000e+00  5.000000e-01
     vertex  8.997584e+00  1.250930e+00  5.000000e-01
     vertex  9.058697e+00  1.199650e+00  5.000000e-01
   endloop
 endfacet
 facet normal  0.000000e+00  0.000000e+00  1.000000e+00
   outer loop
     vertex  1.402500e+01  3.500000e+00  5.000000e-01
     vertex  9.058697e+00  1.199650e+00  5.000000e-01
     vertex  9.117179e+00  1.145387e+00  5.000000e-01
   endloop
 endfacet
 facet normal  0.000000e+00  0.000000e+00  1.000000e+00
   outer loop
     vertex  1.402500e+01  3.500000e+00  5.000000e-01
     vertex  9.117179e+00  1.145387e+00  5.000000e-01
     vertex  9.172883e+00  1.088276e+00  5.000000e-01
   endloop
 endfacet
 facet normal  0.000000e+00  0.000000e+00  1.000000e+00
   outer loop
     vertex  1.402500e+01  3.500000e+00  5.000000e-01
     vertex  9.172883e+00  1.088276e+00  5.000000e-01
     vertex  9.225671e+00  1.028460e+00  5.000000e-01
   endloop
 endfacet
 facet normal  0.000000e+00  0.000000e+00  1.000000e+00
   outer loop
     vertex  1.402500e+01  3.500000e+00  5.000000e-01
     vertex  9.225671e+00  1.028460e+00  5.000000e-01
     vertex  9.275412e+00  9.660871e-01  5.000000e-01
   endloop
 endfacet
 facet normal  0.000000e+00  0.000000e+00  1.000000e+00
   outer loop
     vertex  1.402500e+01  3.500000e+00  5.000000e-01
     vertex  9.275412e+00  9.660871e-01  5.000000e-01
     vertex  9.321982e+00  9.013121e-01  5.000000e-01
   endloop
 endfacet
 facet normal  0.000000e+00  0.000000e+00  1.000000e+00
   outer loop
     vertex  1.402500e+01  3.500000e+00  5.000000e-01
     vertex  9.321982e+00  9.013121e-01  5.000000e-01
     vertex  9.365265e+00  8.342963e-01  5.000000e-01
   endloop
 endfacet
 facet normal  0.000000e+00  0.000000e+00  1.000000e+00
   outer loop
     vertex  1.402500e+01  3.500000e+00  5.000000e-01
     vertex  9.365265e+00  8.342963e-01  5.000000e-01
     vertex  9.405155e+00  7.652064e-01  5.000000e-01
   endloop
 endfacet
 facet normal  0.000000e+00  0.000000e+00  1.000000e+00
   outer loop
     vertex  1.402500e+01  3.500000e+00  5.000000e-01
     vertex  9.405155e+00  7.652064e-01  5.000000e-01
     vertex  9.441550e+00  6.942140e-01  5.000000e-01
   endloop
 endfacet
 facet normal  0.000000e+00  0.000000e+00  1.000000e+00
   outer loop
     vertex  1.402500e+01  3.500000e+00  5.000000e-01
     vertex  9.441550e+00  6.942140e-01  5.000000e-01
     vertex  9.474362e+00  6.214957e-01  5.000000e-01
   endloop
 endfacet
 facet normal  0.000000e+00  0.000000e+00  1.000000e+00
   outer loop
     vertex  1.402500e+01  3.500000e+00  5.000000e-01
     vertex  9.474362e+00  6.214957e-01  5.000000e-01
     vertex  9.503508e+00  5.472322e-01  5.000000e-01
   endloop
 endfacet
 facet normal  0.000000e+00  0.000000e+00  1.000000e+00
   outer loop
     vertex  1.402500e+01  3.500000e+00  5.000000e-01
     vertex  9.503508e+00  5.472322e-01  5.000000e-01
     vertex  9.528916e+00  4.716083e-01  5.000000e-01
   endloop
 endfacet
 facet normal  0.000000e+00  0.000000e+00  1.000000e+00
   outer loop
     vertex  1.402500e+01  3.500000e+00  5.000000e-01
     vertex  9.528916e+00  4.716083e-01  5.000000e-01
     vertex  9.550524e+00  3.948118e-01  5.000000e-01
   endloop
 endfacet
 facet normal  0.000000e+00  0.000000e+00  1.000000e+00
   outer loop
     vertex  1.402500e+01  3.500000e+00  5.000000e-01
     vertex  9.550524e+00  3.948118e-01  5.000000e-01
     vertex  9.568276e+00  3.170338e-01  5.000000e-01
   endloop
 endfacet
 facet normal  0.000000e+00  0.000000e+00  1.000000e+00
   outer loop
     vertex  1.402500e+01  3.500000e+00  5.000000e-01
     vertex  9.568276e+00  3.170338e-01  5.000000e-01
     vertex  9.582129e+00  2.384676e-01  5.000000e-01
   endloop
 endfacet
 facet normal  0.000000e+00  0.000000e+00  1.000000e+00
   outer loop
     vertex  1.402500e+01  3.500000e+00  5.000000e-01
     vertex  9.582129e+00  2.384676e-01  5.000000e-01
     vertex  9.592049e+00  1.593086e-01  5.000000e-01
   endloop
 endfacet
 facet normal  0.000000e+00  0.000000e+00  1.000000e+00
   outer loop
     vertex  1.402500e+01  3.500000e+00  5.000000e-01
     vertex  9.592049e+00  1.593086e-01  5.000000e-01
     vertex  9.598011e+00  7.975342e-02  5.000000e-01
   endloop
 endfacet
 facet normal  0.000000e+00  0.000000e+00  1.000000e+00
   outer loop
     vertex  1.402500e+01  3.500000e+00  5.000000e-01
     vertex  9.598011e+00  7.975342e-02  5.000000e-01
     vertex  9.600000e+00  0.000000e+00  5.000000e-01
   endloop
 endfacet
 facet normal  0.000000e+00  0.000000e+00  1.000000e+00
   outer loop
     vertex  1.402500e+01  3.500000e+00  5.000000e-01
     vertex  9.600000e+00  0.000000e+00  5.000000e-01
     vertex  1.402500e+01 -3.500000e+00  5.000000e-01
   endloop
 endfacet
 facet normal  0.000000e+00  0.000000e+00  1.000000e+00
   outer loop
     vertex  1.402500e+01  3.500000e+00  5.000000e-01
     vertex -1.402500e+01  3.500000e+00  5.000000e-01
     vertex  7.880432e+00  1.595526e+00  5.000000e-01
   endloop
 endfacet
 facet normal  0.000000e+00  0.000000e+00  1.000000e+00
   outer loop
     vertex  7.880432e+00  1.595526e+00  5.000000e-01
     vertex -1.402500e+01  3.500000e+00  5.000000e-01
     vertex  7.801050e+00  1.587583e+00  5.000000e-01
   endloop
 endfacet
 facet normal  0.000000e+00  0.000000e+00  1.000000e+00
   outer loop
     vertex  7.801050e+00  1.587583e+00  5.000000e-01
     vertex -1.402500e+01  3.500000e+00  5.000000e-01
     vertex  7.722163e+00  1.575692e+00  5.000000e-01
   endloop
 endfacet
 facet normal  0.000000e+00  0.000000e+00  1.000000e+00
   outer loop
     vertex  7.722163e+00  1.575692e+00  5.000000e-01
     vertex -1.402500e+01  3.500000e+00  5.000000e-01
     vertex  7.643967e+00  1.559885e+00  5.000000e-01
   endloop
 endfacet
 facet normal  0.000000e+00  0.000000e+00  1.000000e+00
   outer loop
     vertex  7.643967e+00  1.559885e+00  5.000000e-01
     vertex -1.402500e+01  3.500000e+00  5.000000e-01
     vertex  7.566655e+00  1.540199e+00  5.000000e-01
   endloop
 endfacet
 facet normal  0.000000e+00  0.000000e+00  1.000000e+00
   outer loop
     vertex  7.566655e+00  1.540199e+00  5.000000e-01
     vertex -1.402500e+01  3.500000e+00  5.000000e-01
     vertex  7.490421e+00  1.516684e+00  5.000000e-01
   endloop
 endfacet
 facet normal  0.000000e+00  0.000000e+00  1.000000e+00
   outer loop
     vertex  7.490421e+00  1.516684e+00  5.000000e-01
     vertex -1.402500e+01  3.500000e+00  5.000000e-01
     vertex  7.415454e+00  1.489398e+00  5.000000e-01
   endloop
 endfacet
 facet normal  0.000000e+00  0.000000e+00  1.000000e+00
   outer loop
     vertex  7.415454e+00  1.489398e+00  5.000000e-01
     vertex -1.402500e+01  3.500000e+00  5.000000e-01
     vertex  7.341941e+00  1.458409e+00  5.000000e-01
   endloop
 endfacet
 facet normal  0.000000e+00  0.000000e+00  1.000000e+00
   outer loop
     vertex  7.341941e+00  1.458409e+00  5.000000e-01
     vertex -1.402500e+01  3.500000e+00  5.000000e-01
     vertex  7.270063e+00  1.423795e+00  5.000000e-01
   endloop
 endfacet
 facet normal  0.000000e+00  0.000000e+00  1.000000e+00
   outer loop
     vertex  7.270063e+00  1.423795e+00  5.000000e-01
     vertex -1.402500e+01  3.500000e+00  5.000000e-01
     vertex -7.880432e+00  1.595526e+00  5.000000e-01
   endloop
 endfacet
 facet normal  0.000000e+00  0.000000e+00  1.000000e+00
   outer loop
     vertex  7.270063e+00  1.423795e+00  5.000000e-01
     vertex -7.880432e+00  1.595526e+00  5.000000e-01
     vertex -7.801050e+00  1.587583e+00  5.000000e-01
   endloop
 endfacet
 facet normal  0.000000e+00  0.000000e+00  1.000000e+00
   outer loop
     vertex  7.270063e+00  1.423795e+00  5.000000e-01
     vertex -7.801050e+00  1.587583e+00  5.000000e-01
     vertex -7.722163e+00  1.575692e+00  5.000000e-01
   endloop
 endfacet
 facet normal  0.000000e+00  0.000000e+00  1.000000e+00
   outer loop
     vertex  7.270063e+00  1.423795e+00  5.000000e-01
     vertex -7.722163e+00  1.575692e+00  5.000000e-01
     vertex -7.643967e+00  1.559885e+00  5.000000e-01
   endloop
 endfacet
 facet normal  0.000000e+00  0.000000e+00  1.000000e+00
   outer loop
     vertex  7.270063e+00  1.423795e+00  5.000000e-01
     vertex -7.643967e+00  1.559885e+00  5.000000e-01
     vertex -7.566655e+00  1.540199e+00  5.000000e-01
   endloop
 endfacet
 facet normal  0.000000e+00  0.000000e+00  1.000000e+00
   outer loop
     vertex  7.270063e+00  1.423795e+00  5.000000e-01
     vertex -7.566655e+00  1.540199e+00  5.000000e-01
     vertex -7.490421e+00  1.516684e+00  5.000000e-01
   endloop
 endfacet
 facet normal  0.000000e+00  0.000000e+00  1.000000e+00
   outer loop
     vertex  7.270063e+00  1.423795e+00  5.000000e-01
     vertex -7.490421e+00  1.516684e+00  5.000000e-01
     vertex -7.415454e+00  1.489398e+00  5.000000e-01
   endloop
 endfacet
 facet normal  0.000000e+00  0.000000e+00  1.000000e+00
   outer loop
     vertex  7.270063e+00  1.423795e+00  5.000000e-01
     vertex -7.415454e+00  1.489398e+00  5.000000e-01
     vertex -7.341941e+00  1.458409e+00  5.000000e-01
   endloop
 endfacet
 facet normal  0.000000e+00  0.000000e+00  1.000000e+00
   outer loop
     vertex  7.270063e+00  1.423795e+00  5.000000e-01
     vertex -7.341941e+00  1.458409e+00  5.000000e-01
     vertex -7.270063e+00  1.423795e+00  5.000000e-01
   endloop
 endfacet
 facet normal  0.000000e+00  1.000000e+00  0.000000e+00
   outer loop
     vertex  1.402500e+01  3.500000e+00  5.000000e-01
     vertex  1.402500e+01  3.500000e+00 -5.000000e-01
     vertex -1.402500e+01  3.500000e+00 -5.000000e-01
   endloop
 endfacet
 facet normal  0.000000e+00  1.000000e+00  0.000000e+00
   outer loop
     vertex  1.402500e+01  3.500000e+00  5.000000e-01
     vertex -1.402500e+01  3.500000e+00 -5.000000e-01
     vertex -1.402500e+01  3.500000e+00  5.000000e-01
   endloop
 endfacet
 facet normal  0.000000e+00 -0.000000e+00 -1.000000e+00
   outer loop
     vertex -9.172883e+00 -1.088276e+00 -5.000000e-01
     vertex -9.117179e+00 -1.145387e+00 -5.000000e-01
     vertex -1.402500e+01 -3.500000e+00 -5.000000e-01
   endloop
 endfacet
 facet normal -0.000000e+00  0.000000e+00 -1.000000e+00
   outer loop
     vertex -9.058697e+00 -1.199650e+00 -5.000000e-01
     vertex -1.402500e+01 -3.500000e+00 -5.000000e-01
     vertex -9.117179e+00 -1.145387e+00 -5.000000e-01
   endloop
 endfacet
 facet normal  0.000000e+00 -0.000000e+00 -1.000000e+00
   outer loop
     vertex -9.225671e+00 -1.028460e+00 -5.000000e-01
     vertex -9.172883e+00 -1.088276e+00 -5.000000e-01
     vertex -1.402500e+01 -3.500000e+00 -5.000000e-01
   endloop
 endfacet
 facet normal -0.000000e+00  0.000000e+00 -1.000000e+00
   outer loop
     vertex -8.997584e+00 -1.250930e+00 -5.000000e-01
     vertex -1.402500e+01 -3.500000e+00 -5.000000e-01
     vertex -9.058697e+00 -1.199650e+00 -5.000000e-01
   endloop
 endfacet
 facet normal  0.000000e+00 -0.000000e+00 -1.000000e+00
   outer loop
     vertex -9.275412e+00 -9.660871e-01 -5.000000e-01
     vertex -9.225671e+00 -1.028460e+00 -5.000000e-01
     vertex -1.402500e+01 -3.500000e+00 -5.000000e-01
   endloop
 endfacet
 facet normal -0.000000e+00  0.000000e+00 -1.000000e+00
   outer loop
     vertex -8.933990e+00 -1.299101e+00 -5.000000e-01
     vertex -1.402500e+01 -3.500000e+00 -5.000000e-01
     vertex -8.997584e+00 -1.250930e+00 -5.000000e-01
   endloop
 endfacet
 facet normal  0.000000e+00 -0.000000e+00 -1.000000e+00
   outer loop
     vertex -9.321982e+00 -9.013121e-01 -5.000000e-01
     vertex -9.275412e+00 -9.660871e-01 -5.000000e-01
     vertex -1.402500e+01 -3.500000e+00 -5.000000e-01
   endloop
 endfacet
 facet normal -0.000000e+00  0.000000e+00 -1.000000e+00
   outer loop
     vertex -8.868074e+00 -1.344041e+00 -5.000000e-01
     vertex -1.402500e+01 -3.500000e+00 -5.000000e-01
     vertex -8.933990e+00 -1.299101e+00 -5.000000e-01
   endloop
 endfacet
 facet normal  0.000000e+00 -0.000000e+00 -1.000000e+00
   outer loop
     vertex -9.365265e+00 -8.342963e-01 -5.000000e-01
     vertex -9.321982e+00 -9.013121e-01 -5.000000e-01
     vertex -1.402500e+01 -3.500000e+00 -5.000000e-01
   endloop
 endfacet
 facet normal -0.000000e+00  0.000000e+00 -1.000000e+00
   outer loop
     vertex -8.800000e+00 -1.385641e+00 -5.000000e-01
     vertex -1.402500e+01 -3.500000e+00 -5.000000e-01
     vertex -8.868074e+00 -1.344041e+00 -5.000000e-01
   endloop
 endfacet
 facet normal  0.000000e+00 -0.000000e+00 -1.000000e+00
   outer loop
     vertex -9.405155e+00 -7.652064e-01 -5.000000e-01
     vertex -9.365265e+00 -8.342963e-01 -5.000000e-01
     vertex -1.402500e+01 -3.500000e+00 -5.000000e-01
   endloop
 endfacet
 facet normal -0.000000e+00  0.000000e+00 -1.000000e+00
   outer loop
     vertex -8.729937e+00 -1.423795e+00 -5.000000e-01
     vertex -1.402500e+01 -3.500000e+00 -5.000000e-01
     vertex -8.800000e+00 -1.385641e+00 -5.000000e-01
   endloop
 endfacet
 facet normal  0.000000e+00 -0.000000e+00 -1.000000e+00
   outer loop
     vertex -9.441550e+00 -6.942140e-01 -5.000000e-01
     vertex -9.405155e+00 -7.652064e-01 -5.000000e-01
     vertex -1.402500e+01 -3.500000e+00 -5.000000e-01
   endloop
 endfacet
 facet normal -0.000000e+00  0.000000e+00 -1.000000e+00
   outer loop
     vertex -8.658059e+00 -1.458409e+00 -5.000000e-01
     vertex -1.402500e+01 -3.500000e+00 -5.000000e-01
     vertex -8.729937e+00 -1.423795e+00 -5.000000e-01
   endloop
 endfacet
 facet normal  0.000000e+00 -0.000000e+00 -1.000000e+00
   outer loop
     vertex -9.474362e+00 -6.214957e-01 -5.000000e-01
     vertex -9.441550e+00 -6.942140e-01 -5.000000e-01
     vertex -1.402500e+01 -3.500000e+00 -5.000000e-01
   endloop
 endfacet
 facet normal -0.000000e+00  0.000000e+00 -1.000000e+00
   outer loop
     vertex -8.584546e+00 -1.489398e+00 -5.000000e-01
     vertex -1.402500e+01 -3.500000e+00 -5.000000e-01
     vertex -8.658059e+00 -1.458409e+00 -5.000000e-01
   endloop
 endfacet
 facet normal  0.000000e+00 -0.000000e+00 -1.000000e+00
   outer loop
     vertex -9.503508e+00 -5.472322e-01 -5.000000e-01
     vertex -9.474362e+00 -6.214957e-01 -5.000000e-01
     vertex -1.402500e+01 -3.500000e+00 -5.000000e-01
   endloop
 endfacet
 facet normal -0.000000e+00  0.000000e+00 -1.000000e+00
   outer loop
     vertex -8.509579e+00 -1.516684e+00 -5.000000e-01
     vertex -1.402500e+01 -3.500000e+00 -5.000000e-01
     vertex -8.584546e+00 -1.489398e+00 -5.000000e-01
   endloop
 endfacet
 facet normal  0.000000e+00 -0.000000e+00 -1.000000e+00
   outer loop
     vertex -9.528916e+00 -4.716083e-01 -5.000000e-01
     vertex -9.503508e+00 -5.472322e-01 -5.000000e-01
     vertex -1.402500e+01 -3.500000e+00 -5.000000e-01
   endloop
 endfacet
 facet normal -0.000000e+00  0.000000e+00 -1.000000e+00
   outer loop
     vertex -8.433345e+00 -1.540199e+00 -5.000000e-01
     vertex -1.402500e+01 -3.500000e+00 -5.000000e-01
     vertex -8.509579e+00 -1.516684e+00 -5.000000e-01
   endloop
 endfacet
 facet normal  0.000000e+00 -0.000000e+00 -1.000000e+00
   outer loop
     vertex -9.550524e+00 -3.948118e-01 -5.000000e-01
     vertex -9.528916e+00 -4.716083e-01 -5.000000e-01
     vertex -1.402500e+01 -3.500000e+00 -5.000000e-01
   endloop
 endfacet
 facet normal -0.000000e+00  0.000000e+00 -1.000000e+00
   outer loop
     vertex -8.356033e+00 -1.559885e+00 -5.000000e-01
     vertex -1.402500e+01 -3.500000e+00 -5.000000e-01
     vertex -8.433345e+00 -1.540199e+00 -5.000000e-01
   endloop
 endfacet
 facet normal  0.000000e+00 -0.000000e+00 -1.000000e+00
   outer loop
     vertex -9.568276e+00 -3.170338e-01 -5.000000e-01
     vertex -9.550524e+00 -3.948118e-01 -5.000000e-01
     vertex -1.402500e+01 -3.500000e+00 -5.000000e-01
   endloop
 endfacet
 facet normal -0.000000e+00  0.000000e+00 -1.000000e+00
   outer loop
     vertex -8.277837e+00 -1.575692e+00 -5.000000e-01
     vertex -1.402500e+01 -3.500000e+00 -5.000000e-01
     vertex -8.356033e+00 -1.559885e+00 -5.000000e-01
   endloop
 endfacet
 facet normal  0.000000e+00 -0.000000e+00 -1.000000e+00
   outer loop
     vertex -9.582129e+00 -2.384676e-01 -5.000000e-01
     vertex -9.568276e+00 -3.170338e-01 -5.000000e-01
     vertex -1.402500e+01 -3.500000e+00 -5.000000e-01
   endloop
 endfacet
 facet normal -0.000000e+00  0.000000e+00 -1.000000e+00
   outer loop
     vertex -8.198950e+00 -1.587583e+00 -5.000000e-01
     vertex -1.402500e+01 -3.500000e+00 -5.000000e-01
     vertex -8.277837e+00 -1.575692e+00 -5.000000e-01
   endloop
 endfacet
 facet normal  0.000000e+00 -0.000000e+00 -1.000000e+00
   outer loop
     vertex -9.592049e+00 -1.593086e-01 -5.000000e-01
     vertex -9.582129e+00 -2.384676e-01 -5.000000e-01
     vertex -1.402500e+01 -3.500000e+00 -5.000000e-01
   endloop
 endfacet
 facet normal -0.000000e+00  0.000000e+00 -1.000000e+00
   outer loop
     vertex -8.119568e+00 -1.595526e+00 -5.000000e-01
     vertex -1.402500e+01 -3.500000e+00 -5.000000e-01
     vertex -8.198950e+00 -1.587583e+00 -5.000000e-01
   endloop
 endfacet
 facet normal  0.000000e+00 -0.000000e+00 -1.000000e+00
   outer loop
     vertex -9.598011e+00 -7.975342e-02 -5.000000e-01
     vertex -9.592049e+00 -1.593086e-01 -5.000000e-01
     vertex -1.402500e+01 -3.500000e+00 -5.000000e-01
   endloop
 endfacet
 facet normal -0.000000e+00  0.000000e+00 -1.000000e+00
   outer loop
     vertex -8.039889e+00 -1.599503e+00 -5.000000e-01
     vertex -1.402500e+01 -3.500000e+00 -5.000000e-01
     vertex -8.119568e+00 -1.595526e+00 -5.000000e-01
   endloop
 endfacet
 facet normal -0.000000e+00  0.000000e+00 -1.000000e+00
   outer loop
     vertex -9.600000e+00 -5.488398e-15 -5.000000e-01
     vertex -1.402500e+01 -3.500000e+00 -5.000000e-01
     vertex -1.402500e+01  3.500000e+00 -5.000000e-01
   endloop
 endfacet
 facet normal  0.000000e+00 -0.000000e+00 -1.000000e+00
   outer loop
     vertex -9.600000e+00 -5.488398e-15 -5.000000e-01
     vertex -9.598011e+00 -7.975342e-02 -5.000000e-01
     vertex -1.402500e+01 -3.500000e+00 -5.000000e-01
   endloop
 endfacet
 facet normal  0.000000e+00  0.000000e+00 -1.000000e+00
   outer loop
     vertex -7.960111e+00 -1.599503e+00 -5.000000e-01
     vertex -1.402500e+01 -3.500000e+00 -5.000000e-01
     vertex -8.039889e+00 -1.599503e+00 -5.000000e-01
   endloop
 endfacet
 facet normal -0.000000e+00  0.000000e+00 -1.000000e+00
   outer loop
     vertex -9.598011e+00  7.975342e-02 -5.000000e-01
     vertex -9.600000e+00 -5.488398e-15 -5.000000e-01
     vertex -1.402500e+01  3.500000e+00 -5.000000e-01
   endloop
 endfacet
 facet normal  0.000000e+00  0.000000e+00 -1.000000e+00
   outer loop
     vertex -7.880432e+00 -1.595526e+00 -5.000000e-01
     vertex -1.402500e+01 -3.500000e+00 -5.000000e-01
     vertex -7.960111e+00 -1.599503e+00 -5.000000e-01
   endloop
 endfacet
 facet normal -0.000000e+00  0.000000e+00 -1.000000e+00
   outer loop
     vertex -9.592049e+00  1.593086e-01 -5.000000e-01
     vertex -9.598011e+00  7.975342e-02 -5.000000e-01
     vertex -1.402500e+01  3.500000e+00 -5.000000e-01
   endloop
 endfacet
 facet normal  0.000000e+00  0.000000e+00 -1.000000e+00
   outer loop
     vertex -7.801050e+00 -1.587583e+00 -5.000000e-01
     vertex -1.402500e+01 -3.500000e+00 -5.000000e-01
     vertex -7.880432e+00 -1.595526e+00 -5.000000e-01
   endloop
 endfacet
 facet normal -0.000000e+00  0.000000e+00 -1.000000e+00
   outer loop
     vertex -9.582129e+00  2.384676e-01 -5.000000e-01
     vertex -9.592049e+00  1.593086e-01 -5.000000e-01
     vertex -1.402500e+01  3.500000e+00 -5.000000e-01
   endloop
 endfacet
 facet normal  0.000000e+00  0.000000e+00 -1.000000e+00
   outer loop
     vertex -7.722163e+00 -1.575692e+00 -5.000000e-01
     vertex -1.402500e+01 -3.500000e+00 -5.000000e-01
     vertex -7.801050e+00 -1.587583e+00 -5.000000e-01
   endloop
 endfacet
 facet normal -0.000000e+00  0.000000e+00 -1.000000e+00
   outer loop
     vertex -9.568276e+00  3.170338e-01 -5.000000e-01
     vertex -9.582129e+00  2.384676e-01 -5.000000e-01
     vertex -1.402500e+01  3.500000e+00 -5.000000e-01
   endloop
 endfacet
 facet normal  0.000000e+00  0.000000e+00 -1.000000e+00
   outer loop
     vertex -7.643967e+00 -1.559885e+00 -5.000000e-01
     vertex -1.402500e+01 -3.500000e+00 -5.000000e-01
     vertex -7.722163e+00 -1.575692e+00 -5.000000e-01
   endloop
 endfacet
 facet normal -0.000000e+00  0.000000e+00 -1.000000e+00
   outer loop
     vertex -9.550524e+00  3.948118e-01 -5.000000e-01
     vertex -9.568276e+00  3.170338e-01 -5.000000e-01
     vertex -1.402500e+01  3.500000e+00 -5.000000e-01
   endloop
 endfacet
 facet normal -0.000000e+00  0.000000e+00 -1.000000e+00
   outer loop
     vertex -9.528916e+00  4.716083e-01 -5.000000e-01
     vertex -9.550524e+00  3.948118e-01 -5.000000e-01
     vertex -1.402500e+01  3.500000e+00 -5.000000e-01
   endloop
 endfacet
 facet normal -0.000000e+00  0.000000e+00 -1.000000e+00
   outer loop
     vertex -9.503508e+00  5.472322e-01 -5.000000e-01
     vertex -9.528916e+00  4.716083e-01 -5.000000e-01
     vertex -1.402500e+01  3.500000e+00 -5.000000e-01
   endloop
 endfacet
 facet normal -0.000000e+00  0.000000e+00 -1.000000e+00
   outer loop
     vertex -9.474362e+00  6.214957e-01 -5.000000e-01
     vertex -9.503508e+00  5.472322e-01 -5.000000e-01
     vertex -1.402500e+01  3.500000e+00 -5.000000e-01
   endloop
 endfacet
 facet normal -0.000000e+00  0.000000e+00 -1.000000e+00
   outer loop
     vertex -9.441550e+00  6.942140e-01 -5.000000e-01
     vertex -9.474362e+00  6.214957e-01 -5.000000e-01
     vertex -1.402500e+01  3.500000e+00 -5.000000e-01
   endloop
 endfacet
 facet normal -0.000000e+00  0.000000e+00 -1.000000e+00
   outer loop
     vertex -9.405155e+00  7.652064e-01 -5.000000e-01
     vertex -9.441550e+00  6.942140e-01 -5.000000e-01
     vertex -1.402500e+01  3.500000e+00 -5.000000e-01
   endloop
 endfacet
 facet normal -0.000000e+00  0.000000e+00 -1.000000e+00
   outer loop
     vertex -9.365265e+00  8.342963e-01 -5.000000e-01
     vertex -9.405155e+00  7.652064e-01 -5.000000e-01
     vertex -1.402500e+01  3.500000e+00 -5.000000e-01
   endloop
 endfacet
 facet normal -0.000000e+00  0.000000e+00 -1.000000e+00
   outer loop
     vertex -9.321982e+00  9.013121e-01 -5.000000e-01
     vertex -9.365265e+00  8.342963e-01 -5.000000e-01
     vertex -1.402500e+01  3.500000e+00 -5.000000e-01
   endloop
 endfacet
 facet normal -0.000000e+00  0.000000e+00 -1.000000e+00
   outer loop
     vertex -9.275412e+00  9.660871e-01 -5.000000e-01
     vertex -9.321982e+00  9.013121e-01 -5.000000e-01
     vertex -1.402500e+01  3.500000e+00 -5.000000e-01
   endloop
 endfacet
 facet normal -0.000000e+00  0.000000e+00 -1.000000e+00
   outer loop
     vertex -9.225671e+00  1.028460e+00 -5.000000e-01
     vertex -9.275412e+00  9.660871e-01 -5.000000e-01
     vertex -1.402500e+01  3.500000e+00 -5.000000e-01
   endloop
 endfacet
 facet normal -0.000000e+00  0.000000e+00 -1.000000e+00
   outer loop
     vertex -9.172883e+00  1.088276e+00 -5.000000e-01
     vertex -9.225671e+00  1.028460e+00 -5.000000e-01
     vertex -1.402500e+01  3.500000e+00 -5.000000e-01
   endloop
 endfacet
 facet normal -0.000000e+00  0.000000e+00 -1.000000e+00
   outer loop
     vertex -9.117179e+00  1.145387e+00 -5.000000e-01
     vertex -9.172883e+00  1.088276e+00 -5.000000e-01
     vertex -1.402500e+01  3.500000e+00 -5.000000e-01
   endloop
 endfacet
 facet normal -0.000000e+00  0.000000e+00 -1.000000e+00
   outer loop
     vertex -9.058697e+00  1.199650e+00 -5.000000e-01
     vertex -9.117179e+00  1.145387e+00 -5.000000e-01
     vertex -1.402500e+01  3.500000e+00 -5.000000e-01
   endloop
 endfacet
 facet normal -0.000000e+00  0.000000e+00 -1.000000e+00
   outer loop
     vertex -8.997584e+00  1.250930e+00 -5.000000e-01
     vertex -9.058697e+00  1.199650e+00 -5.000000e-01
     vertex -1.402500e+01  3.500000e+00 -5.000000e-01
   endloop
 endfacet
 facet normal -0.000000e+00  0.000000e+00 -1.000000e+00
   outer loop
     vertex -8.933990e+00  1.299101e+00 -5.000000e-01
     vertex -8.997584e+00  1.250930e+00 -5.000000e-01
     vertex -1.402500e+01  3.500000e+00 -5.000000e-01
   endloop
 endfacet
 facet normal -0.000000e+00  0.000000e+00 -1.000000e+00
   outer loop
     vertex -8.868074e+00  1.344041e+00 -5.000000e-01
     vertex -8.933990e+00  1.299101e+00 -5.000000e-01
     vertex -1.402500e+01  3.500000e+00 -5.000000e-01
   endloop
 endfacet
 facet normal -0.000000e+00  0.000000e+00 -1.000000e+00
   outer loop
     vertex -8.800000e+00  1.385641e+00 -5.000000e-01
     vertex -8.868074e+00  1.344041e+00 -5.000000e-01
     vertex -1.402500e+01  3.500000e+00 -5.000000e-01
   endloop
 endfacet
 facet normal -0.000000e+00  0.000000e+00 -1.000000e+00
   outer loop
     vertex -8.729937e+00  1.423795e+00 -5.000000e-01
     vertex -8.800000e+00  1.385641e+00 -5.000000e-01
     vertex -1.402500e+01  3.500000e+00 -5.000000e-01
   endloop
 endfacet
 facet normal -0.000000e+00  0.000000e+00 -1.000000e+00
   outer loop
     vertex -8.658059e+00  1.458409e+00 -5.000000e-01
     vertex -8.729937e+00  1.423795e+00 -5.000000e-01
     vertex -1.402500e+01  3.500000e+00 -5.000000e-01
   endloop
 endfacet
 facet normal -0.000000e+00  0.000000e+00 -1.000000e+00
   outer loop
     vertex -8.584546e+00  1.489398e+00 -5.000000e-01
     vertex -8.658059e+00  1.458409e+00 -5.000000e-01
     vertex -1.402500e+01  3.500000e+00 -5.000000e-01
   endloop
 endfacet
 facet normal -0.000000e+00  0.000000e+00 -1.000000e+00
   outer loop
     vertex -8.509579e+00  1.516684e+00 -5.000000e-01
     vertex -8.584546e+00  1.489398e+00 -5.000000e-01
     vertex -1.402500e+01  3.500000e+00 -5.000000e-01
   endloop
 endfacet
 facet normal -0.000000e+00  0.000000e+00 -1.000000e+00
   outer loop
     vertex -8.433345e+00  1.540199e+00 -5.000000e-01
     vertex -8.509579e+00  1.516684e+00 -5.000000e-01
     vertex -1.402500e+01  3.500000e+00 -5.000000e-01
   endloop
 endfacet
 facet normal -0.000000e+00  0.000000e+00 -1.000000e+00
   outer loop
     vertex -8.356033e+00  1.559885e+00 -5.000000e-01
     vertex -8.433345e+00  1.540199e+00 -5.000000e-01
     vertex -1.402500e+01  3.500000e+00 -5.000000e-01
   endloop
 endfacet
 facet normal -0.000000e+00  0.000000e+00 -1.000000e+00
   outer loop
     vertex -8.277837e+00  1.575692e+00 -5.000000e-01
     vertex -8.356033e+00  1.559885e+00 -5.000000e-01
     vertex -1.402500e+01  3.500000e+00 -5.000000e-01
   endloop
 endfacet
 facet normal -0.000000e+00  0.000000e+00 -1.000000e+00
   outer loop
     vertex -8.198950e+00  1.587583e+00 -5.000000e-01
     vertex -8.277837e+00  1.575692e+00 -5.000000e-01
     vertex -1.402500e+01  3.500000e+00 -5.000000e-01
   endloop
 endfacet
 facet normal -0.000000e+00  0.000000e+00 -1.000000e+00
   outer loop
     vertex -8.119568e+00  1.595526e+00 -5.000000e-01
     vertex -8.198950e+00  1.587583e+00 -5.000000e-01
     vertex -1.402500e+01  3.500000e+00 -5.000000e-01
   endloop
 endfacet
 facet normal -0.000000e+00  0.000000e+00 -1.000000e+00
   outer loop
     vertex -8.039889e+00  1.599503e+00 -5.000000e-01
     vertex -8.119568e+00  1.595526e+00 -5.000000e-01
     vertex -1.402500e+01  3.500000e+00 -5.000000e-01
   endloop
 endfacet
 facet normal  0.000000e+00  0.000000e+00 -1.000000e+00
   outer loop
     vertex -7.960111e+00  1.599503e+00 -5.000000e-01
     vertex -8.039889e+00  1.599503e+00 -5.000000e-01
     vertex -1.402500e+01  3.500000e+00 -5.000000e-01
   endloop
 endfacet
 facet normal  0.000000e+00  0.000000e+00 -1.000000e+00
   outer loop
     vertex -7.880432e+00  1.595526e+00 -5.000000e-01
     vertex -7.960111e+00  1.599503e+00 -5.000000e-01
     vertex -1.402500e+01  3.500000e+00 -5.000000e-01
   endloop
 endfacet
 facet normal -0.000000e+00  0.000000e+00 -1.000000e+00
   outer loop
     vertex  6.827117e+00 -1.088276e+00 -5.000000e-01
     vertex -6.882821e+00 -1.145387e+00 -5.000000e-01
     vertex -6.827117e+00 -1.088276e+00 -5.000000e-01
   endloop
 endfacet
 facet normal  0.000000e+00 -0.000000e+00 -1.000000e+00
   outer loop
     vertex  6.827117e+00 -1.088276e+00 -5.000000e-01
     vertex  6.882821e+00 -1.145387e+00 -5.000000e-01
     vertex -6.882821e+00 -1.145387e+00 -5.000000e-01
   endloop
 endfacet
 facet normal -0.000000e+00  0.000000e+00 -1.000000e+00
   outer loop
     vertex  6.941303e+00 -1.199650e+00 -5.000000e-01
     vertex -7.002416e+00 -1.250930e+00 -5.000000e-01
     vertex -6.941303e+00 -1.199650e+00 -5.000000e-01
   endloop
 endfacet
 facet normal  0.000000e+00  0.000000e+00 -1.000000e+00
   outer loop
     vertex  6.941303e+00 -1.199650e+00 -5.000000e-01
     vertex -6.941303e+00 -1.199650e+00 -5.000000e-01
     vertex -6.882821e+00 -1.145387e+00 -5.000000e-01
   endloop
 endfacet
 facet normal  0.000000e+00  0.000000e+00 -1.000000e+00
   outer loop
     vertex  6.941303e+00 -1.199650e+00 -5.000000e-01
     vertex -6.882821e+00 -1.145387e+00 -5.000000e-01
     vertex  6.882821e+00 -1.145387e+00 -5.000000e-01
   endloop
 endfacet
 facet normal -0.000000e+00  0.000000e+00 -1.000000e+00
   outer loop
     vertex  6.774329e+00 -1.028460e+00 -5.000000e-01
     vertex -6.827117e+00 -1.088276e+00 -5.000000e-01
     vertex -6.774329e+00 -1.028460e+00 -5.000000e-01
   endloop
 endfacet
 facet normal  0.000000e+00 -0.000000e+00 -1.000000e+00
   outer loop
     vertex  6.774329e+00 -1.028460e+00 -5.000000e-01
     vertex  6.827117e+00 -1.088276e+00 -5.000000e-01
     vertex -6.827117e+00 -1.088276e+00 -5.000000e-01
   endloop
 endfacet
 facet normal  0.000000e+00  0.000000e+00 -1.000000e+00
   outer loop
     vertex  7.002416e+00 -1.250930e+00 -5.000000e-01
     vertex -7.002416e+00 -1.250930e+00 -5.000000e-01
     vertex  6.941303e+00 -1.199650e+00 -5.000000e-01
   endloop
 endfacet
 facet normal  0.000000e+00 -0.000000e+00 -1.000000e+00
   outer loop
     vertex  6.724588e+00 -9.660871e-01 -5.000000e-01
     vertex  6.774329e+00 -1.028460e+00 -5.000000e-01
     vertex -6.774329e+00 -1.028460e+00 -5.000000e-01
   endloop
 endfacet
 facet normal -0.000000e+00  0.000000e+00 -1.000000e+00
   outer loop
     vertex  6.724588e+00 -9.660871e-01 -5.000000e-01
     vertex -6.774329e+00 -1.028460e+00 -5.000000e-01
     vertex -6.724588e+00 -9.660871e-01 -5.000000e-01
   endloop
 endfacet
 facet normal  0.000000e+00  0.000000e+00 -1.000000e+00
   outer loop
     vertex  7.066010e+00 -1.299101e+00 -5.000000e-01
     vertex -7.002416e+00 -1.250930e+00 -5.000000e-01
     vertex  7.002416e+00 -1.250930e+00 -5.000000e-01
   endloop
 endfacet
 facet normal -0.000000e+00  0.000000e+00 -1.000000e+00
   outer loop
     vertex  7.066010e+00 -1.299101e+00 -5.000000e-01
     vertex -7.131926e+00 -1.344041e+00 -5.000000e-01
     vertex -7.066010e+00 -1.299101e+00 -5.000000e-01
   endloop
 endfacet
 facet normal  0.000000e+00  0.000000e+00 -1.000000e+00
   outer loop
     vertex  7.066010e+00 -1.299101e+00 -5.000000e-01
     vertex -7.066010e+00 -1.299101e+00 -5.000000e-01
     vertex -7.002416e+00 -1.250930e+00 -5.000000e-01
   endloop
 endfacet
 facet normal -0.000000e+00  0.000000e+00 -1.000000e+00
   outer loop
     vertex  6.678018e+00 -9.013121e-01 -5.000000e-01
     vertex -6.724588e+00 -9.660871e-01 -5.000000e-01
     vertex -6.678018e+00 -9.013121e-01 -5.000000e-01
   endloop
 endfacet
 facet normal  0.000000e+00 -0.000000e+00 -1.000000e+00
   outer loop
     vertex  6.678018e+00 -9.013121e-01 -5.000000e-01
     vertex  6.724588e+00 -9.660871e-01 -5.000000e-01
     vertex -6.724588e+00 -9.660871e-01 -5.000000e-01
   endloop
 endfacet
 facet normal  0.000000e+00  0.000000e+00 -1.000000e+00
   outer loop
     vertex  7.131926e+00 -1.344041e+00 -5.000000e-01
     vertex -7.131926e+00 -1.344041e+00 -5.000000e-01
     vertex  7.066010e+00 -1.299101e+00 -5.000000e-01
   endloop
 endfacet
 facet normal -0.000000e+00  0.000000e+00 -1.000000e+00
   outer loop
     vertex  6.634735e+00 -8.342963e-01 -5.000000e-01
     vertex -6.678018e+00 -9.013121e-01 -5.000000e-01
     vertex -6.634735e+00 -8.342963e-01 -5.000000e-01
   endloop
 endfacet
 facet normal  0.000000e+00 -0.000000e+00 -1.000000e+00
   outer loop
     vertex  6.634735e+00 -8.342963e-01 -5.000000e-01
     vertex  6.678018e+00 -9.013121e-01 -5.000000e-01
     vertex -6.678018e+00 -9.013121e-01 -5.000000e-01
   endloop
 endfacet
 facet normal -0.000000e+00  0.000000e+00 -1.000000e+00
   outer loop
     vertex  7.200000e+00 -1.385641e+00 -5.000000e-01
     vertex -7.270063e+00 -1.423795e+00 -5.000000e-01
     vertex -7.200000e+00 -1.385641e+00 -5.000000e-01
   endloop
 endfacet
 facet normal  0.000000e+00  0.000000e+00 -1.000000e+00
   outer loop
     vertex  7.200000e+00 -1.385641e+00 -5.000000e-01
     vertex -7.200000e+00 -1.385641e+00 -5.000000e-01
     vertex -7.131926e+00 -1.344041e+00 -5.000000e-01
   endloop
 endfacet
 facet normal  0.000000e+00  0.000000e+00 -1.000000e+00
   outer loop
     vertex  7.200000e+00 -1.385641e+00 -5.000000e-01
     vertex -7.131926e+00 -1.344041e+00 -5.000000e-01
     vertex  7.131926e+00 -1.344041e+00 -5.000000e-01
   endloop
 endfacet
 facet normal -0.000000e+00  0.000000e+00 -1.000000e+00
   outer loop
     vertex  6.594845e+00 -7.652064e-01 -5.000000e-01
     vertex -6.634735e+00 -8.342963e-01 -5.000000e-01
     vertex -6.594845e+00 -7.652064e-01 -5.000000e-01
   endloop
 endfacet
 facet normal  0.000000e+00 -0.000000e+00 -1.000000e+00
   outer loop
     vertex  6.594845e+00 -7.652064e-01 -5.000000e-01
     vertex  6.634735e+00 -8.342963e-01 -5.000000e-01
     vertex -6.634735e+00 -8.342963e-01 -5.000000e-01
   endloop
 endfacet
 facet normal  0.000000e+00  0.000000e+00 -1.000000e+00
   outer loop
     vertex  7.270063e+00 -1.423795e+00 -5.000000e-01
     vertex -7.270063e+00 -1.423795e+00 -5.000000e-01
     vertex  7.200000e+00 -1.385641e+00 -5.000000e-01
   endloop
 endfacet
 facet normal  0.000000e+00 -0.000000e+00 -1.000000e+00
   outer loop
     vertex  6.558450e+00 -6.942140e-01 -5.000000e-01
     vertex  6.594845e+00 -7.652064e-01 -5.000000e-01
     vertex -6.594845e+00 -7.652064e-01 -5.000000e-01
   endloop
 endfacet
 facet normal -0.000000e+00  0.000000e+00 -1.000000e+00
   outer loop
     vertex  6.558450e+00 -6.942140e-01 -5.000000e-01
     vertex -6.594845e+00 -7.652064e-01 -5.000000e-01
     vertex -6.558450e+00 -6.942140e-01 -5.000000e-01
   endloop
 endfacet
 facet normal -0.000000e+00  0.000000e+00 -1.000000e+00
   outer loop
     vertex  7.341941e+00 -1.458409e+00 -5.000000e-01
     vertex -7.415454e+00 -1.489398e+00 -5.000000e-01
     vertex -7.341941e+00 -1.458409e+00 -5.000000e-01
   endloop
 endfacet
 facet normal  0.000000e+00  0.000000e+00 -1.000000e+00
   outer loop
     vertex  7.341941e+00 -1.458409e+00 -5.000000e-01
     vertex -7.341941e+00 -1.458409e+00 -5.000000e-01
     vertex -7.270063e+00 -1.423795e+00 -5.000000e-01
   endloop
 endfacet
 facet normal  0.000000e+00  0.000000e+00 -1.000000e+00
   outer loop
     vertex  7.341941e+00 -1.458409e+00 -5.000000e-01
     vertex -7.270063e+00 -1.423795e+00 -5.000000e-01
     vertex  7.270063e+00 -1.423795e+00 -5.000000e-01
   endloop
 endfacet
 facet normal -0.000000e+00  0.000000e+00 -1.000000e+00
   outer loop
     vertex  6.525638e+00 -6.214957e-01 -5.000000e-01
     vertex -6.558450e+00 -6.942140e-01 -5.000000e-01
     vertex -6.525638e+00 -6.214957e-01 -5.000000e-01
   endloop
 endfacet
 facet normal  0.000000e+00 -0.000000e+00 -1.000000e+00
   outer loop
     vertex  6.525638e+00 -6.214957e-01 -5.000000e-01
     vertex  6.558450e+00 -6.942140e-01 -5.000000e-01
     vertex -6.558450e+00 -6.942140e-01 -5.000000e-01
   endloop
 endfacet
 facet normal  0.000000e+00  0.000000e+00 -1.000000e+00
   outer loop
     vertex  7.415454e+00 -1.489398e+00 -5.000000e-01
     vertex -7.415454e+00 -1.489398e+00 -5.000000e-01
     vertex  7.341941e+00 -1.458409e+00 -5.000000e-01
   endloop
 endfacet
 facet normal -0.000000e+00  0.000000e+00 -1.000000e+00
   outer loop
     vertex  6.496492e+00 -5.472322e-01 -5.000000e-01
     vertex -6.525638e+00 -6.214957e-01 -5.000000e-01
     vertex -6.496492e+00 -5.472322e-01 -5.000000e-01
   endloop
 endfacet
 facet normal  0.000000e+00 -0.000000e+00 -1.000000e+00
   outer loop
     vertex  6.496492e+00 -5.472322e-01 -5.000000e-01
     vertex  6.525638e+00 -6.214957e-01 -5.000000e-01
     vertex -6.525638e+00 -6.214957e-01 -5.000000e-01
   endloop
 endfacet
 facet normal -0.000000e+00  0.000000e+00 -1.000000e+00
   outer loop
     vertex  7.490421e+00 -1.516684e+00 -5.000000e-01
     vertex -7.566655e+00 -1.540199e+00 -5.000000e-01
     vertex -7.490421e+00 -1.516684e+00 -5.000000e-01
   endloop
 endfacet
 facet normal  0.000000e+00  0.000000e+00 -1.000000e+00
   outer loop
     vertex  7.490421e+00 -1.516684e+00 -5.000000e-01
     vertex -7.490421e+00 -1.516684e+00 -5.000000e-01
     vertex -7.415454e+00 -1.489398e+00 -5.000000e-01
   endloop
 endfacet
 facet normal  0.000000e+00  0.000000e+00 -1.000000e+00
   outer loop
     vertex  7.490421e+00 -1.516684e+00 -5.000000e-01
     vertex -7.415454e+00 -1.489398e+00 -5.000000e-01
     vertex  7.415454e+00 -1.489398e+00 -5.000000e-01
   endloop
 endfacet
 facet normal -0.000000e+00  0.000000e+00 -1.000000e+00
   outer loop
     vertex  6.471084e+00 -4.716083e-01 -5.000000e-01
     vertex -6.496492e+00 -5.472322e-01 -5.000000e-01
     vertex -6.471084e+00 -4.716083e-01 -5.000000e-01
   endloop
 endfacet
 facet normal  0.000000e+00 -0.000000e+00 -1.000000e+00
   outer loop
     vertex  6.471084e+00 -4.716083e-01 -5.000000e-01
     vertex  6.496492e+00 -5.472322e-01 -5.000000e-01
     vertex -6.496492e+00 -5.472322e-01 -5.000000e-01
   endloop
 endfacet
 facet normal -0.000000e+00  0.000000e+00 -1.000000e+00
   outer loop
     vertex  7.566655e+00 -1.540199e+00 -5.000000e-01
     vertex -7.643967e+00 -1.559885e+00 -5.000000e-01
     vertex -7.566655e+00 -1.540199e+00 -5.000000e-01
   endloop
 endfacet
 facet normal  0.000000e+00  0.000000e+00 -1.000000e+00
   outer loop
     vertex  7.566655e+00 -1.540199e+00 -5.000000e-01
     vertex -7.566655e+00 -1.540199e+00 -5.000000e-01
     vertex  7.490421e+00 -1.516684e+00 -5.000000e-01
   endloop
 endfacet
 facet normal -0.000000e+00  0.000000e+00 -1.000000e+00
   outer loop
     vertex  6.449476e+00 -3.948118e-01 -5.000000e-01
     vertex -6.471084e+00 -4.716083e-01 -5.000000e-01
     vertex -6.449476e+00 -3.948118e-01 -5.000000e-01
   endloop
 endfacet
 facet normal  0.000000e+00 -0.000000e+00 -1.000000e+00
   outer loop
     vertex  6.449476e+00 -3.948118e-01 -5.000000e-01
     vertex  6.471084e+00 -4.716083e-01 -5.000000e-01
     vertex -6.471084e+00 -4.716083e-01 -5.000000e-01
   endloop
 endfacet
 facet normal  0.000000e+00  0.000000e+00 -1.000000e+00
   outer loop
     vertex  7.643967e+00 -1.559885e+00 -5.000000e-01
     vertex -7.643967e+00 -1.559885e+00 -5.000000e-01
     vertex  7.566655e+00 -1.540199e+00 -5.000000e-01
   endloop
 endfacet
 facet normal -0.000000e+00  0.000000e+00 -1.000000e+00
   outer loop
     vertex  6.431724e+00 -3.170338e-01 -5.000000e-01
     vertex -6.449476e+00 -3.948118e-01 -5.000000e-01
     vertex -6.431724e+00 -3.170338e-01 -5.000000e-01
   endloop
 endfacet
 facet normal  0.000000e+00  0.000000e+00 -1.000000e+00
   outer loop
     vertex  6.431724e+00 -3.170338e-01 -5.000000e-01
     vertex -6.431724e+00 -3.170338e-01 -5.000000e-01
     vertex -6.417871e+00 -2.384676e-01 -5.000000e-01
   endloop
 endfacet
 facet normal  0.000000e+00 -0.000000e+00 -1.000000e+00
   outer loop
     vertex  6.431724e+00 -3.170338e-01 -5.000000e-01
     vertex  6.449476e+00 -3.948118e-01 -5.000000e-01
     vertex -6.449476e+00 -3.948118e-01 -5.000000e-01
   endloop
 endfacet
 facet normal -0.000000e+00 -0.000000e+00 -1.000000e+00
   outer loop
     vertex  6.417871e+00 -2.384676e-01 -5.000000e-01
     vertex  6.431724e+00 -3.170338e-01 -5.000000e-01
     vertex -6.417871e+00 -2.384676e-01 -5.000000e-01
   endloop
 endfacet
 facet normal -0.000000e+00  0.000000e+00 -1.000000e+00
   outer loop
     vertex  6.407951e+00 -1.593086e-01 -5.000000e-01
     vertex -6.417871e+00 -2.384676e-01 -5.000000e-01
     vertex -6.407951e+00 -1.593086e-01 -5.000000e-01
   endloop
 endfacet
 facet normal  0.000000e+00 -0.000000e+00 -1.000000e+00
   outer loop
     vertex  6.407951e+00 -1.593086e-01 -5.000000e-01
     vertex  6.417871e+00 -2.384676e-01 -5.000000e-01
     vertex -6.417871e+00 -2.384676e-01 -5.000000e-01
   endloop
 endfacet
 facet normal -0.000000e+00  0.000000e+00 -1.000000e+00
   outer loop
     vertex  6.401989e+00 -7.975342e-02 -5.000000e-01
     vertex -6.407951e+00 -1.593086e-01 -5.000000e-01
     vertex -6.401989e+00 -7.975342e-02 -5.000000e-01
   endloop
 endfacet
 facet normal  0.000000e+00 -0.000000e+00 -1.000000e+00
   outer loop
     vertex  6.401989e+00 -7.975342e-02 -5.000000e-01
     vertex  6.407951e+00 -1.593086e-01 -5.000000e-01
     vertex -6.407951e+00 -1.593086e-01 -5.000000e-01
   endloop
 endfacet
 facet normal  0.000000e+00  0.000000e+00 -1.000000e+00
   outer loop
     vertex  6.400000e+00 -5.488398e-15 -5.000000e-01
     vertex -6.400000e+00  0.000000e+00 -5.000000e-01
     vertex -6.401989e+00  7.975342e-02 -5.000000e-01
   endloop
 endfacet
 facet normal -0.000000e+00  0.000000e+00 -1.000000e+00
   outer loop
     vertex  6.400000e+00 -5.488398e-15 -5.000000e-01
     vertex -6.401989e+00 -7.975342e-02 -5.000000e-01
     vertex -6.400000e+00  0.000000e+00 -5.000000e-01
   endloop
 endfacet
 facet normal  0.000000e+00 -0.000000e+00 -1.000000e+00
   outer loop
     vertex  6.400000e+00 -5.488398e-15 -5.000000e-01
     vertex  6.401989e+00 -7.975342e-02 -5.000000e-01
     vertex -6.401989e+00 -7.975342e-02 -5.000000e-01
   endloop
 endfacet
 facet normal -0.000000e+00  0.000000e+00 -1.000000e+00
   outer loop
     vertex  6.401989e+00  7.975342e-02 -5.000000e-01
     vertex  6.400000e+00 -5.488398e-15 -5.000000e-01
     vertex -6.401989e+00  7.975342e-02 -5.000000e-01
   endloop
 endfacet
 facet normal -0.000000e+00  0.000000e+00 -1.000000e+00
   outer loop
     vertex  6.407951e+00  1.593086e-01 -5.000000e-01
     vertex -6.401989e+00  7.975342e-02 -5.000000e-01
     vertex -6.407951e+00  1.593086e-01 -5.000000e-01
   endloop
 endfacet
 facet normal  0.000000e+00  0.000000e+00 -1.000000e+00
   outer loop
     vertex  6.407951e+00  1.593086e-01 -5.000000e-01
     vertex  6.401989e+00  7.975342e-02 -5.000000e-01
     vertex -6.401989e+00  7.975342e-02 -5.000000e-01
   endloop
 endfacet
 facet normal -0.000000e+00  0.000000e+00 -1.000000e+00
   outer loop
     vertex  6.417871e+00  2.384676e-01 -5.000000e-01
     vertex -6.407951e+00  1.593086e-01 -5.000000e-01
     vertex -6.417871e+00  2.384676e-01 -5.000000e-01
   endloop
 endfacet
 facet normal  0.000000e+00  0.000000e+00 -1.000000e+00
   outer loop
     vertex  6.417871e+00  2.384676e-01 -5.000000e-01
     vertex  6.407951e+00  1.593086e-01 -5.000000e-01
     vertex -6.407951e+00  1.593086e-01 -5.000000e-01
   endloop
 endfacet
 facet normal -0.000000e+00  0.000000e+00 -1.000000e+00
   outer loop
     vertex  6.431724e+00  3.170338e-01 -5.000000e-01
     vertex -6.417871e+00  2.384676e-01 -5.000000e-01
     vertex -6.431724e+00  3.170338e-01 -5.000000e-01
   endloop
 endfacet
 facet normal  0.000000e+00  0.000000e+00 -1.000000e+00
   outer loop
     vertex  6.431724e+00  3.170338e-01 -5.000000e-01
     vertex  6.417871e+00  2.384676e-01 -5.000000e-01
     vertex -6.417871e+00  2.384676e-01 -5.000000e-01
   endloop
 endfacet
 facet normal -0.000000e+00  0.000000e+00 -1.000000e+00
   outer loop
     vertex  6.449476e+00  3.948118e-01 -5.000000e-01
     vertex -6.431724e+00  3.170338e-01 -5.000000e-01
     vertex -6.449476e+00  3.948118e-01 -5.000000e-01
   endloop
 endfacet
 facet normal  0.000000e+00  0.000000e+00 -1.000000e+00
   outer loop
     vertex  6.449476e+00  3.948118e-01 -5.000000e-01
     vertex -6.449476e+00  3.948118e-01 -5.000000e-01
     vertex -6.471084e+00  4.716083e-01 -5.000000e-01
   endloop
 endfacet
 facet normal  0.000000e+00  0.000000e+00 -1.000000e+00
   outer loop
     vertex  6.449476e+00  3.948118e-01 -5.000000e-01
     vertex  6.431724e+00  3.170338e-01 -5.000000e-01
     vertex -6.431724e+00  3.170338e-01 -5.000000e-01
   endloop
 endfacet
 facet normal -0.000000e+00  0.000000e+00 -1.000000e+00
   outer loop
     vertex  6.471084e+00  4.716083e-01 -5.000000e-01
     vertex  6.449476e+00  3.948118e-01 -5.000000e-01
     vertex -6.471084e+00  4.716083e-01 -5.000000e-01
   endloop
 endfacet
 facet normal -0.000000e+00  0.000000e+00 -1.000000e+00
   outer loop
     vertex  6.496492e+00  5.472322e-01 -5.000000e-01
     vertex -6.471084e+00  4.716083e-01 -5.000000e-01
     vertex -6.496492e+00  5.472322e-01 -5.000000e-01
   endloop
 endfacet
 facet normal  0.000000e+00  0.000000e+00 -1.000000e+00
   outer loop
     vertex  6.496492e+00  5.472322e-01 -5.000000e-01
     vertex  6.471084e+00  4.716083e-01 -5.000000e-01
     vertex -6.471084e+00  4.716083e-01 -5.000000e-01
   endloop
 endfacet
 facet normal -0.000000e+00  0.000000e+00 -1.000000e+00
   outer loop
     vertex  6.525638e+00  6.214957e-01 -5.000000e-01
     vertex -6.496492e+00  5.472322e-01 -5.000000e-01
     vertex -6.525638e+00  6.214957e-01 -5.000000e-01
   endloop
 endfacet
 facet normal  0.000000e+00  0.000000e+00 -1.000000e+00
   outer loop
     vertex  6.525638e+00  6.214957e-01 -5.000000e-01
     vertex -6.525638e+00  6.214957e-01 -5.000000e-01
     vertex -6.558450e+00  6.942140e-01 -5.000000e-01
   endloop
 endfacet
 facet normal  0.000000e+00  0.000000e+00 -1.000000e+00
   outer loop
     vertex  6.525638e+00  6.214957e-01 -5.000000e-01
     vertex  6.496492e+00  5.472322e-01 -5.000000e-01
     vertex -6.496492e+00  5.472322e-01 -5.000000e-01
   endloop
 endfacet
 facet normal -0.000000e+00  0.000000e+00 -1.000000e+00
   outer loop
     vertex  6.558450e+00  6.942140e-01 -5.000000e-01
     vertex  6.525638e+00  6.214957e-01 -5.000000e-01
     vertex -6.558450e+00  6.942140e-01 -5.000000e-01
   endloop
 endfacet
 facet normal  0.000000e+00  0.000000e+00 -1.000000e+00
   outer loop
     vertex  6.594845e+00  7.652064e-01 -5.000000e-01
     vertex  6.558450e+00  6.942140e-01 -5.000000e-01
     vertex -6.558450e+00  6.942140e-01 -5.000000e-01
   endloop
 endfacet
 facet normal -0.000000e+00  0.000000e+00 -1.000000e+00
   outer loop
     vertex  6.594845e+00  7.652064e-01 -5.000000e-01
     vertex -6.558450e+00  6.942140e-01 -5.000000e-01
     vertex -6.594845e+00  7.652064e-01 -5.000000e-01
   endloop
 endfacet
 facet normal -0.000000e+00  0.000000e+00 -1.000000e+00
   outer loop
     vertex  6.634735e+00  8.342963e-01 -5.000000e-01
     vertex -6.594845e+00  7.652064e-01 -5.000000e-01
     vertex -6.634735e+00  8.342963e-01 -5.000000e-01
   endloop
 endfacet
 facet normal  0.000000e+00  0.000000e+00 -1.000000e+00
   outer loop
     vertex  6.634735e+00  8.342963e-01 -5.000000e-01
     vertex -6.634735e+00  8.342963e-01 -5.000000e-01
     vertex -6.678018e+00  9.013121e-01 -5.000000e-01
   endloop
 endfacet
 facet normal  0.000000e+00  0.000000e+00 -1.000000e+00
   outer loop
     vertex  6.634735e+00  8.342963e-01 -5.000000e-01
     vertex  6.594845e+00  7.652064e-01 -5.000000e-01
     vertex -6.594845e+00  7.652064e-01 -5.000000e-01
   endloop
 endfacet
 facet normal -0.000000e+00  0.000000e+00 -1.000000e+00
   outer loop
     vertex  6.678018e+00  9.013121e-01 -5.000000e-01
     vertex  6.634735e+00  8.342963e-01 -5.000000e-01
     vertex -6.678018e+00  9.013121e-01 -5.000000e-01
   endloop
 endfacet
 facet normal  0.000000e+00  0.000000e+00 -1.000000e+00
   outer loop
     vertex  6.724588e+00  9.660871e-01 -5.000000e-01
     vertex  6.678018e+00  9.013121e-01 -5.000000e-01
     vertex -6.678018e+00  9.013121e-01 -5.000000e-01
   endloop
 endfacet
 facet normal -0.000000e+00  0.000000e+00 -1.000000e+00
   outer loop
     vertex  6.724588e+00  9.660871e-01 -5.000000e-01
     vertex -6.678018e+00  9.013121e-01 -5.000000e-01
     vertex -6.724588e+00  9.660871e-01 -5.000000e-01
   endloop
 endfacet
 facet normal -0.000000e+00  0.000000e+00 -1.000000e+00
   outer loop
     vertex  6.774329e+00  1.028460e+00 -5.000000e-01
     vertex -6.724588e+00  9.660871e-01 -5.000000e-01
     vertex -6.774329e+00  1.028460e+00 -5.000000e-01
   endloop
 endfacet
 facet normal  0.000000e+00  0.000000e+00 -1.000000e+00
   outer loop
     vertex  6.774329e+00  1.028460e+00 -5.000000e-01
     vertex  6.724588e+00  9.660871e-01 -5.000000e-01
     vertex -6.724588e+00  9.660871e-01 -5.000000e-01
   endloop
 endfacet
 facet normal -0.000000e+00  0.000000e+00 -1.000000e+00
   outer loop
     vertex  6.827117e+00  1.088276e+00 -5.000000e-01
     vertex -6.774329e+00  1.028460e+00 -5.000000e-01
     vertex -6.827117e+00  1.088276e+00 -5.000000e-01
   endloop
 endfacet
 facet normal  0.000000e+00  0.000000e+00 -1.000000e+00
   outer loop
     vertex  6.827117e+00  1.088276e+00 -5.000000e-01
     vertex  6.774329e+00  1.028460e+00 -5.000000e-01
     vertex -6.774329e+00  1.028460e+00 -5.000000e-01
   endloop
 endfacet
 facet normal -0.000000e+00  0.000000e+00 -1.000000e+00
   outer loop
     vertex  6.882821e+00  1.145387e+00 -5.000000e-01
     vertex -6.827117e+00  1.088276e+00 -5.000000e-01
     vertex -6.882821e+00  1.145387e+00 -5.000000e-01
   endloop
 endfacet
 facet normal  0.000000e+00  0.000000e+00 -1.000000e+00
   outer loop
     vertex  6.882821e+00  1.145387e+00 -5.000000e-01
     vertex  6.827117e+00  1.088276e+00 -5.000000e-01
     vertex -6.827117e+00  1.088276e+00 -5.000000e-01
   endloop
 endfacet
 facet normal  0.000000e+00  0.000000e+00 -1.000000e+00
   outer loop
     vertex  6.941303e+00  1.199650e+00 -5.000000e-01
     vertex  6.882821e+00  1.145387e+00 -5.000000e-01
     vertex -6.882821e+00  1.145387e+00 -5.000000e-01
   endloop
 endfacet
 facet normal -0.000000e+00  0.000000e+00 -1.000000e+00
   outer loop
     vertex  6.941303e+00  1.199650e+00 -5.000000e-01
     vertex -6.882821e+00  1.145387e+00 -5.000000e-01
     vertex -6.941303e+00  1.199650e+00 -5.000000e-01
   endloop
 endfacet
 facet normal  0.000000e+00  0.000000e+00 -1.000000e+00
   outer loop
     vertex  7.002416e+00  1.250930e+00 -5.000000e-01
     vertex -6.941303e+00  1.199650e+00 -5.000000e-01
     vertex -7.002416e+00  1.250930e+00 -5.000000e-01
   endloop
 endfacet
 facet normal -0.000000e+00  0.000000e+00 -1.000000e+00
   outer loop
     vertex  7.002416e+00  1.250930e+00 -5.000000e-01
     vertex -7.002416e+00  1.250930e+00 -5.000000e-01
     vertex -7.066010e+00  1.299101e+00 -5.000000e-01
   endloop
 endfacet
 facet normal  0.000000e+00  0.000000e+00 -1.000000e+00
   outer loop
     vertex  7.002416e+00  1.250930e+00 -5.000000e-01
     vertex  6.941303e+00  1.199650e+00 -5.000000e-01
     vertex -6.941303e+00  1.199650e+00 -5.000000e-01
   endloop
 endfacet
 facet normal  0.000000e+00  0.000000e+00 -1.000000e+00
   outer loop
     vertex  7.066010e+00  1.299101e+00 -5.000000e-01
     vertex  7.002416e+00  1.250930e+00 -5.000000e-01
     vertex -7.066010e+00  1.299101e+00 -5.000000e-01
   endloop
 endfacet
 facet normal  0.000000e+00  0.000000e+00 -1.000000e+00
   outer loop
     vertex  7.131926e+00  1.344041e+00 -5.000000e-01
     vertex -7.066010e+00  1.299101e+00 -5.000000e-01
     vertex -7.131926e+00  1.344041e+00 -5.000000e-01
   endloop
 endfacet
 facet normal  0.000000e+00  0.000000e+00 -1.000000e+00
   outer loop
     vertex  7.131926e+00  1.344041e+00 -5.000000e-01
     vertex  7.066010e+00  1.299101e+00 -5.000000e-01
     vertex -7.066010e+00  1.299101e+00 -5.000000e-01
   endloop
 endfacet
 facet normal  0.000000e+00  0.000000e+00 -1.000000e+00
   outer loop
     vertex  7.200000e+00  1.385641e+00 -5.000000e-01
     vertex -7.131926e+00  1.344041e+00 -5.000000e-01
     vertex -7.200000e+00  1.385641e+00 -5.000000e-01
   endloop
 endfacet
 facet normal  0.000000e+00  0.000000e+00 -1.000000e+00
   outer loop
     vertex  7.200000e+00  1.385641e+00 -5.000000e-01
     vertex  7.131926e+00  1.344041e+00 -5.000000e-01
     vertex -7.131926e+00  1.344041e+00 -5.000000e-01
   endloop
 endfacet
 facet normal  0.000000e+00  0.000000e+00 -1.000000e+00
   outer loop
     vertex  7.270063e+00  1.423795e+00 -5.000000e-01
     vertex -7.200000e+00  1.385641e+00 -5.000000e-01
     vertex -7.270063e+00  1.423795e+00 -5.000000e-01
   endloop
 endfacet
 facet normal  0.000000e+00  0.000000e+00 -1.000000e+00
   outer loop
     vertex  7.270063e+00  1.423795e+00 -5.000000e-01
     vertex  7.200000e+00  1.385641e+00 -5.000000e-01
     vertex -7.200000e+00  1.385641e+00 -5.000000e-01
   endloop
 endfacet
 facet normal  0.000000e+00  0.000000e+00 -1.000000e+00
   outer loop
     vertex  1.402500e+01 -3.500000e+00 -5.000000e-01
     vertex -1.402500e+01 -3.500000e+00 -5.000000e-01
     vertex -7.643967e+00 -1.559885e+00 -5.000000e-01
   endloop
 endfacet
 facet normal  0.000000e+00  0.000000e+00 -1.000000e+00
   outer loop
     vertex  1.402500e+01 -3.500000e+00 -5.000000e-01
     vertex  7.643967e+00 -1.559885e+00 -5.000000e-01
     vertex  7.722163e+00 -1.575692e+00 -5.000000e-01
   endloop
 endfacet
 facet normal  0.000000e+00  0.000000e+00 -1.000000e+00
   outer loop
     vertex  1.402500e+01 -3.500000e+00 -5.000000e-01
     vertex  7.722163e+00 -1.575692e+00 -5.000000e-01
     vertex  7.801050e+00 -1.587583e+00 -5.000000e-01
   endloop
 endfacet
 facet normal  0.000000e+00  0.000000e+00 -1.000000e+00
   outer loop
     vertex  1.402500e+01 -3.500000e+00 -5.000000e-01
     vertex  7.801050e+00 -1.587583e+00 -5.000000e-01
     vertex  7.880432e+00 -1.595526e+00 -5.000000e-01
   endloop
 endfacet
 facet normal  0.000000e+00  0.000000e+00 -1.000000e+00
   outer loop
     vertex  1.402500e+01 -3.500000e+00 -5.000000e-01
     vertex  7.880432e+00 -1.595526e+00 -5.000000e-01
     vertex  7.960111e+00 -1.599503e+00 -5.000000e-01
   endloop
 endfacet
 facet normal  0.000000e+00  0.000000e+00 -1.000000e+00
   outer loop
     vertex  1.402500e+01 -3.500000e+00 -5.000000e-01
     vertex  7.960111e+00 -1.599503e+00 -5.000000e-01
     vertex  8.039889e+00 -1.599503e+00 -5.000000e-01
   endloop
 endfacet
 facet normal  0.000000e+00  0.000000e+00 -1.000000e+00
   outer loop
     vertex  1.402500e+01 -3.500000e+00 -5.000000e-01
     vertex  8.039889e+00 -1.599503e+00 -5.000000e-01
     vertex  8.119568e+00 -1.595526e+00 -5.000000e-01
   endloop
 endfacet
 facet normal  0.000000e+00  0.000000e+00 -1.000000e+00
   outer loop
     vertex  1.402500e+01 -3.500000e+00 -5.000000e-01
     vertex  8.119568e+00 -1.595526e+00 -5.000000e-01
     vertex  8.198950e+00 -1.587583e+00 -5.000000e-01
   endloop
 endfacet
 facet normal  0.000000e+00  0.000000e+00 -1.000000e+00
   outer loop
     vertex  1.402500e+01 -3.500000e+00 -5.000000e-01
     vertex  8.198950e+00 -1.587583e+00 -5.000000e-01
     vertex  8.277837e+00 -1.575692e+00 -5.000000e-01
   endloop
 endfacet
 facet normal  0.000000e+00  0.000000e+00 -1.000000e+00
   outer loop
     vertex  1.402500e+01 -3.500000e+00 -5.000000e-01
     vertex  8.277837e+00 -1.575692e+00 -5.000000e-01
     vertex  8.356033e+00 -1.559885e+00 -5.000000e-01
   endloop
 endfacet
 facet normal  0.000000e+00  0.000000e+00 -1.000000e+00
   outer loop
     vertex  1.402500e+01 -3.500000e+00 -5.000000e-01
     vertex  8.356033e+00 -1.559885e+00 -5.000000e-01
     vertex  8.433345e+00 -1.540199e+00 -5.000000e-01
   endloop
 endfacet
 facet normal  0.000000e+00  0.000000e+00 -1.000000e+00
   outer loop
     vertex  1.402500e+01 -3.500000e+00 -5.000000e-01
     vertex  8.433345e+00 -1.540199e+00 -5.000000e-01
     vertex  8.509579e+00 -1.516684e+00 -5.000000e-01
   endloop
 endfacet
 facet normal  0.000000e+00  0.000000e+00 -1.000000e+00
   outer loop
     vertex  1.402500e+01 -3.500000e+00 -5.000000e-01
     vertex  8.509579e+00 -1.516684e+00 -5.000000e-01
     vertex  8.584546e+00 -1.489398e+00 -5.000000e-01
   endloop
 endfacet
 facet normal  0.000000e+00  0.000000e+00 -1.000000e+00
   outer loop
     vertex  1.402500e+01 -3.500000e+00 -5.000000e-01
     vertex  8.584546e+00 -1.489398e+00 -5.000000e-01
     vertex  8.658059e+00 -1.458409e+00 -5.000000e-01
   endloop
 endfacet
 facet normal  0.000000e+00  0.000000e+00 -1.000000e+00
   outer loop
     vertex  1.402500e+01 -3.500000e+00 -5.000000e-01
     vertex  8.658059e+00 -1.458409e+00 -5.000000e-01
     vertex  8.729937e+00 -1.423795e+00 -5.000000e-01
   endloop
 endfacet
 facet normal  0.000000e+00  0.000000e+00 -1.000000e+00
   outer loop
     vertex  1.402500e+01 -3.500000e+00 -5.000000e-01
     vertex  8.729937e+00 -1.423795e+00 -5.000000e-01
     vertex  8.800000e+00 -1.385641e+00 -5.000000e-01
   endloop
 endfacet
 facet normal  0.000000e+00  0.000000e+00 -1.000000e+00
   outer loop
     vertex  1.402500e+01 -3.500000e+00 -5.000000e-01
     vertex  8.800000e+00 -1.385641e+00 -5.000000e-01
     vertex  8.868074e+00 -1.344041e+00 -5.000000e-01
   endloop
 endfacet
 facet normal  0.000000e+00  0.000000e+00 -1.000000e+00
   outer loop
     vertex  1.402500e+01 -3.500000e+00 -5.000000e-01
     vertex  8.868074e+00 -1.344041e+00 -5.000000e-01
     vertex  8.933990e+00 -1.299101e+00 -5.000000e-01
   endloop
 endfacet
 facet normal  0.000000e+00  0.000000e+00 -1.000000e+00
   outer loop
     vertex  1.402500e+01 -3.500000e+00 -5.000000e-01
     vertex  8.933990e+00 -1.299101e+00 -5.000000e-01
     vertex  8.997584e+00 -1.250930e+00 -5.000000e-01
   endloop
 endfacet
 facet normal  0.000000e+00  0.000000e+00 -1.000000e+00
   outer loop
     vertex  1.402500e+01 -3.500000e+00 -5.000000e-01
     vertex  8.997584e+00 -1.250930e+00 -5.000000e-01
     vertex  9.058697e+00 -1.199650e+00 -5.000000e-01
   endloop
 endfacet
 facet normal  0.000000e+00  0.000000e+00 -1.000000e+00
   outer loop
     vertex  1.402500e+01 -3.500000e+00 -5.000000e-01
     vertex  9.058697e+00 -1.199650e+00 -5.000000e-01
     vertex  9.117179e+00 -1.145387e+00 -5.000000e-01
   endloop
 endfacet
 facet normal  0.000000e+00  0.000000e+00 -1.000000e+00
   outer loop
     vertex  1.402500e+01 -3.500000e+00 -5.000000e-01
     vertex  9.117179e+00 -1.145387e+00 -5.000000e-01
     vertex  9.172883e+00 -1.088276e+00 -5.000000e-01
   endloop
 endfacet
 facet normal  0.000000e+00  0.000000e+00 -1.000000e+00
   outer loop
     vertex  1.402500e+01 -3.500000e+00 -5.000000e-01
     vertex  9.172883e+00 -1.088276e+00 -5.000000e-01
     vertex  9.225671e+00 -1.028460e+00 -5.000000e-01
   endloop
 endfacet
 facet normal  0.000000e+00  0.000000e+00 -1.000000e+00
   outer loop
     vertex  1.402500e+01 -3.500000e+00 -5.000000e-01
     vertex  9.225671e+00 -1.028460e+00 -5.000000e-01
     vertex  9.275412e+00 -9.660871e-01 -5.000000e-01
   endloop
 endfacet
 facet normal  0.000000e+00  0.000000e+00 -1.000000e+00
   outer loop
     vertex  1.402500e+01 -3.500000e+00 -5.000000e-01
     vertex  9.275412e+00 -9.660871e-01 -5.000000e-01
     vertex  9.321982e+00 -9.013121e-01 -5.000000e-01
   endloop
 endfacet
 facet normal  0.000000e+00  0.000000e+00 -1.000000e+00
   outer loop
     vertex  1.402500e+01 -3.500000e+00 -5.000000e-01
     vertex  9.321982e+00 -9.013121e-01 -5.000000e-01
     vertex  9.365265e+00 -8.342963e-01 -5.000000e-01
   endloop
 endfacet
 facet normal  0.000000e+00  0.000000e+00 -1.000000e+00
   outer loop
     vertex  1.402500e+01 -3.500000e+00 -5.000000e-01
     vertex  9.365265e+00 -8.342963e-01 -5.000000e-01
     vertex  9.405155e+00 -7.652064e-01 -5.000000e-01
   endloop
 endfacet
 facet normal  0.000000e+00  0.000000e+00 -1.000000e+00
   outer loop
     vertex  1.402500e+01 -3.500000e+00 -5.000000e-01
     vertex  9.405155e+00 -7.652064e-01 -5.000000e-01
     vertex  9.441550e+00 -6.942140e-01 -5.000000e-01
   endloop
 endfacet
 facet normal  0.000000e+00  0.000000e+00 -1.000000e+00
   outer loop
     vertex  1.402500e+01 -3.500000e+00 -5.000000e-01
     vertex  9.441550e+00 -6.942140e-01 -5.000000e-01
     vertex  9.474362e+00 -6.214957e-01 -5.000000e-01
   endloop
 endfacet
 facet normal  0.000000e+00  0.000000e+00 -1.000000e+00
   outer loop
     vertex  1.402500e+01 -3.500000e+00 -5.000000e-01
     vertex  9.474362e+00 -6.214957e-01 -5.000000e-01
     vertex  9.503508e+00 -5.472322e-01 -5.000000e-01
   endloop
 endfacet
 facet normal  0.000000e+00  0.000000e+00 -1.000000e+00
   outer loop
     vertex  1.402500e+01 -3.500000e+00 -5.000000e-01
     vertex  9.503508e+00 -5.472322e-01 -5.000000e-01
     vertex  9.528916e+00 -4.716083e-01 -5.000000e-01
   endloop
 endfacet
 facet normal  0.000000e+00  0.000000e+00 -1.000000e+00
   outer loop
     vertex  1.402500e+01 -3.500000e+00 -5.000000e-01
     vertex  9.528916e+00 -4.716083e-01 -5.000000e-01
     vertex  9.550524e+00 -3.948118e-01 -5.000000e-01
   endloop
 endfacet
 facet normal  0.000000e+00  0.000000e+00 -1.000000e+00
   outer loop
     vertex  1.402500e+01 -3.500000e+00 -5.000000e-01
     vertex  9.550524e+00 -3.948118e-01 -5.000000e-01
     vertex  9.568276e+00 -3.170338e-01 -5.000000e-01
   endloop
 endfacet
 facet normal  0.000000e+00  0.000000e+00 -1.000000e+00
   outer loop
     vertex  1.402500e+01 -3.500000e+00 -5.000000e-01
     vertex  9.568276e+00 -3.170338e-01 -5.000000e-01
     vertex  9.582129e+00 -2.384676e-01 -5.000000e-01
   endloop
 endfacet
 facet normal  0.000000e+00  0.000000e+00 -1.000000e+00
   outer loop
     vertex  1.402500e+01 -3.500000e+00 -5.000000e-01
     vertex  9.582129e+00 -2.384676e-01 -5.000000e-01
     vertex  9.592049e+00 -1.593086e-01 -5.000000e-01
   endloop
 endfacet
 facet normal  0.000000e+00  0.000000e+00 -1.000000e+00
   outer loop
     vertex  1.402500e+01 -3.500000e+00 -5.000000e-01
     vertex  9.592049e+00 -1.593086e-01 -5.000000e-01
     vertex  9.598011e+00 -7.975342e-02 -5.000000e-01
   endloop
 endfacet
 facet normal  0.000000e+00  0.000000e+00 -1.000000e+00
   outer loop
     vertex  1.402500e+01 -3.500000e+00 -5.000000e-01
     vertex -7.643967e+00 -1.559885e+00 -5.000000e-01
     vertex  7.643967e+00 -1.559885e+00 -5.000000e-01
   endloop
 endfacet
 facet normal  0.000000e+00  0.000000e+00 -1.000000e+00
   outer loop
     vertex  1.402500e+01 -3.500000e+00 -5.000000e-01
     vertex  9.598011e+00 -7.975342e-02 -5.000000e-01
     vertex  9.600000e+00  0.000000e+00 -5.000000e-01
   endloop
 endfacet
 facet normal  0.000000e+00 -0.000000e+00 -1.000000e+00
   outer loop
     vertex  1.402500e+01  3.500000e+00 -5.000000e-01
     vertex  1.402500e+01 -3.500000e+00 -5.000000e-01
     vertex  9.600000e+00  0.000000e+00 -5.000000e-01
   endloop
 endfacet
 facet normal  0.000000e+00  0.000000e+00 -1.000000e+00
   outer loop
     vertex  1.402500e+01  3.500000e+00 -5.000000e-01
     vertex  9.600000e+00  0.000000e+00 -5.000000e-01
     vertex  9.598011e+00  7.975342e-02 -5.000000e-01
   endloop
 endfacet
 facet normal  0.000000e+00  0.000000e+00 -1.000000e+00
   outer loop
     vertex  1.402500e+01  3.500000e+00 -5.000000e-01
     vertex  9.598011e+00  7.975342e-02 -5.000000e-01
     vertex  9.592049e+00  1.593086e-01 -5.000000e-01
   endloop
 endfacet
 facet normal  0.000000e+00  0.000000e+00 -1.000000e+00
   outer loop
     vertex  1.402500e+01  3.500000e+00 -5.000000e-01
     vertex  9.592049e+00  1.593086e-01 -5.000000e-01
     vertex  9.582129e+00  2.384676e-01 -5.000000e-01
   endloop
 endfacet
 facet normal  0.000000e+00  0.000000e+00 -1.000000e+00
   outer loop
     vertex  1.402500e+01  3.500000e+00 -5.000000e-01
     vertex  9.582129e+00  2.384676e-01 -5.000000e-01
     vertex  9.568276e+00  3.170338e-01 -5.000000e-01
   endloop
 endfacet
 facet normal  0.000000e+00  0.000000e+00 -1.000000e+00
   outer loop
     vertex  1.402500e+01  3.500000e+00 -5.000000e-01
     vertex  9.568276e+00  3.170338e-01 -5.000000e-01
     vertex  9.550524e+00  3.948118e-01 -5.000000e-01
   endloop
 endfacet
 facet normal  0.000000e+00  0.000000e+00 -1.000000e+00
   outer loop
     vertex  1.402500e+01  3.500000e+00 -5.000000e-01
     vertex  9.550524e+00  3.948118e-01 -5.000000e-01
     vertex  9.528916e+00  4.716083e-01 -5.000000e-01
   endloop
 endfacet
 facet normal  0.000000e+00  0.000000e+00 -1.000000e+00
   outer loop
     vertex  1.402500e+01  3.500000e+00 -5.000000e-01
     vertex  9.528916e+00  4.716083e-01 -5.000000e-01
     vertex  9.503508e+00  5.472322e-01 -5.000000e-01
   endloop
 endfacet
 facet normal  0.000000e+00  0.000000e+00 -1.000000e+00
   outer loop
     vertex  1.402500e+01  3.500000e+00 -5.000000e-01
     vertex  9.503508e+00  5.472322e-01 -5.000000e-01
     vertex  9.474362e+00  6.214957e-01 -5.000000e-01
   endloop
 endfacet
 facet normal  0.000000e+00  0.000000e+00 -1.000000e+00
   outer loop
     vertex  1.402500e+01  3.500000e+00 -5.000000e-01
     vertex  9.474362e+00  6.214957e-01 -5.000000e-01
     vertex  9.441550e+00  6.942140e-01 -5.000000e-01
   endloop
 endfacet
 facet normal  0.000000e+00  0.000000e+00 -1.000000e+00
   outer loop
     vertex  1.402500e+01  3.500000e+00 -5.000000e-01
     vertex  9.441550e+00  6.942140e-01 -5.000000e-01
     vertex  9.405155e+00  7.652064e-01 -5.000000e-01
   endloop
 endfacet
 facet normal  0.000000e+00  0.000000e+00 -1.000000e+00
   outer loop
     vertex  1.402500e+01  3.500000e+00 -5.000000e-01
     vertex  9.405155e+00  7.652064e-01 -5.000000e-01
     vertex  9.365265e+00  8.342963e-01 -5.000000e-01
   endloop
 endfacet
 facet normal  0.000000e+00  0.000000e+00 -1.000000e+00
   outer loop
     vertex  1.402500e+01  3.500000e+00 -5.000000e-01
     vertex  9.365265e+00  8.342963e-01 -5.000000e-01
     vertex  9.321982e+00  9.013121e-01 -5.000000e-01
   endloop
 endfacet
 facet normal  0.000000e+00  0.000000e+00 -1.000000e+00
   outer loop
     vertex  1.402500e+01  3.500000e+00 -5.000000e-01
     vertex  9.321982e+00  9.013121e-01 -5.000000e-01
     vertex  9.275412e+00  9.660871e-01 -5.000000e-01
   endloop
 endfacet
 facet normal  0.000000e+00  0.000000e+00 -1.000000e+00
   outer loop
     vertex  1.402500e+01  3.500000e+00 -5.000000e-01
     vertex  9.275412e+00  9.660871e-01 -5.000000e-01
     vertex  9.225671e+00  1.028460e+00 -5.000000e-01
   endloop
 endfacet
 facet normal  0.000000e+00  0.000000e+00 -1.000000e+00
   outer loop
     vertex  1.402500e+01  3.500000e+00 -5.000000e-01
     vertex  9.225671e+00  1.028460e+00 -5.000000e-01
     vertex  9.172883e+00  1.088276e+00 -5.000000e-01
   endloop
 endfacet
 facet normal  0.000000e+00  0.000000e+00 -1.000000e+00
   outer loop
     vertex  1.402500e+01  3.500000e+00 -5.000000e-01
     vertex  9.172883e+00  1.088276e+00 -5.000000e-01
     vertex  9.117179e+00  1.145387e+00 -5.000000e-01
   endloop
 endfacet
 facet normal  0.000000e+00  0.000000e+00 -1.000000e+00
   outer loop
     vertex  1.402500e+01  3.500000e+00 -5.000000e-01
     vertex  9.117179e+00  1.145387e+00 -5.000000e-01
     vertex  9.058697e+00  1.199650e+00 -5.000000e-01
   endloop
 endfacet
 facet normal  0.000000e+00  0.000000e+00 -1.000000e+00
   outer loop
     vertex  1.402500e+01  3.500000e+00 -5.000000e-01
     vertex  9.058697e+00  1.199650e+00 -5.000000e-01
     vertex  8.997584e+00  1.250930e+00 -5.000000e-01
   endloop
 endfacet
 facet normal  0.000000e+00  0.000000e+00 -1.000000e+00
   outer loop
     vertex  1.402500e+01  3.500000e+00 -5.000000e-01
     vertex  8.997584e+00  1.250930e+00 -5.000000e-01
     vertex  8.933990e+00  1.299101e+00 -5.000000e-01
   endloop
 endfacet
 facet normal  0.000000e+00  0.000000e+00 -1.000000e+00
   outer loop
     vertex  1.402500e+01  3.500000e+00 -5.000000e-01
     vertex  8.933990e+00  1.299101e+00 -5.000000e-01
     vertex  8.868074e+00  1.344041e+00 -5.000000e-01
   endloop
 endfacet
 facet normal  0.000000e+00  0.000000e+00 -1.000000e+00
   outer loop
     vertex  1.402500e+01  3.500000e+00 -5.000000e-01
     vertex  8.868074e+00  1.344041e+00 -5.000000e-01
     vertex  8.800000e+00  1.385641e+00 -5.000000e-01
   endloop
 endfacet
 facet normal  0.000000e+00  0.000000e+00 -1.000000e+00
   outer loop
     vertex  1.402500e+01  3.500000e+00 -5.000000e-01
     vertex  8.800000e+00  1.385641e+00 -5.000000e-01
     vertex  8.729937e+00  1.423795e+00 -5.000000e-01
   endloop
 endfacet
 facet normal  0.000000e+00  0.000000e+00 -1.000000e+00
   outer loop
     vertex  1.402500e+01  3.500000e+00 -5.000000e-01
     vertex  8.729937e+00  1.423795e+00 -5.000000e-01
     vertex  8.658059e+00  1.458409e+00 -5.000000e-01
   endloop
 endfacet
 facet normal  0.000000e+00  0.000000e+00 -1.000000e+00
   outer loop
     vertex  1.402500e+01  3.500000e+00 -5.000000e-01
     vertex  8.658059e+00  1.458409e+00 -5.000000e-01
     vertex  8.584546e+00  1.489398e+00 -5.000000e-01
   endloop
 endfacet
 facet normal  0.000000e+00  0.000000e+00 -1.000000e+00
   outer loop
     vertex  1.402500e+01  3.500000e+00 -5.000000e-01
     vertex  8.584546e+00  1.489398e+00 -5.000000e-01
     vertex  8.509579e+00  1.516684e+00 -5.000000e-01
   endloop
 endfacet
 facet normal  0.000000e+00  0.000000e+00 -1.000000e+00
   outer loop
     vertex  1.402500e+01  3.500000e+00 -5.000000e-01
     vertex  8.509579e+00  1.516684e+00 -5.000000e-01
     vertex  8.433345e+00  1.540199e+00 -5.000000e-01
   endloop
 endfacet
 facet normal  0.000000e+00  0.000000e+00 -1.000000e+00
   outer loop
     vertex  1.402500e+01  3.500000e+00 -5.000000e-01
     vertex  8.433345e+00  1.540199e+00 -5.000000e-01
     vertex  8.356033e+00  1.559885e+00 -5.000000e-01
   endloop
 endfacet
 facet normal  0.000000e+00  0.000000e+00 -1.000000e+00
   outer loop
     vertex  1.402500e+01  3.500000e+00 -5.000000e-01
     vertex  8.356033e+00  1.559885e+00 -5.000000e-01
     vertex  8.277837e+00  1.575692e+00 -5.000000e-01
   endloop
 endfacet
 facet normal  0.000000e+00  0.000000e+00 -1.000000e+00
   outer loop
     vertex  1.402500e+01  3.500000e+00 -5.000000e-01
     vertex  8.277837e+00  1.575692e+00 -5.000000e-01
     vertex  8.198950e+00  1.587583e+00 -5.000000e-01
   endloop
 endfacet
 facet normal  0.000000e+00  0.000000e+00 -1.000000e+00
   outer loop
     vertex  1.402500e+01  3.500000e+00 -5.000000e-01
     vertex  8.198950e+00  1.587583e+00 -5.000000e-01
     vertex  8.119568e+00  1.595526e+00 -5.000000e-01
   endloop
 endfacet
 facet normal  0.000000e+00  0.000000e+00 -1.000000e+00
   outer loop
     vertex  1.402500e+01  3.500000e+00 -5.000000e-01
     vertex  8.119568e+00  1.595526e+00 -5.000000e-01
     vertex  8.039889e+00  1.599503e+00 -5.000000e-01
   endloop
 endfacet
 facet normal  0.000000e+00  0.000000e+00 -1.000000e+00
   outer loop
     vertex  1.402500e+01  3.500000e+00 -5.000000e-01
     vertex  8.039889e+00  1.599503e+00 -5.000000e-01
     vertex  7.960111e+00  1.599503e+00 -5.000000e-01
   endloop
 endfacet
 facet normal  0.000000e+00  0.000000e+00 -1.000000e+00
   outer loop
     vertex  1.402500e+01  3.500000e+00 -5.000000e-01
     vertex  7.960111e+00  1.599503e+00 -5.000000e-01
     vertex  7.880432e+00  1.595526e+00 -5.000000e-01
   endloop
 endfacet
 facet normal -0.000000e+00  0.000000e+00 -1.000000e+00
   outer loop
     vertex  1.402500e+01  3.500000e+00 -5.000000e-01
     vertex -7.880432e+00  1.595526e+00 -5.000000e-01
     vertex -1.402500e+01  3.500000e+00 -5.000000e-01
   endloop
 endfacet
 facet normal  0.000000e+00  0.000000e+00 -1.000000e+00
   outer loop
     vertex  1.402500e+01  3.500000e+00 -5.000000e-01
     vertex -7.801050e+00  1.587583e+00 -5.000000e-01
     vertex -7.880432e+00  1.595526e+00 -5.000000e-01
   endloop
 endfacet
 facet normal  0.000000e+00  0.000000e+00 -1.000000e+00
   outer loop
     vertex  1.402500e+01  3.500000e+00 -5.000000e-01
     vertex -7.722163e+00  1.575692e+00 -5.000000e-01
     vertex -7.801050e+00  1.587583e+00 -5.000000e-01
   endloop
 endfacet
 facet normal  0.000000e+00  0.000000e+00 -1.000000e+00
   outer loop
     vertex  1.402500e+01  3.500000e+00 -5.000000e-01
     vertex -7.643967e+00  1.559885e+00 -5.000000e-01
     vertex -7.722163e+00  1.575692e+00 -5.000000e-01
   endloop
 endfacet
 facet normal  0.000000e+00  0.000000e+00 -1.000000e+00
   outer loop
     vertex  1.402500e+01  3.500000e+00 -5.000000e-01
     vertex -7.566655e+00  1.540199e+00 -5.000000e-01
     vertex -7.643967e+00  1.559885e+00 -5.000000e-01
   endloop
 endfacet
 facet normal  0.000000e+00  0.000000e+00 -1.000000e+00
   outer loop
     vertex  1.402500e+01  3.500000e+00 -5.000000e-01
     vertex -7.490421e+00  1.516684e+00 -5.000000e-01
     vertex -7.566655e+00  1.540199e+00 -5.000000e-01
   endloop
 endfacet
 facet normal  0.000000e+00  0.000000e+00 -1.000000e+00
   outer loop
     vertex  1.402500e+01  3.500000e+00 -5.000000e-01
     vertex -7.415454e+00  1.489398e+00 -5.000000e-01
     vertex -7.490421e+00  1.516684e+00 -5.000000e-01
   endloop
 endfacet
 facet normal  0.000000e+00  0.000000e+00 -1.000000e+00
   outer loop
     vertex  1.402500e+01  3.500000e+00 -5.000000e-01
     vertex -7.341941e+00  1.458409e+00 -5.000000e-01
     vertex -7.415454e+00  1.489398e+00 -5.000000e-01
   endloop
 endfacet
 facet normal  0.000000e+00  0.000000e+00 -1.000000e+00
   outer loop
     vertex  1.402500e+01  3.500000e+00 -5.000000e-01
     vertex -7.270063e+00  1.423795e+00 -5.000000e-01
     vertex -7.341941e+00  1.458409e+00 -5.000000e-01
   endloop
 endfacet
 facet normal  0.000000e+00  0.000000e+00 -1.000000e+00
   outer loop
     vertex  1.402500e+01  3.500000e+00 -5.000000e-01
     vertex  7.880432e+00  1.595526e+00 -5.000000e-01
     vertex -7.270063e+00  1.423795e+00 -5.000000e-01
   endloop
 endfacet
 facet normal  0.000000e+00  0.000000e+00 -1.000000e+00
   outer loop
     vertex  7.880432e+00  1.595526e+00 -5.000000e-01
     vertex  7.801050e+00  1.587583e+00 -5.000000e-01
     vertex -7.270063e+00  1.423795e+00 -5.000000e-01
   endloop
 endfacet
 facet normal  0.000000e+00  0.000000e+00 -1.000000e+00
   outer loop
     vertex  7.801050e+00  1.587583e+00 -5.000000e-01
     vertex  7.722163e+00  1.575692e+00 -5.000000e-01
     vertex -7.270063e+00  1.423795e+00 -5.000000e-01
   endloop
 endfacet
 facet normal  0.000000e+00  0.000000e+00 -1.000000e+00
   outer loop
     vertex  7.722163e+00  1.575692e+00 -5.000000e-01
     vertex  7.643967e+00  1.559885e+00 -5.000000e-01
     vertex -7.270063e+00  1.423795e+00 -5.000000e-01
   endloop
 endfacet
 facet normal  0.000000e+00  0.000000e+00 -1.000000e+00
   outer loop
     vertex  7.643967e+00  1.559885e+00 -5.000000e-01
     vertex  7.566655e+00  1.540199e+00 -5.000000e-01
     vertex -7.270063e+00  1.423795e+00 -5.000000e-01
   endloop
 endfacet
 facet normal  0.000000e+00  0.000000e+00 -1.000000e+00
   outer loop
     vertex  7.566655e+00  1.540199e+00 -5.000000e-01
     vertex  7.490421e+00  1.516684e+00 -5.000000e-01
     vertex -7.270063e+00  1.423795e+00 -5.000000e-01
   endloop
 endfacet
 facet normal  0.000000e+00  0.000000e+00 -1.000000e+00
   outer loop
     vertex  7.490421e+00  1.516684e+00 -5.000000e-01
     vertex  7.415454e+00  1.489398e+00 -5.000000e-01
     vertex -7.270063e+00  1.423795e+00 -5.000000e-01
   endloop
 endfacet
 facet normal  0.000000e+00  0.000000e+00 -1.000000e+00
   outer loop
     vertex  7.415454e+00  1.489398e+00 -5.000000e-01
     vertex  7.341941e+00  1.458409e+00 -5.000000e-01
     vertex -7.270063e+00  1.423795e+00 -5.000000e-01
   endloop
 endfacet
 facet normal  0.000000e+00  0.000000e+00 -1.000000e+00
   outer loop
     vertex  7.341941e+00  1.458409e+00 -5.000000e-01
     vertex  7.270063e+00  1.423795e+00 -5.000000e-01
     vertex -7.270063e+00  1.423795e+00 -5.000000e-01
   endloop
 endfacet
 facet normal  1.000000e+00  0.000000e+00  0.000000e+00
   outer loop
     vertex  1.402500e+01 -3.500000e+00  5.000000e-01
     vertex  1.402500e+01 -3.500000e+00 -5.000000e-01
     vertex  1.402500e+01  3.500000e+00 -5.000000e-01
   endloop
 endfacet
 facet normal  1.000000e+00 -0.000000e+00  0.000000e+00
   outer loop
     vertex  1.402500e+01 -3.500000e+00  5.000000e-01
     vertex  1.402500e+01  3.500000e+00 -5.000000e-01
     vertex  1.402500e+01  3.500000e+00  5.000000e-01
   endloop
 endfacet
 facet normal -9.996892e-01 -2.493069e-02  0.000000e+00
   outer loop
     vertex -6.400000e+00  0.000000e+00 -5.000000e-01
     vertex -6.400000e+00  0.000000e+00  5.000000e-01
     vertex -6.401989e+00  7.975342e-02  5.000000e-01
   endloop
 endfacet
 facet normal -9.972038e-01 -7.473009e-02 -9.717304e-16
   outer loop
     vertex -6.401989e+00  7.975342e-02 -5.000000e-01
     vertex -6.401989e+00  7.975342e-02  5.000000e-01
     vertex -6.407951e+00  1.593086e-01  5.000000e-01
   endloop
 endfacet
 facet normal -9.996892e-01 -2.493069e-02  2.682471e-16
   outer loop
     vertex -6.401989e+00  7.975342e-02 -5.000000e-01
     vertex -6.400000e+00  0.000000e+00 -5.000000e-01
     vertex -6.401989e+00  7.975342e-02  5.000000e-01
   endloop
 endfacet
 facet normal -9.922392e-01 -1.243437e-01 -3.966782e-16
   outer loop
     vertex -6.407951e+00  1.593086e-01 -5.000000e-01
     vertex -6.407951e+00  1.593086e-01  5.000000e-01
     vertex -6.417871e+00  2.384676e-01  5.000000e-01
   endloop
 endfacet
 facet normal -9.972038e-01 -7.473009e-02  8.297349e-16
   outer loop
     vertex -6.407951e+00  1.593086e-01 -5.000000e-01
     vertex -6.401989e+00  7.975342e-02 -5.000000e-01
     vertex -6.407951e+00  1.593086e-01  5.000000e-01
   endloop
 endfacet
 facet normal -9.848078e-01 -1.736482e-01 -6.654853e-16
   outer loop
     vertex -6.417871e+00  2.384676e-01 -5.000000e-01
     vertex -6.417871e+00  2.384676e-01  5.000000e-01
     vertex -6.431724e+00  3.170338e-01  5.000000e-01
   endloop
 endfacet
 facet normal -9.922392e-01 -1.243437e-01  5.432781e-16
   outer loop
     vertex -6.417871e+00  2.384676e-01 -5.000000e-01
     vertex -6.407951e+00  1.593086e-01 -5.000000e-01
     vertex -6.417871e+00  2.384676e-01  5.000000e-01
   endloop
 endfacet
 facet normal -9.749279e-01 -2.225209e-01 -8.955127e-16
   outer loop
     vertex -6.431724e+00  3.170338e-01 -5.000000e-01
     vertex -6.431724e+00  3.170338e-01  5.000000e-01
     vertex -6.449476e+00  3.948118e-01  5.000000e-01
   endloop
 endfacet
 facet normal -9.848078e-01 -1.736482e-01  2.959544e-16
   outer loop
     vertex -6.431724e+00  3.170338e-01 -5.000000e-01
     vertex -6.417871e+00  2.384676e-01 -5.000000e-01
     vertex -6.431724e+00  3.170338e-01  5.000000e-01
   endloop
 endfacet
 facet normal -9.626242e-01 -2.708405e-01 -2.244426e-16
   outer loop
     vertex -6.449476e+00  3.948118e-01 -5.000000e-01
     vertex -6.449476e+00  3.948118e-01  5.000000e-01
     vertex -6.471084e+00  4.716083e-01  5.000000e-01
   endloop
 endfacet
 facet normal -9.749279e-01 -2.225209e-01  9.598311e-16
   outer loop
     vertex -6.449476e+00  3.948118e-01 -5.000000e-01
     vertex -6.431724e+00  3.170338e-01 -5.000000e-01
     vertex -6.449476e+00  3.948118e-01  5.000000e-01
   endloop
 endfacet
 facet normal -9.479273e-01 -3.184867e-01 -3.540749e-16
   outer loop
     vertex -6.471084e+00  4.716083e-01 -5.000000e-01
     vertex -6.471084e+00  4.716083e-01  5.000000e-01
     vertex -6.496492e+00  5.472322e-01  5.000000e-01
   endloop
 endfacet
 facet normal -9.626242e-01 -2.708405e-01  8.109555e-16
   outer loop
     vertex -6.471084e+00  4.716083e-01 -5.000000e-01
     vertex -6.449476e+00  3.948118e-01 -5.000000e-01
     vertex -6.471084e+00  4.716083e-01  5.000000e-01
   endloop
 endfacet
 facet normal -9.308737e-01 -3.653410e-01 -4.683576e-16
   outer loop
     vertex -6.496492e+00  5.472322e-01 -5.000000e-01
     vertex -6.496492e+00  5.472322e-01  5.000000e-01
     vertex -6.525638e+00  6.214957e-01  5.000000e-01
   endloop
 endfacet
 facet normal -9.479273e-01 -3.184867e-01  6.823289e-16
   outer loop
     vertex -6.496492e+00  5.472322e-01 -5.000000e-01
     vertex -6.471084e+00  4.716083e-01 -5.000000e-01
     vertex -6.496492e+00  5.472322e-01  5.000000e-01
   endloop
 endfacet
 facet normal -9.115059e-01 -4.112871e-01 -5.343275e-16
   outer loop
     vertex -6.525638e+00  6.214957e-01 -5.000000e-01
     vertex -6.525638e+00  6.214957e-01  5.000000e-01
     vertex -6.558450e+00  6.942140e-01  5.000000e-01
   endloop
 endfacet
 facet normal -9.308737e-01 -3.653410e-01  6.017904e-16
   outer loop
     vertex -6.525638e+00  6.214957e-01 -5.000000e-01
     vertex -6.496492e+00  5.472322e-01 -5.000000e-01
     vertex -6.525638e+00  6.214957e-01  5.000000e-01
   endloop
 endfacet
 facet normal -8.898718e-01 -4.562107e-01 -5.242052e-16
   outer loop
     vertex -6.558450e+00  6.942140e-01 -5.000000e-01
     vertex -6.558450e+00  6.942140e-01  5.000000e-01
     vertex -6.594845e+00  7.652064e-01  5.000000e-01
   endloop
 endfacet
 facet normal -9.115059e-01 -4.112871e-01  5.948866e-16
   outer loop
     vertex -6.558450e+00  6.942140e-01 -5.000000e-01
     vertex -6.525638e+00  6.214957e-01 -5.000000e-01
     vertex -6.558450e+00  6.942140e-01  5.000000e-01
   endloop
 endfacet
 facet normal -8.660254e-01 -5.000000e-01 -4.842306e-16
   outer loop
     vertex -6.594845e+00  7.652064e-01 -5.000000e-01
     vertex -6.594845e+00  7.652064e-01  5.000000e-01
     vertex -6.634735e+00  8.342963e-01  5.000000e-01
   endloop
 endfacet
 facet normal -8.898718e-01 -4.562107e-01  6.207067e-16
   outer loop
     vertex -6.594845e+00  7.652064e-01 -5.000000e-01
     vertex -6.558450e+00  6.942140e-01 -5.000000e-01
     vertex -6.594845e+00  7.652064e-01  5.000000e-01
   endloop
 endfacet
 facet normal -8.660254e-01 -5.000000e-01 -4.014136e-17
   outer loop
     vertex -6.634735e+00  8.342963e-01 -5.000000e-01
     vertex -6.594845e+00  7.652064e-01 -5.000000e-01
     vertex -6.634735e+00  8.342963e-01  5.000000e-01
   endloop
 endfacet
 facet normal -8.400259e-01 -5.425463e-01 -1.106086e-15
   outer loop
     vertex -6.634735e+00  8.342963e-01 -5.000000e-01
     vertex -6.634735e+00  8.342963e-01  5.000000e-01
     vertex -6.678018e+00  9.013121e-01  5.000000e-01
   endloop
 endfacet
 facet normal -8.400259e-01 -5.425463e-01  9.282124e-16
   outer loop
     vertex -6.678018e+00  9.013121e-01 -5.000000e-01
     vertex -6.634735e+00  8.342963e-01 -5.000000e-01
     vertex -6.678018e+00  9.013121e-01  5.000000e-01
   endloop
 endfacet
 facet normal -8.119380e-01 -5.837437e-01 -1.437121e-16
   outer loop
     vertex -6.678018e+00  9.013121e-01 -5.000000e-01
     vertex -6.678018e+00  9.013121e-01  5.000000e-01
     vertex -6.724588e+00  9.660871e-01  5.000000e-01
   endloop
 endfacet
 facet normal -8.119380e-01 -5.837437e-01  1.095902e-15
   outer loop
     vertex -6.724588e+00  9.660871e-01 -5.000000e-01
     vertex -6.678018e+00  9.013121e-01 -5.000000e-01
     vertex -6.724588e+00  9.660871e-01  5.000000e-01
   endloop
 endfacet
 facet normal -7.818315e-01 -6.234898e-01  3.289675e-17
   outer loop
     vertex -6.724588e+00  9.660871e-01 -5.000000e-01
     vertex -6.724588e+00  9.660871e-01  5.000000e-01
     vertex -6.774329e+00  1.028460e+00  5.000000e-01
   endloop
 endfacet
 facet normal -7.818315e-01 -6.234898e-01 -1.077389e-16
   outer loop
     vertex -6.774329e+00  1.028460e+00 -5.000000e-01
     vertex -6.724588e+00  9.660871e-01 -5.000000e-01
     vertex -6.774329e+00  1.028460e+00  5.000000e-01
   endloop
 endfacet
 facet normal -7.497812e-01 -6.616858e-01 -1.108435e-15
   outer loop
     vertex -6.774329e+00  1.028460e+00 -5.000000e-01
     vertex -6.774329e+00  1.028460e+00  5.000000e-01
     vertex -6.827117e+00  1.088276e+00  5.000000e-01
   endloop
 endfacet
 facet normal -7.497812e-01 -6.616858e-01  9.580629e-16
   outer loop
     vertex -6.827117e+00  1.088276e+00 -5.000000e-01
     vertex -6.774329e+00  1.028460e+00 -5.000000e-01
     vertex -6.827117e+00  1.088276e+00  5.000000e-01
   endloop
 endfacet
 facet normal -7.158668e-01 -6.982368e-01 -5.954163e-17
   outer loop
     vertex -6.827117e+00  1.088276e+00 -5.000000e-01
     vertex -6.827117e+00  1.088276e+00  5.000000e-01
     vertex -6.882821e+00  1.145387e+00  5.000000e-01
   endloop
 endfacet
 facet normal -7.158668e-01 -6.982368e-01  4.055775e-16
   outer loop
     vertex -6.882821e+00  1.145387e+00 -5.000000e-01
     vertex -6.827117e+00  1.088276e+00 -5.000000e-01
     vertex -6.882821e+00  1.145387e+00  5.000000e-01
   endloop
 endfacet
 facet normal -6.801727e-01 -7.330519e-01 -5.886875e-16
   outer loop
     vertex -6.882821e+00  1.145387e+00 -5.000000e-01
     vertex -6.882821e+00  1.145387e+00  5.000000e-01
     vertex -6.941303e+00  1.199650e+00  5.000000e-01
   endloop
 endfacet
 facet normal -6.801727e-01 -7.330519e-01  2.251636e-16
   outer loop
     vertex -6.941303e+00  1.199650e+00 -5.000000e-01
     vertex -6.882821e+00  1.145387e+00 -5.000000e-01
     vertex -6.941303e+00  1.199650e+00  5.000000e-01
   endloop
 endfacet
 facet normal -6.427876e-01 -7.660444e-01 -7.310087e-16
   outer loop
     vertex -6.941303e+00  1.199650e+00 -5.000000e-01
     vertex -6.941303e+00  1.199650e+00  5.000000e-01
     vertex -7.002416e+00  1.250930e+00  5.000000e-01
   endloop
 endfacet
 facet normal -6.427876e-01 -7.660444e-01  5.202855e-16
   outer loop
     vertex -7.002416e+00  1.250930e+00 -5.000000e-01
     vertex -6.941303e+00  1.199650e+00 -5.000000e-01
     vertex -7.002416e+00  1.250930e+00  5.000000e-01
   endloop
 endfacet
 facet normal -6.038044e-01 -7.971325e-01 -4.410817e-16
   outer loop
     vertex -7.002416e+00  1.250930e+00 -5.000000e-01
     vertex -7.002416e+00  1.250930e+00  5.000000e-01
     vertex -7.066010e+00  1.299101e+00  5.000000e-01
   endloop
 endfacet
 facet normal -5.633201e-01 -8.262388e-01  1.628569e-17
   outer loop
     vertex -7.066010e+00  1.299101e+00 -5.000000e-01
     vertex -7.066010e+00  1.299101e+00  5.000000e-01
     vertex -7.131926e+00  1.344041e+00  5.000000e-01
   endloop
 endfacet
 facet normal -6.038044e-01 -7.971325e-01  9.801992e-16
   outer loop
     vertex -7.066010e+00  1.299101e+00 -5.000000e-01
     vertex -7.002416e+00  1.250930e+00 -5.000000e-01
     vertex -7.066010e+00  1.299101e+00  5.000000e-01
   endloop
 endfacet
 facet normal -5.633201e-01 -8.262388e-01  7.501331e-16
   outer loop
     vertex -7.131926e+00  1.344041e+00 -5.000000e-01
     vertex -7.066010e+00  1.299101e+00 -5.000000e-01
     vertex -7.131926e+00  1.344041e+00  5.000000e-01
   endloop
 endfacet
 facet normal -5.214352e-01 -8.532909e-01 -1.897937e-16
   outer loop
     vertex -7.131926e+00  1.344041e+00 -5.000000e-01
     vertex -7.131926e+00  1.344041e+00  5.000000e-01
     vertex -7.200000e+00  1.385641e+00  5.000000e-01
   endloop
 endfacet
 facet normal -4.782540e-01 -8.782216e-01 -3.492313e-16
   outer loop
     vertex -7.200000e+00  1.385641e+00 -5.000000e-01
     vertex -7.200000e+00  1.385641e+00  5.000000e-01
     vertex -7.270063e+00  1.423795e+00  5.000000e-01
   endloop
 endfacet
 facet normal -5.214352e-01 -8.532909e-01  5.680808e-16
   outer loop
     vertex -7.200000e+00  1.385641e+00 -5.000000e-01
     vertex -7.131926e+00  1.344041e+00 -5.000000e-01
     vertex -7.200000e+00  1.385641e+00  5.000000e-01
   endloop
 endfacet
 facet normal -4.338837e-01 -9.009689e-01 -2.653988e-16
   outer loop
     vertex -7.270063e+00  1.423795e+00 -5.000000e-01
     vertex -7.270063e+00  1.423795e+00  5.000000e-01
     vertex -7.341941e+00  1.458409e+00  5.000000e-01
   endloop
 endfacet
 facet normal -4.782540e-01 -8.782216e-01  6.257905e-16
   outer loop
     vertex -7.270063e+00  1.423795e+00 -5.000000e-01
     vertex -7.200000e+00  1.385641e+00 -5.000000e-01
     vertex -7.270063e+00  1.423795e+00  5.000000e-01
   endloop
 endfacet
 facet normal -3.884348e-01 -9.214762e-01 -5.421018e-16
   outer loop
     vertex -7.341941e+00  1.458409e+00 -5.000000e-01
     vertex -7.341941e+00  1.458409e+00  5.000000e-01
     vertex -7.415454e+00  1.489398e+00  5.000000e-01
   endloop
 endfacet
 facet normal -4.338837e-01 -9.009689e-01  3.347670e-16
   outer loop
     vertex -7.341941e+00  1.458409e+00 -5.000000e-01
     vertex -7.270063e+00  1.423795e+00 -5.000000e-01
     vertex -7.341941e+00  1.458409e+00  5.000000e-01
   endloop
 endfacet
 facet normal -3.420201e-01 -9.396926e-01 -6.781295e-16
   outer loop
     vertex -7.415454e+00  1.489398e+00 -5.000000e-01
     vertex -7.415454e+00  1.489398e+00  5.000000e-01
     vertex -7.490421e+00  1.516684e+00  5.000000e-01
   endloop
 endfacet
 facet normal -3.884348e-01 -9.214762e-01  1.359429e-16
   outer loop
     vertex -7.415454e+00  1.489398e+00 -5.000000e-01
     vertex -7.341941e+00  1.458409e+00 -5.000000e-01
     vertex -7.415454e+00  1.489398e+00  5.000000e-01
   endloop
 endfacet
 facet normal -2.947552e-01 -9.555728e-01 -3.800015e-16
   outer loop
     vertex -7.490421e+00  1.516684e+00 -5.000000e-01
     vertex -7.490421e+00  1.516684e+00  5.000000e-01
     vertex -7.566655e+00  1.540199e+00  5.000000e-01
   endloop
 endfacet
 facet normal -3.420201e-01 -9.396926e-01  4.602601e-16
   outer loop
     vertex -7.490421e+00  1.516684e+00 -5.000000e-01
     vertex -7.415454e+00  1.489398e+00 -5.000000e-01
     vertex -7.490421e+00  1.516684e+00  5.000000e-01
   endloop
 endfacet
 facet normal -2.467574e-01 -9.690773e-01 -3.586049e-16
   outer loop
     vertex -7.566655e+00  1.540199e+00 -5.000000e-01
     vertex -7.566655e+00  1.540199e+00  5.000000e-01
     vertex -7.643967e+00  1.559885e+00  5.000000e-01
   endloop
 endfacet
 facet normal -2.947552e-01 -9.555728e-01  4.687176e-16
   outer loop
     vertex -7.566655e+00  1.540199e+00 -5.000000e-01
     vertex -7.490421e+00  1.516684e+00 -5.000000e-01
     vertex -7.566655e+00  1.540199e+00  5.000000e-01
   endloop
 endfacet
 facet normal -1.981461e-01 -9.801725e-01 -4.904570e-16
   outer loop
     vertex -7.643967e+00  1.559885e+00 -5.000000e-01
     vertex -7.643967e+00  1.559885e+00  5.000000e-01
     vertex -7.722163e+00  1.575692e+00  5.000000e-01
   endloop
 endfacet
 facet normal -2.467574e-01 -9.690773e-01  2.829440e-16
   outer loop
     vertex -7.643967e+00  1.559885e+00 -5.000000e-01
     vertex -7.566655e+00  1.540199e+00 -5.000000e-01
     vertex -7.643967e+00  1.559885e+00  5.000000e-01
   endloop
 endfacet
 facet normal -1.490423e-01 -9.888308e-01 -4.715689e-16
   outer loop
     vertex -7.722163e+00  1.575692e+00 -5.000000e-01
     vertex -7.722163e+00  1.575692e+00  5.000000e-01
     vertex -7.801050e+00  1.587583e+00  5.000000e-01
   endloop
 endfacet
 facet normal -1.981461e-01 -9.801725e-01  3.384581e-16
   outer loop
     vertex -7.722163e+00  1.575692e+00 -5.000000e-01
     vertex -7.643967e+00  1.559885e+00 -5.000000e-01
     vertex -7.722163e+00  1.575692e+00  5.000000e-01
   endloop
 endfacet
 facet normal -9.956785e-02 -9.950308e-01 -5.735267e-16
   outer loop
     vertex -7.801050e+00  1.587583e+00 -5.000000e-01
     vertex -7.801050e+00  1.587583e+00  5.000000e-01
     vertex -7.880432e+00  1.595526e+00  5.000000e-01
   endloop
 endfacet
 facet normal -1.490423e-01 -9.888308e-01  1.419370e-16
   outer loop
     vertex -7.801050e+00  1.587583e+00 -5.000000e-01
     vertex -7.722163e+00  1.575692e+00 -5.000000e-01
     vertex -7.801050e+00  1.587583e+00  5.000000e-01
   endloop
 endfacet
 facet normal -4.984589e-02 -9.987569e-01 -3.562183e-16
   outer loop
     vertex -7.880432e+00  1.595526e+00 -5.000000e-01
     vertex -7.880432e+00  1.595526e+00  5.000000e-01
     vertex -7.960111e+00  1.599503e+00  5.000000e-01
   endloop
 endfacet
 facet normal -9.956785e-02 -9.950308e-01  3.986721e-16
   outer loop
     vertex -7.880432e+00  1.595526e+00 -5.000000e-01
     vertex -7.801050e+00  1.587583e+00 -5.000000e-01
     vertex -7.880432e+00  1.595526e+00  5.000000e-01
   endloop
 endfacet
 facet normal -8.349821e-15 -1.000000e+00 -4.440892e-16
   outer loop
     vertex -7.960111e+00  1.599503e+00 -5.000000e-01
     vertex -7.960111e+00  1.599503e+00  5.000000e-01
     vertex -8.039889e+00  1.599503e+00  5.000000e-01
   endloop
 endfacet
 facet normal -4.984589e-02 -9.987569e-01  2.648155e-16
   outer loop
     vertex -7.960111e+00  1.599503e+00 -5.000000e-01
     vertex -7.880432e+00  1.595526e+00 -5.000000e-01
     vertex -7.960111e+00  1.599503e+00  5.000000e-01
   endloop
 endfacet
 facet normal  4.984589e-02 -9.987569e-01 -4.865841e-16
   outer loop
     vertex -8.039889e+00  1.599503e+00 -5.000000e-01
     vertex -8.039889e+00  1.599503e+00  5.000000e-01
     vertex -8.119568e+00  1.595526e+00  5.000000e-01
   endloop
 endfacet
 facet normal  0.000000e+00 -1.000000e+00  2.220446e-16
   outer loop
     vertex -8.039889e+00  1.599503e+00 -5.000000e-01
     vertex -7.960111e+00  1.599503e+00 -5.000000e-01
     vertex -8.039889e+00  1.599503e+00  5.000000e-01
   endloop
 endfacet
 facet normal  9.956785e-02 -9.950308e-01 -5.311793e-16
   outer loop
     vertex -8.119568e+00  1.595526e+00 -5.000000e-01
     vertex -8.119568e+00  1.595526e+00  5.000000e-01
     vertex -8.198950e+00  1.587583e+00  5.000000e-01
   endloop
 endfacet
 facet normal  4.984589e-02 -9.987569e-01  1.787217e-16
   outer loop
     vertex -8.119568e+00  1.595526e+00 -5.000000e-01
     vertex -8.039889e+00  1.599503e+00 -5.000000e-01
     vertex -8.119568e+00  1.595526e+00  5.000000e-01
   endloop
 endfacet
 facet normal  1.490423e-01 -9.888308e-01 -5.810661e-16
   outer loop
     vertex -8.198950e+00  1.587583e+00 -5.000000e-01
     vertex -8.198950e+00  1.587583e+00  5.000000e-01
     vertex -8.277837e+00  1.575692e+00  5.000000e-01
   endloop
 endfacet
 facet normal  9.956785e-02 -9.950308e-01  1.316443e-16
   outer loop
     vertex -8.198950e+00  1.587583e+00 -5.000000e-01
     vertex -8.119568e+00  1.595526e+00 -5.000000e-01
     vertex -8.198950e+00  1.587583e+00  5.000000e-01
   endloop
 endfacet
 facet normal  1.981461e-01 -9.801725e-01 -2.874277e-16
   outer loop
     vertex -8.277837e+00  1.575692e+00 -5.000000e-01
     vertex -8.277837e+00  1.575692e+00  5.000000e-01
     vertex -8.356033e+00  1.559885e+00  5.000000e-01
   endloop
 endfacet
 facet normal  1.490423e-01 -9.888308e-01  3.423798e-16
   outer loop
     vertex -8.277837e+00  1.575692e+00 -5.000000e-01
     vertex -8.198950e+00  1.587583e+00 -5.000000e-01
     vertex -8.277837e+00  1.575692e+00  5.000000e-01
   endloop
 endfacet
 facet normal  1.981461e-01 -9.801725e-01  1.478564e-16
   outer loop
     vertex -8.356033e+00  1.559885e+00 -5.000000e-01
     vertex -8.277837e+00  1.575692e+00 -5.000000e-01
     vertex -8.356033e+00  1.559885e+00  5.000000e-01
   endloop
 endfacet
 facet normal  2.467574e-01 -9.690773e-01 -4.861637e-16
   outer loop
     vertex -8.356033e+00  1.559885e+00 -5.000000e-01
     vertex -8.356033e+00  1.559885e+00  5.000000e-01
     vertex -8.433345e+00  1.540199e+00  5.000000e-01
   endloop
 endfacet
 facet normal  2.467574e-01 -9.690773e-01  1.593714e-16
   outer loop
     vertex -8.433345e+00  1.540199e+00 -5.000000e-01
     vertex -8.356033e+00  1.559885e+00 -5.000000e-01
     vertex -8.433345e+00  1.540199e+00  5.000000e-01
   endloop
 endfacet
 facet normal  2.947552e-01 -9.555728e-01 -4.824358e-16
   outer loop
     vertex -8.433345e+00  1.540199e+00 -5.000000e-01
     vertex -8.433345e+00  1.540199e+00  5.000000e-01
     vertex -8.509579e+00  1.516684e+00  5.000000e-01
   endloop
 endfacet
 facet normal  2.947552e-01 -9.555728e-01  4.655141e-16
   outer loop
     vertex -8.509579e+00  1.516684e+00 -5.000000e-01
     vertex -8.433345e+00  1.540199e+00 -5.000000e-01
     vertex -8.509579e+00  1.516684e+00  5.000000e-01
   endloop
 endfacet
 facet normal  3.420201e-01 -9.396926e-01 -9.818642e-17
   outer loop
     vertex -8.509579e+00  1.516684e+00 -5.000000e-01
     vertex -8.509579e+00  1.516684e+00  5.000000e-01
     vertex -8.584546e+00  1.489398e+00  5.000000e-01
   endloop
 endfacet
 facet normal  3.884348e-01 -9.214762e-01 -2.524252e-16
   outer loop
     vertex -8.584546e+00  1.489398e+00 -5.000000e-01
     vertex -8.584546e+00  1.489398e+00  5.000000e-01
     vertex -8.658059e+00  1.458409e+00  5.000000e-01
   endloop
 endfacet
 facet normal  3.420201e-01 -9.396926e-01  3.191209e-16
   outer loop
     vertex -8.584546e+00  1.489398e+00 -5.000000e-01
     vertex -8.509579e+00  1.516684e+00 -5.000000e-01
     vertex -8.584546e+00  1.489398e+00  5.000000e-01
   endloop
 endfacet
 facet normal  4.338837e-01 -9.009689e-01 -4.232333e-16
   outer loop
     vertex -8.658059e+00  1.458409e+00 -5.000000e-01
     vertex -8.658059e+00  1.458409e+00  5.000000e-01
     vertex -8.729937e+00  1.423795e+00  5.000000e-01
   endloop
 endfacet
 facet normal  3.884348e-01 -9.214762e-01  1.567924e-16
   outer loop
     vertex -8.658059e+00  1.458409e+00 -5.000000e-01
     vertex -8.584546e+00  1.489398e+00 -5.000000e-01
     vertex -8.658059e+00  1.458409e+00  5.000000e-01
   endloop
 endfacet
 facet normal  4.782540e-01 -8.782216e-01  4.234734e-17
   outer loop
     vertex -8.729937e+00  1.423795e+00 -5.000000e-01
     vertex -8.729937e+00  1.423795e+00  5.000000e-01
     vertex -8.800000e+00  1.385641e+00  5.000000e-01
   endloop
 endfacet
 facet normal  4.338837e-01 -9.009689e-01  5.475543e-16
   outer loop
     vertex -8.729937e+00  1.423795e+00 -5.000000e-01
     vertex -8.658059e+00  1.458409e+00 -5.000000e-01
     vertex -8.729937e+00  1.423795e+00  5.000000e-01
   endloop
 endfacet
 facet normal  5.214352e-01 -8.532909e-01  1.054410e-16
   outer loop
     vertex -8.800000e+00  1.385641e+00 -5.000000e-01
     vertex -8.800000e+00  1.385641e+00  5.000000e-01
     vertex -8.868074e+00  1.344041e+00  5.000000e-01
   endloop
 endfacet
 facet normal  4.782540e-01 -8.782216e-01  6.273604e-16
   outer loop
     vertex -8.800000e+00  1.385641e+00 -5.000000e-01
     vertex -8.729937e+00  1.423795e+00 -5.000000e-01
     vertex -8.800000e+00  1.385641e+00  5.000000e-01
   endloop
 endfacet
 facet normal  5.633201e-01 -8.262388e-01 -4.981691e-17
   outer loop
     vertex -8.868074e+00  1.344041e+00 -5.000000e-01
     vertex -8.868074e+00  1.344041e+00  5.000000e-01
     vertex -8.933990e+00  1.299101e+00  5.000000e-01
   endloop
 endfacet
 facet normal  5.214352e-01 -8.532909e-01  4.843782e-16
   outer loop
     vertex -8.868074e+00  1.344041e+00 -5.000000e-01
     vertex -8.800000e+00  1.385641e+00 -5.000000e-01
     vertex -8.868074e+00  1.344041e+00  5.000000e-01
   endloop
 endfacet
 facet normal  6.038044e-01 -7.971325e-01 -2.298903e-16
   outer loop
     vertex -8.933990e+00  1.299101e+00 -5.000000e-01
     vertex -8.933990e+00  1.299101e+00  5.000000e-01
     vertex -8.997584e+00  1.250930e+00  5.000000e-01
   endloop
 endfacet
 facet normal  5.633201e-01 -8.262388e-01  3.171068e-16
   outer loop
     vertex -8.933990e+00  1.299101e+00 -5.000000e-01
     vertex -8.868074e+00  1.344041e+00 -5.000000e-01
     vertex -8.933990e+00  1.299101e+00  5.000000e-01
   endloop
 endfacet
 facet normal  6.427876e-01 -7.660444e-01 -6.062198e-16
   outer loop
     vertex -8.997584e+00  1.250930e+00 -5.000000e-01
     vertex -8.997584e+00  1.250930e+00  5.000000e-01
     vertex -9.058697e+00  1.199650e+00  5.000000e-01
   endloop
 endfacet
 facet normal  6.038044e-01 -7.971325e-01 -5.289129e-17
   outer loop
     vertex -8.997584e+00  1.250930e+00 -5.000000e-01
     vertex -8.933990e+00  1.299101e+00 -5.000000e-01
     vertex -8.997584e+00  1.250930e+00  5.000000e-01
   endloop
 endfacet
 facet normal  6.427876e-01 -7.660444e-01  1.045889e-15
   outer loop
     vertex -9.058697e+00  1.199650e+00 -5.000000e-01
     vertex -8.997584e+00  1.250930e+00 -5.000000e-01
     vertex -9.058697e+00  1.199650e+00  5.000000e-01
   endloop
 endfacet
 facet normal  7.158668e-01 -6.982368e-01  1.848105e-16
   outer loop
     vertex -9.117179e+00  1.145387e+00 -5.000000e-01
     vertex -9.117179e+00  1.145387e+00  5.000000e-01
     vertex -9.172883e+00  1.088276e+00  5.000000e-01
   endloop
 endfacet
 facet normal  6.801727e-01 -7.330519e-01  7.012693e-16
   outer loop
     vertex -9.117179e+00  1.145387e+00 -5.000000e-01
     vertex -9.058697e+00  1.199650e+00  5.000000e-01
     vertex -9.117179e+00  1.145387e+00  5.000000e-01
   endloop
 endfacet
 facet normal  6.801727e-01 -7.330519e-01  5.381721e-16
   outer loop
     vertex -9.117179e+00  1.145387e+00 -5.000000e-01
     vertex -9.058697e+00  1.199650e+00 -5.000000e-01
     vertex -9.058697e+00  1.199650e+00  5.000000e-01
   endloop
 endfacet
 facet normal  7.497812e-01 -6.616858e-01 -3.826014e-17
   outer loop
     vertex -9.172883e+00  1.088276e+00 -5.000000e-01
     vertex -9.172883e+00  1.088276e+00  5.000000e-01
     vertex -9.225671e+00  1.028460e+00  5.000000e-01
   endloop
 endfacet
 facet normal  7.158668e-01 -6.982368e-01  4.948900e-16
   outer loop
     vertex -9.172883e+00  1.088276e+00 -5.000000e-01
     vertex -9.117179e+00  1.145387e+00 -5.000000e-01
     vertex -9.172883e+00  1.088276e+00  5.000000e-01
   endloop
 endfacet
 facet normal  7.818315e-01 -6.234898e-01 -2.944300e-16
   outer loop
     vertex -9.225671e+00  1.028460e+00 -5.000000e-01
     vertex -9.225671e+00  1.028460e+00  5.000000e-01
     vertex -9.275412e+00  9.660871e-01  5.000000e-01
   endloop
 endfacet
 facet normal  7.497812e-01 -6.616858e-01  2.555874e-16
   outer loop
     vertex -9.225671e+00  1.028460e+00 -5.000000e-01
     vertex -9.172883e+00  1.088276e+00 -5.000000e-01
     vertex -9.225671e+00  1.028460e+00  5.000000e-01
   endloop
 endfacet
 facet normal  8.119380e-01 -5.837437e-01 -6.492898e-16
   outer loop
     vertex -9.275412e+00  9.660871e-01 -5.000000e-01
     vertex -9.275412e+00  9.660871e-01  5.000000e-01
     vertex -9.321982e+00  9.013121e-01  5.000000e-01
   endloop
 endfacet
 facet normal  7.818315e-01 -6.234898e-01 -8.676621e-17
   outer loop
     vertex -9.275412e+00  9.660871e-01 -5.000000e-01
     vertex -9.225671e+00  1.028460e+00 -5.000000e-01
     vertex -9.275412e+00  9.660871e-01  5.000000e-01
   endloop
 endfacet
 facet normal  8.400259e-01 -5.425463e-01  4.626909e-16
   outer loop
     vertex -9.321982e+00  9.013121e-01 -5.000000e-01
     vertex -9.321982e+00  9.013121e-01  5.000000e-01
     vertex -9.365265e+00  8.342963e-01  5.000000e-01
   endloop
 endfacet
 facet normal  8.119380e-01 -5.837437e-01  9.874276e-16
   outer loop
     vertex -9.321982e+00  9.013121e-01 -5.000000e-01
     vertex -9.275412e+00  9.660871e-01 -5.000000e-01
     vertex -9.321982e+00  9.013121e-01  5.000000e-01
   endloop
 endfacet
 facet normal  8.400259e-01 -5.425463e-01  6.433951e-16
   outer loop
     vertex -9.365265e+00  8.342963e-01 -5.000000e-01
     vertex -9.321982e+00  9.013121e-01 -5.000000e-01
     vertex -9.365265e+00  8.342963e-01  5.000000e-01
   endloop
 endfacet
 facet normal  8.660254e-01 -5.000000e-01  1.032855e-16
   outer loop
     vertex -9.405155e+00  7.652064e-01 -5.000000e-01
     vertex -9.365265e+00  8.342963e-01 -5.000000e-01
     vertex -9.365265e+00  8.342963e-01  5.000000e-01
   endloop
 endfacet
 facet normal  8.898718e-01 -4.562107e-01 -2.850286e-16
   outer loop
     vertex -9.405155e+00  7.652064e-01 -5.000000e-01
     vertex -9.405155e+00  7.652064e-01  5.000000e-01
     vertex -9.441550e+00  6.942140e-01  5.000000e-01
   endloop
 endfacet
 facet normal  8.660254e-01 -5.000000e-01  2.698709e-16
   outer loop
     vertex -9.405155e+00  7.652064e-01 -5.000000e-01
     vertex -9.365265e+00  8.342963e-01  5.000000e-01
     vertex -9.405155e+00  7.652064e-01  5.000000e-01
   endloop
 endfacet
 facet normal  8.898718e-01 -4.562107e-01 -2.343790e-16
   outer loop
     vertex -9.441550e+00  6.942140e-01 -5.000000e-01
     vertex -9.405155e+00  7.652064e-01 -5.000000e-01
     vertex -9.441550e+00  6.942140e-01  5.000000e-01
   endloop
 endfacet
 facet normal  9.115059e-01 -4.112871e-01 -7.936679e-16
   outer loop
     vertex -9.474362e+00  6.214957e-01 -5.000000e-01
     vertex -9.441550e+00  6.942140e-01 -5.000000e-01
     vertex -9.441550e+00  6.942140e-01  5.000000e-01
   endloop
 endfacet
 facet normal  9.308737e-01 -3.653410e-01 -1.310202e-15
   outer loop
     vertex -9.474362e+00  6.214957e-01 -5.000000e-01
     vertex -9.474362e+00  6.214957e-01  5.000000e-01
     vertex -9.503508e+00  5.472322e-01  5.000000e-01
   endloop
 endfacet
 facet normal  9.115059e-01 -4.112871e-01 -7.478953e-16
   outer loop
     vertex -9.474362e+00  6.214957e-01 -5.000000e-01
     vertex -9.441550e+00  6.942140e-01  5.000000e-01
     vertex -9.474362e+00  6.214957e-01  5.000000e-01
   endloop
 endfacet
 facet normal  9.308737e-01 -3.653410e-01  5.056063e-16
   outer loop
     vertex -9.503508e+00  5.472322e-01 -5.000000e-01
     vertex -9.474362e+00  6.214957e-01 -5.000000e-01
     vertex -9.503508e+00  5.472322e-01  5.000000e-01
   endloop
 endfacet
 facet normal  9.479273e-01 -3.184867e-01 -4.395706e-17
   outer loop
     vertex -9.503508e+00  5.472322e-01 -5.000000e-01
     vertex -9.503508e+00  5.472322e-01  5.000000e-01
     vertex -9.528916e+00  4.716083e-01  5.000000e-01
   endloop
 endfacet
 facet normal  9.479273e-01 -3.184867e-01 -2.627749e-17
   outer loop
     vertex -9.528916e+00  4.716083e-01 -5.000000e-01
     vertex -9.503508e+00  5.472322e-01 -5.000000e-01
     vertex -9.528916e+00  4.716083e-01  5.000000e-01
   endloop
 endfacet
 facet normal  9.626242e-01 -2.708405e-01 -5.789427e-16
   outer loop
     vertex -9.550524e+00  3.948118e-01 -5.000000e-01
     vertex -9.528916e+00  4.716083e-01 -5.000000e-01
     vertex -9.528916e+00  4.716083e-01  5.000000e-01
   endloop
 endfacet
 facet normal  9.749279e-01 -2.225209e-01 -1.091980e-15
   outer loop
     vertex -9.550524e+00  3.948118e-01 -5.000000e-01
     vertex -9.550524e+00  3.948118e-01  5.000000e-01
     vertex -9.568276e+00  3.170338e-01  5.000000e-01
   endloop
 endfacet
 facet normal  9.626242e-01 -2.708405e-01 -5.332724e-16
   outer loop
     vertex -9.550524e+00  3.948118e-01 -5.000000e-01
     vertex -9.528916e+00  4.716083e-01  5.000000e-01
     vertex -9.550524e+00  3.948118e-01  5.000000e-01
   endloop
 endfacet
 facet normal  9.848078e-01 -1.736482e-01  1.206756e-16
   outer loop
     vertex -9.568276e+00  3.170338e-01 -5.000000e-01
     vertex -9.568276e+00  3.170338e-01  5.000000e-01
     vertex -9.582129e+00  2.384676e-01  5.000000e-01
   endloop
 endfacet
 facet normal  9.749279e-01 -2.225209e-01  6.645444e-16
   outer loop
     vertex -9.568276e+00  3.170338e-01 -5.000000e-01
     vertex -9.550524e+00  3.948118e-01 -5.000000e-01
     vertex -9.568276e+00  3.170338e-01  5.000000e-01
   endloop
 endfacet
 facet normal  9.848078e-01 -1.736482e-01  1.303150e-16
   outer loop
     vertex -9.582129e+00  2.384676e-01 -5.000000e-01
     vertex -9.568276e+00  3.170338e-01 -5.000000e-01
     vertex -9.582129e+00  2.384676e-01  5.000000e-01
   endloop
 endfacet
 facet normal  9.922392e-01 -1.243437e-01 -4.165908e-16
   outer loop
     vertex -9.582129e+00  2.384676e-01 -5.000000e-01
     vertex -9.582129e+00  2.384676e-01  5.000000e-01
     vertex -9.592049e+00  1.593086e-01  5.000000e-01
   endloop
 endfacet
 facet normal  9.972038e-01 -7.473009e-02 -9.562383e-16
   outer loop
     vertex -9.592049e+00  1.593086e-01 -5.000000e-01
     vertex -9.592049e+00  1.593086e-01  5.000000e-01
     vertex -9.598011e+00  7.975342e-02  5.000000e-01
   endloop
 endfacet
 facet normal  9.922392e-01 -1.243437e-01 -4.062371e-16
   outer loop
     vertex -9.592049e+00  1.593086e-01 -5.000000e-01
     vertex -9.582129e+00  2.384676e-01 -5.000000e-01
     vertex -9.592049e+00  1.593086e-01  5.000000e-01
   endloop
 endfacet
 facet normal  9.972038e-01 -7.473009e-02 -9.520900e-16
   outer loop
     vertex -9.598011e+00  7.975342e-02 -5.000000e-01
     vertex -9.592049e+00  1.593086e-01 -5.000000e-01
     vertex -9.598011e+00  7.975342e-02  5.000000e-01
   endloop
 endfacet
 facet normal  9.996892e-01 -2.493069e-02 -1.502478e-15
   outer loop
     vertex -9.598011e+00  7.975342e-02 -5.000000e-01
     vertex -9.598011e+00  7.975342e-02  5.000000e-01
     vertex -9.600000e+00  5.488398e-15  5.000000e-01
   endloop
 endfacet
 facet normal  9.996892e-01 -2.493069e-02  2.736591e-16
   outer loop
     vertex -9.600000e+00 -5.488398e-15 -5.000000e-01
     vertex -9.598011e+00  7.975342e-02 -5.000000e-01
     vertex -9.600000e+00  5.488398e-15  5.000000e-01
   endloop
 endfacet
 facet normal  9.996892e-01  2.493069e-02 -2.736591e-16
   outer loop
     vertex -9.600000e+00 -5.488398e-15 -5.000000e-01
     vertex -9.600000e+00  5.488398e-15  5.000000e-01
     vertex -9.598011e+00 -7.975342e-02  5.000000e-01
   endloop
 endfacet
 facet normal  9.996892e-01  2.493069e-02  1.502478e-15
   outer loop
     vertex -9.598011e+00 -7.975342e-02 -5.000000e-01
     vertex -9.600000e+00 -5.488398e-15 -5.000000e-01
     vertex -9.598011e+00 -7.975342e-02  5.000000e-01
   endloop
 endfacet
 facet normal  9.972038e-01  7.473009e-02  9.520900e-16
   outer loop
     vertex -9.598011e+00 -7.975342e-02 -5.000000e-01
     vertex -9.598011e+00 -7.975342e-02  5.000000e-01
     vertex -9.592049e+00 -1.593086e-01  5.000000e-01
   endloop
 endfacet
 facet normal  9.972038e-01  7.473009e-02  9.562383e-16
   outer loop
     vertex -9.592049e+00 -1.593086e-01 -5.000000e-01
     vertex -9.598011e+00 -7.975342e-02 -5.000000e-01
     vertex -9.592049e+00 -1.593086e-01  5.000000e-01
   endloop
 endfacet
 facet normal  9.922392e-01  1.243437e-01  4.063471e-16
   outer loop
     vertex -9.582129e+00 -2.384676e-01 -5.000000e-01
     vertex -9.592049e+00 -1.593086e-01 -5.000000e-01
     vertex -9.592049e+00 -1.593086e-01  5.000000e-01
   endloop
 endfacet
 facet normal  9.922392e-01  1.243437e-01  4.165908e-16
   outer loop
     vertex -9.582129e+00 -2.384676e-01 -5.000000e-01
     vertex -9.592049e+00 -1.593086e-01  5.000000e-01
     vertex -9.582129e+00 -2.384676e-01  5.000000e-01
   endloop
 endfacet
 facet normal  9.848078e-01  1.736482e-01 -1.304660e-16
   outer loop
     vertex -9.568276e+00 -3.170338e-01 -5.000000e-01
     vertex -9.582129e+00 -2.384676e-01 -5.000000e-01
     vertex -9.582129e+00 -2.384676e-01  5.000000e-01
   endloop
 endfacet
 facet normal  9.848078e-01  1.736482e-01 -1.206756e-16
   outer loop
     vertex -9.568276e+00 -3.170338e-01 -5.000000e-01
     vertex -9.582129e+00 -2.384676e-01  5.000000e-01
     vertex -9.568276e+00 -3.170338e-01  5.000000e-01
   endloop
 endfacet
 facet normal  9.749279e-01  2.225209e-01 -6.659200e-16
   outer loop
     vertex -9.550524e+00 -3.948118e-01 -5.000000e-01
     vertex -9.568276e+00 -3.170338e-01 -5.000000e-01
     vertex -9.568276e+00 -3.170338e-01  5.000000e-01
   endloop
 endfacet
 facet normal  9.626242e-01  2.708405e-01  5.332724e-16
   outer loop
     vertex -9.550524e+00 -3.948118e-01 -5.000000e-01
     vertex -9.550524e+00 -3.948118e-01  5.000000e-01
     vertex -9.528916e+00 -4.716083e-01  5.000000e-01
   endloop
 endfacet
 facet normal  9.749279e-01  2.225209e-01  1.091980e-15
   outer loop
     vertex -9.550524e+00 -3.948118e-01 -5.000000e-01
     vertex -9.568276e+00 -3.170338e-01  5.000000e-01
     vertex -9.550524e+00 -3.948118e-01  5.000000e-01
   endloop
 endfacet
 facet normal  9.626242e-01  2.708405e-01  5.783764e-16
   outer loop
     vertex -9.528916e+00 -4.716083e-01 -5.000000e-01
     vertex -9.550524e+00 -3.948118e-01 -5.000000e-01
     vertex -9.528916e+00 -4.716083e-01  5.000000e-01
   endloop
 endfacet
 facet normal  9.479273e-01  3.184867e-01  2.718041e-17
   outer loop
     vertex -9.503508e+00 -5.472322e-01 -5.000000e-01
     vertex -9.528916e+00 -4.716083e-01 -5.000000e-01
     vertex -9.528916e+00 -4.716083e-01  5.000000e-01
   endloop
 endfacet
 facet normal  9.308737e-01  3.653410e-01 -5.056063e-16
   outer loop
     vertex -9.503508e+00 -5.472322e-01 -5.000000e-01
     vertex -9.503508e+00 -5.472322e-01  5.000000e-01
     vertex -9.474362e+00 -6.214957e-01  5.000000e-01
   endloop
 endfacet
 facet normal  9.479273e-01  3.184867e-01  4.395706e-17
   outer loop
     vertex -9.503508e+00 -5.472322e-01 -5.000000e-01
     vertex -9.528916e+00 -4.716083e-01  5.000000e-01
     vertex -9.503508e+00 -5.472322e-01  5.000000e-01
   endloop
 endfacet
 facet normal  9.308737e-01  3.653410e-01  1.310202e-15
   outer loop
     vertex -9.474362e+00 -6.214957e-01 -5.000000e-01
     vertex -9.503508e+00 -5.472322e-01 -5.000000e-01
     vertex -9.474362e+00 -6.214957e-01  5.000000e-01
   endloop
 endfacet
 facet normal  9.115059e-01  4.112871e-01  7.478953e-16
   outer loop
     vertex -9.474362e+00 -6.214957e-01 -5.000000e-01
     vertex -9.474362e+00 -6.214957e-01  5.000000e-01
     vertex -9.441550e+00 -6.942140e-01  5.000000e-01
   endloop
 endfacet
 facet normal  9.115059e-01  4.112871e-01  7.935573e-16
   outer loop
     vertex -9.441550e+00 -6.942140e-01 -5.000000e-01
     vertex -9.474362e+00 -6.214957e-01 -5.000000e-01
     vertex -9.441550e+00 -6.942140e-01  5.000000e-01
   endloop
 endfacet
 facet normal  8.898718e-01  4.562107e-01  2.343790e-16
   outer loop
     vertex -9.441550e+00 -6.942140e-01 -5.000000e-01
     vertex -9.441550e+00 -6.942140e-01  5.000000e-01
     vertex -9.405155e+00 -7.652064e-01  5.000000e-01
   endloop
 endfacet
 facet normal  8.898718e-01  4.562107e-01  2.850286e-16
   outer loop
     vertex -9.405155e+00 -7.652064e-01 -5.000000e-01
     vertex -9.441550e+00 -6.942140e-01 -5.000000e-01
     vertex -9.405155e+00 -7.652064e-01  5.000000e-01
   endloop
 endfacet
 facet normal  8.660254e-01  5.000000e-01 -2.698709e-16
   outer loop
     vertex -9.405155e+00 -7.652064e-01 -5.000000e-01
     vertex -9.405155e+00 -7.652064e-01  5.000000e-01
     vertex -9.365265e+00 -8.342963e-01  5.000000e-01
   endloop
 endfacet
 facet normal  8.660254e-01  5.000000e-01 -1.033374e-16
   outer loop
     vertex -9.365265e+00 -8.342963e-01 -5.000000e-01
     vertex -9.405155e+00 -7.652064e-01 -5.000000e-01
     vertex -9.365265e+00 -8.342963e-01  5.000000e-01
   endloop
 endfacet
 facet normal  8.400259e-01  5.425463e-01 -6.433951e-16
   outer loop
     vertex -9.365265e+00 -8.342963e-01 -5.000000e-01
     vertex -9.365265e+00 -8.342963e-01  5.000000e-01
     vertex -9.321982e+00 -9.013121e-01  5.000000e-01
   endloop
 endfacet
 facet normal  8.400259e-01  5.425463e-01 -4.626909e-16
   outer loop
     vertex -9.321982e+00 -9.013121e-01 -5.000000e-01
     vertex -9.365265e+00 -8.342963e-01 -5.000000e-01
     vertex -9.321982e+00 -9.013121e-01  5.000000e-01
   endloop
 endfacet
 facet normal  8.119380e-01  5.837437e-01 -9.874276e-16
   outer loop
     vertex -9.321982e+00 -9.013121e-01 -5.000000e-01
     vertex -9.321982e+00 -9.013121e-01  5.000000e-01
     vertex -9.275412e+00 -9.660871e-01  5.000000e-01
   endloop
 endfacet
 facet normal  8.119380e-01  5.837437e-01  6.492898e-16
   outer loop
     vertex -9.275412e+00 -9.660871e-01 -5.000000e-01
     vertex -9.321982e+00 -9.013121e-01 -5.000000e-01
     vertex -9.275412e+00 -9.660871e-01  5.000000e-01
   endloop
 endfacet
 facet normal  7.818315e-01  6.234898e-01  8.676621e-17
   outer loop
     vertex -9.275412e+00 -9.660871e-01 -5.000000e-01
     vertex -9.275412e+00 -9.660871e-01  5.000000e-01
     vertex -9.225671e+00 -1.028460e+00  5.000000e-01
   endloop
 endfacet
 facet normal  7.818315e-01  6.234898e-01  2.944300e-16
   outer loop
     vertex -9.225671e+00 -1.028460e+00 -5.000000e-01
     vertex -9.275412e+00 -9.660871e-01 -5.000000e-01
     vertex -9.225671e+00 -1.028460e+00  5.000000e-01
   endloop
 endfacet
 facet normal  7.497812e-01  6.616858e-01 -2.555874e-16
   outer loop
     vertex -9.225671e+00 -1.028460e+00 -5.000000e-01
     vertex -9.225671e+00 -1.028460e+00  5.000000e-01
     vertex -9.172883e+00 -1.088276e+00  5.000000e-01
   endloop
 endfacet
 facet normal  7.497812e-01  6.616858e-01  3.826014e-17
   outer loop
     vertex -9.172883e+00 -1.088276e+00 -5.000000e-01
     vertex -9.225671e+00 -1.028460e+00 -5.000000e-01
     vertex -9.172883e+00 -1.088276e+00  5.000000e-01
   endloop
 endfacet
 facet normal  7.158668e-01  6.982368e-01 -4.948900e-16
   outer loop
     vertex -9.172883e+00 -1.088276e+00 -5.000000e-01
     vertex -9.172883e+00 -1.088276e+00  5.000000e-01
     vertex -9.117179e+00 -1.145387e+00  5.000000e-01
   endloop
 endfacet
 facet normal  7.158668e-01  6.982368e-01 -1.848105e-16
   outer loop
     vertex -9.117179e+00 -1.145387e+00 -5.000000e-01
     vertex -9.172883e+00 -1.088276e+00 -5.000000e-01
     vertex -9.117179e+00 -1.145387e+00  5.000000e-01
   endloop
 endfacet
 facet normal  6.427876e-01  7.660444e-01 -1.045889e-15
   outer loop
     vertex -9.058697e+00 -1.199650e+00 -5.000000e-01
     vertex -9.058697e+00 -1.199650e+00  5.000000e-01
     vertex -8.997584e+00 -1.250930e+00  5.000000e-01
   endloop
 endfacet
 facet normal  6.801727e-01  7.330519e-01 -5.384991e-16
   outer loop
     vertex -9.058697e+00 -1.199650e+00 -5.000000e-01
     vertex -9.117179e+00 -1.145387e+00  5.000000e-01
     vertex -9.058697e+00 -1.199650e+00  5.000000e-01
   endloop
 endfacet
 facet normal  6.801727e-01  7.330519e-01 -7.012545e-16
   outer loop
     vertex -9.058697e+00 -1.199650e+00 -5.000000e-01
     vertex -9.117179e+00 -1.145387e+00 -5.000000e-01
     vertex -9.117179e+00 -1.145387e+00  5.000000e-01
   endloop
 endfacet
 facet normal  6.038044e-01  7.971325e-01  5.289129e-17
   outer loop
     vertex -8.997584e+00 -1.250930e+00 -5.000000e-01
     vertex -8.997584e+00 -1.250930e+00  5.000000e-01
     vertex -8.933990e+00 -1.299101e+00  5.000000e-01
   endloop
 endfacet
 facet normal  6.427876e-01  7.660444e-01  6.062198e-16
   outer loop
     vertex -8.997584e+00 -1.250930e+00 -5.000000e-01
     vertex -9.058697e+00 -1.199650e+00 -5.000000e-01
     vertex -8.997584e+00 -1.250930e+00  5.000000e-01
   endloop
 endfacet
 facet normal  5.633201e-01  8.262388e-01 -3.171068e-16
   outer loop
     vertex -8.933990e+00 -1.299101e+00 -5.000000e-01
     vertex -8.933990e+00 -1.299101e+00  5.000000e-01
     vertex -8.868074e+00 -1.344041e+00  5.000000e-01
   endloop
 endfacet
 facet normal  6.038044e-01  7.971325e-01  2.298903e-16
   outer loop
     vertex -8.933990e+00 -1.299101e+00 -5.000000e-01
     vertex -8.997584e+00 -1.250930e+00 -5.000000e-01
     vertex -8.933990e+00 -1.299101e+00  5.000000e-01
   endloop
 endfacet
 facet normal  5.214352e-01  8.532909e-01 -4.843782e-16
   outer loop
     vertex -8.868074e+00 -1.344041e+00 -5.000000e-01
     vertex -8.868074e+00 -1.344041e+00  5.000000e-01
     vertex -8.800000e+00 -1.385641e+00  5.000000e-01
   endloop
 endfacet
 facet normal  5.633201e-01  8.262388e-01  4.981691e-17
   outer loop
     vertex -8.868074e+00 -1.344041e+00 -5.000000e-01
     vertex -8.933990e+00 -1.299101e+00 -5.000000e-01
     vertex -8.868074e+00 -1.344041e+00  5.000000e-01
   endloop
 endfacet
 facet normal  5.214352e-01  8.532909e-01 -1.054410e-16
   outer loop
     vertex -8.800000e+00 -1.385641e+00 -5.000000e-01
     vertex -8.868074e+00 -1.344041e+00 -5.000000e-01
     vertex -8.800000e+00 -1.385641e+00  5.000000e-01
   endloop
 endfacet
 facet normal  4.782540e-01  8.782216e-01 -4.234734e-17
   outer loop
     vertex -8.729937e+00 -1.423795e+00 -5.000000e-01
     vertex -8.800000e+00 -1.385641e+00  5.000000e-01
     vertex -8.729937e+00 -1.423795e+00  5.000000e-01
   endloop
 endfacet
 facet normal  4.782540e-01  8.782216e-01 -6.251494e-16
   outer loop
     vertex -8.729937e+00 -1.423795e+00 -5.000000e-01
     vertex -8.800000e+00 -1.385641e+00 -5.000000e-01
     vertex -8.800000e+00 -1.385641e+00  5.000000e-01
   endloop
 endfacet
 facet normal  3.884348e-01  9.214762e-01 -1.567924e-16
   outer loop
     vertex -8.658059e+00 -1.458409e+00 -5.000000e-01
     vertex -8.658059e+00 -1.458409e+00  5.000000e-01
     vertex -8.584546e+00 -1.489398e+00  5.000000e-01
   endloop
 endfacet
 facet normal  4.338837e-01  9.009689e-01  4.232333e-16
   outer loop
     vertex -8.658059e+00 -1.458409e+00 -5.000000e-01
     vertex -8.729937e+00 -1.423795e+00  5.000000e-01
     vertex -8.658059e+00 -1.458409e+00  5.000000e-01
   endloop
 endfacet
 facet normal  4.338837e-01  9.009689e-01 -5.436081e-16
   outer loop
     vertex -8.658059e+00 -1.458409e+00 -5.000000e-01
     vertex -8.729937e+00 -1.423795e+00 -5.000000e-01
     vertex -8.729937e+00 -1.423795e+00  5.000000e-01
   endloop
 endfacet
 facet normal  3.884348e-01  9.214762e-01  2.524252e-16
   outer loop
     vertex -8.584546e+00 -1.489398e+00 -5.000000e-01
     vertex -8.658059e+00 -1.458409e+00 -5.000000e-01
     vertex -8.584546e+00 -1.489398e+00  5.000000e-01
   endloop
 endfacet
 facet normal  3.420201e-01  9.396926e-01 -3.152927e-16
   outer loop
     vertex -8.509579e+00 -1.516684e+00 -5.000000e-01
     vertex -8.584546e+00 -1.489398e+00 -5.000000e-01
     vertex -8.584546e+00 -1.489398e+00  5.000000e-01
   endloop
 endfacet
 facet normal  2.947552e-01  9.555728e-01 -4.655141e-16
   outer loop
     vertex -8.509579e+00 -1.516684e+00 -5.000000e-01
     vertex -8.509579e+00 -1.516684e+00  5.000000e-01
     vertex -8.433345e+00 -1.540199e+00  5.000000e-01
   endloop
 endfacet
 facet normal  3.420201e-01  9.396926e-01  9.818642e-17
   outer loop
     vertex -8.509579e+00 -1.516684e+00 -5.000000e-01
     vertex -8.584546e+00 -1.489398e+00  5.000000e-01
     vertex -8.509579e+00 -1.516684e+00  5.000000e-01
   endloop
 endfacet
 facet normal  2.947552e-01  9.555728e-01  4.824358e-16
   outer loop
     vertex -8.433345e+00 -1.540199e+00 -5.000000e-01
     vertex -8.509579e+00 -1.516684e+00 -5.000000e-01
     vertex -8.433345e+00 -1.540199e+00  5.000000e-01
   endloop
 endfacet
 facet normal  2.467574e-01  9.690773e-01 -1.603644e-16
   outer loop
     vertex -8.356033e+00 -1.559885e+00 -5.000000e-01
     vertex -8.433345e+00 -1.540199e+00 -5.000000e-01
     vertex -8.433345e+00 -1.540199e+00  5.000000e-01
   endloop
 endfacet
 facet normal  1.981461e-01  9.801725e-01 -1.478564e-16
   outer loop
     vertex -8.356033e+00 -1.559885e+00 -5.000000e-01
     vertex -8.356033e+00 -1.559885e+00  5.000000e-01
     vertex -8.277837e+00 -1.575692e+00  5.000000e-01
   endloop
 endfacet
 facet normal  2.467574e-01  9.690773e-01  4.861637e-16
   outer loop
     vertex -8.356033e+00 -1.559885e+00 -5.000000e-01
     vertex -8.433345e+00 -1.540199e+00  5.000000e-01
     vertex -8.356033e+00 -1.559885e+00  5.000000e-01
   endloop
 endfacet
 facet normal  1.981461e-01  9.801725e-01  2.874277e-16
   outer loop
     vertex -8.277837e+00 -1.575692e+00 -5.000000e-01
     vertex -8.356033e+00 -1.559885e+00 -5.000000e-01
     vertex -8.277837e+00 -1.575692e+00  5.000000e-01
   endloop
 endfacet
 facet normal  1.490423e-01  9.888308e-01 -3.424731e-16
   outer loop
     vertex -8.198950e+00 -1.587583e+00 -5.000000e-01
     vertex -8.277837e+00 -1.575692e+00 -5.000000e-01
     vertex -8.277837e+00 -1.575692e+00  5.000000e-01
   endloop
 endfacet
 facet normal  9.956785e-02  9.950308e-01 -1.316443e-16
   outer loop
     vertex -8.198950e+00 -1.587583e+00 -5.000000e-01
     vertex -8.198950e+00 -1.587583e+00  5.000000e-01
     vertex -8.119568e+00 -1.595526e+00  5.000000e-01
   endloop
 endfacet
 facet normal  1.490423e-01  9.888308e-01  5.810661e-16
   outer loop
     vertex -8.198950e+00 -1.587583e+00 -5.000000e-01
     vertex -8.277837e+00 -1.575692e+00  5.000000e-01
     vertex -8.198950e+00 -1.587583e+00  5.000000e-01
   endloop
 endfacet
 facet normal  9.956785e-02  9.950308e-01  5.311793e-16
   outer loop
     vertex -8.119568e+00 -1.595526e+00 -5.000000e-01
     vertex -8.198950e+00 -1.587583e+00 -5.000000e-01
     vertex -8.119568e+00 -1.595526e+00  5.000000e-01
   endloop
 endfacet
 facet normal  4.984589e-02  9.987569e-01 -1.787112e-16
   outer loop
     vertex -8.039889e+00 -1.599503e+00 -5.000000e-01
     vertex -8.119568e+00 -1.595526e+00 -5.000000e-01
     vertex -8.119568e+00 -1.595526e+00  5.000000e-01
   endloop
 endfacet
 facet normal  4.984589e-02  9.987569e-01  4.865841e-16
   outer loop
     vertex -8.039889e+00 -1.599503e+00 -5.000000e-01
     vertex -8.119568e+00 -1.595526e+00  5.000000e-01
     vertex -8.039889e+00 -1.599503e+00  5.000000e-01
   endloop
 endfacet
 facet normal -8.349821e-15  1.000000e+00 -2.220446e-16
   outer loop
     vertex -7.960111e+00 -1.599503e+00 -5.000000e-01
     vertex -8.039889e+00 -1.599503e+00 -5.000000e-01
     vertex -8.039889e+00 -1.599503e+00  5.000000e-01
   endloop
 endfacet
 facet normal -4.984589e-02  9.987569e-01 -2.648155e-16
   outer loop
     vertex -7.960111e+00 -1.599503e+00 -5.000000e-01
     vertex -7.960111e+00 -1.599503e+00  5.000000e-01
     vertex -7.880432e+00 -1.595526e+00  5.000000e-01
   endloop
 endfacet
 facet normal  0.000000e+00  1.000000e+00  4.440892e-16
   outer loop
     vertex -7.960111e+00 -1.599503e+00 -5.000000e-01
     vertex -8.039889e+00 -1.599503e+00  5.000000e-01
     vertex -7.960111e+00 -1.599503e+00  5.000000e-01
   endloop
 endfacet
 facet normal -4.984589e-02  9.987569e-01  3.562183e-16
   outer loop
     vertex -7.880432e+00 -1.595526e+00 -5.000000e-01
     vertex -7.960111e+00 -1.599503e+00 -5.000000e-01
     vertex -7.880432e+00 -1.595526e+00  5.000000e-01
   endloop
 endfacet
 facet normal -9.956785e-02  9.950308e-01 -3.981930e-16
   outer loop
     vertex -7.801050e+00 -1.587583e+00 -5.000000e-01
     vertex -7.880432e+00 -1.595526e+00 -5.000000e-01
     vertex -7.880432e+00 -1.595526e+00  5.000000e-01
   endloop
 endfacet
 facet normal -9.956785e-02  9.950308e-01  5.735267e-16
   outer loop
     vertex -7.801050e+00 -1.587583e+00 -5.000000e-01
     vertex -7.880432e+00 -1.595526e+00  5.000000e-01
     vertex -7.801050e+00 -1.587583e+00  5.000000e-01
   endloop
 endfacet
 facet normal -1.490423e-01  9.888308e-01 -1.413381e-16
   outer loop
     vertex -7.722163e+00 -1.575692e+00 -5.000000e-01
     vertex -7.801050e+00 -1.587583e+00 -5.000000e-01
     vertex -7.801050e+00 -1.587583e+00  5.000000e-01
   endloop
 endfacet
 facet normal -1.490423e-01  9.888308e-01  4.715689e-16
   outer loop
     vertex -7.722163e+00 -1.575692e+00 -5.000000e-01
     vertex -7.801050e+00 -1.587583e+00  5.000000e-01
     vertex -7.722163e+00 -1.575692e+00  5.000000e-01
   endloop
 endfacet
 facet normal -1.981461e-01  9.801725e-01 -3.397551e-16
   outer loop
     vertex -7.643967e+00 -1.559885e+00 -5.000000e-01
     vertex -7.722163e+00 -1.575692e+00 -5.000000e-01
     vertex -7.722163e+00 -1.575692e+00  5.000000e-01
   endloop
 endfacet
 facet normal -1.981461e-01  9.801725e-01  4.904570e-16
   outer loop
     vertex -7.643967e+00 -1.559885e+00 -5.000000e-01
     vertex -7.722163e+00 -1.575692e+00  5.000000e-01
     vertex -7.643967e+00 -1.559885e+00  5.000000e-01
   endloop
 endfacet
 facet normal -2.467574e-01  9.690773e-01  3.586049e-16
   outer loop
     vertex -7.566655e+00 -1.540199e+00 -5.000000e-01
     vertex -7.643967e+00 -1.559885e+00  5.000000e-01
     vertex -7.566655e+00 -1.540199e+00  5.000000e-01
   endloop
 endfacet
 facet normal -2.467574e-01  9.690773e-01 -2.826762e-16
   outer loop
     vertex -7.566655e+00 -1.540199e+00 -5.000000e-01
     vertex -7.643967e+00 -1.559885e+00 -5.000000e-01
     vertex -7.643967e+00 -1.559885e+00  5.000000e-01
   endloop
 endfacet
 facet normal -2.947552e-01  9.555728e-01 -4.675030e-16
   outer loop
     vertex -7.490421e+00 -1.516684e+00 -5.000000e-01
     vertex -7.566655e+00 -1.540199e+00 -5.000000e-01
     vertex -7.566655e+00 -1.540199e+00  5.000000e-01
   endloop
 endfacet
 facet normal -3.420201e-01  9.396926e-01 -4.602601e-16
   outer loop
     vertex -7.490421e+00 -1.516684e+00 -5.000000e-01
     vertex -7.490421e+00 -1.516684e+00  5.000000e-01
     vertex -7.415454e+00 -1.489398e+00  5.000000e-01
   endloop
 endfacet
 facet normal -2.947552e-01  9.555728e-01  3.800015e-16
   outer loop
     vertex -7.490421e+00 -1.516684e+00 -5.000000e-01
     vertex -7.566655e+00 -1.540199e+00  5.000000e-01
     vertex -7.490421e+00 -1.516684e+00  5.000000e-01
   endloop
 endfacet
 facet normal -3.420201e-01  9.396926e-01  6.781295e-16
   outer loop
     vertex -7.415454e+00 -1.489398e+00 -5.000000e-01
     vertex -7.490421e+00 -1.516684e+00 -5.000000e-01
     vertex -7.415454e+00 -1.489398e+00  5.000000e-01
   endloop
 endfacet
 facet normal -3.884348e-01  9.214762e-01  5.421018e-16
   outer loop
     vertex -7.341941e+00 -1.458409e+00 -5.000000e-01
     vertex -7.415454e+00 -1.489398e+00  5.000000e-01
     vertex -7.341941e+00 -1.458409e+00  5.000000e-01
   endloop
 endfacet
 facet normal -3.884348e-01  9.214762e-01 -1.359020e-16
   outer loop
     vertex -7.341941e+00 -1.458409e+00 -5.000000e-01
     vertex -7.415454e+00 -1.489398e+00 -5.000000e-01
     vertex -7.415454e+00 -1.489398e+00  5.000000e-01
   endloop
 endfacet
 facet normal -4.338837e-01  9.009689e-01  2.653988e-16
   outer loop
     vertex -7.270063e+00 -1.423795e+00 -5.000000e-01
     vertex -7.341941e+00 -1.458409e+00  5.000000e-01
     vertex -7.270063e+00 -1.423795e+00  5.000000e-01
   endloop
 endfacet
 facet normal -4.338837e-01  9.009689e-01 -3.370371e-16
   outer loop
     vertex -7.270063e+00 -1.423795e+00 -5.000000e-01
     vertex -7.341941e+00 -1.458409e+00 -5.000000e-01
     vertex -7.341941e+00 -1.458409e+00  5.000000e-01
   endloop
 endfacet
 facet normal -5.214352e-01  8.532909e-01 -5.680808e-16
   outer loop
     vertex -7.200000e+00 -1.385641e+00 -5.000000e-01
     vertex -7.200000e+00 -1.385641e+00  5.000000e-01
     vertex -7.131926e+00 -1.344041e+00  5.000000e-01
   endloop
 endfacet
 facet normal -4.782540e-01  8.782216e-01  3.492313e-16
   outer loop
     vertex -7.200000e+00 -1.385641e+00 -5.000000e-01
     vertex -7.270063e+00 -1.423795e+00  5.000000e-01
     vertex -7.200000e+00 -1.385641e+00  5.000000e-01
   endloop
 endfacet
 facet normal -4.782540e-01  8.782216e-01 -6.251494e-16
   outer loop
     vertex -7.200000e+00 -1.385641e+00 -5.000000e-01
     vertex -7.270063e+00 -1.423795e+00 -5.000000e-01
     vertex -7.270063e+00 -1.423795e+00  5.000000e-01
   endloop
 endfacet
 facet normal -5.214352e-01  8.532909e-01  1.897937e-16
   outer loop
     vertex -7.131926e+00 -1.344041e+00 -5.000000e-01
     vertex -7.200000e+00 -1.385641e+00 -5.000000e-01
     vertex -7.131926e+00 -1.344041e+00  5.000000e-01
   endloop
 endfacet
 facet normal -5.633201e-01  8.262388e-01 -1.628569e-17
   outer loop
     vertex -7.066010e+00 -1.299101e+00 -5.000000e-01
     vertex -7.131926e+00 -1.344041e+00  5.000000e-01
     vertex -7.066010e+00 -1.299101e+00  5.000000e-01
   endloop
 endfacet
 facet normal -5.633201e-01  8.262388e-01 -7.501792e-16
   outer loop
     vertex -7.066010e+00 -1.299101e+00 -5.000000e-01
     vertex -7.131926e+00 -1.344041e+00 -5.000000e-01
     vertex -7.131926e+00 -1.344041e+00  5.000000e-01
   endloop
 endfacet
 facet normal -6.427876e-01  7.660444e-01 -5.202855e-16
   outer loop
     vertex -7.002416e+00 -1.250930e+00 -5.000000e-01
     vertex -7.002416e+00 -1.250930e+00  5.000000e-01
     vertex -6.941303e+00 -1.199650e+00  5.000000e-01
   endloop
 endfacet
 facet normal -6.038044e-01  7.971325e-01  4.410817e-16
   outer loop
     vertex -7.002416e+00 -1.250930e+00 -5.000000e-01
     vertex -7.066010e+00 -1.299101e+00  5.000000e-01
     vertex -7.002416e+00 -1.250930e+00  5.000000e-01
   endloop
 endfacet
 facet normal -6.038044e-01  7.971325e-01 -9.784947e-16
   outer loop
     vertex -7.002416e+00 -1.250930e+00 -5.000000e-01
     vertex -7.066010e+00 -1.299101e+00 -5.000000e-01
     vertex -7.066010e+00 -1.299101e+00  5.000000e-01
   endloop
 endfacet
 facet normal -6.427876e-01  7.660444e-01  7.310087e-16
   outer loop
     vertex -6.941303e+00 -1.199650e+00 -5.000000e-01
     vertex -7.002416e+00 -1.250930e+00 -5.000000e-01
     vertex -6.941303e+00 -1.199650e+00  5.000000e-01
   endloop
 endfacet
 facet normal -6.801727e-01  7.330519e-01  5.886875e-16
   outer loop
     vertex -6.882821e+00 -1.145387e+00 -5.000000e-01
     vertex -6.941303e+00 -1.199650e+00  5.000000e-01
     vertex -6.882821e+00 -1.145387e+00  5.000000e-01
   endloop
 endfacet
 facet normal -6.801727e-01  7.330519e-01 -2.283154e-16
   outer loop
     vertex -6.882821e+00 -1.145387e+00 -5.000000e-01
     vertex -6.941303e+00 -1.199650e+00 -5.000000e-01
     vertex -6.941303e+00 -1.199650e+00  5.000000e-01
   endloop
 endfacet
 facet normal -7.158668e-01  6.982368e-01  5.954163e-17
   outer loop
     vertex -6.827117e+00 -1.088276e+00 -5.000000e-01
     vertex -6.882821e+00 -1.145387e+00  5.000000e-01
     vertex -6.827117e+00 -1.088276e+00  5.000000e-01
   endloop
 endfacet
 facet normal -7.158668e-01  6.982368e-01 -4.022700e-16
   outer loop
     vertex -6.827117e+00 -1.088276e+00 -5.000000e-01
     vertex -6.882821e+00 -1.145387e+00 -5.000000e-01
     vertex -6.882821e+00 -1.145387e+00  5.000000e-01
   endloop
 endfacet
 facet normal -7.497812e-01  6.616858e-01  1.108435e-15
   outer loop
     vertex -6.774329e+00 -1.028460e+00 -5.000000e-01
     vertex -6.827117e+00 -1.088276e+00  5.000000e-01
     vertex -6.774329e+00 -1.028460e+00  5.000000e-01
   endloop
 endfacet
 facet normal -7.497812e-01  6.616858e-01 -9.621864e-16
   outer loop
     vertex -6.774329e+00 -1.028460e+00 -5.000000e-01
     vertex -6.827117e+00 -1.088276e+00 -5.000000e-01
     vertex -6.827117e+00 -1.088276e+00  5.000000e-01
   endloop
 endfacet
 facet normal -7.818315e-01  6.234898e-01  1.087216e-16
   outer loop
     vertex -6.724588e+00 -9.660871e-01 -5.000000e-01
     vertex -6.774329e+00 -1.028460e+00 -5.000000e-01
     vertex -6.774329e+00 -1.028460e+00  5.000000e-01
   endloop
 endfacet
 facet normal -7.818315e-01  6.234898e-01 -3.289675e-17
   outer loop
     vertex -6.724588e+00 -9.660871e-01 -5.000000e-01
     vertex -6.774329e+00 -1.028460e+00  5.000000e-01
     vertex -6.724588e+00 -9.660871e-01  5.000000e-01
   endloop
 endfacet
 facet normal -8.119380e-01  5.837437e-01 -1.098088e-15
   outer loop
     vertex -6.678018e+00 -9.013121e-01 -5.000000e-01
     vertex -6.724588e+00 -9.660871e-01 -5.000000e-01
     vertex -6.724588e+00 -9.660871e-01  5.000000e-01
   endloop
 endfacet
 facet normal -8.400259e-01  5.425463e-01 -9.282124e-16
   outer loop
     vertex -6.678018e+00 -9.013121e-01 -5.000000e-01
     vertex -6.678018e+00 -9.013121e-01  5.000000e-01
     vertex -6.634735e+00 -8.342963e-01  5.000000e-01
   endloop
 endfacet
 facet normal -8.119380e-01  5.837437e-01  1.437121e-16
   outer loop
     vertex -6.678018e+00 -9.013121e-01 -5.000000e-01
     vertex -6.724588e+00 -9.660871e-01  5.000000e-01
     vertex -6.678018e+00 -9.013121e-01  5.000000e-01
   endloop
 endfacet
 facet normal -8.400259e-01  5.425463e-01  1.106086e-15
   outer loop
     vertex -6.634735e+00 -8.342963e-01 -5.000000e-01
     vertex -6.678018e+00 -9.013121e-01 -5.000000e-01
     vertex -6.634735e+00 -8.342963e-01  5.000000e-01
   endloop
 endfacet
 facet normal -8.660254e-01  5.000000e-01  4.014136e-17
   outer loop
     vertex -6.634735e+00 -8.342963e-01 -5.000000e-01
     vertex -6.634735e+00 -8.342963e-01  5.000000e-01
     vertex -6.594845e+00 -7.652064e-01  5.000000e-01
   endloop
 endfacet
 facet normal -8.660254e-01  5.000000e-01  4.842306e-16
   outer loop
     vertex -6.594845e+00 -7.652064e-01 -5.000000e-01
     vertex -6.634735e+00 -8.342963e-01 -5.000000e-01
     vertex -6.594845e+00 -7.652064e-01  5.000000e-01
   endloop
 endfacet
 facet normal -8.898718e-01  4.562107e-01 -6.197133e-16
   outer loop
     vertex -6.558450e+00 -6.942140e-01 -5.000000e-01
     vertex -6.594845e+00 -7.652064e-01 -5.000000e-01
     vertex -6.594845e+00 -7.652064e-01  5.000000e-01
   endloop
 endfacet
 facet normal -9.115059e-01  4.112871e-01 -5.948866e-16
   outer loop
     vertex -6.558450e+00 -6.942140e-01 -5.000000e-01
     vertex -6.558450e+00 -6.942140e-01  5.000000e-01
     vertex -6.525638e+00 -6.214957e-01  5.000000e-01
   endloop
 endfacet
 facet normal -8.898718e-01  4.562107e-01  5.242052e-16
   outer loop
     vertex -6.558450e+00 -6.942140e-01 -5.000000e-01
     vertex -6.594845e+00 -7.652064e-01  5.000000e-01
     vertex -6.558450e+00 -6.942140e-01  5.000000e-01
   endloop
 endfacet
 facet normal -9.115059e-01  4.112871e-01  5.343275e-16
   outer loop
     vertex -6.525638e+00 -6.214957e-01 -5.000000e-01
     vertex -6.558450e+00 -6.942140e-01 -5.000000e-01
     vertex -6.525638e+00 -6.214957e-01  5.000000e-01
   endloop
 endfacet
 facet normal -9.308737e-01  3.653410e-01 -6.017904e-16
   outer loop
     vertex -6.525638e+00 -6.214957e-01 -5.000000e-01
     vertex -6.525638e+00 -6.214957e-01  5.000000e-01
     vertex -6.496492e+00 -5.472322e-01  5.000000e-01
   endloop
 endfacet
 facet normal -9.308737e-01  3.653410e-01  4.683576e-16
   outer loop
     vertex -6.496492e+00 -5.472322e-01 -5.000000e-01
     vertex -6.525638e+00 -6.214957e-01 -5.000000e-01
     vertex -6.496492e+00 -5.472322e-01  5.000000e-01
   endloop
 endfacet
 facet normal -9.479273e-01  3.184867e-01 -6.823289e-16
   outer loop
     vertex -6.496492e+00 -5.472322e-01 -5.000000e-01
     vertex -6.496492e+00 -5.472322e-01  5.000000e-01
     vertex -6.471084e+00 -4.716083e-01  5.000000e-01
   endloop
 endfacet
 facet normal -9.479273e-01  3.184867e-01  3.540749e-16
   outer loop
     vertex -6.471084e+00 -4.716083e-01 -5.000000e-01
     vertex -6.496492e+00 -5.472322e-01 -5.000000e-01
     vertex -6.471084e+00 -4.716083e-01  5.000000e-01
   endloop
 endfacet
 facet normal -9.626242e-01  2.708405e-01 -8.109555e-16
   outer loop
     vertex -6.471084e+00 -4.716083e-01 -5.000000e-01
     vertex -6.471084e+00 -4.716083e-01  5.000000e-01
     vertex -6.449476e+00 -3.948118e-01  5.000000e-01
   endloop
 endfacet
 facet normal -9.626242e-01  2.708405e-01  2.244426e-16
   outer loop
     vertex -6.449476e+00 -3.948118e-01 -5.000000e-01
     vertex -6.471084e+00 -4.716083e-01 -5.000000e-01
     vertex -6.449476e+00 -3.948118e-01  5.000000e-01
   endloop
 endfacet
 facet normal -9.848078e-01  1.736482e-01 -2.959544e-16
   outer loop
     vertex -6.431724e+00 -3.170338e-01 -5.000000e-01
     vertex -6.431724e+00 -3.170338e-01  5.000000e-01
     vertex -6.417871e+00 -2.384676e-01  5.000000e-01
   endloop
 endfacet
 facet normal -9.749279e-01  2.225209e-01  8.955127e-16
   outer loop
     vertex -6.431724e+00 -3.170338e-01 -5.000000e-01
     vertex -6.449476e+00 -3.948118e-01  5.000000e-01
     vertex -6.431724e+00 -3.170338e-01  5.000000e-01
   endloop
 endfacet
 facet normal -9.749279e-01  2.225209e-01 -9.594684e-16
   outer loop
     vertex -6.431724e+00 -3.170338e-01 -5.000000e-01
     vertex -6.449476e+00 -3.948118e-01 -5.000000e-01
     vertex -6.449476e+00 -3.948118e-01  5.000000e-01
   endloop
 endfacet
 facet normal -9.922392e-01  1.243437e-01 -5.432781e-16
   outer loop
     vertex -6.417871e+00 -2.384676e-01 -5.000000e-01
     vertex -6.417871e+00 -2.384676e-01  5.000000e-01
     vertex -6.407951e+00 -1.593086e-01  5.000000e-01
   endloop
 endfacet
 facet normal -9.848078e-01  1.736482e-01  6.654853e-16
   outer loop
     vertex -6.417871e+00 -2.384676e-01 -5.000000e-01
     vertex -6.431724e+00 -3.170338e-01 -5.000000e-01
     vertex -6.417871e+00 -2.384676e-01  5.000000e-01
   endloop
 endfacet
 facet normal -9.972038e-01  7.473009e-02 -8.297349e-16
   outer loop
     vertex -6.407951e+00 -1.593086e-01 -5.000000e-01
     vertex -6.407951e+00 -1.593086e-01  5.000000e-01
     vertex -6.401989e+00 -7.975342e-02  5.000000e-01
   endloop
 endfacet
 facet normal -9.922392e-01  1.243437e-01  3.966782e-16
   outer loop
     vertex -6.407951e+00 -1.593086e-01 -5.000000e-01
     vertex -6.417871e+00 -2.384676e-01 -5.000000e-01
     vertex -6.407951e+00 -1.593086e-01  5.000000e-01
   endloop
 endfacet
 facet normal -9.972038e-01  7.473009e-02  9.717304e-16
   outer loop
     vertex -6.401989e+00 -7.975342e-02 -5.000000e-01
     vertex -6.407951e+00 -1.593086e-01 -5.000000e-01
     vertex -6.401989e+00 -7.975342e-02  5.000000e-01
   endloop
 endfacet
 facet normal -9.996892e-01  2.493069e-02  0.000000e+00
   outer loop
     vertex -6.400000e+00  0.000000e+00 -5.000000e-01
     vertex -6.401989e+00 -7.975342e-02  5.000000e-01
     vertex -6.400000e+00  0.000000e+00  5.000000e-01
   endloop
 endfacet
 facet normal -9.996892e-01  2.493069e-02 -2.684065e-16
   outer loop
     vertex -6.400000e+00  0.000000e+00 -5.000000e-01
     vertex -6.401989e+00 -7.975342e-02 -5.000000e-01
     vertex -6.401989e+00 -7.975342e-02  5.000000e-01
   endloop
 endfacet
 facet normal -9.996892e-01 -2.493069e-02  0.000000e+00
   outer loop
     vertex  9.600000e+00  0.000000e+00 -5.000000e-01
     vertex  9.600000e+00  0.000000e+00  5.000000e-01
     vertex  9.598011e+00  7.975342e-02  5.000000e-01
   endloop
 endfacet
 facet normal -9.972038e-01 -7.473009e-02 -8.603551e-17
   outer loop
     vertex  9.598011e+00  7.975342e-02 -5.000000e-01
     vertex  9.598011e+00  7.975342e-02  5.000000e-01
     vertex  9.592049e+00  1.593086e-01  5.000000e-01
   endloop
 endfacet
 facet normal -9.996892e-01 -2.493069e-02  1.156149e-15
   outer loop
     vertex  9.598011e+00  7.975342e-02 -5.000000e-01
     vertex  9.600000e+00  0.000000e+00 -5.000000e-01
     vertex  9.598011e+00  7.975342e-02  5.000000e-01
   endloop
 endfacet
 facet normal -9.922392e-01 -1.243437e-01 -1.277964e-15
   outer loop
     vertex  9.592049e+00  1.593086e-01 -5.000000e-01
     vertex  9.592049e+00  1.593086e-01  5.000000e-01
     vertex  9.582129e+00  2.384676e-01  5.000000e-01
   endloop
 endfacet
 facet normal -9.972038e-01 -7.473009e-02 -5.595994e-17
   outer loop
     vertex  9.592049e+00  1.593086e-01 -5.000000e-01
     vertex  9.598011e+00  7.975342e-02 -5.000000e-01
     vertex  9.592049e+00  1.593086e-01  5.000000e-01
   endloop
 endfacet
 facet normal -9.848078e-01 -1.736482e-01 -6.654853e-16
   outer loop
     vertex  9.582129e+00  2.384676e-01 -5.000000e-01
     vertex  9.582129e+00  2.384676e-01  5.000000e-01
     vertex  9.568276e+00  3.170338e-01  5.000000e-01
   endloop
 endfacet
 facet normal -9.922392e-01 -1.243437e-01  5.432781e-16
   outer loop
     vertex  9.582129e+00  2.384676e-01 -5.000000e-01
     vertex  9.592049e+00  1.593086e-01 -5.000000e-01
     vertex  9.582129e+00  2.384676e-01  5.000000e-01
   endloop
 endfacet
 facet normal -9.749279e-01 -2.225209e-01 -2.960274e-17
   outer loop
     vertex  9.568276e+00  3.170338e-01 -5.000000e-01
     vertex  9.568276e+00  3.170338e-01  5.000000e-01
     vertex  9.550524e+00  3.948118e-01  5.000000e-01
   endloop
 endfacet
 facet normal -9.848078e-01 -1.736482e-01  1.170639e-15
   outer loop
     vertex  9.568276e+00  3.170338e-01 -5.000000e-01
     vertex  9.582129e+00  2.384676e-01 -5.000000e-01
     vertex  9.568276e+00  3.170338e-01  5.000000e-01
   endloop
 endfacet
 facet normal -9.626242e-01 -2.708405e-01 -1.079425e-15
   outer loop
     vertex  9.550524e+00  3.948118e-01 -5.000000e-01
     vertex  9.550524e+00  3.948118e-01  5.000000e-01
     vertex  9.528916e+00  4.716083e-01  5.000000e-01
   endloop
 endfacet
 facet normal -9.749279e-01 -2.225209e-01  9.392120e-17
   outer loop
     vertex  9.550524e+00  3.948118e-01 -5.000000e-01
     vertex  9.568276e+00  3.170338e-01 -5.000000e-01
     vertex  9.550524e+00  3.948118e-01  5.000000e-01
   endloop
 endfacet
 facet normal -9.479273e-01 -3.184867e-01 -3.540749e-16
   outer loop
     vertex  9.528916e+00  4.716083e-01 -5.000000e-01
     vertex  9.528916e+00  4.716083e-01  5.000000e-01
     vertex  9.503508e+00  5.472322e-01  5.000000e-01
   endloop
 endfacet
 facet normal -9.626242e-01 -2.708405e-01  8.109555e-16
   outer loop
     vertex  9.528916e+00  4.716083e-01 -5.000000e-01
     vertex  9.550524e+00  3.948118e-01 -5.000000e-01
     vertex  9.528916e+00  4.716083e-01  5.000000e-01
   endloop
 endfacet
 facet normal -9.308737e-01 -3.653410e-01  3.584244e-16
   outer loop
     vertex  9.503508e+00  5.472322e-01 -5.000000e-01
     vertex  9.503508e+00  5.472322e-01  5.000000e-01
     vertex  9.474362e+00  6.214957e-01  5.000000e-01
   endloop
 endfacet
 facet normal -9.479273e-01 -3.184867e-01  1.524257e-15
   outer loop
     vertex  9.503508e+00  5.472322e-01 -5.000000e-01
     vertex  9.528916e+00  4.716083e-01 -5.000000e-01
     vertex  9.503508e+00  5.472322e-01  5.000000e-01
   endloop
 endfacet
 facet normal -9.115059e-01 -4.112871e-01 -5.343275e-16
   outer loop
     vertex  9.474362e+00  6.214957e-01 -5.000000e-01
     vertex  9.474362e+00  6.214957e-01  5.000000e-01
     vertex  9.441550e+00  6.942140e-01  5.000000e-01
   endloop
 endfacet
 facet normal -9.308737e-01 -3.653410e-01  6.017904e-16
   outer loop
     vertex  9.474362e+00  6.214957e-01 -5.000000e-01
     vertex  9.503508e+00  5.472322e-01 -5.000000e-01
     vertex  9.474362e+00  6.214957e-01  5.000000e-01
   endloop
 endfacet
 facet normal -8.898718e-01 -4.562107e-01  2.661598e-16
   outer loop
     vertex  9.441550e+00  6.942140e-01 -5.000000e-01
     vertex  9.441550e+00  6.942140e-01  5.000000e-01
     vertex  9.405155e+00  7.652064e-01  5.000000e-01
   endloop
 endfacet
 facet normal -9.115059e-01 -4.112871e-01  1.404466e-15
   outer loop
     vertex  9.441550e+00  6.942140e-01 -5.000000e-01
     vertex  9.474362e+00  6.214957e-01 -5.000000e-01
     vertex  9.441550e+00  6.942140e-01  5.000000e-01
   endloop
 endfacet
 facet normal -8.660254e-01 -5.000000e-01 -4.842306e-16
   outer loop
     vertex  9.405155e+00  7.652064e-01 -5.000000e-01
     vertex  9.405155e+00  7.652064e-01  5.000000e-01
     vertex  9.365265e+00  8.342963e-01  5.000000e-01
   endloop
 endfacet
 facet normal -8.898718e-01 -4.562107e-01  6.207067e-16
   outer loop
     vertex  9.405155e+00  7.652064e-01 -5.000000e-01
     vertex  9.441550e+00  6.942140e-01 -5.000000e-01
     vertex  9.405155e+00  7.652064e-01  5.000000e-01
   endloop
 endfacet
 facet normal -8.660254e-01 -5.000000e-01 -4.014136e-17
   outer loop
     vertex  9.365265e+00  8.342963e-01 -5.000000e-01
     vertex  9.405155e+00  7.652064e-01 -5.000000e-01
     vertex  9.365265e+00  8.342963e-01  5.000000e-01
   endloop
 endfacet
 facet normal -8.400259e-01 -5.425463e-01 -1.106086e-15
   outer loop
     vertex  9.365265e+00  8.342963e-01 -5.000000e-01
     vertex  9.365265e+00  8.342963e-01  5.000000e-01
     vertex  9.321982e+00  9.013121e-01  5.000000e-01
   endloop
 endfacet
 facet normal -8.400259e-01 -5.425463e-01  9.282124e-16
   outer loop
     vertex  9.321982e+00  9.013121e-01 -5.000000e-01
     vertex  9.365265e+00  8.342963e-01 -5.000000e-01
     vertex  9.321982e+00  9.013121e-01  5.000000e-01
   endloop
 endfacet
 facet normal -8.119380e-01 -5.837437e-01 -1.437121e-16
   outer loop
     vertex  9.321982e+00  9.013121e-01 -5.000000e-01
     vertex  9.321982e+00  9.013121e-01  5.000000e-01
     vertex  9.275412e+00  9.660871e-01  5.000000e-01
   endloop
 endfacet
 facet normal -8.119380e-01 -5.837437e-01  3.747564e-16
   outer loop
     vertex  9.275412e+00  9.660871e-01 -5.000000e-01
     vertex  9.321982e+00  9.013121e-01 -5.000000e-01
     vertex  9.275412e+00  9.660871e-01  5.000000e-01
   endloop
 endfacet
 facet normal -7.818315e-01 -6.234898e-01 -6.615091e-16
   outer loop
     vertex  9.275412e+00  9.660871e-01 -5.000000e-01
     vertex  9.275412e+00  9.660871e-01  5.000000e-01
     vertex  9.225671e+00  1.028460e+00  5.000000e-01
   endloop
 endfacet
 facet normal -7.818315e-01 -6.234898e-01 -1.077389e-16
   outer loop
     vertex  9.225671e+00  1.028460e+00 -5.000000e-01
     vertex  9.275412e+00  9.660871e-01 -5.000000e-01
     vertex  9.225671e+00  1.028460e+00  5.000000e-01
   endloop
 endfacet
 facet normal -7.497812e-01 -6.616858e-01 -1.108435e-15
   outer loop
     vertex  9.225671e+00  1.028460e+00 -5.000000e-01
     vertex  9.225671e+00  1.028460e+00  5.000000e-01
     vertex  9.172883e+00  1.088276e+00  5.000000e-01
   endloop
 endfacet
 facet normal -7.497812e-01 -6.616858e-01  9.580629e-16
   outer loop
     vertex  9.172883e+00  1.088276e+00 -5.000000e-01
     vertex  9.225671e+00  1.028460e+00 -5.000000e-01
     vertex  9.172883e+00  1.088276e+00  5.000000e-01
   endloop
 endfacet
 facet normal -7.158668e-01 -6.982368e-01 -5.954163e-17
   outer loop
     vertex  9.172883e+00  1.088276e+00 -5.000000e-01
     vertex  9.172883e+00  1.088276e+00  5.000000e-01
     vertex  9.117179e+00  1.145387e+00  5.000000e-01
   endloop
 endfacet
 facet normal -7.158668e-01 -6.982368e-01  4.055775e-16
   outer loop
     vertex  9.117179e+00  1.145387e+00 -5.000000e-01
     vertex  9.172883e+00  1.088276e+00 -5.000000e-01
     vertex  9.117179e+00  1.145387e+00  5.000000e-01
   endloop
 endfacet
 facet normal -6.801727e-01 -7.330519e-01 -5.886875e-16
   outer loop
     vertex  9.117179e+00  1.145387e+00 -5.000000e-01
     vertex  9.117179e+00  1.145387e+00  5.000000e-01
     vertex  9.058697e+00  1.199650e+00  5.000000e-01
   endloop
 endfacet
 facet normal -6.801727e-01 -7.330519e-01  2.251636e-16
   outer loop
     vertex  9.058697e+00  1.199650e+00 -5.000000e-01
     vertex  9.117179e+00  1.145387e+00 -5.000000e-01
     vertex  9.058697e+00  1.199650e+00  5.000000e-01
   endloop
 endfacet
 facet normal -6.427876e-01 -7.660444e-01 -7.310087e-16
   outer loop
     vertex  9.058697e+00  1.199650e+00 -5.000000e-01
     vertex  9.058697e+00  1.199650e+00  5.000000e-01
     vertex  8.997584e+00  1.250930e+00  5.000000e-01
   endloop
 endfacet
 facet normal -6.427876e-01 -7.660444e-01 -5.062460e-17
   outer loop
     vertex  8.997584e+00  1.250930e+00 -5.000000e-01
     vertex  9.058697e+00  1.199650e+00 -5.000000e-01
     vertex  8.997584e+00  1.250930e+00  5.000000e-01
   endloop
 endfacet
 facet normal -6.038044e-01 -7.971325e-01 -9.773678e-16
   outer loop
     vertex  8.997584e+00  1.250930e+00 -5.000000e-01
     vertex  8.997584e+00  1.250930e+00  5.000000e-01
     vertex  8.933990e+00  1.299101e+00  5.000000e-01
   endloop
 endfacet
 facet normal -5.633201e-01 -8.262388e-01  1.628569e-17
   outer loop
     vertex  8.933990e+00  1.299101e+00 -5.000000e-01
     vertex  8.933990e+00  1.299101e+00  5.000000e-01
     vertex  8.868074e+00  1.344041e+00  5.000000e-01
   endloop
 endfacet
 facet normal -6.038044e-01 -7.971325e-01  9.801992e-16
   outer loop
     vertex  8.933990e+00  1.299101e+00 -5.000000e-01
     vertex  8.997584e+00  1.250930e+00 -5.000000e-01
     vertex  8.933990e+00  1.299101e+00  5.000000e-01
   endloop
 endfacet
 facet normal -5.633201e-01 -8.262388e-01  7.501331e-16
   outer loop
     vertex  8.868074e+00  1.344041e+00 -5.000000e-01
     vertex  8.933990e+00  1.299101e+00 -5.000000e-01
     vertex  8.868074e+00  1.344041e+00  5.000000e-01
   endloop
 endfacet
 facet normal -5.214352e-01 -8.532909e-01 -1.897937e-16
   outer loop
     vertex  8.868074e+00  1.344041e+00 -5.000000e-01
     vertex  8.868074e+00  1.344041e+00  5.000000e-01
     vertex  8.800000e+00  1.385641e+00  5.000000e-01
   endloop
 endfacet
 facet normal -4.782540e-01 -8.782216e-01 -3.492313e-16
   outer loop
     vertex  8.800000e+00  1.385641e+00 -5.000000e-01
     vertex  8.800000e+00  1.385641e+00  5.000000e-01
     vertex  8.729937e+00  1.423795e+00  5.000000e-01
   endloop
 endfacet
 facet normal -5.214352e-01 -8.532909e-01  5.680808e-16
   outer loop
     vertex  8.800000e+00  1.385641e+00 -5.000000e-01
     vertex  8.868074e+00  1.344041e+00 -5.000000e-01
     vertex  8.800000e+00  1.385641e+00  5.000000e-01
   endloop
 endfacet
 facet normal -4.338837e-01 -9.009689e-01 -2.653988e-16
   outer loop
     vertex  8.729937e+00  1.423795e+00 -5.000000e-01
     vertex  8.729937e+00  1.423795e+00  5.000000e-01
     vertex  8.658059e+00  1.458409e+00  5.000000e-01
   endloop
 endfacet
 facet normal -4.782540e-01 -8.782216e-01  6.257905e-16
   outer loop
     vertex  8.729937e+00  1.423795e+00 -5.000000e-01
     vertex  8.800000e+00  1.385641e+00 -5.000000e-01
     vertex  8.729937e+00  1.423795e+00  5.000000e-01
   endloop
 endfacet
 facet normal -3.884348e-01 -9.214762e-01 -5.421018e-16
   outer loop
     vertex  8.658059e+00  1.458409e+00 -5.000000e-01
     vertex  8.658059e+00  1.458409e+00  5.000000e-01
     vertex  8.584546e+00  1.489398e+00  5.000000e-01
   endloop
 endfacet
 facet normal -4.338837e-01 -9.009689e-01  3.347670e-16
   outer loop
     vertex  8.658059e+00  1.458409e+00 -5.000000e-01
     vertex  8.729937e+00  1.423795e+00 -5.000000e-01
     vertex  8.658059e+00  1.458409e+00  5.000000e-01
   endloop
 endfacet
 facet normal -3.420201e-01 -9.396926e-01 -3.743546e-16
   outer loop
     vertex  8.584546e+00  1.489398e+00 -5.000000e-01
     vertex  8.584546e+00  1.489398e+00  5.000000e-01
     vertex  8.509579e+00  1.516684e+00  5.000000e-01
   endloop
 endfacet
 facet normal -3.884348e-01 -9.214762e-01  4.809423e-16
   outer loop
     vertex  8.584546e+00  1.489398e+00 -5.000000e-01
     vertex  8.658059e+00  1.458409e+00 -5.000000e-01
     vertex  8.584546e+00  1.489398e+00  5.000000e-01
   endloop
 endfacet
 facet normal -2.947552e-01 -9.555728e-01 -3.800015e-16
   outer loop
     vertex  8.509579e+00  1.516684e+00 -5.000000e-01
     vertex  8.509579e+00  1.516684e+00  5.000000e-01
     vertex  8.433345e+00  1.540199e+00  5.000000e-01
   endloop
 endfacet
 facet normal -3.420201e-01 -9.396926e-01  4.602601e-16
   outer loop
     vertex  8.509579e+00  1.516684e+00 -5.000000e-01
     vertex  8.584546e+00  1.489398e+00 -5.000000e-01
     vertex  8.509579e+00  1.516684e+00  5.000000e-01
   endloop
 endfacet
 facet normal -2.467574e-01 -9.690773e-01 -3.586049e-16
   outer loop
     vertex  8.433345e+00  1.540199e+00 -5.000000e-01
     vertex  8.433345e+00  1.540199e+00  5.000000e-01
     vertex  8.356033e+00  1.559885e+00  5.000000e-01
   endloop
 endfacet
 facet normal -2.947552e-01 -9.555728e-01  4.687176e-16
   outer loop
     vertex  8.433345e+00  1.540199e+00 -5.000000e-01
     vertex  8.509579e+00  1.516684e+00 -5.000000e-01
     vertex  8.433345e+00  1.540199e+00  5.000000e-01
   endloop
 endfacet
 facet normal -1.981461e-01 -9.801725e-01 -3.144679e-16
   outer loop
     vertex  8.356033e+00  1.559885e+00 -5.000000e-01
     vertex  8.356033e+00  1.559885e+00  5.000000e-01
     vertex  8.277837e+00  1.575692e+00  5.000000e-01
   endloop
 endfacet
 facet normal -2.467574e-01 -9.690773e-01  5.021086e-16
   outer loop
     vertex  8.356033e+00  1.559885e+00 -5.000000e-01
     vertex  8.433345e+00  1.540199e+00 -5.000000e-01
     vertex  8.356033e+00  1.559885e+00  5.000000e-01
   endloop
 endfacet
 facet normal -1.490423e-01 -9.888308e-01 -4.715689e-16
   outer loop
     vertex  8.277837e+00  1.575692e+00 -5.000000e-01
     vertex  8.277837e+00  1.575692e+00  5.000000e-01
     vertex  8.198950e+00  1.587583e+00  5.000000e-01
   endloop
 endfacet
 facet normal -1.981461e-01 -9.801725e-01  3.384581e-16
   outer loop
     vertex  8.277837e+00  1.575692e+00 -5.000000e-01
     vertex  8.356033e+00  1.559885e+00 -5.000000e-01
     vertex  8.277837e+00  1.575692e+00  5.000000e-01
   endloop
 endfacet
 facet normal -9.956785e-02 -9.950308e-01 -5.735267e-16
   outer loop
     vertex  8.198950e+00  1.587583e+00 -5.000000e-01
     vertex  8.198950e+00  1.587583e+00  5.000000e-01
     vertex  8.119568e+00  1.595526e+00  5.000000e-01
   endloop
 endfacet
 facet normal -1.490423e-01 -9.888308e-01  1.419370e-16
   outer loop
     vertex  8.198950e+00  1.587583e+00 -5.000000e-01
     vertex  8.277837e+00  1.575692e+00 -5.000000e-01
     vertex  8.198950e+00  1.587583e+00  5.000000e-01
   endloop
 endfacet
 facet normal -4.984589e-02 -9.987569e-01 -4.004903e-16
   outer loop
     vertex  8.119568e+00  1.595526e+00 -5.000000e-01
     vertex  8.119568e+00  1.595526e+00  5.000000e-01
     vertex  8.039889e+00  1.599503e+00  5.000000e-01
   endloop
 endfacet
 facet normal -9.956785e-02 -9.950308e-01  3.102381e-16
   outer loop
     vertex  8.119568e+00  1.595526e+00 -5.000000e-01
     vertex  8.198950e+00  1.587583e+00 -5.000000e-01
     vertex  8.119568e+00  1.595526e+00  5.000000e-01
   endloop
 endfacet
 facet normal -8.349821e-15 -1.000000e+00 -4.440892e-16
   outer loop
     vertex  8.039889e+00  1.599503e+00 -5.000000e-01
     vertex  8.039889e+00  1.599503e+00  5.000000e-01
     vertex  7.960111e+00  1.599503e+00  5.000000e-01
   endloop
 endfacet
 facet normal -4.984589e-02 -9.987569e-01  2.648155e-16
   outer loop
     vertex  8.039889e+00  1.599503e+00 -5.000000e-01
     vertex  8.119568e+00  1.595526e+00 -5.000000e-01
     vertex  8.039889e+00  1.599503e+00  5.000000e-01
   endloop
 endfacet
 facet normal  4.984589e-02 -9.987569e-01 -4.865841e-16
   outer loop
     vertex  7.960111e+00  1.599503e+00 -5.000000e-01
     vertex  7.960111e+00  1.599503e+00  5.000000e-01
     vertex  7.880432e+00  1.595526e+00  5.000000e-01
   endloop
 endfacet
 facet normal  0.000000e+00 -1.000000e+00  2.220446e-16
   outer loop
     vertex  7.960111e+00  1.599503e+00 -5.000000e-01
     vertex  8.039889e+00  1.599503e+00 -5.000000e-01
     vertex  7.960111e+00  1.599503e+00  5.000000e-01
   endloop
 endfacet
 facet normal  9.956785e-02 -9.950308e-01 -5.311793e-16
   outer loop
     vertex  7.880432e+00  1.595526e+00 -5.000000e-01
     vertex  7.880432e+00  1.595526e+00  5.000000e-01
     vertex  7.801050e+00  1.587583e+00  5.000000e-01
   endloop
 endfacet
 facet normal  4.984589e-02 -9.987569e-01  1.787217e-16
   outer loop
     vertex  7.880432e+00  1.595526e+00 -5.000000e-01
     vertex  7.960111e+00  1.599503e+00 -5.000000e-01
     vertex  7.880432e+00  1.595526e+00  5.000000e-01
   endloop
 endfacet
 facet normal  1.490423e-01 -9.888308e-01 -4.486900e-16
   outer loop
     vertex  7.801050e+00  1.587583e+00 -5.000000e-01
     vertex  7.801050e+00  1.587583e+00  5.000000e-01
     vertex  7.722163e+00  1.575692e+00  5.000000e-01
   endloop
 endfacet
 facet normal  9.956785e-02 -9.950308e-01  2.200783e-16
   outer loop
     vertex  7.801050e+00  1.587583e+00 -5.000000e-01
     vertex  7.880432e+00  1.595526e+00 -5.000000e-01
     vertex  7.801050e+00  1.587583e+00  5.000000e-01
   endloop
 endfacet
 facet normal  1.981461e-01 -9.801725e-01 -2.874277e-16
   outer loop
     vertex  7.722163e+00  1.575692e+00 -5.000000e-01
     vertex  7.722163e+00  1.575692e+00  5.000000e-01
     vertex  7.643967e+00  1.559885e+00  5.000000e-01
   endloop
 endfacet
 facet normal  1.490423e-01 -9.888308e-01  3.423798e-16
   outer loop
     vertex  7.722163e+00  1.575692e+00 -5.000000e-01
     vertex  7.801050e+00  1.587583e+00 -5.000000e-01
     vertex  7.722163e+00  1.575692e+00  5.000000e-01
   endloop
 endfacet
 facet normal  1.981461e-01 -9.801725e-01  1.478564e-16
   outer loop
     vertex  7.643967e+00  1.559885e+00 -5.000000e-01
     vertex  7.722163e+00  1.575692e+00 -5.000000e-01
     vertex  7.643967e+00  1.559885e+00  5.000000e-01
   endloop
 endfacet
 facet normal  2.467574e-01 -9.690773e-01 -4.861637e-16
   outer loop
     vertex  7.643967e+00  1.559885e+00 -5.000000e-01
     vertex  7.643967e+00  1.559885e+00  5.000000e-01
     vertex  7.566655e+00  1.540199e+00  5.000000e-01
   endloop
 endfacet
 facet normal  2.467574e-01 -9.690773e-01  3.785360e-16
   outer loop
     vertex  7.566655e+00  1.540199e+00 -5.000000e-01
     vertex  7.643967e+00  1.559885e+00 -5.000000e-01
     vertex  7.566655e+00  1.540199e+00  5.000000e-01
   endloop
 endfacet
 facet normal  2.947552e-01 -9.555728e-01 -2.206406e-16
   outer loop
     vertex  7.566655e+00  1.540199e+00 -5.000000e-01
     vertex  7.566655e+00  1.540199e+00  5.000000e-01
     vertex  7.490421e+00  1.516684e+00  5.000000e-01
   endloop
 endfacet
 facet normal  2.947552e-01 -9.555728e-01  2.037190e-16
   outer loop
     vertex  7.490421e+00  1.516684e+00 -5.000000e-01
     vertex  7.566655e+00  1.540199e+00 -5.000000e-01
     vertex  7.490421e+00  1.516684e+00  5.000000e-01
   endloop
 endfacet
 facet normal  3.420201e-01 -9.396926e-01 -4.019613e-16
   outer loop
     vertex  7.490421e+00  1.516684e+00 -5.000000e-01
     vertex  7.490421e+00  1.516684e+00  5.000000e-01
     vertex  7.415454e+00  1.489398e+00  5.000000e-01
   endloop
 endfacet
 facet normal  3.884348e-01 -9.214762e-01 -2.524252e-16
   outer loop
     vertex  7.415454e+00  1.489398e+00 -5.000000e-01
     vertex  7.415454e+00  1.489398e+00  5.000000e-01
     vertex  7.341941e+00  1.458409e+00  5.000000e-01
   endloop
 endfacet
 facet normal  3.420201e-01 -9.396926e-01  3.191209e-16
   outer loop
     vertex  7.415454e+00  1.489398e+00 -5.000000e-01
     vertex  7.490421e+00  1.516684e+00 -5.000000e-01
     vertex  7.415454e+00  1.489398e+00  5.000000e-01
   endloop
 endfacet
 facet normal  4.338837e-01 -9.009689e-01 -4.232333e-16
   outer loop
     vertex  7.341941e+00  1.458409e+00 -5.000000e-01
     vertex  7.341941e+00  1.458409e+00  5.000000e-01
     vertex  7.270063e+00  1.423795e+00  5.000000e-01
   endloop
 endfacet
 facet normal  3.884348e-01 -9.214762e-01  1.567924e-16
   outer loop
     vertex  7.341941e+00  1.458409e+00 -5.000000e-01
     vertex  7.415454e+00  1.489398e+00 -5.000000e-01
     vertex  7.341941e+00  1.458409e+00  5.000000e-01
   endloop
 endfacet
 facet normal  4.782540e-01 -8.782216e-01 -3.824275e-16
   outer loop
     vertex  7.270063e+00  1.423795e+00 -5.000000e-01
     vertex  7.270063e+00  1.423795e+00  5.000000e-01
     vertex  7.200000e+00  1.385641e+00  5.000000e-01
   endloop
 endfacet
 facet normal  4.338837e-01 -9.009689e-01  1.621882e-16
   outer loop
     vertex  7.270063e+00  1.423795e+00 -5.000000e-01
     vertex  7.341941e+00  1.458409e+00 -5.000000e-01
     vertex  7.270063e+00  1.423795e+00  5.000000e-01
   endloop
 endfacet
 facet normal  5.214352e-01 -8.532909e-01  1.054410e-16
   outer loop
     vertex  7.200000e+00  1.385641e+00 -5.000000e-01
     vertex  7.200000e+00  1.385641e+00  5.000000e-01
     vertex  7.131926e+00  1.344041e+00  5.000000e-01
   endloop
 endfacet
 facet normal  4.782540e-01 -8.782216e-01  6.273604e-16
   outer loop
     vertex  7.200000e+00  1.385641e+00 -5.000000e-01
     vertex  7.270063e+00  1.423795e+00 -5.000000e-01
     vertex  7.200000e+00  1.385641e+00  5.000000e-01
   endloop
 endfacet
 facet normal  5.633201e-01 -8.262388e-01 -5.501456e-16
   outer loop
     vertex  7.131926e+00  1.344041e+00 -5.000000e-01
     vertex  7.131926e+00  1.344041e+00  5.000000e-01
     vertex  7.066010e+00  1.299101e+00  5.000000e-01
   endloop
 endfacet
 facet normal  5.214352e-01 -8.532909e-01  2.125075e-17
   outer loop
     vertex  7.131926e+00  1.344041e+00 -5.000000e-01
     vertex  7.200000e+00  1.385641e+00 -5.000000e-01
     vertex  7.131926e+00  1.344041e+00  5.000000e-01
   endloop
 endfacet
 facet normal  6.038044e-01 -7.971325e-01 -2.298903e-16
   outer loop
     vertex  7.066010e+00  1.299101e+00 -5.000000e-01
     vertex  7.066010e+00  1.299101e+00  5.000000e-01
     vertex  7.002416e+00  1.250930e+00  5.000000e-01
   endloop
 endfacet
 facet normal  5.633201e-01 -8.262388e-01  3.171068e-16
   outer loop
     vertex  7.066010e+00  1.299101e+00 -5.000000e-01
     vertex  7.131926e+00  1.344041e+00 -5.000000e-01
     vertex  7.066010e+00  1.299101e+00  5.000000e-01
   endloop
 endfacet
 facet normal  6.427876e-01 -7.660444e-01 -6.062198e-16
   outer loop
     vertex  7.002416e+00  1.250930e+00 -5.000000e-01
     vertex  7.002416e+00  1.250930e+00  5.000000e-01
     vertex  6.941303e+00  1.199650e+00  5.000000e-01
   endloop
 endfacet
 facet normal  6.038044e-01 -7.971325e-01 -5.289129e-17
   outer loop
     vertex  7.002416e+00  1.250930e+00 -5.000000e-01
     vertex  7.066010e+00  1.299101e+00 -5.000000e-01
     vertex  7.002416e+00  1.250930e+00  5.000000e-01
   endloop
 endfacet
 facet normal  6.427876e-01 -7.660444e-01  4.749784e-16
   outer loop
     vertex  6.941303e+00  1.199650e+00 -5.000000e-01
     vertex  7.002416e+00  1.250930e+00 -5.000000e-01
     vertex  6.941303e+00  1.199650e+00  5.000000e-01
   endloop
 endfacet
 facet normal  7.158668e-01 -6.982368e-01 -4.510070e-16
   outer loop
     vertex  6.882821e+00  1.145387e+00 -5.000000e-01
     vertex  6.882821e+00  1.145387e+00  5.000000e-01
     vertex  6.827117e+00  1.088276e+00  5.000000e-01
   endloop
 endfacet
 facet normal  6.801727e-01 -7.330519e-01  9.715452e-17
   outer loop
     vertex  6.882821e+00  1.145387e+00 -5.000000e-01
     vertex  6.941303e+00  1.199650e+00  5.000000e-01
     vertex  6.882821e+00  1.145387e+00  5.000000e-01
   endloop
 endfacet
 facet normal  6.801727e-01 -7.330519e-01 -6.523298e-17
   outer loop
     vertex  6.882821e+00  1.145387e+00 -5.000000e-01
     vertex  6.941303e+00  1.199650e+00 -5.000000e-01
     vertex  6.941303e+00  1.199650e+00  5.000000e-01
   endloop
 endfacet
 facet normal  7.497812e-01 -6.616858e-01 -7.041996e-16
   outer loop
     vertex  6.827117e+00  1.088276e+00 -5.000000e-01
     vertex  6.827117e+00  1.088276e+00  5.000000e-01
     vertex  6.774329e+00  1.028460e+00  5.000000e-01
   endloop
 endfacet
 facet normal  7.158668e-01 -6.982368e-01 -1.409275e-16
   outer loop
     vertex  6.827117e+00  1.088276e+00 -5.000000e-01
     vertex  6.882821e+00  1.145387e+00 -5.000000e-01
     vertex  6.827117e+00  1.088276e+00  5.000000e-01
   endloop
 endfacet
 facet normal  7.818315e-01 -6.234898e-01 -2.944300e-16
   outer loop
     vertex  6.774329e+00  1.028460e+00 -5.000000e-01
     vertex  6.774329e+00  1.028460e+00  5.000000e-01
     vertex  6.724588e+00  9.660871e-01  5.000000e-01
   endloop
 endfacet
 facet normal  7.497812e-01 -6.616858e-01  2.555874e-16
   outer loop
     vertex  6.774329e+00  1.028460e+00 -5.000000e-01
     vertex  6.827117e+00  1.088276e+00 -5.000000e-01
     vertex  6.774329e+00  1.028460e+00  5.000000e-01
   endloop
 endfacet
 facet normal  8.119380e-01 -5.837437e-01  7.185605e-17
   outer loop
     vertex  6.724588e+00  9.660871e-01 -5.000000e-01
     vertex  6.724588e+00  9.660871e-01  5.000000e-01
     vertex  6.678018e+00  9.013121e-01  5.000000e-01
   endloop
 endfacet
 facet normal  7.818315e-01 -6.234898e-01  6.076396e-16
   outer loop
     vertex  6.724588e+00  9.660871e-01 -5.000000e-01
     vertex  6.774329e+00  1.028460e+00 -5.000000e-01
     vertex  6.724588e+00  9.660871e-01  5.000000e-01
   endloop
 endfacet
 facet normal  8.400259e-01 -5.425463e-01 -2.834020e-16
   outer loop
     vertex  6.678018e+00  9.013121e-01 -5.000000e-01
     vertex  6.678018e+00  9.013121e-01  5.000000e-01
     vertex  6.634735e+00  8.342963e-01  5.000000e-01
   endloop
 endfacet
 facet normal  8.119380e-01 -5.837437e-01  2.662818e-16
   outer loop
     vertex  6.678018e+00  9.013121e-01 -5.000000e-01
     vertex  6.724588e+00  9.660871e-01 -5.000000e-01
     vertex  6.678018e+00  9.013121e-01  5.000000e-01
   endloop
 endfacet
 facet normal  8.400259e-01 -5.425463e-01  6.433951e-16
   outer loop
     vertex  6.634735e+00  8.342963e-01 -5.000000e-01
     vertex  6.678018e+00  9.013121e-01 -5.000000e-01
     vertex  6.634735e+00  8.342963e-01  5.000000e-01
   endloop
 endfacet
 facet normal  8.660254e-01 -5.000000e-01  1.032855e-16
   outer loop
     vertex  6.594845e+00  7.652064e-01 -5.000000e-01
     vertex  6.634735e+00  8.342963e-01 -5.000000e-01
     vertex  6.634735e+00  8.342963e-01  5.000000e-01
   endloop
 endfacet
 facet normal  8.898718e-01 -4.562107e-01 -2.850286e-16
   outer loop
     vertex  6.594845e+00  7.652064e-01 -5.000000e-01
     vertex  6.594845e+00  7.652064e-01  5.000000e-01
     vertex  6.558450e+00  6.942140e-01  5.000000e-01
   endloop
 endfacet
 facet normal  8.660254e-01 -5.000000e-01  2.698709e-16
   outer loop
     vertex  6.594845e+00  7.652064e-01 -5.000000e-01
     vertex  6.634735e+00  8.342963e-01  5.000000e-01
     vertex  6.594845e+00  7.652064e-01  5.000000e-01
   endloop
 endfacet
 facet normal  8.898718e-01 -4.562107e-01  5.559859e-16
   outer loop
     vertex  6.558450e+00  6.942140e-01 -5.000000e-01
     vertex  6.594845e+00  7.652064e-01 -5.000000e-01
     vertex  6.558450e+00  6.942140e-01  5.000000e-01
   endloop
 endfacet
 facet normal  9.115059e-01 -4.112871e-01  1.630824e-17
   outer loop
     vertex  6.525638e+00  6.214957e-01 -5.000000e-01
     vertex  6.558450e+00  6.942140e-01 -5.000000e-01
     vertex  6.558450e+00  6.942140e-01  5.000000e-01
   endloop
 endfacet
 facet normal  9.308737e-01 -3.653410e-01 -4.834197e-16
   outer loop
     vertex  6.525638e+00  6.214957e-01 -5.000000e-01
     vertex  6.525638e+00  6.214957e-01  5.000000e-01
     vertex  6.496492e+00  5.472322e-01  5.000000e-01
   endloop
 endfacet
 facet normal  9.115059e-01 -4.112871e-01  6.168457e-17
   outer loop
     vertex  6.525638e+00  6.214957e-01 -5.000000e-01
     vertex  6.558450e+00  6.942140e-01  5.000000e-01
     vertex  6.525638e+00  6.214957e-01  5.000000e-01
   endloop
 endfacet
 facet normal  9.308737e-01 -3.653410e-01  5.056063e-16
   outer loop
     vertex  6.496492e+00  5.472322e-01 -5.000000e-01
     vertex  6.525638e+00  6.214957e-01 -5.000000e-01
     vertex  6.496492e+00  5.472322e-01  5.000000e-01
   endloop
 endfacet
 facet normal  9.479273e-01 -3.184867e-01 -4.395706e-17
   outer loop
     vertex  6.496492e+00  5.472322e-01 -5.000000e-01
     vertex  6.496492e+00  5.472322e-01  5.000000e-01
     vertex  6.471084e+00  4.716083e-01  5.000000e-01
   endloop
 endfacet
 facet normal  9.479273e-01 -3.184867e-01  8.156511e-16
   outer loop
     vertex  6.471084e+00  4.716083e-01 -5.000000e-01
     vertex  6.496492e+00  5.472322e-01 -5.000000e-01
     vertex  6.471084e+00  4.716083e-01  5.000000e-01
   endloop
 endfacet
 facet normal  9.626242e-01 -2.708405e-01  2.745221e-16
   outer loop
     vertex  6.449476e+00  3.948118e-01 -5.000000e-01
     vertex  6.471084e+00  4.716083e-01 -5.000000e-01
     vertex  6.471084e+00  4.716083e-01  5.000000e-01
   endloop
 endfacet
 facet normal  9.749279e-01 -2.225209e-01 -2.260703e-16
   outer loop
     vertex  6.449476e+00  3.948118e-01 -5.000000e-01
     vertex  6.449476e+00  3.948118e-01  5.000000e-01
     vertex  6.431724e+00  3.170338e-01  5.000000e-01
   endloop
 endfacet
 facet normal  9.626242e-01 -2.708405e-01  3.217097e-16
   outer loop
     vertex  6.449476e+00  3.948118e-01 -5.000000e-01
     vertex  6.471084e+00  4.716083e-01  5.000000e-01
     vertex  6.449476e+00  3.948118e-01  5.000000e-01
   endloop
 endfacet
 facet normal  9.848078e-01 -1.736482e-01 -7.540094e-16
   outer loop
     vertex  6.431724e+00  3.170338e-01 -5.000000e-01
     vertex  6.431724e+00  3.170338e-01  5.000000e-01
     vertex  6.417871e+00  2.384676e-01  5.000000e-01
   endloop
 endfacet
 facet normal  9.749279e-01 -2.225209e-01 -2.013655e-16
   outer loop
     vertex  6.431724e+00  3.170338e-01 -5.000000e-01
     vertex  6.449476e+00  3.948118e-01 -5.000000e-01
     vertex  6.431724e+00  3.170338e-01  5.000000e-01
   endloop
 endfacet
 facet normal  9.848078e-01 -1.736482e-01  1.303150e-16
   outer loop
     vertex  6.417871e+00  2.384676e-01 -5.000000e-01
     vertex  6.431724e+00  3.170338e-01 -5.000000e-01
     vertex  6.417871e+00  2.384676e-01  5.000000e-01
   endloop
 endfacet
 facet normal  9.922392e-01 -1.243437e-01 -4.165908e-16
   outer loop
     vertex  6.417871e+00  2.384676e-01 -5.000000e-01
     vertex  6.417871e+00  2.384676e-01  5.000000e-01
     vertex  6.407951e+00  1.593086e-01  5.000000e-01
   endloop
 endfacet
 facet normal  9.972038e-01 -7.473009e-02 -9.562383e-16
   outer loop
     vertex  6.407951e+00  1.593086e-01 -5.000000e-01
     vertex  6.407951e+00  1.593086e-01  5.000000e-01
     vertex  6.401989e+00  7.975342e-02  5.000000e-01
   endloop
 endfacet
 facet normal  9.922392e-01 -1.243437e-01 -4.062371e-16
   outer loop
     vertex  6.407951e+00  1.593086e-01 -5.000000e-01
     vertex  6.417871e+00  2.384676e-01 -5.000000e-01
     vertex  6.407951e+00  1.593086e-01  5.000000e-01
   endloop
 endfacet
 facet normal  9.972038e-01 -7.473009e-02 -6.639507e-17
   outer loop
     vertex  6.401989e+00  7.975342e-02 -5.000000e-01
     vertex  6.407951e+00  1.593086e-01 -5.000000e-01
     vertex  6.401989e+00  7.975342e-02  5.000000e-01
   endloop
 endfacet
 facet normal  9.996892e-01 -2.493069e-02 -6.145759e-16
   outer loop
     vertex  6.401989e+00  7.975342e-02 -5.000000e-01
     vertex  6.401989e+00  7.975342e-02  5.000000e-01
     vertex  6.400000e+00  5.488398e-15  5.000000e-01
   endloop
 endfacet
 facet normal  9.996892e-01 -2.493069e-02  2.736591e-16
   outer loop
     vertex  6.400000e+00 -5.488398e-15 -5.000000e-01
     vertex  6.401989e+00  7.975342e-02 -5.000000e-01
     vertex  6.400000e+00  5.488398e-15  5.000000e-01
   endloop
 endfacet
 facet normal  9.996892e-01  2.493069e-02 -2.736591e-16
   outer loop
     vertex  6.400000e+00 -5.488398e-15 -5.000000e-01
     vertex  6.400000e+00  5.488398e-15  5.000000e-01
     vertex  6.401989e+00 -7.975342e-02  5.000000e-01
   endloop
 endfacet
 facet normal  9.996892e-01  2.493069e-02  6.145759e-16
   outer loop
     vertex  6.401989e+00 -7.975342e-02 -5.000000e-01
     vertex  6.400000e+00 -5.488398e-15 -5.000000e-01
     vertex  6.401989e+00 -7.975342e-02  5.000000e-01
   endloop
 endfacet
 facet normal  9.972038e-01  7.473009e-02  6.639507e-17
   outer loop
     vertex  6.401989e+00 -7.975342e-02 -5.000000e-01
     vertex  6.401989e+00 -7.975342e-02  5.000000e-01
     vertex  6.407951e+00 -1.593086e-01  5.000000e-01
   endloop
 endfacet
 facet normal  9.972038e-01  7.473009e-02  9.562383e-16
   outer loop
     vertex  6.407951e+00 -1.593086e-01 -5.000000e-01
     vertex  6.401989e+00 -7.975342e-02 -5.000000e-01
     vertex  6.407951e+00 -1.593086e-01  5.000000e-01
   endloop
 endfacet
 facet normal  9.922392e-01  1.243437e-01  4.063471e-16
   outer loop
     vertex  6.417871e+00 -2.384676e-01 -5.000000e-01
     vertex  6.407951e+00 -1.593086e-01 -5.000000e-01
     vertex  6.407951e+00 -1.593086e-01  5.000000e-01
   endloop
 endfacet
 facet normal  9.922392e-01  1.243437e-01  4.165908e-16
   outer loop
     vertex  6.417871e+00 -2.384676e-01 -5.000000e-01
     vertex  6.407951e+00 -1.593086e-01  5.000000e-01
     vertex  6.417871e+00 -2.384676e-01  5.000000e-01
   endloop
 endfacet
 facet normal  9.848078e-01  1.736482e-01 -1.304660e-16
   outer loop
     vertex  6.431724e+00 -3.170338e-01 -5.000000e-01
     vertex  6.417871e+00 -2.384676e-01 -5.000000e-01
     vertex  6.417871e+00 -2.384676e-01  5.000000e-01
   endloop
 endfacet
 facet normal  9.848078e-01  1.736482e-01  7.540094e-16
   outer loop
     vertex  6.431724e+00 -3.170338e-01 -5.000000e-01
     vertex  6.417871e+00 -2.384676e-01  5.000000e-01
     vertex  6.431724e+00 -3.170338e-01  5.000000e-01
   endloop
 endfacet
 facet normal  9.749279e-01  2.225209e-01  2.011350e-16
   outer loop
     vertex  6.449476e+00 -3.948118e-01 -5.000000e-01
     vertex  6.431724e+00 -3.170338e-01 -5.000000e-01
     vertex  6.431724e+00 -3.170338e-01  5.000000e-01
   endloop
 endfacet
 facet normal  9.626242e-01  2.708405e-01 -3.217097e-16
   outer loop
     vertex  6.449476e+00 -3.948118e-01 -5.000000e-01
     vertex  6.449476e+00 -3.948118e-01  5.000000e-01
     vertex  6.471084e+00 -4.716083e-01  5.000000e-01
   endloop
 endfacet
 facet normal  9.749279e-01  2.225209e-01  2.260703e-16
   outer loop
     vertex  6.449476e+00 -3.948118e-01 -5.000000e-01
     vertex  6.431724e+00 -3.170338e-01  5.000000e-01
     vertex  6.449476e+00 -3.948118e-01  5.000000e-01
   endloop
 endfacet
 facet normal  9.626242e-01  2.708405e-01 -2.766057e-16
   outer loop
     vertex  6.471084e+00 -4.716083e-01 -5.000000e-01
     vertex  6.449476e+00 -3.948118e-01 -5.000000e-01
     vertex  6.471084e+00 -4.716083e-01  5.000000e-01
   endloop
 endfacet
 facet normal  9.479273e-01  3.184867e-01 -8.154122e-16
   outer loop
     vertex  6.496492e+00 -5.472322e-01 -5.000000e-01
     vertex  6.471084e+00 -4.716083e-01 -5.000000e-01
     vertex  6.471084e+00 -4.716083e-01  5.000000e-01
   endloop
 endfacet
 facet normal  9.308737e-01  3.653410e-01 -5.056063e-16
   outer loop
     vertex  6.496492e+00 -5.472322e-01 -5.000000e-01
     vertex  6.496492e+00 -5.472322e-01  5.000000e-01
     vertex  6.525638e+00 -6.214957e-01  5.000000e-01
   endloop
 endfacet
 facet normal  9.479273e-01  3.184867e-01  4.395706e-17
   outer loop
     vertex  6.496492e+00 -5.472322e-01 -5.000000e-01
     vertex  6.471084e+00 -4.716083e-01  5.000000e-01
     vertex  6.496492e+00 -5.472322e-01  5.000000e-01
   endloop
 endfacet
 facet normal  9.308737e-01  3.653410e-01  4.834197e-16
   outer loop
     vertex  6.525638e+00 -6.214957e-01 -5.000000e-01
     vertex  6.496492e+00 -5.472322e-01 -5.000000e-01
     vertex  6.525638e+00 -6.214957e-01  5.000000e-01
   endloop
 endfacet
 facet normal  9.115059e-01  4.112871e-01 -6.168457e-17
   outer loop
     vertex  6.525638e+00 -6.214957e-01 -5.000000e-01
     vertex  6.525638e+00 -6.214957e-01  5.000000e-01
     vertex  6.558450e+00 -6.942140e-01  5.000000e-01
   endloop
 endfacet
 facet normal  9.115059e-01  4.112871e-01 -1.602253e-17
   outer loop
     vertex  6.558450e+00 -6.942140e-01 -5.000000e-01
     vertex  6.525638e+00 -6.214957e-01 -5.000000e-01
     vertex  6.558450e+00 -6.942140e-01  5.000000e-01
   endloop
 endfacet
 facet normal  8.898718e-01  4.562107e-01 -5.559859e-16
   outer loop
     vertex  6.558450e+00 -6.942140e-01 -5.000000e-01
     vertex  6.558450e+00 -6.942140e-01  5.000000e-01
     vertex  6.594845e+00 -7.652064e-01  5.000000e-01
   endloop
 endfacet
 facet normal  8.898718e-01  4.562107e-01  2.850286e-16
   outer loop
     vertex  6.594845e+00 -7.652064e-01 -5.000000e-01
     vertex  6.558450e+00 -6.942140e-01 -5.000000e-01
     vertex  6.594845e+00 -7.652064e-01  5.000000e-01
   endloop
 endfacet
 facet normal  8.660254e-01  5.000000e-01 -2.698709e-16
   outer loop
     vertex  6.594845e+00 -7.652064e-01 -5.000000e-01
     vertex  6.594845e+00 -7.652064e-01  5.000000e-01
     vertex  6.634735e+00 -8.342963e-01  5.000000e-01
   endloop
 endfacet
 facet normal  8.660254e-01  5.000000e-01 -1.033374e-16
   outer loop
     vertex  6.634735e+00 -8.342963e-01 -5.000000e-01
     vertex  6.594845e+00 -7.652064e-01 -5.000000e-01
     vertex  6.634735e+00 -8.342963e-01  5.000000e-01
   endloop
 endfacet
 facet normal  8.400259e-01  5.425463e-01 -6.433951e-16
   outer loop
     vertex  6.634735e+00 -8.342963e-01 -5.000000e-01
     vertex  6.634735e+00 -8.342963e-01  5.000000e-01
     vertex  6.678018e+00 -9.013121e-01  5.000000e-01
   endloop
 endfacet
 facet normal  8.400259e-01  5.425463e-01  2.834020e-16
   outer loop
     vertex  6.678018e+00 -9.013121e-01 -5.000000e-01
     vertex  6.634735e+00 -8.342963e-01 -5.000000e-01
     vertex  6.678018e+00 -9.013121e-01  5.000000e-01
   endloop
 endfacet
 facet normal  8.119380e-01  5.837437e-01 -2.662818e-16
   outer loop
     vertex  6.678018e+00 -9.013121e-01 -5.000000e-01
     vertex  6.678018e+00 -9.013121e-01  5.000000e-01
     vertex  6.724588e+00 -9.660871e-01  5.000000e-01
   endloop
 endfacet
 facet normal  8.119380e-01  5.837437e-01 -7.185605e-17
   outer loop
     vertex  6.724588e+00 -9.660871e-01 -5.000000e-01
     vertex  6.678018e+00 -9.013121e-01 -5.000000e-01
     vertex  6.724588e+00 -9.660871e-01  5.000000e-01
   endloop
 endfacet
 facet normal  7.818315e-01  6.234898e-01 -6.076396e-16
   outer loop
     vertex  6.724588e+00 -9.660871e-01 -5.000000e-01
     vertex  6.724588e+00 -9.660871e-01  5.000000e-01
     vertex  6.774329e+00 -1.028460e+00  5.000000e-01
   endloop
 endfacet
 facet normal  7.818315e-01  6.234898e-01  2.944300e-16
   outer loop
     vertex  6.774329e+00 -1.028460e+00 -5.000000e-01
     vertex  6.724588e+00 -9.660871e-01 -5.000000e-01
     vertex  6.774329e+00 -1.028460e+00  5.000000e-01
   endloop
 endfacet
 facet normal  7.497812e-01  6.616858e-01 -2.555874e-16
   outer loop
     vertex  6.774329e+00 -1.028460e+00 -5.000000e-01
     vertex  6.774329e+00 -1.028460e+00  5.000000e-01
     vertex  6.827117e+00 -1.088276e+00  5.000000e-01
   endloop
 endfacet
 facet normal  7.497812e-01  6.616858e-01  7.041996e-16
   outer loop
     vertex  6.827117e+00 -1.088276e+00 -5.000000e-01
     vertex  6.774329e+00 -1.028460e+00 -5.000000e-01
     vertex  6.827117e+00 -1.088276e+00  5.000000e-01
   endloop
 endfacet
 facet normal  7.158668e-01  6.982368e-01  1.409275e-16
   outer loop
     vertex  6.827117e+00 -1.088276e+00 -5.000000e-01
     vertex  6.827117e+00 -1.088276e+00  5.000000e-01
     vertex  6.882821e+00 -1.145387e+00  5.000000e-01
   endloop
 endfacet
 facet normal  7.158668e-01  6.982368e-01  4.510070e-16
   outer loop
     vertex  6.882821e+00 -1.145387e+00 -5.000000e-01
     vertex  6.827117e+00 -1.088276e+00 -5.000000e-01
     vertex  6.882821e+00 -1.145387e+00  5.000000e-01
   endloop
 endfacet
 facet normal  6.427876e-01  7.660444e-01 -4.749784e-16
   outer loop
     vertex  6.941303e+00 -1.199650e+00 -5.000000e-01
     vertex  6.941303e+00 -1.199650e+00  5.000000e-01
     vertex  7.002416e+00 -1.250930e+00  5.000000e-01
   endloop
 endfacet
 facet normal  6.801727e-01  7.330519e-01  6.561569e-17
   outer loop
     vertex  6.941303e+00 -1.199650e+00 -5.000000e-01
     vertex  6.882821e+00 -1.145387e+00  5.000000e-01
     vertex  6.941303e+00 -1.199650e+00  5.000000e-01
   endloop
 endfacet
 facet normal  6.801727e-01  7.330519e-01 -9.784947e-17
   outer loop
     vertex  6.941303e+00 -1.199650e+00 -5.000000e-01
     vertex  6.882821e+00 -1.145387e+00 -5.000000e-01
     vertex  6.882821e+00 -1.145387e+00  5.000000e-01
   endloop
 endfacet
 facet normal  6.038044e-01  7.971325e-01  5.289129e-17
   outer loop
     vertex  7.002416e+00 -1.250930e+00 -5.000000e-01
     vertex  7.002416e+00 -1.250930e+00  5.000000e-01
     vertex  7.066010e+00 -1.299101e+00  5.000000e-01
   endloop
 endfacet
 facet normal  6.427876e-01  7.660444e-01  6.062198e-16
   outer loop
     vertex  7.002416e+00 -1.250930e+00 -5.000000e-01
     vertex  6.941303e+00 -1.199650e+00 -5.000000e-01
     vertex  7.002416e+00 -1.250930e+00  5.000000e-01
   endloop
 endfacet
 facet normal  5.633201e-01  8.262388e-01 -3.171068e-16
   outer loop
     vertex  7.066010e+00 -1.299101e+00 -5.000000e-01
     vertex  7.066010e+00 -1.299101e+00  5.000000e-01
     vertex  7.131926e+00 -1.344041e+00  5.000000e-01
   endloop
 endfacet
 facet normal  6.038044e-01  7.971325e-01  2.298903e-16
   outer loop
     vertex  7.066010e+00 -1.299101e+00 -5.000000e-01
     vertex  7.002416e+00 -1.250930e+00 -5.000000e-01
     vertex  7.066010e+00 -1.299101e+00  5.000000e-01
   endloop
 endfacet
 facet normal  5.214352e-01  8.532909e-01 -2.125075e-17
   outer loop
     vertex  7.131926e+00 -1.344041e+00 -5.000000e-01
     vertex  7.131926e+00 -1.344041e+00  5.000000e-01
     vertex  7.200000e+00 -1.385641e+00  5.000000e-01
   endloop
 endfacet
 facet normal  5.633201e-01  8.262388e-01  5.501456e-16
   outer loop
     vertex  7.131926e+00 -1.344041e+00 -5.000000e-01
     vertex  7.066010e+00 -1.299101e+00 -5.000000e-01
     vertex  7.131926e+00 -1.344041e+00  5.000000e-01
   endloop
 endfacet
 facet normal  5.214352e-01  8.532909e-01 -1.054410e-16
   outer loop
     vertex  7.200000e+00 -1.385641e+00 -5.000000e-01
     vertex  7.131926e+00 -1.344041e+00 -5.000000e-01
     vertex  7.200000e+00 -1.385641e+00  5.000000e-01
   endloop
 endfacet
 facet normal  4.782540e-01  8.782216e-01  3.824275e-16
   outer loop
     vertex  7.270063e+00 -1.423795e+00 -5.000000e-01
     vertex  7.200000e+00 -1.385641e+00  5.000000e-01
     vertex  7.270063e+00 -1.423795e+00  5.000000e-01
   endloop
 endfacet
 facet normal  4.782540e-01  8.782216e-01 -6.251494e-16
   outer loop
     vertex  7.270063e+00 -1.423795e+00 -5.000000e-01
     vertex  7.200000e+00 -1.385641e+00 -5.000000e-01
     vertex  7.200000e+00 -1.385641e+00  5.000000e-01
   endloop
 endfacet
 facet normal  3.884348e-01  9.214762e-01 -1.567924e-16
   outer loop
     vertex  7.341941e+00 -1.458409e+00 -5.000000e-01
     vertex  7.341941e+00 -1.458409e+00  5.000000e-01
     vertex  7.415454e+00 -1.489398e+00  5.000000e-01
   endloop
 endfacet
 facet normal  4.338837e-01  9.009689e-01  4.232333e-16
   outer loop
     vertex  7.341941e+00 -1.458409e+00 -5.000000e-01
     vertex  7.270063e+00 -1.423795e+00  5.000000e-01
     vertex  7.341941e+00 -1.458409e+00  5.000000e-01
   endloop
 endfacet
 facet normal  4.338837e-01  9.009689e-01 -1.576464e-16
   outer loop
     vertex  7.341941e+00 -1.458409e+00 -5.000000e-01
     vertex  7.270063e+00 -1.423795e+00 -5.000000e-01
     vertex  7.270063e+00 -1.423795e+00  5.000000e-01
   endloop
 endfacet
 facet normal  3.884348e-01  9.214762e-01  2.524252e-16
   outer loop
     vertex  7.415454e+00 -1.489398e+00 -5.000000e-01
     vertex  7.341941e+00 -1.458409e+00 -5.000000e-01
     vertex  7.415454e+00 -1.489398e+00  5.000000e-01
   endloop
 endfacet
 facet normal  3.420201e-01  9.396926e-01 -3.152927e-16
   outer loop
     vertex  7.490421e+00 -1.516684e+00 -5.000000e-01
     vertex  7.415454e+00 -1.489398e+00 -5.000000e-01
     vertex  7.415454e+00 -1.489398e+00  5.000000e-01
   endloop
 endfacet
 facet normal  2.947552e-01  9.555728e-01 -2.037190e-16
   outer loop
     vertex  7.490421e+00 -1.516684e+00 -5.000000e-01
     vertex  7.490421e+00 -1.516684e+00  5.000000e-01
     vertex  7.566655e+00 -1.540199e+00  5.000000e-01
   endloop
 endfacet
 facet normal  3.420201e-01  9.396926e-01  4.019613e-16
   outer loop
     vertex  7.490421e+00 -1.516684e+00 -5.000000e-01
     vertex  7.415454e+00 -1.489398e+00  5.000000e-01
     vertex  7.490421e+00 -1.516684e+00  5.000000e-01
   endloop
 endfacet
 facet normal  2.947552e-01  9.555728e-01  2.206406e-16
   outer loop
     vertex  7.566655e+00 -1.540199e+00 -5.000000e-01
     vertex  7.490421e+00 -1.516684e+00 -5.000000e-01
     vertex  7.566655e+00 -1.540199e+00  5.000000e-01
   endloop
 endfacet
 facet normal  2.467574e-01  9.690773e-01 -3.805257e-16
   outer loop
     vertex  7.643967e+00 -1.559885e+00 -5.000000e-01
     vertex  7.566655e+00 -1.540199e+00 -5.000000e-01
     vertex  7.566655e+00 -1.540199e+00  5.000000e-01
   endloop
 endfacet
 facet normal  1.981461e-01  9.801725e-01 -1.478564e-16
   outer loop
     vertex  7.643967e+00 -1.559885e+00 -5.000000e-01
     vertex  7.643967e+00 -1.559885e+00  5.000000e-01
     vertex  7.722163e+00 -1.575692e+00  5.000000e-01
   endloop
 endfacet
 facet normal  2.467574e-01  9.690773e-01  4.861637e-16
   outer loop
     vertex  7.643967e+00 -1.559885e+00 -5.000000e-01
     vertex  7.566655e+00 -1.540199e+00  5.000000e-01
     vertex  7.643967e+00 -1.559885e+00  5.000000e-01
   endloop
 endfacet
 facet normal  1.981461e-01  9.801725e-01  2.874277e-16
   outer loop
     vertex  7.722163e+00 -1.575692e+00 -5.000000e-01
     vertex  7.643967e+00 -1.559885e+00 -5.000000e-01
     vertex  7.722163e+00 -1.575692e+00  5.000000e-01
   endloop
 endfacet
 facet normal  1.490423e-01  9.888308e-01 -3.424731e-16
   outer loop
     vertex  7.801050e+00 -1.587583e+00 -5.000000e-01
     vertex  7.722163e+00 -1.575692e+00 -5.000000e-01
     vertex  7.722163e+00 -1.575692e+00  5.000000e-01
   endloop
 endfacet
 facet normal  9.956785e-02  9.950308e-01 -2.200783e-16
   outer loop
     vertex  7.801050e+00 -1.587583e+00 -5.000000e-01
     vertex  7.801050e+00 -1.587583e+00  5.000000e-01
     vertex  7.880432e+00 -1.595526e+00  5.000000e-01
   endloop
 endfacet
 facet normal  1.490423e-01  9.888308e-01  4.486900e-16
   outer loop
     vertex  7.801050e+00 -1.587583e+00 -5.000000e-01
     vertex  7.722163e+00 -1.575692e+00  5.000000e-01
     vertex  7.801050e+00 -1.587583e+00  5.000000e-01
   endloop
 endfacet
 facet normal  9.956785e-02  9.950308e-01  5.311793e-16
   outer loop
     vertex  7.880432e+00 -1.595526e+00 -5.000000e-01
     vertex  7.801050e+00 -1.587583e+00 -5.000000e-01
     vertex  7.880432e+00 -1.595526e+00  5.000000e-01
   endloop
 endfacet
 facet normal  4.984589e-02  9.987569e-01 -1.787112e-16
   outer loop
     vertex  7.960111e+00 -1.599503e+00 -5.000000e-01
     vertex  7.880432e+00 -1.595526e+00 -5.000000e-01
     vertex  7.880432e+00 -1.595526e+00  5.000000e-01
   endloop
 endfacet
 facet normal  4.984589e-02  9.987569e-01  4.865841e-16
   outer loop
     vertex  7.960111e+00 -1.599503e+00 -5.000000e-01
     vertex  7.880432e+00 -1.595526e+00  5.000000e-01
     vertex  7.960111e+00 -1.599503e+00  5.000000e-01
   endloop
 endfacet
 facet normal -8.349821e-15  1.000000e+00 -2.220446e-16
   outer loop
     vertex  8.039889e+00 -1.599503e+00 -5.000000e-01
     vertex  7.960111e+00 -1.599503e+00 -5.000000e-01
     vertex  7.960111e+00 -1.599503e+00  5.000000e-01
   endloop
 endfacet
 facet normal -4.984589e-02  9.987569e-01 -2.648155e-16
   outer loop
     vertex  8.039889e+00 -1.599503e+00 -5.000000e-01
     vertex  8.039889e+00 -1.599503e+00  5.000000e-01
     vertex  8.119568e+00 -1.595526e+00  5.000000e-01
   endloop
 endfacet
 facet normal  0.000000e+00  1.000000e+00  4.440892e-16
   outer loop
     vertex  8.039889e+00 -1.599503e+00 -5.000000e-01
     vertex  7.960111e+00 -1.599503e+00  5.000000e-01
     vertex  8.039889e+00 -1.599503e+00  5.000000e-01
   endloop
 endfacet
 facet normal -4.984589e-02  9.987569e-01  4.004903e-16
   outer loop
     vertex  8.119568e+00 -1.595526e+00 -5.000000e-01
     vertex  8.039889e+00 -1.599503e+00 -5.000000e-01
     vertex  8.119568e+00 -1.595526e+00  5.000000e-01
   endloop
 endfacet
 facet normal -9.956785e-02  9.950308e-01 -3.098566e-16
   outer loop
     vertex  8.198950e+00 -1.587583e+00 -5.000000e-01
     vertex  8.119568e+00 -1.595526e+00 -5.000000e-01
     vertex  8.119568e+00 -1.595526e+00  5.000000e-01
   endloop
 endfacet
 facet normal -9.956785e-02  9.950308e-01  5.735267e-16
   outer loop
     vertex  8.198950e+00 -1.587583e+00 -5.000000e-01
     vertex  8.119568e+00 -1.595526e+00  5.000000e-01
     vertex  8.198950e+00 -1.587583e+00  5.000000e-01
   endloop
 endfacet
 facet normal -1.490423e-01  9.888308e-01 -1.413381e-16
   outer loop
     vertex  8.277837e+00 -1.575692e+00 -5.000000e-01
     vertex  8.198950e+00 -1.587583e+00 -5.000000e-01
     vertex  8.198950e+00 -1.587583e+00  5.000000e-01
   endloop
 endfacet
 facet normal -1.490423e-01  9.888308e-01  4.715689e-16
   outer loop
     vertex  8.277837e+00 -1.575692e+00 -5.000000e-01
     vertex  8.198950e+00 -1.587583e+00  5.000000e-01
     vertex  8.277837e+00 -1.575692e+00  5.000000e-01
   endloop
 endfacet
 facet normal -1.981461e-01  9.801725e-01 -3.370371e-16
   outer loop
     vertex  8.356033e+00 -1.559885e+00 -5.000000e-01
     vertex  8.277837e+00 -1.575692e+00 -5.000000e-01
     vertex  8.277837e+00 -1.575692e+00  5.000000e-01
   endloop
 endfacet
 facet normal -1.981461e-01  9.801725e-01  3.144679e-16
   outer loop
     vertex  8.356033e+00 -1.559885e+00 -5.000000e-01
     vertex  8.277837e+00 -1.575692e+00  5.000000e-01
     vertex  8.356033e+00 -1.559885e+00  5.000000e-01
   endloop
 endfacet
 facet normal -2.467574e-01  9.690773e-01  3.586049e-16
   outer loop
     vertex  8.433345e+00 -1.540199e+00 -5.000000e-01
     vertex  8.356033e+00 -1.559885e+00  5.000000e-01
     vertex  8.433345e+00 -1.540199e+00  5.000000e-01
   endloop
 endfacet
 facet normal -2.467574e-01  9.690773e-01 -5.001195e-16
   outer loop
     vertex  8.433345e+00 -1.540199e+00 -5.000000e-01
     vertex  8.356033e+00 -1.559885e+00 -5.000000e-01
     vertex  8.356033e+00 -1.559885e+00  5.000000e-01
   endloop
 endfacet
 facet normal -2.947552e-01  9.555728e-01 -4.675030e-16
   outer loop
     vertex  8.509579e+00 -1.516684e+00 -5.000000e-01
     vertex  8.433345e+00 -1.540199e+00 -5.000000e-01
     vertex  8.433345e+00 -1.540199e+00  5.000000e-01
   endloop
 endfacet
 facet normal -3.420201e-01  9.396926e-01 -4.602601e-16
   outer loop
     vertex  8.509579e+00 -1.516684e+00 -5.000000e-01
     vertex  8.509579e+00 -1.516684e+00  5.000000e-01
     vertex  8.584546e+00 -1.489398e+00  5.000000e-01
   endloop
 endfacet
 facet normal -2.947552e-01  9.555728e-01  3.800015e-16
   outer loop
     vertex  8.509579e+00 -1.516684e+00 -5.000000e-01
     vertex  8.433345e+00 -1.540199e+00  5.000000e-01
     vertex  8.509579e+00 -1.516684e+00  5.000000e-01
   endloop
 endfacet
 facet normal -3.420201e-01  9.396926e-01  3.743546e-16
   outer loop
     vertex  8.584546e+00 -1.489398e+00 -5.000000e-01
     vertex  8.509579e+00 -1.516684e+00 -5.000000e-01
     vertex  8.584546e+00 -1.489398e+00  5.000000e-01
   endloop
 endfacet
 facet normal -3.884348e-01  9.214762e-01  5.421018e-16
   outer loop
     vertex  8.658059e+00 -1.458409e+00 -5.000000e-01
     vertex  8.584546e+00 -1.489398e+00  5.000000e-01
     vertex  8.658059e+00 -1.458409e+00  5.000000e-01
   endloop
 endfacet
 facet normal -3.884348e-01  9.214762e-01 -4.783752e-16
   outer loop
     vertex  8.658059e+00 -1.458409e+00 -5.000000e-01
     vertex  8.584546e+00 -1.489398e+00 -5.000000e-01
     vertex  8.584546e+00 -1.489398e+00  5.000000e-01
   endloop
 endfacet
 facet normal -4.338837e-01  9.009689e-01  2.653988e-16
   outer loop
     vertex  8.729937e+00 -1.423795e+00 -5.000000e-01
     vertex  8.658059e+00 -1.458409e+00  5.000000e-01
     vertex  8.729937e+00 -1.423795e+00  5.000000e-01
   endloop
 endfacet
 facet normal -4.338837e-01  9.009689e-01 -3.370371e-16
   outer loop
     vertex  8.729937e+00 -1.423795e+00 -5.000000e-01
     vertex  8.658059e+00 -1.458409e+00 -5.000000e-01
     vertex  8.658059e+00 -1.458409e+00  5.000000e-01
   endloop
 endfacet
 facet normal -5.214352e-01  8.532909e-01 -5.680808e-16
   outer loop
     vertex  8.800000e+00 -1.385641e+00 -5.000000e-01
     vertex  8.800000e+00 -1.385641e+00  5.000000e-01
     vertex  8.868074e+00 -1.344041e+00  5.000000e-01
   endloop
 endfacet
 facet normal -4.782540e-01  8.782216e-01  3.492313e-16
   outer loop
     vertex  8.800000e+00 -1.385641e+00 -5.000000e-01
     vertex  8.729937e+00 -1.423795e+00  5.000000e-01
     vertex  8.800000e+00 -1.385641e+00  5.000000e-01
   endloop
 endfacet
 facet normal -4.782540e-01  8.782216e-01 -6.251494e-16
   outer loop
     vertex  8.800000e+00 -1.385641e+00 -5.000000e-01
     vertex  8.729937e+00 -1.423795e+00 -5.000000e-01
     vertex  8.729937e+00 -1.423795e+00  5.000000e-01
   endloop
 endfacet
 facet normal -5.214352e-01  8.532909e-01  1.897937e-16
   outer loop
     vertex  8.868074e+00 -1.344041e+00 -5.000000e-01
     vertex  8.800000e+00 -1.385641e+00 -5.000000e-01
     vertex  8.868074e+00 -1.344041e+00  5.000000e-01
   endloop
 endfacet
 facet normal -5.633201e-01  8.262388e-01 -1.628569e-17
   outer loop
     vertex  8.933990e+00 -1.299101e+00 -5.000000e-01
     vertex  8.868074e+00 -1.344041e+00  5.000000e-01
     vertex  8.933990e+00 -1.299101e+00  5.000000e-01
   endloop
 endfacet
 facet normal -5.633201e-01  8.262388e-01 -7.501792e-16
   outer loop
     vertex  8.933990e+00 -1.299101e+00 -5.000000e-01
     vertex  8.868074e+00 -1.344041e+00 -5.000000e-01
     vertex  8.868074e+00 -1.344041e+00  5.000000e-01
   endloop
 endfacet
 facet normal -6.427876e-01  7.660444e-01  5.062460e-17
   outer loop
     vertex  8.997584e+00 -1.250930e+00 -5.000000e-01
     vertex  8.997584e+00 -1.250930e+00  5.000000e-01
     vertex  9.058697e+00 -1.199650e+00  5.000000e-01
   endloop
 endfacet
 facet normal -6.038044e-01  7.971325e-01  9.773678e-16
   outer loop
     vertex  8.997584e+00 -1.250930e+00 -5.000000e-01
     vertex  8.933990e+00 -1.299101e+00  5.000000e-01
     vertex  8.997584e+00 -1.250930e+00  5.000000e-01
   endloop
 endfacet
 facet normal -6.038044e-01  7.971325e-01 -9.784947e-16
   outer loop
     vertex  8.997584e+00 -1.250930e+00 -5.000000e-01
     vertex  8.933990e+00 -1.299101e+00 -5.000000e-01
     vertex  8.933990e+00 -1.299101e+00  5.000000e-01
   endloop
 endfacet
 facet normal -6.427876e-01  7.660444e-01  7.310087e-16
   outer loop
     vertex  9.058697e+00 -1.199650e+00 -5.000000e-01
     vertex  8.997584e+00 -1.250930e+00 -5.000000e-01
     vertex  9.058697e+00 -1.199650e+00  5.000000e-01
   endloop
 endfacet
 facet normal -6.801727e-01  7.330519e-01  5.886875e-16
   outer loop
     vertex  9.117179e+00 -1.145387e+00 -5.000000e-01
     vertex  9.058697e+00 -1.199650e+00  5.000000e-01
     vertex  9.117179e+00 -1.145387e+00  5.000000e-01
   endloop
 endfacet
 facet normal -6.801727e-01  7.330519e-01 -2.283154e-16
   outer loop
     vertex  9.117179e+00 -1.145387e+00 -5.000000e-01
     vertex  9.058697e+00 -1.199650e+00 -5.000000e-01
     vertex  9.058697e+00 -1.199650e+00  5.000000e-01
   endloop
 endfacet
 facet normal -7.158668e-01  6.982368e-01  5.954163e-17
   outer loop
     vertex  9.172883e+00 -1.088276e+00 -5.000000e-01
     vertex  9.117179e+00 -1.145387e+00  5.000000e-01
     vertex  9.172883e+00 -1.088276e+00  5.000000e-01
   endloop
 endfacet
 facet normal -7.158668e-01  6.982368e-01 -4.022700e-16
   outer loop
     vertex  9.172883e+00 -1.088276e+00 -5.000000e-01
     vertex  9.117179e+00 -1.145387e+00 -5.000000e-01
     vertex  9.117179e+00 -1.145387e+00  5.000000e-01
   endloop
 endfacet
 facet normal -7.497812e-01  6.616858e-01  1.108435e-15
   outer loop
     vertex  9.225671e+00 -1.028460e+00 -5.000000e-01
     vertex  9.172883e+00 -1.088276e+00  5.000000e-01
     vertex  9.225671e+00 -1.028460e+00  5.000000e-01
   endloop
 endfacet
 facet normal -7.497812e-01  6.616858e-01 -9.621864e-16
   outer loop
     vertex  9.225671e+00 -1.028460e+00 -5.000000e-01
     vertex  9.172883e+00 -1.088276e+00 -5.000000e-01
     vertex  9.172883e+00 -1.088276e+00  5.000000e-01
   endloop
 endfacet
 facet normal -7.818315e-01  6.234898e-01  1.087216e-16
   outer loop
     vertex  9.275412e+00 -9.660871e-01 -5.000000e-01
     vertex  9.225671e+00 -1.028460e+00 -5.000000e-01
     vertex  9.225671e+00 -1.028460e+00  5.000000e-01
   endloop
 endfacet
 facet normal -7.818315e-01  6.234898e-01  6.615091e-16
   outer loop
     vertex  9.275412e+00 -9.660871e-01 -5.000000e-01
     vertex  9.225671e+00 -1.028460e+00  5.000000e-01
     vertex  9.275412e+00 -9.660871e-01  5.000000e-01
   endloop
 endfacet
 facet normal -8.119380e-01  5.837437e-01 -3.750896e-16
   outer loop
     vertex  9.321982e+00 -9.013121e-01 -5.000000e-01
     vertex  9.275412e+00 -9.660871e-01 -5.000000e-01
     vertex  9.275412e+00 -9.660871e-01  5.000000e-01
   endloop
 endfacet
 facet normal -8.400259e-01  5.425463e-01 -9.282124e-16
   outer loop
     vertex  9.321982e+00 -9.013121e-01 -5.000000e-01
     vertex  9.321982e+00 -9.013121e-01  5.000000e-01
     vertex  9.365265e+00 -8.342963e-01  5.000000e-01
   endloop
 endfacet
 facet normal -8.119380e-01  5.837437e-01  1.437121e-16
   outer loop
     vertex  9.321982e+00 -9.013121e-01 -5.000000e-01
     vertex  9.275412e+00 -9.660871e-01  5.000000e-01
     vertex  9.321982e+00 -9.013121e-01  5.000000e-01
   endloop
 endfacet
 facet normal -8.400259e-01  5.425463e-01  1.106086e-15
   outer loop
     vertex  9.365265e+00 -8.342963e-01 -5.000000e-01
     vertex  9.321982e+00 -9.013121e-01 -5.000000e-01
     vertex  9.365265e+00 -8.342963e-01  5.000000e-01
   endloop
 endfacet
 facet normal -8.660254e-01  5.000000e-01  4.014136e-17
   outer loop
     vertex  9.365265e+00 -8.342963e-01 -5.000000e-01
     vertex  9.365265e+00 -8.342963e-01  5.000000e-01
     vertex  9.405155e+00 -7.652064e-01  5.000000e-01
   endloop
 endfacet
 facet normal -8.660254e-01  5.000000e-01  4.842306e-16
   outer loop
     vertex  9.405155e+00 -7.652064e-01 -5.000000e-01
     vertex  9.365265e+00 -8.342963e-01 -5.000000e-01
     vertex  9.405155e+00 -7.652064e-01  5.000000e-01
   endloop
 endfacet
 facet normal -8.898718e-01  4.562107e-01 -6.197133e-16
   outer loop
     vertex  9.441550e+00 -6.942140e-01 -5.000000e-01
     vertex  9.405155e+00 -7.652064e-01 -5.000000e-01
     vertex  9.405155e+00 -7.652064e-01  5.000000e-01
   endloop
 endfacet
 facet normal -9.115059e-01  4.112871e-01 -1.404466e-15
   outer loop
     vertex  9.441550e+00 -6.942140e-01 -5.000000e-01
     vertex  9.441550e+00 -6.942140e-01  5.000000e-01
     vertex  9.474362e+00 -6.214957e-01  5.000000e-01
   endloop
 endfacet
 facet normal -8.898718e-01  4.562107e-01 -2.661598e-16
   outer loop
     vertex  9.441550e+00 -6.942140e-01 -5.000000e-01
     vertex  9.405155e+00 -7.652064e-01  5.000000e-01
     vertex  9.441550e+00 -6.942140e-01  5.000000e-01
   endloop
 endfacet
 facet normal -9.115059e-01  4.112871e-01  5.343275e-16
   outer loop
     vertex  9.474362e+00 -6.214957e-01 -5.000000e-01
     vertex  9.441550e+00 -6.942140e-01 -5.000000e-01
     vertex  9.474362e+00 -6.214957e-01  5.000000e-01
   endloop
 endfacet
 facet normal -9.308737e-01  3.653410e-01 -6.017904e-16
   outer loop
     vertex  9.474362e+00 -6.214957e-01 -5.000000e-01
     vertex  9.474362e+00 -6.214957e-01  5.000000e-01
     vertex  9.503508e+00 -5.472322e-01  5.000000e-01
   endloop
 endfacet
 facet normal -9.308737e-01  3.653410e-01 -3.584244e-16
   outer loop
     vertex  9.503508e+00 -5.472322e-01 -5.000000e-01
     vertex  9.474362e+00 -6.214957e-01 -5.000000e-01
     vertex  9.503508e+00 -5.472322e-01  5.000000e-01
   endloop
 endfacet
 facet normal -9.479273e-01  3.184867e-01 -1.524257e-15
   outer loop
     vertex  9.503508e+00 -5.472322e-01 -5.000000e-01
     vertex  9.503508e+00 -5.472322e-01  5.000000e-01
     vertex  9.528916e+00 -4.716083e-01  5.000000e-01
   endloop
 endfacet
 facet normal -9.479273e-01  3.184867e-01  3.540749e-16
   outer loop
     vertex  9.528916e+00 -4.716083e-01 -5.000000e-01
     vertex  9.503508e+00 -5.472322e-01 -5.000000e-01
     vertex  9.528916e+00 -4.716083e-01  5.000000e-01
   endloop
 endfacet
 facet normal -9.626242e-01  2.708405e-01 -8.109555e-16
   outer loop
     vertex  9.528916e+00 -4.716083e-01 -5.000000e-01
     vertex  9.528916e+00 -4.716083e-01  5.000000e-01
     vertex  9.550524e+00 -3.948118e-01  5.000000e-01
   endloop
 endfacet
 facet normal -9.626242e-01  2.708405e-01  1.079425e-15
   outer loop
     vertex  9.550524e+00 -3.948118e-01 -5.000000e-01
     vertex  9.528916e+00 -4.716083e-01 -5.000000e-01
     vertex  9.550524e+00 -3.948118e-01  5.000000e-01
   endloop
 endfacet
 facet normal -9.848078e-01  1.736482e-01 -1.170639e-15
   outer loop
     vertex  9.568276e+00 -3.170338e-01 -5.000000e-01
     vertex  9.568276e+00 -3.170338e-01  5.000000e-01
     vertex  9.582129e+00 -2.384676e-01  5.000000e-01
   endloop
 endfacet
 facet normal -9.749279e-01  2.225209e-01  2.960274e-17
   outer loop
     vertex  9.568276e+00 -3.170338e-01 -5.000000e-01
     vertex  9.550524e+00 -3.948118e-01  5.000000e-01
     vertex  9.568276e+00 -3.170338e-01  5.000000e-01
   endloop
 endfacet
 facet normal -9.749279e-01  2.225209e-01 -9.513143e-17
   outer loop
     vertex  9.568276e+00 -3.170338e-01 -5.000000e-01
     vertex  9.550524e+00 -3.948118e-01 -5.000000e-01
     vertex  9.550524e+00 -3.948118e-01  5.000000e-01
   endloop
 endfacet
 facet normal -9.922392e-01  1.243437e-01 -5.432781e-16
   outer loop
     vertex  9.582129e+00 -2.384676e-01 -5.000000e-01
     vertex  9.582129e+00 -2.384676e-01  5.000000e-01
     vertex  9.592049e+00 -1.593086e-01  5.000000e-01
   endloop
 endfacet
 facet normal -9.848078e-01  1.736482e-01  6.654853e-16
   outer loop
     vertex  9.582129e+00 -2.384676e-01 -5.000000e-01
     vertex  9.568276e+00 -3.170338e-01 -5.000000e-01
     vertex  9.582129e+00 -2.384676e-01  5.000000e-01
   endloop
 endfacet
 facet normal -9.972038e-01  7.473009e-02  5.595994e-17
   outer loop
     vertex  9.592049e+00 -1.593086e-01 -5.000000e-01
     vertex  9.592049e+00 -1.593086e-01  5.000000e-01
     vertex  9.598011e+00 -7.975342e-02  5.000000e-01
   endloop
 endfacet
 facet normal -9.922392e-01  1.243437e-01  1.277964e-15
   outer loop
     vertex  9.592049e+00 -1.593086e-01 -5.000000e-01
     vertex  9.582129e+00 -2.384676e-01 -5.000000e-01
     vertex  9.592049e+00 -1.593086e-01  5.000000e-01
   endloop
 endfacet
 facet normal -9.972038e-01  7.473009e-02  8.603551e-17
   outer loop
     vertex  9.598011e+00 -7.975342e-02 -5.000000e-01
     vertex  9.592049e+00 -1.593086e-01 -5.000000e-01
     vertex  9.598011e+00 -7.975342e-02  5.000000e-01
   endloop
 endfacet
 facet normal -9.996892e-01  2.493069e-02  0.000000e+00
   outer loop
     vertex  9.600000e+00  0.000000e+00 -5.000000e-01
     vertex  9.598011e+00 -7.975342e-02  5.000000e-01
     vertex  9.600000e+00  0.000000e+00  5.000000e-01
   endloop
 endfacet
 facet normal -9.996892e-01  2.493069e-02 -1.156187e-15
   outer loop
     vertex  9.600000e+00  0.000000e+00 -5.000000e-01
     vertex  9.598011e+00 -7.975342e-02 -5.000000e-01
     vertex  9.598011e+00 -7.975342e-02  5.000000e-01
   endloop
 endfacet
endsolid
