solid 
 facet normal  1.000000e+00  0.000000e+00  0.000000e+00
   outer loop
     vertex  1.116500e+01 -2.362030e+01  4.975781e+00
     vertex  1.116500e+01 -2.276788e+01  3.999510e+00
     vertex  1.116500e+01 -2.266098e+01  4.103781e+00
   endloop
 endfacet
 facet normal  1.000000e+00  0.000000e+00  0.000000e+00
   outer loop
     vertex  1.116500e+01 -2.356156e+01  5.035752e+00
     vertex  1.116500e+01 -2.266098e+01  4.103781e+00
     vertex  1.116500e+01 -2.255941e+01  4.213251e+00
   endloop
 endfacet
 facet normal  1.000000e+00  0.000000e+00  0.000000e+00
   outer loop
     vertex  1.116500e+01 -2.356156e+01  5.035752e+00
     vertex  1.116500e+01 -2.362030e+01  4.975781e+00
     vertex  1.116500e+01 -2.266098e+01  4.103781e+00
   endloop
 endfacet
 facet normal  1.000000e+00  0.000000e+00  0.000000e+00
   outer loop
     vertex  1.116500e+01 -2.368194e+01  4.918783e+00
     vertex  1.116500e+01 -2.287985e+01  3.900697e+00
     vertex  1.116500e+01 -2.276788e+01  3.999510e+00
   endloop
 endfacet
 facet normal  1.000000e+00 -0.000000e+00  0.000000e+00
   outer loop
     vertex  1.116500e+01 -2.368194e+01  4.918783e+00
     vertex  1.116500e+01 -2.276788e+01  3.999510e+00
     vertex  1.116500e+01 -2.362030e+01  4.975781e+00
   endloop
 endfacet
 facet normal  1.000000e+00  0.000000e+00  0.000000e+00
   outer loop
     vertex  1.116500e+01 -2.350585e+01  5.098549e+00
     vertex  1.116500e+01 -2.356156e+01  5.035752e+00
     vertex  1.116500e+01 -2.255941e+01  4.213251e+00
   endloop
 endfacet
 facet normal  1.000000e+00  0.000000e+00  0.000000e+00
   outer loop
     vertex  1.116500e+01 -2.350585e+01  5.098549e+00
     vertex  1.116500e+01 -2.255941e+01  4.213251e+00
     vertex  1.116500e+01 -2.246341e+01  4.327648e+00
   endloop
 endfacet
 facet normal  1.000000e+00  0.000000e+00  0.000000e+00
   outer loop
     vertex  1.116500e+01 -2.374631e+01  4.864897e+00
     vertex  1.116500e+01 -2.299661e+01  3.807588e+00
     vertex  1.116500e+01 -2.287985e+01  3.900697e+00
   endloop
 endfacet
 facet normal  1.000000e+00 -0.000000e+00  0.000000e+00
   outer loop
     vertex  1.116500e+01 -2.374631e+01  4.864897e+00
     vertex  1.116500e+01 -2.287985e+01  3.900697e+00
     vertex  1.116500e+01 -2.368194e+01  4.918783e+00
   endloop
 endfacet
 facet normal  1.000000e+00  0.000000e+00  0.000000e+00
   outer loop
     vertex  1.116500e+01 -2.345330e+01  5.164021e+00
     vertex  1.116500e+01 -2.246341e+01  4.327648e+00
     vertex  1.116500e+01 -2.237325e+01  4.446688e+00
   endloop
 endfacet
 facet normal  1.000000e+00  0.000000e+00  0.000000e+00
   outer loop
     vertex  1.116500e+01 -2.345330e+01  5.164021e+00
     vertex  1.116500e+01 -2.350585e+01  5.098549e+00
     vertex  1.116500e+01 -2.246341e+01  4.327648e+00
   endloop
 endfacet
 facet normal  1.000000e+00 -0.000000e+00  0.000000e+00
   outer loop
     vertex  1.116500e+01 -2.381326e+01  4.814255e+00
     vertex  1.116500e+01 -2.299661e+01  3.807588e+00
     vertex  1.116500e+01 -2.374631e+01  4.864897e+00
   endloop
 endfacet
 facet normal  1.000000e+00  0.000000e+00  0.000000e+00
   outer loop
     vertex  1.116500e+01 -2.381326e+01  4.814255e+00
     vertex  1.116500e+01 -2.311786e+01  3.720415e+00
     vertex  1.116500e+01 -2.299661e+01  3.807588e+00
   endloop
 endfacet
 facet normal  1.000000e+00  0.000000e+00  0.000000e+00
   outer loop
     vertex  1.116500e+01 -2.340406e+01  5.232006e+00
     vertex  1.116500e+01 -2.237325e+01  4.446688e+00
     vertex  1.116500e+01 -2.228912e+01  4.570074e+00
   endloop
 endfacet
 facet normal  1.000000e+00  0.000000e+00  0.000000e+00
   outer loop
     vertex  1.116500e+01 -2.340406e+01  5.232006e+00
     vertex  1.116500e+01 -2.345330e+01  5.164021e+00
     vertex  1.116500e+01 -2.237325e+01  4.446688e+00
   endloop
 endfacet
 facet normal  1.000000e+00 -0.000000e+00  0.000000e+00
   outer loop
     vertex  1.116500e+01 -2.388263e+01  4.766980e+00
     vertex  1.116500e+01 -2.311786e+01  3.720415e+00
     vertex  1.116500e+01 -2.381326e+01  4.814255e+00
   endloop
 endfacet
 facet normal  1.000000e+00  0.000000e+00  0.000000e+00
   outer loop
     vertex  1.116500e+01 -2.388263e+01  4.766980e+00
     vertex  1.116500e+01 -2.324330e+01  3.639394e+00
     vertex  1.116500e+01 -2.311786e+01  3.720415e+00
   endloop
 endfacet
 facet normal  1.000000e+00  0.000000e+00  0.000000e+00
   outer loop
     vertex  1.116500e+01 -2.335822e+01  5.302340e+00
     vertex  1.116500e+01 -2.228912e+01  4.570074e+00
     vertex  1.116500e+01 -2.221125e+01  4.697500e+00
   endloop
 endfacet
 facet normal  1.000000e+00  0.000000e+00  0.000000e+00
   outer loop
     vertex  1.116500e+01 -2.335822e+01  5.302340e+00
     vertex  1.116500e+01 -2.340406e+01  5.232006e+00
     vertex  1.116500e+01 -2.228912e+01  4.570074e+00
   endloop
 endfacet
 facet normal  1.000000e+00 -0.000000e+00  0.000000e+00
   outer loop
     vertex  1.116500e+01 -2.395425e+01  4.723187e+00
     vertex  1.116500e+01 -2.324330e+01  3.639394e+00
     vertex  1.116500e+01 -2.388263e+01  4.766980e+00
   endloop
 endfacet
 facet normal  1.000000e+00  0.000000e+00  0.000000e+00
   outer loop
     vertex  1.116500e+01 -2.395425e+01  4.723187e+00
     vertex  1.116500e+01 -2.337263e+01  3.564726e+00
     vertex  1.116500e+01 -2.324330e+01  3.639394e+00
   endloop
 endfacet
 facet normal  1.000000e+00  0.000000e+00  0.000000e+00
   outer loop
     vertex  1.116500e+01 -2.331592e+01  5.374851e+00
     vertex  1.116500e+01 -2.335822e+01  5.302340e+00
     vertex  1.116500e+01 -2.221125e+01  4.697500e+00
   endloop
 endfacet
 facet normal  1.000000e+00  0.000000e+00  0.000000e+00
   outer loop
     vertex  1.116500e+01 -2.331592e+01  5.374851e+00
     vertex  1.116500e+01 -2.221125e+01  4.697500e+00
     vertex  1.116500e+01 -2.213983e+01  4.828649e+00
   endloop
 endfacet
 facet normal  1.000000e+00  0.000000e+00  0.000000e+00
   outer loop
     vertex  1.116500e+01 -2.402795e+01  4.682984e+00
     vertex  1.116500e+01 -2.350552e+01  3.496598e+00
     vertex  1.116500e+01 -2.337263e+01  3.564726e+00
   endloop
 endfacet
 facet normal  1.000000e+00 -0.000000e+00  0.000000e+00
   outer loop
     vertex  1.116500e+01 -2.402795e+01  4.682984e+00
     vertex  1.116500e+01 -2.337263e+01  3.564726e+00
     vertex  1.116500e+01 -2.395425e+01  4.723187e+00
   endloop
 endfacet
 facet normal  1.000000e+00  0.000000e+00  0.000000e+00
   outer loop
     vertex  1.116500e+01 -2.327725e+01  5.449361e+00
     vertex  1.116500e+01 -2.213983e+01  4.828649e+00
     vertex  1.116500e+01 -2.207504e+01  4.963195e+00
   endloop
 endfacet
 facet normal  1.000000e+00  0.000000e+00  0.000000e+00
   outer loop
     vertex  1.116500e+01 -2.327725e+01  5.449361e+00
     vertex  1.116500e+01 -2.331592e+01  5.374851e+00
     vertex  1.116500e+01 -2.213983e+01  4.828649e+00
   endloop
 endfacet
 facet normal  1.000000e+00  0.000000e+00  0.000000e+00
   outer loop
     vertex  1.116500e+01 -2.410354e+01  4.646467e+00
     vertex  1.116500e+01 -2.364164e+01  3.435179e+00
     vertex  1.116500e+01 -2.350552e+01  3.496598e+00
   endloop
 endfacet
 facet normal  1.000000e+00 -0.000000e+00  0.000000e+00
   outer loop
     vertex  1.116500e+01 -2.410354e+01  4.646467e+00
     vertex  1.116500e+01 -2.350552e+01  3.496598e+00
     vertex  1.116500e+01 -2.402795e+01  4.682984e+00
   endloop
 endfacet
 facet normal  1.000000e+00  0.000000e+00  0.000000e+00
   outer loop
     vertex  1.116500e+01 -2.324230e+01  5.525690e+00
     vertex  1.116500e+01 -2.207504e+01  4.963195e+00
     vertex  1.116500e+01 -2.201703e+01  5.100804e+00
   endloop
 endfacet
 facet normal  1.000000e+00  0.000000e+00  0.000000e+00
   outer loop
     vertex  1.116500e+01 -2.324230e+01  5.525690e+00
     vertex  1.116500e+01 -2.327725e+01  5.449361e+00
     vertex  1.116500e+01 -2.207504e+01  4.963195e+00
   endloop
 endfacet
 facet normal  1.000000e+00 -0.000000e+00  0.000000e+00
   outer loop
     vertex  1.116500e+01 -2.418084e+01  4.613726e+00
     vertex  1.116500e+01 -2.364164e+01  3.435179e+00
     vertex  1.116500e+01 -2.410354e+01  4.646467e+00
   endloop
 endfacet
 facet normal  1.000000e+00  0.000000e+00  0.000000e+00
   outer loop
     vertex  1.116500e+01 -2.418084e+01  4.613726e+00
     vertex  1.116500e+01 -2.378065e+01  3.380621e+00
     vertex  1.116500e+01 -2.364164e+01  3.435179e+00
   endloop
 endfacet
 facet normal  1.000000e+00  0.000000e+00  0.000000e+00
   outer loop
     vertex  1.116500e+01 -2.321117e+01  5.603651e+00
     vertex  1.116500e+01 -2.201703e+01  5.100804e+00
     vertex  1.116500e+01 -2.196596e+01  5.241132e+00
   endloop
 endfacet
 facet normal  1.000000e+00  0.000000e+00  0.000000e+00
   outer loop
     vertex  1.116500e+01 -2.321117e+01  5.603651e+00
     vertex  1.116500e+01 -2.324230e+01  5.525690e+00
     vertex  1.116500e+01 -2.201703e+01  5.100804e+00
   endloop
 endfacet
 facet normal  1.000000e+00 -0.000000e+00  0.000000e+00
   outer loop
     vertex  1.116500e+01 -2.425966e+01  4.584842e+00
     vertex  1.116500e+01 -2.378065e+01  3.380621e+00
     vertex  1.116500e+01 -2.418084e+01  4.613726e+00
   endloop
 endfacet
 facet normal  1.000000e+00  0.000000e+00  0.000000e+00
   outer loop
     vertex  1.116500e+01 -2.425966e+01  4.584842e+00
     vertex  1.116500e+01 -2.392221e+01  3.333059e+00
     vertex  1.116500e+01 -2.378065e+01  3.380621e+00
   endloop
 endfacet
 facet normal  1.000000e+00  0.000000e+00  0.000000e+00
   outer loop
     vertex  1.116500e+01 -2.318392e+01  5.683054e+00
     vertex  1.116500e+01 -2.196596e+01  5.241132e+00
     vertex  1.116500e+01 -2.192194e+01  5.383833e+00
   endloop
 endfacet
 facet normal  1.000000e+00  0.000000e+00  0.000000e+00
   outer loop
     vertex  1.116500e+01 -2.318392e+01  5.683054e+00
     vertex  1.116500e+01 -2.321117e+01  5.603651e+00
     vertex  1.116500e+01 -2.196596e+01  5.241132e+00
   endloop
 endfacet
 facet normal  1.000000e+00  0.000000e+00  0.000000e+00
   outer loop
     vertex  1.116500e+01 -2.433982e+01  4.559884e+00
     vertex  1.116500e+01 -2.406596e+01  3.292614e+00
     vertex  1.116500e+01 -2.392221e+01  3.333059e+00
   endloop
 endfacet
 facet normal  1.000000e+00 -0.000000e+00  0.000000e+00
   outer loop
     vertex  1.116500e+01 -2.433982e+01  4.559884e+00
     vertex  1.116500e+01 -2.392221e+01  3.333059e+00
     vertex  1.116500e+01 -2.425966e+01  4.584842e+00
   endloop
 endfacet
 facet normal  1.000000e+00  0.000000e+00  0.000000e+00
   outer loop
     vertex  1.116500e+01 -2.316062e+01  5.763705e+00
     vertex  1.116500e+01 -2.192194e+01  5.383833e+00
     vertex  1.116500e+01 -2.188509e+01  5.528550e+00
   endloop
 endfacet
 facet normal  1.000000e+00  0.000000e+00  0.000000e+00
   outer loop
     vertex  1.116500e+01 -2.316062e+01  5.763705e+00
     vertex  1.116500e+01 -2.318392e+01  5.683054e+00
     vertex  1.116500e+01 -2.192194e+01  5.383833e+00
   endloop
 endfacet
 facet normal  1.000000e+00  0.000000e+00  0.000000e+00
   outer loop
     vertex  1.116500e+01 -2.442110e+01  4.538913e+00
     vertex  1.116500e+01 -2.421155e+01  3.259383e+00
     vertex  1.116500e+01 -2.406596e+01  3.292614e+00
   endloop
 endfacet
 facet normal  1.000000e+00 -0.000000e+00  0.000000e+00
   outer loop
     vertex  1.116500e+01 -2.442110e+01  4.538913e+00
     vertex  1.116500e+01 -2.406596e+01  3.292614e+00
     vertex  1.116500e+01 -2.433982e+01  4.559884e+00
   endloop
 endfacet
 facet normal  1.000000e+00  0.000000e+00  0.000000e+00
   outer loop
     vertex  1.116500e+01 -2.314133e+01  5.845408e+00
     vertex  1.116500e+01 -2.188509e+01  5.528550e+00
     vertex  1.116500e+01 -2.185550e+01  5.674924e+00
   endloop
 endfacet
 facet normal  1.000000e+00  0.000000e+00  0.000000e+00
   outer loop
     vertex  1.116500e+01 -2.314133e+01  5.845408e+00
     vertex  1.116500e+01 -2.316062e+01  5.763705e+00
     vertex  1.116500e+01 -2.188509e+01  5.528550e+00
   endloop
 endfacet
 facet normal  1.000000e+00  0.000000e+00  0.000000e+00
   outer loop
     vertex  1.116500e+01 -2.450333e+01  4.521981e+00
     vertex  1.116500e+01 -2.435862e+01  3.233452e+00
     vertex  1.116500e+01 -2.421155e+01  3.259383e+00
   endloop
 endfacet
 facet normal  1.000000e+00 -0.000000e+00  0.000000e+00
   outer loop
     vertex  1.116500e+01 -2.450333e+01  4.521981e+00
     vertex  1.116500e+01 -2.421155e+01  3.259383e+00
     vertex  1.116500e+01 -2.442110e+01  4.538913e+00
   endloop
 endfacet
 facet normal  1.000000e+00  0.000000e+00  0.000000e+00
   outer loop
     vertex  1.116500e+01 -2.312610e+01  5.927964e+00
     vertex  1.116500e+01 -2.185550e+01  5.674924e+00
     vertex  1.116500e+01 -2.183324e+01  5.822591e+00
   endloop
 endfacet
 facet normal  1.000000e+00  0.000000e+00  0.000000e+00
   outer loop
     vertex  1.116500e+01 -2.312610e+01  5.927964e+00
     vertex  1.116500e+01 -2.314133e+01  5.845408e+00
     vertex  1.116500e+01 -2.185550e+01  5.674924e+00
   endloop
 endfacet
 facet normal  1.000000e+00  0.000000e+00  0.000000e+00
   outer loop
     vertex  1.116500e+01 -2.458629e+01  4.509128e+00
     vertex  1.116500e+01 -2.450679e+01  3.214883e+00
     vertex  1.116500e+01 -2.435862e+01  3.233452e+00
   endloop
 endfacet
 facet normal  1.000000e+00 -0.000000e+00  0.000000e+00
   outer loop
     vertex  1.116500e+01 -2.458629e+01  4.509128e+00
     vertex  1.116500e+01 -2.435862e+01  3.233452e+00
     vertex  1.116500e+01 -2.450333e+01  4.521981e+00
   endloop
 endfacet
 facet normal  1.000000e+00  0.000000e+00  0.000000e+00
   outer loop
     vertex  1.116500e+01 -2.311497e+01  6.011171e+00
     vertex  1.116500e+01 -2.183324e+01  5.822591e+00
     vertex  1.116500e+01 -2.181837e+01  5.971183e+00
   endloop
 endfacet
 facet normal  1.000000e+00  0.000000e+00  0.000000e+00
   outer loop
     vertex  1.116500e+01 -2.311497e+01  6.011171e+00
     vertex  1.116500e+01 -2.312610e+01  5.927964e+00
     vertex  1.116500e+01 -2.183324e+01  5.822591e+00
   endloop
 endfacet
 facet normal  1.000000e+00  0.000000e+00  0.000000e+00
   outer loop
     vertex  1.116500e+01 -2.466978e+01  4.500386e+00
     vertex  1.116500e+01 -2.465571e+01  3.203723e+00
     vertex  1.116500e+01 -2.450679e+01  3.214883e+00
   endloop
 endfacet
 facet normal  1.000000e+00 -0.000000e+00  0.000000e+00
   outer loop
     vertex  1.116500e+01 -2.466978e+01  4.500386e+00
     vertex  1.116500e+01 -2.450679e+01  3.214883e+00
     vertex  1.116500e+01 -2.458629e+01  4.509128e+00
   endloop
 endfacet
 facet normal  1.000000e+00 -0.000000e+00  0.000000e+00
   outer loop
     vertex  1.116500e+01 -2.310795e+01  6.094826e+00
     vertex  1.116500e+01 -2.181837e+01  5.971183e+00
     vertex  1.116500e+01 -2.181093e+01  6.120333e+00
   endloop
 endfacet
 facet normal  1.000000e+00  0.000000e+00  0.000000e+00
   outer loop
     vertex  1.116500e+01 -2.310795e+01  6.094826e+00
     vertex  1.116500e+01 -2.311497e+01  6.011171e+00
     vertex  1.116500e+01 -2.181837e+01  5.971183e+00
   endloop
 endfacet
 facet normal  1.000000e+00  0.000000e+00  0.000000e+00
   outer loop
     vertex  1.116500e+01 -2.475360e+01  4.495777e+00
     vertex  1.116500e+01 -2.480500e+01  3.200000e+00
     vertex  1.116500e+01 -2.465571e+01  3.203723e+00
   endloop
 endfacet
 facet normal  1.000000e+00 -0.000000e+00  0.000000e+00
   outer loop
     vertex  1.116500e+01 -2.475360e+01  4.495777e+00
     vertex  1.116500e+01 -2.465571e+01  3.203723e+00
     vertex  1.116500e+01 -2.466978e+01  4.500386e+00
   endloop
 endfacet
 facet normal  1.000000e+00  0.000000e+00  0.000000e+00
   outer loop
     vertex  1.116500e+01 -2.310508e+01  6.178725e+00
     vertex  1.116500e+01 -2.310795e+01  6.094826e+00
     vertex  1.116500e+01 -2.181093e+01  6.120333e+00
   endloop
 endfacet
 facet normal  1.000000e+00 -0.000000e+00  0.000000e+00
   outer loop
     vertex  1.116500e+01 -2.310508e+01  6.178725e+00
     vertex  1.116500e+01 -2.181093e+01  6.120333e+00
     vertex  1.116500e+01 -2.181093e+01  6.269667e+00
   endloop
 endfacet
 facet normal  1.000000e+00  0.000000e+00  0.000000e+00
   outer loop
     vertex  1.116500e+01 -2.483755e+01  4.495312e+00
     vertex  1.116500e+01 -2.493839e+01  3.202972e+00
     vertex  1.116500e+01 -2.487171e+01  3.200743e+00
   endloop
 endfacet
 facet normal  1.000000e+00  0.000000e+00  0.000000e+00
   outer loop
     vertex  1.116500e+01 -2.483755e+01  4.495312e+00
     vertex  1.116500e+01 -2.487171e+01  3.200743e+00
     vertex  1.116500e+01 -2.480500e+01  3.200000e+00
   endloop
 endfacet
 facet normal  1.000000e+00 -0.000000e+00  0.000000e+00
   outer loop
     vertex  1.116500e+01 -2.483755e+01  4.495312e+00
     vertex  1.116500e+01 -2.480500e+01  3.200000e+00
     vertex  1.116500e+01 -2.475360e+01  4.495777e+00
   endloop
 endfacet
 facet normal  1.000000e+00  0.000000e+00  0.000000e+00
   outer loop
     vertex  1.116500e+01 -2.310635e+01  6.262664e+00
     vertex  1.116500e+01 -2.181093e+01  6.269667e+00
     vertex  1.116500e+01 -2.181837e+01  6.418817e+00
   endloop
 endfacet
 facet normal  1.000000e+00 -0.000000e+00  0.000000e+00
   outer loop
     vertex  1.116500e+01 -2.310635e+01  6.262664e+00
     vertex  1.116500e+01 -2.310508e+01  6.178725e+00
     vertex  1.116500e+01 -2.181093e+01  6.269667e+00
   endloop
 endfacet
 facet normal  1.000000e+00  0.000000e+00  0.000000e+00
   outer loop
     vertex  1.116500e+01 -2.492142e+01  4.498991e+00
     vertex  1.116500e+01 -2.500500e+01  3.206685e+00
     vertex  1.116500e+01 -2.493839e+01  3.202972e+00
   endloop
 endfacet
 facet normal  1.000000e+00  0.000000e+00  0.000000e+00
   outer loop
     vertex  1.116500e+01 -2.492142e+01  4.498991e+00
     vertex  1.116500e+01 -2.493839e+01  3.202972e+00
     vertex  1.116500e+01 -2.483755e+01  4.495312e+00
   endloop
 endfacet
 facet normal  1.000000e+00  0.000000e+00  0.000000e+00
   outer loop
     vertex  1.116500e+01 -2.311176e+01  6.346438e+00
     vertex  1.116500e+01 -2.181837e+01  6.418817e+00
     vertex  1.116500e+01 -2.183324e+01  6.567409e+00
   endloop
 endfacet
 facet normal  1.000000e+00 -0.000000e+00  0.000000e+00
   outer loop
     vertex  1.116500e+01 -2.311176e+01  6.346438e+00
     vertex  1.116500e+01 -2.310635e+01  6.262664e+00
     vertex  1.116500e+01 -2.181837e+01  6.418817e+00
   endloop
 endfacet
 facet normal  1.000000e+00  0.000000e+00  0.000000e+00
   outer loop
     vertex  1.116500e+01 -2.500500e+01  4.506806e+00
     vertex  1.116500e+01 -2.500500e+01  3.206685e+00
     vertex  1.116500e+01 -2.492142e+01  4.498991e+00
   endloop
 endfacet
 facet normal  1.000000e+00  0.000000e+00  0.000000e+00
   outer loop
     vertex  1.116500e+01 -2.312130e+01  6.429843e+00
     vertex  1.116500e+01 -2.183324e+01  6.567409e+00
     vertex  1.116500e+01 -2.185550e+01  6.715076e+00
   endloop
 endfacet
 facet normal  1.000000e+00 -0.000000e+00  0.000000e+00
   outer loop
     vertex  1.116500e+01 -2.312130e+01  6.429843e+00
     vertex  1.116500e+01 -2.311176e+01  6.346438e+00
     vertex  1.116500e+01 -2.183324e+01  6.567409e+00
   endloop
 endfacet
 facet normal  1.000000e+00 -0.000000e+00  0.000000e+00
   outer loop
     vertex  1.116500e+01 -2.313495e+01  6.512675e+00
     vertex  1.116500e+01 -2.312130e+01  6.429843e+00
     vertex  1.116500e+01 -2.185550e+01  6.715076e+00
   endloop
 endfacet
 facet normal  1.000000e+00  0.000000e+00  0.000000e+00
   outer loop
     vertex  1.116500e+01 -2.313495e+01  6.512675e+00
     vertex  1.116500e+01 -2.185550e+01  6.715076e+00
     vertex  1.116500e+01 -2.188509e+01  6.861450e+00
   endloop
 endfacet
 facet normal  1.000000e+00  0.000000e+00  0.000000e+00
   outer loop
     vertex  1.116500e+01 -2.315266e+01  6.594732e+00
     vertex  1.116500e+01 -2.188509e+01  6.861450e+00
     vertex  1.116500e+01 -2.192194e+01  7.006167e+00
   endloop
 endfacet
 facet normal  1.000000e+00 -0.000000e+00  0.000000e+00
   outer loop
     vertex  1.116500e+01 -2.315266e+01  6.594732e+00
     vertex  1.116500e+01 -2.313495e+01  6.512675e+00
     vertex  1.116500e+01 -2.188509e+01  6.861450e+00
   endloop
 endfacet
 facet normal  1.000000e+00  0.000000e+00  0.000000e+00
   outer loop
     vertex  1.116500e+01 -2.317441e+01  6.675815e+00
     vertex  1.116500e+01 -2.192194e+01  7.006167e+00
     vertex  1.116500e+01 -2.196596e+01  7.148868e+00
   endloop
 endfacet
 facet normal  1.000000e+00 -0.000000e+00  0.000000e+00
   outer loop
     vertex  1.116500e+01 -2.317441e+01  6.675815e+00
     vertex  1.116500e+01 -2.315266e+01  6.594732e+00
     vertex  1.116500e+01 -2.192194e+01  7.006167e+00
   endloop
 endfacet
 facet normal  1.000000e+00 -0.000000e+00  0.000000e+00
   outer loop
     vertex  1.116500e+01 -2.320014e+01  6.755725e+00
     vertex  1.116500e+01 -2.317441e+01  6.675815e+00
     vertex  1.116500e+01 -2.196596e+01  7.148868e+00
   endloop
 endfacet
 facet normal  1.000000e+00  0.000000e+00  0.000000e+00
   outer loop
     vertex  1.116500e+01 -2.320014e+01  6.755725e+00
     vertex  1.116500e+01 -2.196596e+01  7.148868e+00
     vertex  1.116500e+01 -2.201703e+01  7.289196e+00
   endloop
 endfacet
 facet normal  1.000000e+00 -0.000000e+00  0.000000e+00
   outer loop
     vertex  1.116500e+01 -2.322977e+01  6.834268e+00
     vertex  1.116500e+01 -2.320014e+01  6.755725e+00
     vertex  1.116500e+01 -2.201703e+01  7.289196e+00
   endloop
 endfacet
 facet normal  1.000000e+00  0.000000e+00  0.000000e+00
   outer loop
     vertex  1.116500e+01 -2.322977e+01  6.834268e+00
     vertex  1.116500e+01 -2.201703e+01  7.289196e+00
     vertex  1.116500e+01 -2.207504e+01  7.426805e+00
   endloop
 endfacet
 facet normal  1.000000e+00 -0.000000e+00  0.000000e+00
   outer loop
     vertex  1.116500e+01 -2.326325e+01  6.911252e+00
     vertex  1.116500e+01 -2.322977e+01  6.834268e+00
     vertex  1.116500e+01 -2.207504e+01  7.426805e+00
   endloop
 endfacet
 facet normal  1.000000e+00  0.000000e+00  0.000000e+00
   outer loop
     vertex  1.116500e+01 -2.326325e+01  6.911252e+00
     vertex  1.116500e+01 -2.207504e+01  7.426805e+00
     vertex  1.116500e+01 -2.213983e+01  7.561351e+00
   endloop
 endfacet
 facet normal  1.000000e+00  0.000000e+00  0.000000e+00
   outer loop
     vertex  1.116500e+01 -2.330049e+01  6.986489e+00
     vertex  1.116500e+01 -2.213983e+01  7.561351e+00
     vertex  1.116500e+01 -2.221125e+01  7.692500e+00
   endloop
 endfacet
 facet normal  1.000000e+00 -0.000000e+00  0.000000e+00
   outer loop
     vertex  1.116500e+01 -2.330049e+01  6.986489e+00
     vertex  1.116500e+01 -2.326325e+01  6.911252e+00
     vertex  1.116500e+01 -2.213983e+01  7.561351e+00
   endloop
 endfacet
 facet normal  1.000000e+00 -0.000000e+00  0.000000e+00
   outer loop
     vertex  1.116500e+01 -2.334140e+01  7.059797e+00
     vertex  1.116500e+01 -2.330049e+01  6.986489e+00
     vertex  1.116500e+01 -2.221125e+01  7.692500e+00
   endloop
 endfacet
 facet normal  1.000000e+00  0.000000e+00  0.000000e+00
   outer loop
     vertex  1.116500e+01 -2.334140e+01  7.059797e+00
     vertex  1.116500e+01 -2.221125e+01  7.692500e+00
     vertex  1.116500e+01 -2.228912e+01  7.819926e+00
   endloop
 endfacet
 facet normal  1.000000e+00 -0.000000e+00  0.000000e+00
   outer loop
     vertex  1.116500e+01 -2.338588e+01  7.130995e+00
     vertex  1.116500e+01 -2.334140e+01  7.059797e+00
     vertex  1.116500e+01 -2.228912e+01  7.819926e+00
   endloop
 endfacet
 facet normal  1.000000e+00  0.000000e+00  0.000000e+00
   outer loop
     vertex  1.116500e+01 -2.338588e+01  7.130995e+00
     vertex  1.116500e+01 -2.228912e+01  7.819926e+00
     vertex  1.116500e+01 -2.237325e+01  7.943312e+00
   endloop
 endfacet
 facet normal  1.000000e+00 -0.000000e+00  0.000000e+00
   outer loop
     vertex  1.116500e+01 -2.343381e+01  7.199911e+00
     vertex  1.116500e+01 -2.338588e+01  7.130995e+00
     vertex  1.116500e+01 -2.237325e+01  7.943312e+00
   endloop
 endfacet
 facet normal  1.000000e+00  0.000000e+00  0.000000e+00
   outer loop
     vertex  1.116500e+01 -2.343381e+01  7.199911e+00
     vertex  1.116500e+01 -2.237325e+01  7.943312e+00
     vertex  1.116500e+01 -2.246341e+01  8.062352e+00
   endloop
 endfacet
 facet normal  1.000000e+00 -0.000000e+00  0.000000e+00
   outer loop
     vertex  1.116500e+01 -2.348509e+01  7.266376e+00
     vertex  1.116500e+01 -2.343381e+01  7.199911e+00
     vertex  1.116500e+01 -2.246341e+01  8.062352e+00
   endloop
 endfacet
 facet normal  1.000000e+00  0.000000e+00  0.000000e+00
   outer loop
     vertex  1.116500e+01 -2.348509e+01  7.266376e+00
     vertex  1.116500e+01 -2.246341e+01  8.062352e+00
     vertex  1.116500e+01 -2.255941e+01  8.176749e+00
   endloop
 endfacet
 facet normal  1.000000e+00 -0.000000e+00  0.000000e+00
   outer loop
     vertex  1.116500e+01 -2.353959e+01  7.330229e+00
     vertex  1.116500e+01 -2.348509e+01  7.266376e+00
     vertex  1.116500e+01 -2.255941e+01  8.176749e+00
   endloop
 endfacet
 facet normal  1.000000e+00  0.000000e+00  0.000000e+00
   outer loop
     vertex  1.116500e+01 -2.266098e+01  8.286219e+00
     vertex  1.116500e+01 -2.353959e+01  7.330229e+00
     vertex  1.116500e+01 -2.255941e+01  8.176749e+00
   endloop
 endfacet
 facet normal  1.000000e+00 -0.000000e+00  0.000000e+00
   outer loop
     vertex  1.116500e+01 -2.359718e+01  7.391314e+00
     vertex  1.116500e+01 -2.353959e+01  7.330229e+00
     vertex  1.116500e+01 -2.266098e+01  8.286219e+00
   endloop
 endfacet
 facet normal  1.000000e+00  0.000000e+00  0.000000e+00
   outer loop
     vertex  1.116500e+01 -2.276788e+01  8.390490e+00
     vertex  1.116500e+01 -2.365771e+01  7.449481e+00
     vertex  1.116500e+01 -2.359718e+01  7.391314e+00
   endloop
 endfacet
 facet normal  1.000000e+00  0.000000e+00  0.000000e+00
   outer loop
     vertex  1.116500e+01 -2.276788e+01  8.390490e+00
     vertex  1.116500e+01 -2.359718e+01  7.391314e+00
     vertex  1.116500e+01 -2.266098e+01  8.286219e+00
   endloop
 endfacet
 facet normal  1.000000e+00  0.000000e+00  0.000000e+00
   outer loop
     vertex  1.116500e+01 -2.287985e+01  8.489303e+00
     vertex  1.116500e+01 -2.372104e+01  7.504589e+00
     vertex  1.116500e+01 -2.365771e+01  7.449481e+00
   endloop
 endfacet
 facet normal  1.000000e+00  0.000000e+00  0.000000e+00
   outer loop
     vertex  1.116500e+01 -2.287985e+01  8.489303e+00
     vertex  1.116500e+01 -2.365771e+01  7.449481e+00
     vertex  1.116500e+01 -2.276788e+01  8.390490e+00
   endloop
 endfacet
 facet normal  1.000000e+00  0.000000e+00  0.000000e+00
   outer loop
     vertex  1.116500e+01 -2.299661e+01  8.582412e+00
     vertex  1.116500e+01 -2.378701e+01  7.556504e+00
     vertex  1.116500e+01 -2.372104e+01  7.504589e+00
   endloop
 endfacet
 facet normal  1.000000e+00  0.000000e+00  0.000000e+00
   outer loop
     vertex  1.116500e+01 -2.299661e+01  8.582412e+00
     vertex  1.116500e+01 -2.372104e+01  7.504589e+00
     vertex  1.116500e+01 -2.287985e+01  8.489303e+00
   endloop
 endfacet
 facet normal  1.000000e+00  0.000000e+00  0.000000e+00
   outer loop
     vertex  1.116500e+01 -2.311786e+01  8.669585e+00
     vertex  1.116500e+01 -2.385546e+01  7.605099e+00
     vertex  1.116500e+01 -2.378701e+01  7.556504e+00
   endloop
 endfacet
 facet normal  1.000000e+00  0.000000e+00  0.000000e+00
   outer loop
     vertex  1.116500e+01 -2.311786e+01  8.669585e+00
     vertex  1.116500e+01 -2.378701e+01  7.556504e+00
     vertex  1.116500e+01 -2.299661e+01  8.582412e+00
   endloop
 endfacet
 facet normal  1.000000e+00  0.000000e+00  0.000000e+00
   outer loop
     vertex  1.116500e+01 -2.324330e+01  8.750606e+00
     vertex  1.116500e+01 -2.392623e+01  7.650255e+00
     vertex  1.116500e+01 -2.385546e+01  7.605099e+00
   endloop
 endfacet
 facet normal  1.000000e+00  0.000000e+00  0.000000e+00
   outer loop
     vertex  1.116500e+01 -2.324330e+01  8.750606e+00
     vertex  1.116500e+01 -2.385546e+01  7.605099e+00
     vertex  1.116500e+01 -2.311786e+01  8.669585e+00
   endloop
 endfacet
 facet normal  1.000000e+00  0.000000e+00  0.000000e+00
   outer loop
     vertex  1.116500e+01 -2.337263e+01  8.825274e+00
     vertex  1.116500e+01 -2.399914e+01  7.691862e+00
     vertex  1.116500e+01 -2.392623e+01  7.650255e+00
   endloop
 endfacet
 facet normal  1.000000e+00  0.000000e+00  0.000000e+00
   outer loop
     vertex  1.116500e+01 -2.337263e+01  8.825274e+00
     vertex  1.116500e+01 -2.392623e+01  7.650255e+00
     vertex  1.116500e+01 -2.324330e+01  8.750606e+00
   endloop
 endfacet
 facet normal  1.000000e+00  0.000000e+00  0.000000e+00
   outer loop
     vertex  1.116500e+01 -2.350552e+01  8.893402e+00
     vertex  1.116500e+01 -2.407402e+01  7.729819e+00
     vertex  1.116500e+01 -2.399914e+01  7.691862e+00
   endloop
 endfacet
 facet normal  1.000000e+00  0.000000e+00  0.000000e+00
   outer loop
     vertex  1.116500e+01 -2.350552e+01  8.893402e+00
     vertex  1.116500e+01 -2.399914e+01  7.691862e+00
     vertex  1.116500e+01 -2.337263e+01  8.825274e+00
   endloop
 endfacet
 facet normal  1.000000e+00  0.000000e+00  0.000000e+00
   outer loop
     vertex  1.116500e+01 -2.364164e+01  8.954821e+00
     vertex  1.116500e+01 -2.415068e+01  7.764034e+00
     vertex  1.116500e+01 -2.407402e+01  7.729819e+00
   endloop
 endfacet
 facet normal  1.000000e+00  0.000000e+00  0.000000e+00
   outer loop
     vertex  1.116500e+01 -2.364164e+01  8.954821e+00
     vertex  1.116500e+01 -2.407402e+01  7.729819e+00
     vertex  1.116500e+01 -2.350552e+01  8.893402e+00
   endloop
 endfacet
 facet normal  1.000000e+00  0.000000e+00  0.000000e+00
   outer loop
     vertex  1.116500e+01 -2.378065e+01  9.009379e+00
     vertex  1.116500e+01 -2.422894e+01  7.794422e+00
     vertex  1.116500e+01 -2.415068e+01  7.764034e+00
   endloop
 endfacet
 facet normal  1.000000e+00  0.000000e+00  0.000000e+00
   outer loop
     vertex  1.116500e+01 -2.378065e+01  9.009379e+00
     vertex  1.116500e+01 -2.415068e+01  7.764034e+00
     vertex  1.116500e+01 -2.364164e+01  8.954821e+00
   endloop
 endfacet
 facet normal  1.000000e+00  0.000000e+00  0.000000e+00
   outer loop
     vertex  1.116500e+01 -2.392221e+01  9.056941e+00
     vertex  1.116500e+01 -2.430860e+01  7.820910e+00
     vertex  1.116500e+01 -2.422894e+01  7.794422e+00
   endloop
 endfacet
 facet normal  1.000000e+00  0.000000e+00  0.000000e+00
   outer loop
     vertex  1.116500e+01 -2.392221e+01  9.056941e+00
     vertex  1.116500e+01 -2.422894e+01  7.794422e+00
     vertex  1.116500e+01 -2.378065e+01  9.009379e+00
   endloop
 endfacet
 facet normal  1.000000e+00  0.000000e+00  0.000000e+00
   outer loop
     vertex  1.116500e+01 -2.406596e+01  9.097386e+00
     vertex  1.116500e+01 -2.438947e+01  7.843433e+00
     vertex  1.116500e+01 -2.430860e+01  7.820910e+00
   endloop
 endfacet
 facet normal  1.000000e+00  0.000000e+00  0.000000e+00
   outer loop
     vertex  1.116500e+01 -2.406596e+01  9.097386e+00
     vertex  1.116500e+01 -2.430860e+01  7.820910e+00
     vertex  1.116500e+01 -2.392221e+01  9.056941e+00
   endloop
 endfacet
 facet normal  1.000000e+00  0.000000e+00  0.000000e+00
   outer loop
     vertex  1.116500e+01 -2.421155e+01  9.130617e+00
     vertex  1.116500e+01 -2.438947e+01  7.843433e+00
     vertex  1.116500e+01 -2.406596e+01  9.097386e+00
   endloop
 endfacet
 facet normal  1.000000e+00  0.000000e+00  0.000000e+00
   outer loop
     vertex  1.116500e+01 -2.421155e+01  9.130617e+00
     vertex  1.116500e+01 -2.447135e+01  7.861937e+00
     vertex  1.116500e+01 -2.438947e+01  7.843433e+00
   endloop
 endfacet
 facet normal  1.000000e+00  0.000000e+00  0.000000e+00
   outer loop
     vertex  1.116500e+01 -2.435862e+01  9.156548e+00
     vertex  1.116500e+01 -2.447135e+01  7.861937e+00
     vertex  1.116500e+01 -2.421155e+01  9.130617e+00
   endloop
 endfacet
 facet normal  1.000000e+00  0.000000e+00  0.000000e+00
   outer loop
     vertex  1.116500e+01 -2.435862e+01  9.156548e+00
     vertex  1.116500e+01 -2.455405e+01  7.876376e+00
     vertex  1.116500e+01 -2.447135e+01  7.861937e+00
   endloop
 endfacet
 facet normal  1.000000e+00  0.000000e+00  0.000000e+00
   outer loop
     vertex  1.116500e+01 -2.450679e+01  9.175117e+00
     vertex  1.116500e+01 -2.455405e+01  7.876376e+00
     vertex  1.116500e+01 -2.435862e+01  9.156548e+00
   endloop
 endfacet
 facet normal  1.000000e+00  0.000000e+00  0.000000e+00
   outer loop
     vertex  1.116500e+01 -2.450679e+01  9.175117e+00
     vertex  1.116500e+01 -2.463736e+01  7.886714e+00
     vertex  1.116500e+01 -2.455405e+01  7.876376e+00
   endloop
 endfacet
 facet normal  1.000000e+00  0.000000e+00  0.000000e+00
   outer loop
     vertex  1.116500e+01 -2.465571e+01  9.186277e+00
     vertex  1.116500e+01 -2.463736e+01  7.886714e+00
     vertex  1.116500e+01 -2.450679e+01  9.175117e+00
   endloop
 endfacet
 facet normal  1.000000e+00  0.000000e+00  0.000000e+00
   outer loop
     vertex  1.116500e+01 -2.465571e+01  9.186277e+00
     vertex  1.116500e+01 -2.472108e+01  7.892927e+00
     vertex  1.116500e+01 -2.463736e+01  7.886714e+00
   endloop
 endfacet
 facet normal  1.000000e+00  0.000000e+00  0.000000e+00
   outer loop
     vertex  1.116500e+01 -2.480500e+01  9.190000e+00
     vertex  1.116500e+01 -2.472108e+01  7.892927e+00
     vertex  1.116500e+01 -2.465571e+01  9.186277e+00
   endloop
 endfacet
 facet normal  1.000000e+00  0.000000e+00  0.000000e+00
   outer loop
     vertex  1.116500e+01 -2.480500e+01  9.190000e+00
     vertex  1.116500e+01 -2.480500e+01  7.895000e+00
     vertex  1.116500e+01 -2.472108e+01  7.892927e+00
   endloop
 endfacet
 facet normal  1.000000e+00 -0.000000e+00  0.000000e+00
   outer loop
     vertex  1.116500e+01 -2.487171e+01  9.189257e+00
     vertex  1.116500e+01 -2.480500e+01  7.895000e+00
     vertex  1.116500e+01 -2.480500e+01  9.190000e+00
   endloop
 endfacet
 facet normal  1.000000e+00  0.000000e+00  0.000000e+00
   outer loop
     vertex  1.116500e+01 -2.487171e+01  9.189257e+00
     vertex  1.116500e+01 -2.487180e+01  7.893687e+00
     vertex  1.116500e+01 -2.480500e+01  7.895000e+00
   endloop
 endfacet
 facet normal  1.000000e+00 -0.000000e+00  0.000000e+00
   outer loop
     vertex  1.116500e+01 -2.493839e+01  9.187028e+00
     vertex  1.116500e+01 -2.487180e+01  7.893687e+00
     vertex  1.116500e+01 -2.487171e+01  9.189257e+00
   endloop
 endfacet
 facet normal  1.000000e+00 -0.000000e+00  0.000000e+00
   outer loop
     vertex  1.116500e+01 -2.500500e+01  9.183315e+00
     vertex  1.116500e+01 -2.487180e+01  7.893687e+00
     vertex  1.116500e+01 -2.493839e+01  9.187028e+00
   endloop
 endfacet
 facet normal  1.000000e+00  0.000000e+00  0.000000e+00
   outer loop
     vertex  1.116500e+01 -2.500500e+01  9.183315e+00
     vertex  1.116500e+01 -2.493851e+01  7.889750e+00
     vertex  1.116500e+01 -2.487180e+01  7.893687e+00
   endloop
 endfacet
 facet normal  1.000000e+00  0.000000e+00  0.000000e+00
   outer loop
     vertex  1.116500e+01 -2.500500e+01  9.183315e+00
     vertex  1.116500e+01 -2.500500e+01  7.883194e+00
     vertex  1.116500e+01 -2.493851e+01  7.889750e+00
   endloop
 endfacet
 facet normal  1.000000e+00  0.000000e+00  0.000000e+00
   outer loop
     vertex  1.116500e+01 -2.500500e+01  4.506806e+00
     vertex  1.116500e+01 -2.529826e+01  3.240898e+00
     vertex  1.116500e+01 -2.515205e+01  3.220176e+00
   endloop
 endfacet
 facet normal  1.000000e+00  0.000000e+00  0.000000e+00
   outer loop
     vertex  1.116500e+01 -2.500500e+01  4.506806e+00
     vertex  1.116500e+01 -2.515205e+01  3.220176e+00
     vertex  1.116500e+01 -2.500500e+01  3.206685e+00
   endloop
 endfacet
 facet normal  1.000000e+00  0.000000e+00  0.000000e+00
   outer loop
     vertex  1.116500e+01 -2.508787e+01  4.518699e+00
     vertex  1.116500e+01 -2.529826e+01  3.240898e+00
     vertex  1.116500e+01 -2.500500e+01  4.506806e+00
   endloop
 endfacet
 facet normal  1.000000e+00  0.000000e+00  0.000000e+00
   outer loop
     vertex  1.116500e+01 -2.508787e+01  4.518699e+00
     vertex  1.116500e+01 -2.544327e+01  3.268802e+00
     vertex  1.116500e+01 -2.529826e+01  3.240898e+00
   endloop
 endfacet
 facet normal  1.000000e+00  0.000000e+00  0.000000e+00
   outer loop
     vertex  1.116500e+01 -2.517005e+01  4.534657e+00
     vertex  1.116500e+01 -2.544327e+01  3.268802e+00
     vertex  1.116500e+01 -2.508787e+01  4.518699e+00
   endloop
 endfacet
 facet normal  1.000000e+00  0.000000e+00  0.000000e+00
   outer loop
     vertex  1.116500e+01 -2.517005e+01  4.534657e+00
     vertex  1.116500e+01 -2.558673e+01  3.303819e+00
     vertex  1.116500e+01 -2.544327e+01  3.268802e+00
   endloop
 endfacet
 facet normal  1.000000e+00  0.000000e+00  0.000000e+00
   outer loop
     vertex  1.116500e+01 -2.525135e+01  4.554642e+00
     vertex  1.116500e+01 -2.558673e+01  3.303819e+00
     vertex  1.116500e+01 -2.517005e+01  4.534657e+00
   endloop
 endfacet
 facet normal  1.000000e+00  0.000000e+00  0.000000e+00
   outer loop
     vertex  1.116500e+01 -2.525135e+01  4.554642e+00
     vertex  1.116500e+01 -2.572829e+01  3.345865e+00
     vertex  1.116500e+01 -2.558673e+01  3.303819e+00
   endloop
 endfacet
 facet normal  1.000000e+00  0.000000e+00  0.000000e+00
   outer loop
     vertex  1.116500e+01 -2.533156e+01  4.578604e+00
     vertex  1.116500e+01 -2.572829e+01  3.345865e+00
     vertex  1.116500e+01 -2.525135e+01  4.554642e+00
   endloop
 endfacet
 facet normal  1.000000e+00  0.000000e+00  0.000000e+00
   outer loop
     vertex  1.116500e+01 -2.533156e+01  4.578604e+00
     vertex  1.116500e+01 -2.586760e+01  3.394838e+00
     vertex  1.116500e+01 -2.572829e+01  3.345865e+00
   endloop
 endfacet
 facet normal  1.000000e+00  0.000000e+00  0.000000e+00
   outer loop
     vertex  1.116500e+01 -2.541050e+01  4.606487e+00
     vertex  1.116500e+01 -2.586760e+01  3.394838e+00
     vertex  1.116500e+01 -2.533156e+01  4.578604e+00
   endloop
 endfacet
 facet normal  1.000000e+00  0.000000e+00  0.000000e+00
   outer loop
     vertex  1.116500e+01 -2.541050e+01  4.606487e+00
     vertex  1.116500e+01 -2.600433e+01  3.450617e+00
     vertex  1.116500e+01 -2.586760e+01  3.394838e+00
   endloop
 endfacet
 facet normal  1.000000e+00  0.000000e+00  0.000000e+00
   outer loop
     vertex  1.116500e+01 -2.548796e+01  4.638221e+00
     vertex  1.116500e+01 -2.613814e+01  3.513069e+00
     vertex  1.116500e+01 -2.600433e+01  3.450617e+00
   endloop
 endfacet
 facet normal  1.000000e+00  0.000000e+00  0.000000e+00
   outer loop
     vertex  1.116500e+01 -2.548796e+01  4.638221e+00
     vertex  1.116500e+01 -2.600433e+01  3.450617e+00
     vertex  1.116500e+01 -2.541050e+01  4.606487e+00
   endloop
 endfacet
 facet normal  1.000000e+00  0.000000e+00  0.000000e+00
   outer loop
     vertex  1.116500e+01 -2.556378e+01  4.673732e+00
     vertex  1.116500e+01 -2.626872e+01  3.582040e+00
     vertex  1.116500e+01 -2.613814e+01  3.513069e+00
   endloop
 endfacet
 facet normal  1.000000e+00  0.000000e+00  0.000000e+00
   outer loop
     vertex  1.116500e+01 -2.556378e+01  4.673732e+00
     vertex  1.116500e+01 -2.613814e+01  3.513069e+00
     vertex  1.116500e+01 -2.548796e+01  4.638221e+00
   endloop
 endfacet
 facet normal  1.000000e+00  0.000000e+00  0.000000e+00
   outer loop
     vertex  1.116500e+01 -2.563775e+01  4.712931e+00
     vertex  1.116500e+01 -2.639573e+01  3.657363e+00
     vertex  1.116500e+01 -2.626872e+01  3.582040e+00
   endloop
 endfacet
 facet normal  1.000000e+00  0.000000e+00  0.000000e+00
   outer loop
     vertex  1.116500e+01 -2.563775e+01  4.712931e+00
     vertex  1.116500e+01 -2.626872e+01  3.582040e+00
     vertex  1.116500e+01 -2.556378e+01  4.673732e+00
   endloop
 endfacet
 facet normal  1.000000e+00  0.000000e+00  0.000000e+00
   outer loop
     vertex  1.116500e+01 -2.570970e+01  4.755724e+00
     vertex  1.116500e+01 -2.651888e+01  3.738855e+00
     vertex  1.116500e+01 -2.639573e+01  3.657363e+00
   endloop
 endfacet
 facet normal  1.000000e+00  0.000000e+00  0.000000e+00
   outer loop
     vertex  1.116500e+01 -2.570970e+01  4.755724e+00
     vertex  1.116500e+01 -2.639573e+01  3.657363e+00
     vertex  1.116500e+01 -2.563775e+01  4.712931e+00
   endloop
 endfacet
 facet normal  1.000000e+00  0.000000e+00  0.000000e+00
   outer loop
     vertex  1.116500e+01 -2.577946e+01  4.802008e+00
     vertex  1.116500e+01 -2.663786e+01  3.826319e+00
     vertex  1.116500e+01 -2.651888e+01  3.738855e+00
   endloop
 endfacet
 facet normal  1.000000e+00  0.000000e+00  0.000000e+00
   outer loop
     vertex  1.116500e+01 -2.577946e+01  4.802008e+00
     vertex  1.116500e+01 -2.651888e+01  3.738855e+00
     vertex  1.116500e+01 -2.570970e+01  4.755724e+00
   endloop
 endfacet
 facet normal  1.000000e+00  0.000000e+00  0.000000e+00
   outer loop
     vertex  1.116500e+01 -2.584686e+01  4.851670e+00
     vertex  1.116500e+01 -2.675239e+01  3.919540e+00
     vertex  1.116500e+01 -2.663786e+01  3.826319e+00
   endloop
 endfacet
 facet normal  1.000000e+00  0.000000e+00  0.000000e+00
   outer loop
     vertex  1.116500e+01 -2.584686e+01  4.851670e+00
     vertex  1.116500e+01 -2.663786e+01  3.826319e+00
     vertex  1.116500e+01 -2.577946e+01  4.802008e+00
   endloop
 endfacet
 facet normal  1.000000e+00  0.000000e+00  0.000000e+00
   outer loop
     vertex  1.116500e+01 -2.591173e+01  4.904589e+00
     vertex  1.116500e+01 -2.675239e+01  3.919540e+00
     vertex  1.116500e+01 -2.584686e+01  4.851670e+00
   endloop
 endfacet
 facet normal  1.000000e+00 -0.000000e+00  0.000000e+00
   outer loop
     vertex  1.116500e+01 -2.686218e+01  4.018294e+00
     vertex  1.116500e+01 -2.675239e+01  3.919540e+00
     vertex  1.116500e+01 -2.591173e+01  4.904589e+00
   endloop
 endfacet
 facet normal  1.000000e+00  0.000000e+00  0.000000e+00
   outer loop
     vertex  1.116500e+01 -2.597391e+01  4.960638e+00
     vertex  1.116500e+01 -2.686218e+01  4.018294e+00
     vertex  1.116500e+01 -2.591173e+01  4.904589e+00
   endloop
 endfacet
 facet normal  1.000000e+00  0.000000e+00  0.000000e+00
   outer loop
     vertex  1.116500e+01 -2.696697e+01  4.122339e+00
     vertex  1.116500e+01 -2.597391e+01  4.960638e+00
     vertex  1.116500e+01 -2.603326e+01  5.019681e+00
   endloop
 endfacet
 facet normal  1.000000e+00 -0.000000e+00  0.000000e+00
   outer loop
     vertex  1.116500e+01 -2.696697e+01  4.122339e+00
     vertex  1.116500e+01 -2.686218e+01  4.018294e+00
     vertex  1.116500e+01 -2.597391e+01  4.960638e+00
   endloop
 endfacet
 facet normal  1.000000e+00  0.000000e+00  0.000000e+00
   outer loop
     vertex  1.116500e+01 -2.706650e+01  4.231422e+00
     vertex  1.116500e+01 -2.603326e+01  5.019681e+00
     vertex  1.116500e+01 -2.608963e+01  5.081573e+00
   endloop
 endfacet
 facet normal  1.000000e+00 -0.000000e+00  0.000000e+00
   outer loop
     vertex  1.116500e+01 -2.706650e+01  4.231422e+00
     vertex  1.116500e+01 -2.696697e+01  4.122339e+00
     vertex  1.116500e+01 -2.603326e+01  5.019681e+00
   endloop
 endfacet
 facet normal  1.000000e+00  0.000000e+00  0.000000e+00
   outer loop
     vertex  1.116500e+01 -2.716054e+01  4.345280e+00
     vertex  1.116500e+01 -2.608963e+01  5.081573e+00
     vertex  1.116500e+01 -2.614289e+01  5.146166e+00
   endloop
 endfacet
 facet normal  1.000000e+00 -0.000000e+00  0.000000e+00
   outer loop
     vertex  1.116500e+01 -2.716054e+01  4.345280e+00
     vertex  1.116500e+01 -2.706650e+01  4.231422e+00
     vertex  1.116500e+01 -2.608963e+01  5.081573e+00
   endloop
 endfacet
 facet normal  1.000000e+00  0.000000e+00  0.000000e+00
   outer loop
     vertex  1.116500e+01 -2.724885e+01  4.463634e+00
     vertex  1.116500e+01 -2.614289e+01  5.146166e+00
     vertex  1.116500e+01 -2.619290e+01  5.213302e+00
   endloop
 endfacet
 facet normal  1.000000e+00 -0.000000e+00  0.000000e+00
   outer loop
     vertex  1.116500e+01 -2.724885e+01  4.463634e+00
     vertex  1.116500e+01 -2.716054e+01  4.345280e+00
     vertex  1.116500e+01 -2.614289e+01  5.146166e+00
   endloop
 endfacet
 facet normal  1.000000e+00  0.000000e+00  0.000000e+00
   outer loop
     vertex  1.116500e+01 -2.733122e+01  4.586197e+00
     vertex  1.116500e+01 -2.619290e+01  5.213302e+00
     vertex  1.116500e+01 -2.623955e+01  5.282819e+00
   endloop
 endfacet
 facet normal  1.000000e+00 -0.000000e+00  0.000000e+00
   outer loop
     vertex  1.116500e+01 -2.733122e+01  4.586197e+00
     vertex  1.116500e+01 -2.724885e+01  4.463634e+00
     vertex  1.116500e+01 -2.619290e+01  5.213302e+00
   endloop
 endfacet
 facet normal  1.000000e+00 -0.000000e+00  0.000000e+00
   outer loop
     vertex  1.116500e+01 -2.740745e+01  4.712671e+00
     vertex  1.116500e+01 -2.733122e+01  4.586197e+00
     vertex  1.116500e+01 -2.623955e+01  5.282819e+00
   endloop
 endfacet
 facet normal  1.000000e+00  0.000000e+00  0.000000e+00
   outer loop
     vertex  1.116500e+01 -2.740745e+01  4.712671e+00
     vertex  1.116500e+01 -2.623955e+01  5.282819e+00
     vertex  1.116500e+01 -2.628271e+01  5.354548e+00
   endloop
 endfacet
 facet normal  1.000000e+00  0.000000e+00  0.000000e+00
   outer loop
     vertex  1.116500e+01 -2.747735e+01  4.842748e+00
     vertex  1.116500e+01 -2.628271e+01  5.354548e+00
     vertex  1.116500e+01 -2.632230e+01  5.428315e+00
   endloop
 endfacet
 facet normal  1.000000e+00 -0.000000e+00  0.000000e+00
   outer loop
     vertex  1.116500e+01 -2.747735e+01  4.842748e+00
     vertex  1.116500e+01 -2.740745e+01  4.712671e+00
     vertex  1.116500e+01 -2.628271e+01  5.354548e+00
   endloop
 endfacet
 facet normal  1.000000e+00  0.000000e+00  0.000000e+00
   outer loop
     vertex  1.116500e+01 -2.754075e+01  4.976113e+00
     vertex  1.116500e+01 -2.632230e+01  5.428315e+00
     vertex  1.116500e+01 -2.635820e+01  5.503942e+00
   endloop
 endfacet
 facet normal  1.000000e+00 -0.000000e+00  0.000000e+00
   outer loop
     vertex  1.116500e+01 -2.754075e+01  4.976113e+00
     vertex  1.116500e+01 -2.747735e+01  4.842748e+00
     vertex  1.116500e+01 -2.632230e+01  5.428315e+00
   endloop
 endfacet
 facet normal  1.000000e+00 -0.000000e+00  0.000000e+00
   outer loop
     vertex  1.116500e+01 -2.759751e+01  5.112441e+00
     vertex  1.116500e+01 -2.754075e+01  4.976113e+00
     vertex  1.116500e+01 -2.635820e+01  5.503942e+00
   endloop
 endfacet
 facet normal  1.000000e+00  0.000000e+00  0.000000e+00
   outer loop
     vertex  1.116500e+01 -2.759751e+01  5.112441e+00
     vertex  1.116500e+01 -2.635820e+01  5.503942e+00
     vertex  1.116500e+01 -2.639034e+01  5.581244e+00
   endloop
 endfacet
 facet normal  1.000000e+00 -0.000000e+00  0.000000e+00
   outer loop
     vertex  1.116500e+01 -2.764747e+01  5.251401e+00
     vertex  1.116500e+01 -2.759751e+01  5.112441e+00
     vertex  1.116500e+01 -2.639034e+01  5.581244e+00
   endloop
 endfacet
 facet normal  1.000000e+00  0.000000e+00  0.000000e+00
   outer loop
     vertex  1.116500e+01 -2.764747e+01  5.251401e+00
     vertex  1.116500e+01 -2.639034e+01  5.581244e+00
     vertex  1.116500e+01 -2.641863e+01  5.660035e+00
   endloop
 endfacet
 facet normal  1.000000e+00 -0.000000e+00  0.000000e+00
   outer loop
     vertex  1.116500e+01 -2.769053e+01  5.392655e+00
     vertex  1.116500e+01 -2.764747e+01  5.251401e+00
     vertex  1.116500e+01 -2.641863e+01  5.660035e+00
   endloop
 endfacet
 facet normal  1.000000e+00  0.000000e+00  0.000000e+00
   outer loop
     vertex  1.116500e+01 -2.769053e+01  5.392655e+00
     vertex  1.116500e+01 -2.641863e+01  5.660035e+00
     vertex  1.116500e+01 -2.644301e+01  5.740123e+00
   endloop
 endfacet
 facet normal  1.000000e+00 -0.000000e+00  0.000000e+00
   outer loop
     vertex  1.116500e+01 -2.772657e+01  5.535859e+00
     vertex  1.116500e+01 -2.769053e+01  5.392655e+00
     vertex  1.116500e+01 -2.644301e+01  5.740123e+00
   endloop
 endfacet
 facet normal  1.000000e+00  0.000000e+00  0.000000e+00
   outer loop
     vertex  1.116500e+01 -2.772657e+01  5.535859e+00
     vertex  1.116500e+01 -2.644301e+01  5.740123e+00
     vertex  1.116500e+01 -2.646342e+01  5.821314e+00
   endloop
 endfacet
 facet normal  1.000000e+00 -0.000000e+00  0.000000e+00
   outer loop
     vertex  1.116500e+01 -2.775551e+01  5.680665e+00
     vertex  1.116500e+01 -2.772657e+01  5.535859e+00
     vertex  1.116500e+01 -2.646342e+01  5.821314e+00
   endloop
 endfacet
 facet normal  1.000000e+00  0.000000e+00  0.000000e+00
   outer loop
     vertex  1.116500e+01 -2.775551e+01  5.680665e+00
     vertex  1.116500e+01 -2.646342e+01  5.821314e+00
     vertex  1.116500e+01 -2.647981e+01  5.903411e+00
   endloop
 endfacet
 facet normal  1.000000e+00  0.000000e+00  0.000000e+00
   outer loop
     vertex  1.116500e+01 -2.777727e+01  5.826722e+00
     vertex  1.116500e+01 -2.647981e+01  5.903411e+00
     vertex  1.116500e+01 -2.649213e+01  5.986216e+00
   endloop
 endfacet
 facet normal  1.000000e+00 -0.000000e+00  0.000000e+00
   outer loop
     vertex  1.116500e+01 -2.777727e+01  5.826722e+00
     vertex  1.116500e+01 -2.775551e+01  5.680665e+00
     vertex  1.116500e+01 -2.647981e+01  5.903411e+00
   endloop
 endfacet
 facet normal  1.000000e+00 -0.000000e+00  0.000000e+00
   outer loop
     vertex  1.116500e+01 -2.779181e+01  5.973675e+00
     vertex  1.116500e+01 -2.777727e+01  5.826722e+00
     vertex  1.116500e+01 -2.649213e+01  5.986216e+00
   endloop
 endfacet
 facet normal  1.000000e+00  0.000000e+00  0.000000e+00
   outer loop
     vertex  1.116500e+01 -2.779181e+01  5.973675e+00
     vertex  1.116500e+01 -2.649213e+01  5.986216e+00
     vertex  1.116500e+01 -2.650036e+01  6.069527e+00
   endloop
 endfacet
 facet normal  1.000000e+00  0.000000e+00  0.000000e+00
   outer loop
     vertex  1.116500e+01 -2.779909e+01  6.121165e+00
     vertex  1.116500e+01 -2.779181e+01  5.973675e+00
     vertex  1.116500e+01 -2.650036e+01  6.069527e+00
   endloop
 endfacet
 facet normal  1.000000e+00 -0.000000e+00  0.000000e+00
   outer loop
     vertex  1.116500e+01 -2.779909e+01  6.121165e+00
     vertex  1.116500e+01 -2.650036e+01  6.069527e+00
     vertex  1.116500e+01 -2.650448e+01  6.153142e+00
   endloop
 endfacet
 facet normal  1.000000e+00  0.000000e+00  0.000000e+00
   outer loop
     vertex  1.116500e+01 -2.779909e+01  6.268835e+00
     vertex  1.116500e+01 -2.779909e+01  6.121165e+00
     vertex  1.116500e+01 -2.650448e+01  6.153142e+00
   endloop
 endfacet
 facet normal  1.000000e+00 -0.000000e+00  0.000000e+00
   outer loop
     vertex  1.116500e+01 -2.779909e+01  6.268835e+00
     vertex  1.116500e+01 -2.650448e+01  6.236858e+00
     vertex  1.116500e+01 -2.650036e+01  6.320473e+00
   endloop
 endfacet
 facet normal  1.000000e+00  0.000000e+00  0.000000e+00
   outer loop
     vertex  1.116500e+01 -2.779909e+01  6.268835e+00
     vertex  1.116500e+01 -2.650448e+01  6.153142e+00
     vertex  1.116500e+01 -2.650448e+01  6.236858e+00
   endloop
 endfacet
 facet normal  1.000000e+00  0.000000e+00  0.000000e+00
   outer loop
     vertex  1.116500e+01 -2.779181e+01  6.416325e+00
     vertex  1.116500e+01 -2.779909e+01  6.268835e+00
     vertex  1.116500e+01 -2.650036e+01  6.320473e+00
   endloop
 endfacet
 facet normal  1.000000e+00  0.000000e+00  0.000000e+00
   outer loop
     vertex  1.116500e+01 -2.779181e+01  6.416325e+00
     vertex  1.116500e+01 -2.650036e+01  6.320473e+00
     vertex  1.116500e+01 -2.649213e+01  6.403784e+00
   endloop
 endfacet
 facet normal  1.000000e+00 -0.000000e+00  0.000000e+00
   outer loop
     vertex  1.116500e+01 -2.515205e+01  9.169824e+00
     vertex  1.116500e+01 -2.500500e+01  7.883194e+00
     vertex  1.116500e+01 -2.500500e+01  9.183315e+00
   endloop
 endfacet
 facet normal  1.000000e+00  0.000000e+00  0.000000e+00
   outer loop
     vertex  1.116500e+01 -2.777727e+01  6.563278e+00
     vertex  1.116500e+01 -2.779181e+01  6.416325e+00
     vertex  1.116500e+01 -2.649213e+01  6.403784e+00
   endloop
 endfacet
 facet normal  1.000000e+00  0.000000e+00  0.000000e+00
   outer loop
     vertex  1.116500e+01 -2.777727e+01  6.563278e+00
     vertex  1.116500e+01 -2.649213e+01  6.403784e+00
     vertex  1.116500e+01 -2.647981e+01  6.486589e+00
   endloop
 endfacet
 facet normal  1.000000e+00 -0.000000e+00  0.000000e+00
   outer loop
     vertex  1.116500e+01 -2.529826e+01  9.149102e+00
     vertex  1.116500e+01 -2.500500e+01  7.883194e+00
     vertex  1.116500e+01 -2.515205e+01  9.169824e+00
   endloop
 endfacet
 facet normal  1.000000e+00  0.000000e+00  0.000000e+00
   outer loop
     vertex  1.116500e+01 -2.529826e+01  9.149102e+00
     vertex  1.116500e+01 -2.508787e+01  7.871301e+00
     vertex  1.116500e+01 -2.500500e+01  7.883194e+00
   endloop
 endfacet
 facet normal  1.000000e+00  0.000000e+00  0.000000e+00
   outer loop
     vertex  1.116500e+01 -2.775551e+01  6.709335e+00
     vertex  1.116500e+01 -2.777727e+01  6.563278e+00
     vertex  1.116500e+01 -2.647981e+01  6.486589e+00
   endloop
 endfacet
 facet normal  1.000000e+00  0.000000e+00  0.000000e+00
   outer loop
     vertex  1.116500e+01 -2.775551e+01  6.709335e+00
     vertex  1.116500e+01 -2.647981e+01  6.486589e+00
     vertex  1.116500e+01 -2.646342e+01  6.568686e+00
   endloop
 endfacet
 facet normal  1.000000e+00  0.000000e+00  0.000000e+00
   outer loop
     vertex  1.116500e+01 -2.544327e+01  9.121198e+00
     vertex  1.116500e+01 -2.517005e+01  7.855343e+00
     vertex  1.116500e+01 -2.508787e+01  7.871301e+00
   endloop
 endfacet
 facet normal  1.000000e+00 -0.000000e+00  0.000000e+00
   outer loop
     vertex  1.116500e+01 -2.544327e+01  9.121198e+00
     vertex  1.116500e+01 -2.508787e+01  7.871301e+00
     vertex  1.116500e+01 -2.529826e+01  9.149102e+00
   endloop
 endfacet
 facet normal  1.000000e+00  0.000000e+00  0.000000e+00
   outer loop
     vertex  1.116500e+01 -2.772657e+01  6.854141e+00
     vertex  1.116500e+01 -2.775551e+01  6.709335e+00
     vertex  1.116500e+01 -2.646342e+01  6.568686e+00
   endloop
 endfacet
 facet normal  1.000000e+00  0.000000e+00  0.000000e+00
   outer loop
     vertex  1.116500e+01 -2.772657e+01  6.854141e+00
     vertex  1.116500e+01 -2.646342e+01  6.568686e+00
     vertex  1.116500e+01 -2.644301e+01  6.649877e+00
   endloop
 endfacet
 facet normal  1.000000e+00 -0.000000e+00  0.000000e+00
   outer loop
     vertex  1.116500e+01 -2.558673e+01  9.086181e+00
     vertex  1.116500e+01 -2.517005e+01  7.855343e+00
     vertex  1.116500e+01 -2.544327e+01  9.121198e+00
   endloop
 endfacet
 facet normal  1.000000e+00  0.000000e+00  0.000000e+00
   outer loop
     vertex  1.116500e+01 -2.558673e+01  9.086181e+00
     vertex  1.116500e+01 -2.525135e+01  7.835358e+00
     vertex  1.116500e+01 -2.517005e+01  7.855343e+00
   endloop
 endfacet
 facet normal  1.000000e+00  0.000000e+00  0.000000e+00
   outer loop
     vertex  1.116500e+01 -2.769053e+01  6.997345e+00
     vertex  1.116500e+01 -2.772657e+01  6.854141e+00
     vertex  1.116500e+01 -2.644301e+01  6.649877e+00
   endloop
 endfacet
 facet normal  1.000000e+00  0.000000e+00  0.000000e+00
   outer loop
     vertex  1.116500e+01 -2.769053e+01  6.997345e+00
     vertex  1.116500e+01 -2.644301e+01  6.649877e+00
     vertex  1.116500e+01 -2.641863e+01  6.729965e+00
   endloop
 endfacet
 facet normal  1.000000e+00 -0.000000e+00  0.000000e+00
   outer loop
     vertex  1.116500e+01 -2.572829e+01  9.044135e+00
     vertex  1.116500e+01 -2.525135e+01  7.835358e+00
     vertex  1.116500e+01 -2.558673e+01  9.086181e+00
   endloop
 endfacet
 facet normal  1.000000e+00  0.000000e+00  0.000000e+00
   outer loop
     vertex  1.116500e+01 -2.572829e+01  9.044135e+00
     vertex  1.116500e+01 -2.533156e+01  7.811396e+00
     vertex  1.116500e+01 -2.525135e+01  7.835358e+00
   endloop
 endfacet
 facet normal  1.000000e+00  0.000000e+00  0.000000e+00
   outer loop
     vertex  1.116500e+01 -2.764747e+01  7.138599e+00
     vertex  1.116500e+01 -2.769053e+01  6.997345e+00
     vertex  1.116500e+01 -2.641863e+01  6.729965e+00
   endloop
 endfacet
 facet normal  1.000000e+00  0.000000e+00  0.000000e+00
   outer loop
     vertex  1.116500e+01 -2.764747e+01  7.138599e+00
     vertex  1.116500e+01 -2.641863e+01  6.729965e+00
     vertex  1.116500e+01 -2.639034e+01  6.808756e+00
   endloop
 endfacet
 facet normal  1.000000e+00 -0.000000e+00  0.000000e+00
   outer loop
     vertex  1.116500e+01 -2.586760e+01  8.995162e+00
     vertex  1.116500e+01 -2.533156e+01  7.811396e+00
     vertex  1.116500e+01 -2.572829e+01  9.044135e+00
   endloop
 endfacet
 facet normal  1.000000e+00  0.000000e+00  0.000000e+00
   outer loop
     vertex  1.116500e+01 -2.586760e+01  8.995162e+00
     vertex  1.116500e+01 -2.541050e+01  7.783513e+00
     vertex  1.116500e+01 -2.533156e+01  7.811396e+00
   endloop
 endfacet
 facet normal  1.000000e+00  0.000000e+00  0.000000e+00
   outer loop
     vertex  1.116500e+01 -2.759751e+01  7.277559e+00
     vertex  1.116500e+01 -2.764747e+01  7.138599e+00
     vertex  1.116500e+01 -2.639034e+01  6.808756e+00
   endloop
 endfacet
 facet normal  1.000000e+00  0.000000e+00  0.000000e+00
   outer loop
     vertex  1.116500e+01 -2.759751e+01  7.277559e+00
     vertex  1.116500e+01 -2.639034e+01  6.808756e+00
     vertex  1.116500e+01 -2.635820e+01  6.886058e+00
   endloop
 endfacet
 facet normal  1.000000e+00  0.000000e+00  0.000000e+00
   outer loop
     vertex  1.116500e+01 -2.600433e+01  8.939383e+00
     vertex  1.116500e+01 -2.548796e+01  7.751779e+00
     vertex  1.116500e+01 -2.541050e+01  7.783513e+00
   endloop
 endfacet
 facet normal  1.000000e+00 -0.000000e+00  0.000000e+00
   outer loop
     vertex  1.116500e+01 -2.600433e+01  8.939383e+00
     vertex  1.116500e+01 -2.541050e+01  7.783513e+00
     vertex  1.116500e+01 -2.586760e+01  8.995162e+00
   endloop
 endfacet
 facet normal  1.000000e+00  0.000000e+00  0.000000e+00
   outer loop
     vertex  1.116500e+01 -2.754075e+01  7.413887e+00
     vertex  1.116500e+01 -2.759751e+01  7.277559e+00
     vertex  1.116500e+01 -2.635820e+01  6.886058e+00
   endloop
 endfacet
 facet normal  1.000000e+00  0.000000e+00  0.000000e+00
   outer loop
     vertex  1.116500e+01 -2.754075e+01  7.413887e+00
     vertex  1.116500e+01 -2.635820e+01  6.886058e+00
     vertex  1.116500e+01 -2.632230e+01  6.961685e+00
   endloop
 endfacet
 facet normal  1.000000e+00 -0.000000e+00  0.000000e+00
   outer loop
     vertex  1.116500e+01 -2.613814e+01  8.876931e+00
     vertex  1.116500e+01 -2.548796e+01  7.751779e+00
     vertex  1.116500e+01 -2.600433e+01  8.939383e+00
   endloop
 endfacet
 facet normal  1.000000e+00  0.000000e+00  0.000000e+00
   outer loop
     vertex  1.116500e+01 -2.613814e+01  8.876931e+00
     vertex  1.116500e+01 -2.556378e+01  7.716268e+00
     vertex  1.116500e+01 -2.548796e+01  7.751779e+00
   endloop
 endfacet
 facet normal  1.000000e+00  0.000000e+00  0.000000e+00
   outer loop
     vertex  1.116500e+01 -2.747735e+01  7.547252e+00
     vertex  1.116500e+01 -2.754075e+01  7.413887e+00
     vertex  1.116500e+01 -2.632230e+01  6.961685e+00
   endloop
 endfacet
 facet normal  1.000000e+00  0.000000e+00  0.000000e+00
   outer loop
     vertex  1.116500e+01 -2.747735e+01  7.547252e+00
     vertex  1.116500e+01 -2.632230e+01  6.961685e+00
     vertex  1.116500e+01 -2.628271e+01  7.035452e+00
   endloop
 endfacet
 facet normal  1.000000e+00 -0.000000e+00  0.000000e+00
   outer loop
     vertex  1.116500e+01 -2.626872e+01  8.807960e+00
     vertex  1.116500e+01 -2.556378e+01  7.716268e+00
     vertex  1.116500e+01 -2.613814e+01  8.876931e+00
   endloop
 endfacet
 facet normal  1.000000e+00  0.000000e+00  0.000000e+00
   outer loop
     vertex  1.116500e+01 -2.626872e+01  8.807960e+00
     vertex  1.116500e+01 -2.563775e+01  7.677069e+00
     vertex  1.116500e+01 -2.556378e+01  7.716268e+00
   endloop
 endfacet
 facet normal  1.000000e+00  0.000000e+00  0.000000e+00
   outer loop
     vertex  1.116500e+01 -2.740745e+01  7.677329e+00
     vertex  1.116500e+01 -2.747735e+01  7.547252e+00
     vertex  1.116500e+01 -2.628271e+01  7.035452e+00
   endloop
 endfacet
 facet normal  1.000000e+00  0.000000e+00  0.000000e+00
   outer loop
     vertex  1.116500e+01 -2.740745e+01  7.677329e+00
     vertex  1.116500e+01 -2.628271e+01  7.035452e+00
     vertex  1.116500e+01 -2.623955e+01  7.107181e+00
   endloop
 endfacet
 facet normal  1.000000e+00 -0.000000e+00  0.000000e+00
   outer loop
     vertex  1.116500e+01 -2.639573e+01  8.732637e+00
     vertex  1.116500e+01 -2.563775e+01  7.677069e+00
     vertex  1.116500e+01 -2.626872e+01  8.807960e+00
   endloop
 endfacet
 facet normal  1.000000e+00  0.000000e+00  0.000000e+00
   outer loop
     vertex  1.116500e+01 -2.639573e+01  8.732637e+00
     vertex  1.116500e+01 -2.570970e+01  7.634276e+00
     vertex  1.116500e+01 -2.563775e+01  7.677069e+00
   endloop
 endfacet
 facet normal  1.000000e+00  0.000000e+00  0.000000e+00
   outer loop
     vertex  1.116500e+01 -2.733122e+01  7.803803e+00
     vertex  1.116500e+01 -2.740745e+01  7.677329e+00
     vertex  1.116500e+01 -2.623955e+01  7.107181e+00
   endloop
 endfacet
 facet normal  1.000000e+00  0.000000e+00  0.000000e+00
   outer loop
     vertex  1.116500e+01 -2.733122e+01  7.803803e+00
     vertex  1.116500e+01 -2.623955e+01  7.107181e+00
     vertex  1.116500e+01 -2.619290e+01  7.176698e+00
   endloop
 endfacet
 facet normal  1.000000e+00 -0.000000e+00  0.000000e+00
   outer loop
     vertex  1.116500e+01 -2.651888e+01  8.651145e+00
     vertex  1.116500e+01 -2.570970e+01  7.634276e+00
     vertex  1.116500e+01 -2.639573e+01  8.732637e+00
   endloop
 endfacet
 facet normal  1.000000e+00  0.000000e+00  0.000000e+00
   outer loop
     vertex  1.116500e+01 -2.651888e+01  8.651145e+00
     vertex  1.116500e+01 -2.577946e+01  7.587992e+00
     vertex  1.116500e+01 -2.570970e+01  7.634276e+00
   endloop
 endfacet
 facet normal  1.000000e+00  0.000000e+00  0.000000e+00
   outer loop
     vertex  1.116500e+01 -2.724885e+01  7.926366e+00
     vertex  1.116500e+01 -2.733122e+01  7.803803e+00
     vertex  1.116500e+01 -2.619290e+01  7.176698e+00
   endloop
 endfacet
 facet normal  1.000000e+00  0.000000e+00  0.000000e+00
   outer loop
     vertex  1.116500e+01 -2.724885e+01  7.926366e+00
     vertex  1.116500e+01 -2.619290e+01  7.176698e+00
     vertex  1.116500e+01 -2.614289e+01  7.243834e+00
   endloop
 endfacet
 facet normal  1.000000e+00 -0.000000e+00  0.000000e+00
   outer loop
     vertex  1.116500e+01 -2.663786e+01  8.563681e+00
     vertex  1.116500e+01 -2.577946e+01  7.587992e+00
     vertex  1.116500e+01 -2.651888e+01  8.651145e+00
   endloop
 endfacet
 facet normal  1.000000e+00  0.000000e+00  0.000000e+00
   outer loop
     vertex  1.116500e+01 -2.663786e+01  8.563681e+00
     vertex  1.116500e+01 -2.584686e+01  7.538330e+00
     vertex  1.116500e+01 -2.577946e+01  7.587992e+00
   endloop
 endfacet
 facet normal  1.000000e+00  0.000000e+00  0.000000e+00
   outer loop
     vertex  1.116500e+01 -2.716054e+01  8.044720e+00
     vertex  1.116500e+01 -2.724885e+01  7.926366e+00
     vertex  1.116500e+01 -2.614289e+01  7.243834e+00
   endloop
 endfacet
 facet normal  1.000000e+00  0.000000e+00  0.000000e+00
   outer loop
     vertex  1.116500e+01 -2.716054e+01  8.044720e+00
     vertex  1.116500e+01 -2.614289e+01  7.243834e+00
     vertex  1.116500e+01 -2.608963e+01  7.308427e+00
   endloop
 endfacet
 facet normal  1.000000e+00 -0.000000e+00  0.000000e+00
   outer loop
     vertex  1.116500e+01 -2.675239e+01  8.470460e+00
     vertex  1.116500e+01 -2.584686e+01  7.538330e+00
     vertex  1.116500e+01 -2.663786e+01  8.563681e+00
   endloop
 endfacet
 facet normal  1.000000e+00  0.000000e+00  0.000000e+00
   outer loop
     vertex  1.116500e+01 -2.675239e+01  8.470460e+00
     vertex  1.116500e+01 -2.591173e+01  7.485411e+00
     vertex  1.116500e+01 -2.584686e+01  7.538330e+00
   endloop
 endfacet
 facet normal  1.000000e+00  0.000000e+00  0.000000e+00
   outer loop
     vertex  1.116500e+01 -2.706650e+01  8.158578e+00
     vertex  1.116500e+01 -2.716054e+01  8.044720e+00
     vertex  1.116500e+01 -2.608963e+01  7.308427e+00
   endloop
 endfacet
 facet normal  1.000000e+00  0.000000e+00  0.000000e+00
   outer loop
     vertex  1.116500e+01 -2.706650e+01  8.158578e+00
     vertex  1.116500e+01 -2.608963e+01  7.308427e+00
     vertex  1.116500e+01 -2.603326e+01  7.370319e+00
   endloop
 endfacet
 facet normal  1.000000e+00 -0.000000e+00  0.000000e+00
   outer loop
     vertex  1.116500e+01 -2.686218e+01  8.371706e+00
     vertex  1.116500e+01 -2.591173e+01  7.485411e+00
     vertex  1.116500e+01 -2.675239e+01  8.470460e+00
   endloop
 endfacet
 facet normal  1.000000e+00  0.000000e+00  0.000000e+00
   outer loop
     vertex  1.116500e+01 -2.686218e+01  8.371706e+00
     vertex  1.116500e+01 -2.597391e+01  7.429362e+00
     vertex  1.116500e+01 -2.591173e+01  7.485411e+00
   endloop
 endfacet
 facet normal  1.000000e+00  0.000000e+00  0.000000e+00
   outer loop
     vertex  1.116500e+01 -2.696697e+01  8.267661e+00
     vertex  1.116500e+01 -2.706650e+01  8.158578e+00
     vertex  1.116500e+01 -2.603326e+01  7.370319e+00
   endloop
 endfacet
 facet normal  1.000000e+00 -0.000000e+00  0.000000e+00
   outer loop
     vertex  1.116500e+01 -2.696697e+01  8.267661e+00
     vertex  1.116500e+01 -2.597391e+01  7.429362e+00
     vertex  1.116500e+01 -2.686218e+01  8.371706e+00
   endloop
 endfacet
 facet normal  1.000000e+00  0.000000e+00  0.000000e+00
   outer loop
     vertex  1.116500e+01 -2.696697e+01  8.267661e+00
     vertex  1.116500e+01 -2.603326e+01  7.370319e+00
     vertex  1.116500e+01 -2.597391e+01  7.429362e+00
   endloop
 endfacet
 facet normal  0.000000e+00  1.965209e-02 -9.998069e-01
   outer loop
     vertex  1.116500e+01 -2.480500e+01  7.895000e+00
     vertex  2.665000e+00 -2.487180e+01  7.893687e+00
     vertex  2.665000e+00 -2.480500e+01  7.895000e+00
   endloop
 endfacet
 facet normal  0.000000e+00  1.965209e-02 -9.998069e-01
   outer loop
     vertex  1.116500e+01 -2.487180e+01  7.893687e+00
     vertex  2.665000e+00 -2.487180e+01  7.893687e+00
     vertex  1.116500e+01 -2.480500e+01  7.895000e+00
   endloop
 endfacet
 facet normal  0.000000e+00  5.892592e-02 -9.982624e-01
   outer loop
     vertex  1.116500e+01 -2.493851e+01  7.889750e+00
     vertex  2.665000e+00 -2.493851e+01  7.889750e+00
     vertex  2.665000e+00 -2.487180e+01  7.893687e+00
   endloop
 endfacet
 facet normal  0.000000e+00  5.892592e-02 -9.982624e-01
   outer loop
     vertex  1.116500e+01 -2.493851e+01  7.889750e+00
     vertex  2.665000e+00 -2.487180e+01  7.893687e+00
     vertex  1.116500e+01 -2.487180e+01  7.893687e+00
   endloop
 endfacet
 facet normal  0.000000e+00  9.810872e-02 -9.951757e-01
   outer loop
     vertex  1.116500e+01 -2.500500e+01  7.883194e+00
     vertex  2.665000e+00 -2.500500e+01  7.883194e+00
     vertex  2.665000e+00 -2.493851e+01  7.889750e+00
   endloop
 endfacet
 facet normal  0.000000e+00  9.810872e-02 -9.951757e-01
   outer loop
     vertex  1.116500e+01 -2.500500e+01  7.883194e+00
     vertex  2.665000e+00 -2.493851e+01  7.889750e+00
     vertex  1.116500e+01 -2.493851e+01  7.889750e+00
   endloop
 endfacet
 facet normal  0.000000e+00  1.420629e-01 -9.898576e-01
   outer loop
     vertex  1.116500e+01 -2.508787e+01  7.871301e+00
     vertex  2.665000e+00 -2.508787e+01  7.871301e+00
     vertex  2.665000e+00 -2.500500e+01  7.883194e+00
   endloop
 endfacet
 facet normal  0.000000e+00  1.906215e-01 -9.816636e-01
   outer loop
     vertex  1.116500e+01 -2.508787e+01  7.871301e+00
     vertex  2.665000e+00 -2.517005e+01  7.855343e+00
     vertex  2.665000e+00 -2.508787e+01  7.871301e+00
   endloop
 endfacet
 facet normal  0.000000e+00  1.420629e-01 -9.898576e-01
   outer loop
     vertex  1.116500e+01 -2.508787e+01  7.871301e+00
     vertex  2.665000e+00 -2.500500e+01  7.883194e+00
     vertex  1.116500e+01 -2.500500e+01  7.883194e+00
   endloop
 endfacet
 facet normal  0.000000e+00  1.906215e-01 -9.816636e-01
   outer loop
     vertex  1.116500e+01 -2.517005e+01  7.855343e+00
     vertex  2.665000e+00 -2.517005e+01  7.855343e+00
     vertex  1.116500e+01 -2.508787e+01  7.871301e+00
   endloop
 endfacet
 facet normal  0.000000e+00  2.387178e-01 -9.710890e-01
   outer loop
     vertex  1.116500e+01 -2.525135e+01  7.835358e+00
     vertex  2.665000e+00 -2.525135e+01  7.835358e+00
     vertex  2.665000e+00 -2.517005e+01  7.855343e+00
   endloop
 endfacet
 facet normal  0.000000e+00  2.862352e-01 -9.581594e-01
   outer loop
     vertex  1.116500e+01 -2.525135e+01  7.835358e+00
     vertex  2.665000e+00 -2.533156e+01  7.811396e+00
     vertex  2.665000e+00 -2.525135e+01  7.835358e+00
   endloop
 endfacet
 facet normal  0.000000e+00  2.387178e-01 -9.710890e-01
   outer loop
     vertex  1.116500e+01 -2.525135e+01  7.835358e+00
     vertex  2.665000e+00 -2.517005e+01  7.855343e+00
     vertex  1.116500e+01 -2.517005e+01  7.855343e+00
   endloop
 endfacet
 facet normal  0.000000e+00  2.862352e-01 -9.581594e-01
   outer loop
     vertex  1.116500e+01 -2.533156e+01  7.811396e+00
     vertex  2.665000e+00 -2.533156e+01  7.811396e+00
     vertex  1.116500e+01 -2.525135e+01  7.835358e+00
   endloop
 endfacet
 facet normal  0.000000e+00  3.330584e-01 -9.429062e-01
   outer loop
     vertex  1.116500e+01 -2.541050e+01  7.783513e+00
     vertex  2.665000e+00 -2.541050e+01  7.783513e+00
     vertex  2.665000e+00 -2.533156e+01  7.811396e+00
   endloop
 endfacet
 facet normal  0.000000e+00  3.330584e-01 -9.429062e-01
   outer loop
     vertex  1.116500e+01 -2.541050e+01  7.783513e+00
     vertex  2.665000e+00 -2.533156e+01  7.811396e+00
     vertex  1.116500e+01 -2.533156e+01  7.811396e+00
   endloop
 endfacet
 facet normal  0.000000e+00  3.790740e-01 -9.253664e-01
   outer loop
     vertex  1.116500e+01 -2.548796e+01  7.751779e+00
     vertex  2.665000e+00 -2.548796e+01  7.751779e+00
     vertex  2.665000e+00 -2.541050e+01  7.783513e+00
   endloop
 endfacet
 facet normal  0.000000e+00  4.241702e-01 -9.055825e-01
   outer loop
     vertex  1.116500e+01 -2.548796e+01  7.751779e+00
     vertex  2.665000e+00 -2.556378e+01  7.716268e+00
     vertex  2.665000e+00 -2.548796e+01  7.751779e+00
   endloop
 endfacet
 facet normal  0.000000e+00  3.790740e-01 -9.253664e-01
   outer loop
     vertex  1.116500e+01 -2.548796e+01  7.751779e+00
     vertex  2.665000e+00 -2.541050e+01  7.783513e+00
     vertex  1.116500e+01 -2.541050e+01  7.783513e+00
   endloop
 endfacet
 facet normal  0.000000e+00  4.241702e-01 -9.055825e-01
   outer loop
     vertex  1.116500e+01 -2.556378e+01  7.716268e+00
     vertex  2.665000e+00 -2.556378e+01  7.716268e+00
     vertex  1.116500e+01 -2.548796e+01  7.751779e+00
   endloop
 endfacet
 facet normal  0.000000e+00  4.682379e-01 -8.836025e-01
   outer loop
     vertex  1.116500e+01 -2.556378e+01  7.716268e+00
     vertex  2.665000e+00 -2.563775e+01  7.677069e+00
     vertex  2.665000e+00 -2.556378e+01  7.716268e+00
   endloop
 endfacet
 facet normal  0.000000e+00  4.682379e-01 -8.836025e-01
   outer loop
     vertex  1.116500e+01 -2.563775e+01  7.677069e+00
     vertex  2.665000e+00 -2.563775e+01  7.677069e+00
     vertex  1.116500e+01 -2.556378e+01  7.716268e+00
   endloop
 endfacet
 facet normal  0.000000e+00  5.111700e-01 -8.594796e-01
   outer loop
     vertex  1.116500e+01 -2.570970e+01  7.634276e+00
     vertex  2.665000e+00 -2.563775e+01  7.677069e+00
     vertex  1.116500e+01 -2.563775e+01  7.677069e+00
   endloop
 endfacet
 facet normal  0.000000e+00  5.111700e-01 -8.594796e-01
   outer loop
     vertex  1.116500e+01 -2.570970e+01  7.634276e+00
     vertex  2.665000e+00 -2.570970e+01  7.634276e+00
     vertex  2.665000e+00 -2.563775e+01  7.677069e+00
   endloop
 endfacet
 facet normal  0.000000e+00  5.528625e-01 -8.332725e-01
   outer loop
     vertex  1.116500e+01 -2.570970e+01  7.634276e+00
     vertex  2.665000e+00 -2.577946e+01  7.587992e+00
     vertex  2.665000e+00 -2.570970e+01  7.634276e+00
   endloop
 endfacet
 facet normal  0.000000e+00  5.528625e-01 -8.332725e-01
   outer loop
     vertex  1.116500e+01 -2.577946e+01  7.587992e+00
     vertex  2.665000e+00 -2.577946e+01  7.587992e+00
     vertex  1.116500e+01 -2.570970e+01  7.634276e+00
   endloop
 endfacet
 facet normal  0.000000e+00  5.932142e-01 -8.050447e-01
   outer loop
     vertex  1.116500e+01 -2.584686e+01  7.538330e+00
     vertex  2.665000e+00 -2.584686e+01  7.538330e+00
     vertex  2.665000e+00 -2.577946e+01  7.587992e+00
   endloop
 endfacet
 facet normal  0.000000e+00  5.932142e-01 -8.050447e-01
   outer loop
     vertex  1.116500e+01 -2.584686e+01  7.538330e+00
     vertex  2.665000e+00 -2.577946e+01  7.587992e+00
     vertex  1.116500e+01 -2.577946e+01  7.587992e+00
   endloop
 endfacet
 facet normal  0.000000e+00  6.321274e-01 -7.748645e-01
   outer loop
     vertex  1.116500e+01 -2.584686e+01  7.538330e+00
     vertex  2.665000e+00 -2.591173e+01  7.485411e+00
     vertex  2.665000e+00 -2.584686e+01  7.538330e+00
   endloop
 endfacet
 facet normal  0.000000e+00  6.695076e-01 -7.428052e-01
   outer loop
     vertex  1.116500e+01 -2.591173e+01  7.485411e+00
     vertex  2.665000e+00 -2.597391e+01  7.429362e+00
     vertex  2.665000e+00 -2.591173e+01  7.485411e+00
   endloop
 endfacet
 facet normal  0.000000e+00  6.321274e-01 -7.748645e-01
   outer loop
     vertex  1.116500e+01 -2.591173e+01  7.485411e+00
     vertex  2.665000e+00 -2.591173e+01  7.485411e+00
     vertex  1.116500e+01 -2.584686e+01  7.538330e+00
   endloop
 endfacet
 facet normal  0.000000e+00  6.695076e-01 -7.428052e-01
   outer loop
     vertex  1.116500e+01 -2.597391e+01  7.429362e+00
     vertex  2.665000e+00 -2.597391e+01  7.429362e+00
     vertex  1.116500e+01 -2.591173e+01  7.485411e+00
   endloop
 endfacet
 facet normal  0.000000e+00  7.052642e-01 -7.089446e-01
   outer loop
     vertex  1.116500e+01 -2.603326e+01  7.370319e+00
     vertex  2.665000e+00 -2.603326e+01  7.370319e+00
     vertex  2.665000e+00 -2.597391e+01  7.429362e+00
   endloop
 endfacet
 facet normal  0.000000e+00  7.393104e-01 -6.733647e-01
   outer loop
     vertex  1.116500e+01 -2.603326e+01  7.370319e+00
     vertex  2.665000e+00 -2.608963e+01  7.308427e+00
     vertex  2.665000e+00 -2.603326e+01  7.370319e+00
   endloop
 endfacet
 facet normal  0.000000e+00  7.052642e-01 -7.089446e-01
   outer loop
     vertex  1.116500e+01 -2.603326e+01  7.370319e+00
     vertex  2.665000e+00 -2.597391e+01  7.429362e+00
     vertex  1.116500e+01 -2.597391e+01  7.429362e+00
   endloop
 endfacet
 facet normal  0.000000e+00  7.393104e-01 -6.733647e-01
   outer loop
     vertex  1.116500e+01 -2.608963e+01  7.308427e+00
     vertex  2.665000e+00 -2.608963e+01  7.308427e+00
     vertex  1.116500e+01 -2.603326e+01  7.370319e+00
   endloop
 endfacet
 facet normal  0.000000e+00  7.715638e-01 -6.361519e-01
   outer loop
     vertex  1.116500e+01 -2.614289e+01  7.243834e+00
     vertex  2.665000e+00 -2.608963e+01  7.308427e+00
     vertex  1.116500e+01 -2.608963e+01  7.308427e+00
   endloop
 endfacet
 facet normal  0.000000e+00  7.715638e-01 -6.361519e-01
   outer loop
     vertex  1.116500e+01 -2.614289e+01  7.243834e+00
     vertex  2.665000e+00 -2.614289e+01  7.243834e+00
     vertex  2.665000e+00 -2.608963e+01  7.308427e+00
   endloop
 endfacet
 facet normal  0.000000e+00  8.019461e-01 -5.973964e-01
   outer loop
     vertex  1.116500e+01 -2.619290e+01  7.176698e+00
     vertex  2.665000e+00 -2.619290e+01  7.176698e+00
     vertex  2.665000e+00 -2.614289e+01  7.243834e+00
   endloop
 endfacet
 facet normal  0.000000e+00  8.019461e-01 -5.973964e-01
   outer loop
     vertex  1.116500e+01 -2.619290e+01  7.176698e+00
     vertex  2.665000e+00 -2.614289e+01  7.243834e+00
     vertex  1.116500e+01 -2.614289e+01  7.243834e+00
   endloop
 endfacet
 facet normal  0.000000e+00  8.303836e-01 -5.571921e-01
   outer loop
     vertex  1.116500e+01 -2.623955e+01  7.107181e+00
     vertex  2.665000e+00 -2.623955e+01  7.107181e+00
     vertex  2.665000e+00 -2.619290e+01  7.176698e+00
   endloop
 endfacet
 facet normal  0.000000e+00  8.303836e-01 -5.571921e-01
   outer loop
     vertex  1.116500e+01 -2.623955e+01  7.107181e+00
     vertex  2.665000e+00 -2.619290e+01  7.176698e+00
     vertex  1.116500e+01 -2.619290e+01  7.176698e+00
   endloop
 endfacet
 facet normal  0.000000e+00  8.568074e-01 -5.156366e-01
   outer loop
     vertex  1.116500e+01 -2.628271e+01  7.035452e+00
     vertex  2.665000e+00 -2.628271e+01  7.035452e+00
     vertex  2.665000e+00 -2.623955e+01  7.107181e+00
   endloop
 endfacet
 facet normal  0.000000e+00  8.568074e-01 -5.156366e-01
   outer loop
     vertex  1.116500e+01 -2.628271e+01  7.035452e+00
     vertex  2.665000e+00 -2.623955e+01  7.107181e+00
     vertex  1.116500e+01 -2.623955e+01  7.107181e+00
   endloop
 endfacet
 facet normal  0.000000e+00  8.811533e-01 -4.728306e-01
   outer loop
     vertex  1.116500e+01 -2.632230e+01  6.961685e+00
     vertex  2.665000e+00 -2.632230e+01  6.961685e+00
     vertex  2.665000e+00 -2.628271e+01  7.035452e+00
   endloop
 endfacet
 facet normal  0.000000e+00  8.811533e-01 -4.728306e-01
   outer loop
     vertex  1.116500e+01 -2.632230e+01  6.961685e+00
     vertex  2.665000e+00 -2.628271e+01  7.035452e+00
     vertex  1.116500e+01 -2.628271e+01  7.035452e+00
   endloop
 endfacet
 facet normal  0.000000e+00  9.033624e-01 -4.288780e-01
   outer loop
     vertex  1.116500e+01 -2.635820e+01  6.886058e+00
     vertex  2.665000e+00 -2.635820e+01  6.886058e+00
     vertex  2.665000e+00 -2.632230e+01  6.961685e+00
   endloop
 endfacet
 facet normal  0.000000e+00  9.033624e-01 -4.288780e-01
   outer loop
     vertex  1.116500e+01 -2.635820e+01  6.886058e+00
     vertex  2.665000e+00 -2.632230e+01  6.961685e+00
     vertex  1.116500e+01 -2.632230e+01  6.961685e+00
   endloop
 endfacet
 facet normal  0.000000e+00  9.233808e-01 -3.838853e-01
   outer loop
     vertex  1.116500e+01 -2.639034e+01  6.808756e+00
     vertex  2.665000e+00 -2.639034e+01  6.808756e+00
     vertex  2.665000e+00 -2.635820e+01  6.886058e+00
   endloop
 endfacet
 facet normal  0.000000e+00  9.233808e-01 -3.838853e-01
   outer loop
     vertex  1.116500e+01 -2.639034e+01  6.808756e+00
     vertex  2.665000e+00 -2.635820e+01  6.886058e+00
     vertex  1.116500e+01 -2.635820e+01  6.886058e+00
   endloop
 endfacet
 facet normal  0.000000e+00  9.411599e-01 -3.379617e-01
   outer loop
     vertex  1.116500e+01 -2.641863e+01  6.729965e+00
     vertex  2.665000e+00 -2.641863e+01  6.729965e+00
     vertex  2.665000e+00 -2.639034e+01  6.808756e+00
   endloop
 endfacet
 facet normal  0.000000e+00  9.566566e-01 -2.912184e-01
   outer loop
     vertex  1.116500e+01 -2.641863e+01  6.729965e+00
     vertex  2.665000e+00 -2.644301e+01  6.649877e+00
     vertex  2.665000e+00 -2.641863e+01  6.729965e+00
   endloop
 endfacet
 facet normal  0.000000e+00  9.411599e-01 -3.379617e-01
   outer loop
     vertex  1.116500e+01 -2.641863e+01  6.729965e+00
     vertex  2.665000e+00 -2.639034e+01  6.808756e+00
     vertex  1.116500e+01 -2.639034e+01  6.808756e+00
   endloop
 endfacet
 facet normal  0.000000e+00  9.566566e-01 -2.912184e-01
   outer loop
     vertex  1.116500e+01 -2.644301e+01  6.649877e+00
     vertex  2.665000e+00 -2.644301e+01  6.649877e+00
     vertex  1.116500e+01 -2.641863e+01  6.729965e+00
   endloop
 endfacet
 facet normal  0.000000e+00  9.698333e-01 -2.437690e-01
   outer loop
     vertex  1.116500e+01 -2.646342e+01  6.568686e+00
     vertex  2.665000e+00 -2.646342e+01  6.568686e+00
     vertex  2.665000e+00 -2.644301e+01  6.649877e+00
   endloop
 endfacet
 facet normal  0.000000e+00  9.806581e-01 -1.957284e-01
   outer loop
     vertex  1.116500e+01 -2.646342e+01  6.568686e+00
     vertex  2.665000e+00 -2.647981e+01  6.486589e+00
     vertex  2.665000e+00 -2.646342e+01  6.568686e+00
   endloop
 endfacet
 facet normal  0.000000e+00  9.698333e-01 -2.437690e-01
   outer loop
     vertex  1.116500e+01 -2.646342e+01  6.568686e+00
     vertex  2.665000e+00 -2.644301e+01  6.649877e+00
     vertex  1.116500e+01 -2.644301e+01  6.649877e+00
   endloop
 endfacet
 facet normal  0.000000e+00  9.806581e-01 -1.957284e-01
   outer loop
     vertex  1.116500e+01 -2.647981e+01  6.486589e+00
     vertex  2.665000e+00 -2.647981e+01  6.486589e+00
     vertex  1.116500e+01 -2.646342e+01  6.568686e+00
   endloop
 endfacet
 facet normal  0.000000e+00  9.891048e-01 -1.472131e-01
   outer loop
     vertex  1.116500e+01 -2.649213e+01  6.403784e+00
     vertex  2.665000e+00 -2.649213e+01  6.403784e+00
     vertex  2.665000e+00 -2.647981e+01  6.486589e+00
   endloop
 endfacet
 facet normal  0.000000e+00  9.891048e-01 -1.472131e-01
   outer loop
     vertex  1.116500e+01 -2.649213e+01  6.403784e+00
     vertex  2.665000e+00 -2.647981e+01  6.486589e+00
     vertex  1.116500e+01 -2.647981e+01  6.486589e+00
   endloop
 endfacet
 facet normal  0.000000e+00  9.951528e-01 -9.834088e-02
   outer loop
     vertex  1.116500e+01 -2.650036e+01  6.320473e+00
     vertex  2.665000e+00 -2.650036e+01  6.320473e+00
     vertex  2.665000e+00 -2.649213e+01  6.403784e+00
   endloop
 endfacet
 facet normal  0.000000e+00  9.951528e-01 -9.834088e-02
   outer loop
     vertex  1.116500e+01 -2.650036e+01  6.320473e+00
     vertex  2.665000e+00 -2.649213e+01  6.403784e+00
     vertex  1.116500e+01 -2.649213e+01  6.403784e+00
   endloop
 endfacet
 facet normal  0.000000e+00  9.987875e-01 -4.923013e-02
   outer loop
     vertex  1.116500e+01 -2.650448e+01  6.236858e+00
     vertex  2.665000e+00 -2.650448e+01  6.236858e+00
     vertex  2.665000e+00 -2.650036e+01  6.320473e+00
   endloop
 endfacet
 facet normal  0.000000e+00  9.987875e-01 -4.923013e-02
   outer loop
     vertex  1.116500e+01 -2.650448e+01  6.236858e+00
     vertex  2.665000e+00 -2.650036e+01  6.320473e+00
     vertex  1.116500e+01 -2.650036e+01  6.320473e+00
   endloop
 endfacet
 facet normal  0.000000e+00  1.000000e+00  0.000000e+00
   outer loop
     vertex  1.116500e+01 -2.650448e+01  6.153142e+00
     vertex  2.665000e+00 -2.650448e+01  6.153142e+00
     vertex  2.665000e+00 -2.650448e+01  6.236858e+00
   endloop
 endfacet
 facet normal  0.000000e+00  9.987875e-01  4.923013e-02
   outer loop
     vertex  1.116500e+01 -2.650448e+01  6.153142e+00
     vertex  2.665000e+00 -2.650036e+01  6.069527e+00
     vertex  2.665000e+00 -2.650448e+01  6.153142e+00
   endloop
 endfacet
 facet normal  0.000000e+00  1.000000e+00 -0.000000e+00
   outer loop
     vertex  1.116500e+01 -2.650448e+01  6.153142e+00
     vertex  2.665000e+00 -2.650448e+01  6.236858e+00
     vertex  1.116500e+01 -2.650448e+01  6.236858e+00
   endloop
 endfacet
 facet normal  0.000000e+00  9.987875e-01  4.923013e-02
   outer loop
     vertex  1.116500e+01 -2.650036e+01  6.069527e+00
     vertex  2.665000e+00 -2.650036e+01  6.069527e+00
     vertex  1.116500e+01 -2.650448e+01  6.153142e+00
   endloop
 endfacet
 facet normal  0.000000e+00  9.951528e-01  9.834088e-02
   outer loop
     vertex  1.116500e+01 -2.649213e+01  5.986216e+00
     vertex  2.665000e+00 -2.650036e+01  6.069527e+00
     vertex  1.116500e+01 -2.650036e+01  6.069527e+00
   endloop
 endfacet
 facet normal  0.000000e+00  9.951528e-01  9.834088e-02
   outer loop
     vertex  1.116500e+01 -2.649213e+01  5.986216e+00
     vertex  2.665000e+00 -2.649213e+01  5.986216e+00
     vertex  2.665000e+00 -2.650036e+01  6.069527e+00
   endloop
 endfacet
 facet normal  0.000000e+00  9.891048e-01  1.472131e-01
   outer loop
     vertex  1.116500e+01 -2.647981e+01  5.903411e+00
     vertex  2.665000e+00 -2.647981e+01  5.903411e+00
     vertex  2.665000e+00 -2.649213e+01  5.986216e+00
   endloop
 endfacet
 facet normal  0.000000e+00  9.891048e-01  1.472131e-01
   outer loop
     vertex  1.116500e+01 -2.647981e+01  5.903411e+00
     vertex  2.665000e+00 -2.649213e+01  5.986216e+00
     vertex  1.116500e+01 -2.649213e+01  5.986216e+00
   endloop
 endfacet
 facet normal  0.000000e+00  9.806581e-01  1.957284e-01
   outer loop
     vertex  1.116500e+01 -2.646342e+01  5.821314e+00
     vertex  2.665000e+00 -2.647981e+01  5.903411e+00
     vertex  1.116500e+01 -2.647981e+01  5.903411e+00
   endloop
 endfacet
 facet normal  0.000000e+00  9.806581e-01  1.957284e-01
   outer loop
     vertex  1.116500e+01 -2.646342e+01  5.821314e+00
     vertex  2.665000e+00 -2.646342e+01  5.821314e+00
     vertex  2.665000e+00 -2.647981e+01  5.903411e+00
   endloop
 endfacet
 facet normal  0.000000e+00  9.698333e-01  2.437690e-01
   outer loop
     vertex  1.116500e+01 -2.644301e+01  5.740123e+00
     vertex  2.665000e+00 -2.646342e+01  5.821314e+00
     vertex  1.116500e+01 -2.646342e+01  5.821314e+00
   endloop
 endfacet
 facet normal  0.000000e+00  9.698333e-01  2.437690e-01
   outer loop
     vertex  1.116500e+01 -2.644301e+01  5.740123e+00
     vertex  2.665000e+00 -2.644301e+01  5.740123e+00
     vertex  2.665000e+00 -2.646342e+01  5.821314e+00
   endloop
 endfacet
 facet normal  0.000000e+00  9.566566e-01  2.912184e-01
   outer loop
     vertex  1.116500e+01 -2.641863e+01  5.660035e+00
     vertex  2.665000e+00 -2.644301e+01  5.740123e+00
     vertex  1.116500e+01 -2.644301e+01  5.740123e+00
   endloop
 endfacet
 facet normal  0.000000e+00  9.566566e-01  2.912184e-01
   outer loop
     vertex  1.116500e+01 -2.641863e+01  5.660035e+00
     vertex  2.665000e+00 -2.641863e+01  5.660035e+00
     vertex  2.665000e+00 -2.644301e+01  5.740123e+00
   endloop
 endfacet
 facet normal  0.000000e+00  9.411599e-01  3.379617e-01
   outer loop
     vertex  1.116500e+01 -2.639034e+01  5.581244e+00
     vertex  2.665000e+00 -2.641863e+01  5.660035e+00
     vertex  1.116500e+01 -2.641863e+01  5.660035e+00
   endloop
 endfacet
 facet normal  0.000000e+00  9.411599e-01  3.379617e-01
   outer loop
     vertex  1.116500e+01 -2.639034e+01  5.581244e+00
     vertex  2.665000e+00 -2.639034e+01  5.581244e+00
     vertex  2.665000e+00 -2.641863e+01  5.660035e+00
   endloop
 endfacet
 facet normal  0.000000e+00  9.233808e-01  3.838853e-01
   outer loop
     vertex  1.116500e+01 -2.635820e+01  5.503942e+00
     vertex  2.665000e+00 -2.639034e+01  5.581244e+00
     vertex  1.116500e+01 -2.639034e+01  5.581244e+00
   endloop
 endfacet
 facet normal  0.000000e+00  9.233808e-01  3.838853e-01
   outer loop
     vertex  1.116500e+01 -2.635820e+01  5.503942e+00
     vertex  2.665000e+00 -2.635820e+01  5.503942e+00
     vertex  2.665000e+00 -2.639034e+01  5.581244e+00
   endloop
 endfacet
 facet normal  0.000000e+00  9.033624e-01  4.288780e-01
   outer loop
     vertex  1.116500e+01 -2.632230e+01  5.428315e+00
     vertex  2.665000e+00 -2.635820e+01  5.503942e+00
     vertex  1.116500e+01 -2.635820e+01  5.503942e+00
   endloop
 endfacet
 facet normal  0.000000e+00  9.033624e-01  4.288780e-01
   outer loop
     vertex  1.116500e+01 -2.632230e+01  5.428315e+00
     vertex  2.665000e+00 -2.632230e+01  5.428315e+00
     vertex  2.665000e+00 -2.635820e+01  5.503942e+00
   endloop
 endfacet
 facet normal  0.000000e+00  8.811533e-01  4.728306e-01
   outer loop
     vertex  1.116500e+01 -2.632230e+01  5.428315e+00
     vertex  2.665000e+00 -2.628271e+01  5.354548e+00
     vertex  2.665000e+00 -2.632230e+01  5.428315e+00
   endloop
 endfacet
 facet normal  0.000000e+00  8.811533e-01  4.728306e-01
   outer loop
     vertex  1.116500e+01 -2.628271e+01  5.354548e+00
     vertex  2.665000e+00 -2.628271e+01  5.354548e+00
     vertex  1.116500e+01 -2.632230e+01  5.428315e+00
   endloop
 endfacet
 facet normal  0.000000e+00  8.568074e-01  5.156366e-01
   outer loop
     vertex  1.116500e+01 -2.623955e+01  5.282819e+00
     vertex  2.665000e+00 -2.628271e+01  5.354548e+00
     vertex  1.116500e+01 -2.628271e+01  5.354548e+00
   endloop
 endfacet
 facet normal  0.000000e+00  8.568074e-01  5.156366e-01
   outer loop
     vertex  1.116500e+01 -2.623955e+01  5.282819e+00
     vertex  2.665000e+00 -2.623955e+01  5.282819e+00
     vertex  2.665000e+00 -2.628271e+01  5.354548e+00
   endloop
 endfacet
 facet normal  0.000000e+00  8.303836e-01  5.571921e-01
   outer loop
     vertex  1.116500e+01 -2.619290e+01  5.213302e+00
     vertex  2.665000e+00 -2.623955e+01  5.282819e+00
     vertex  1.116500e+01 -2.623955e+01  5.282819e+00
   endloop
 endfacet
 facet normal  0.000000e+00  8.303836e-01  5.571921e-01
   outer loop
     vertex  1.116500e+01 -2.619290e+01  5.213302e+00
     vertex  2.665000e+00 -2.619290e+01  5.213302e+00
     vertex  2.665000e+00 -2.623955e+01  5.282819e+00
   endloop
 endfacet
 facet normal  0.000000e+00  8.019461e-01  5.973964e-01
   outer loop
     vertex  1.116500e+01 -2.614289e+01  5.146166e+00
     vertex  2.665000e+00 -2.619290e+01  5.213302e+00
     vertex  1.116500e+01 -2.619290e+01  5.213302e+00
   endloop
 endfacet
 facet normal  0.000000e+00  8.019461e-01  5.973964e-01
   outer loop
     vertex  1.116500e+01 -2.614289e+01  5.146166e+00
     vertex  2.665000e+00 -2.614289e+01  5.146166e+00
     vertex  2.665000e+00 -2.619290e+01  5.213302e+00
   endloop
 endfacet
 facet normal  0.000000e+00  7.715638e-01  6.361519e-01
   outer loop
     vertex  1.116500e+01 -2.608963e+01  5.081573e+00
     vertex  2.665000e+00 -2.614289e+01  5.146166e+00
     vertex  1.116500e+01 -2.614289e+01  5.146166e+00
   endloop
 endfacet
 facet normal  0.000000e+00  7.715638e-01  6.361519e-01
   outer loop
     vertex  1.116500e+01 -2.608963e+01  5.081573e+00
     vertex  2.665000e+00 -2.608963e+01  5.081573e+00
     vertex  2.665000e+00 -2.614289e+01  5.146166e+00
   endloop
 endfacet
 facet normal  0.000000e+00  7.393104e-01  6.733647e-01
   outer loop
     vertex  1.116500e+01 -2.603326e+01  5.019681e+00
     vertex  2.665000e+00 -2.608963e+01  5.081573e+00
     vertex  1.116500e+01 -2.608963e+01  5.081573e+00
   endloop
 endfacet
 facet normal  0.000000e+00  7.393104e-01  6.733647e-01
   outer loop
     vertex  1.116500e+01 -2.603326e+01  5.019681e+00
     vertex  2.665000e+00 -2.603326e+01  5.019681e+00
     vertex  2.665000e+00 -2.608963e+01  5.081573e+00
   endloop
 endfacet
 facet normal  0.000000e+00  7.052642e-01  7.089446e-01
   outer loop
     vertex  1.116500e+01 -2.597391e+01  4.960638e+00
     vertex  2.665000e+00 -2.597391e+01  4.960638e+00
     vertex  2.665000e+00 -2.603326e+01  5.019681e+00
   endloop
 endfacet
 facet normal  0.000000e+00  7.052642e-01  7.089446e-01
   outer loop
     vertex  1.116500e+01 -2.597391e+01  4.960638e+00
     vertex  2.665000e+00 -2.603326e+01  5.019681e+00
     vertex  1.116500e+01 -2.603326e+01  5.019681e+00
   endloop
 endfacet
 facet normal  0.000000e+00  6.695076e-01  7.428052e-01
   outer loop
     vertex  1.116500e+01 -2.591173e+01  4.904589e+00
     vertex  2.665000e+00 -2.591173e+01  4.904589e+00
     vertex  2.665000e+00 -2.597391e+01  4.960638e+00
   endloop
 endfacet
 facet normal  0.000000e+00  6.695076e-01  7.428052e-01
   outer loop
     vertex  1.116500e+01 -2.591173e+01  4.904589e+00
     vertex  2.665000e+00 -2.597391e+01  4.960638e+00
     vertex  1.116500e+01 -2.597391e+01  4.960638e+00
   endloop
 endfacet
 facet normal  0.000000e+00  6.321274e-01  7.748645e-01
   outer loop
     vertex  1.116500e+01 -2.584686e+01  4.851670e+00
     vertex  2.665000e+00 -2.584686e+01  4.851670e+00
     vertex  2.665000e+00 -2.591173e+01  4.904589e+00
   endloop
 endfacet
 facet normal  0.000000e+00  6.321274e-01  7.748645e-01
   outer loop
     vertex  1.116500e+01 -2.584686e+01  4.851670e+00
     vertex  2.665000e+00 -2.591173e+01  4.904589e+00
     vertex  1.116500e+01 -2.591173e+01  4.904589e+00
   endloop
 endfacet
 facet normal  0.000000e+00  5.932142e-01  8.050447e-01
   outer loop
     vertex  1.116500e+01 -2.577946e+01  4.802008e+00
     vertex  2.665000e+00 -2.577946e+01  4.802008e+00
     vertex  2.665000e+00 -2.584686e+01  4.851670e+00
   endloop
 endfacet
 facet normal  0.000000e+00  5.932142e-01  8.050447e-01
   outer loop
     vertex  1.116500e+01 -2.577946e+01  4.802008e+00
     vertex  2.665000e+00 -2.584686e+01  4.851670e+00
     vertex  1.116500e+01 -2.584686e+01  4.851670e+00
   endloop
 endfacet
 facet normal  0.000000e+00  5.528625e-01  8.332725e-01
   outer loop
     vertex  1.116500e+01 -2.570970e+01  4.755724e+00
     vertex  2.665000e+00 -2.570970e+01  4.755724e+00
     vertex  2.665000e+00 -2.577946e+01  4.802008e+00
   endloop
 endfacet
 facet normal  0.000000e+00  5.528625e-01  8.332725e-01
   outer loop
     vertex  1.116500e+01 -2.570970e+01  4.755724e+00
     vertex  2.665000e+00 -2.577946e+01  4.802008e+00
     vertex  1.116500e+01 -2.577946e+01  4.802008e+00
   endloop
 endfacet
 facet normal  0.000000e+00  5.111700e-01  8.594796e-01
   outer loop
     vertex  1.116500e+01 -2.563775e+01  4.712931e+00
     vertex  2.665000e+00 -2.563775e+01  4.712931e+00
     vertex  2.665000e+00 -2.570970e+01  4.755724e+00
   endloop
 endfacet
 facet normal  0.000000e+00  5.111700e-01  8.594796e-01
   outer loop
     vertex  1.116500e+01 -2.563775e+01  4.712931e+00
     vertex  2.665000e+00 -2.570970e+01  4.755724e+00
     vertex  1.116500e+01 -2.570970e+01  4.755724e+00
   endloop
 endfacet
 facet normal  0.000000e+00  4.682379e-01  8.836025e-01
   outer loop
     vertex  1.116500e+01 -2.556378e+01  4.673732e+00
     vertex  2.665000e+00 -2.556378e+01  4.673732e+00
     vertex  2.665000e+00 -2.563775e+01  4.712931e+00
   endloop
 endfacet
 facet normal  0.000000e+00  4.682379e-01  8.836025e-01
   outer loop
     vertex  1.116500e+01 -2.556378e+01  4.673732e+00
     vertex  2.665000e+00 -2.563775e+01  4.712931e+00
     vertex  1.116500e+01 -2.563775e+01  4.712931e+00
   endloop
 endfacet
 facet normal  0.000000e+00  4.241702e-01  9.055825e-01
   outer loop
     vertex  1.116500e+01 -2.548796e+01  4.638221e+00
     vertex  2.665000e+00 -2.548796e+01  4.638221e+00
     vertex  2.665000e+00 -2.556378e+01  4.673732e+00
   endloop
 endfacet
 facet normal  0.000000e+00  4.241702e-01  9.055825e-01
   outer loop
     vertex  1.116500e+01 -2.548796e+01  4.638221e+00
     vertex  2.665000e+00 -2.556378e+01  4.673732e+00
     vertex  1.116500e+01 -2.556378e+01  4.673732e+00
   endloop
 endfacet
 facet normal  0.000000e+00  3.790740e-01  9.253664e-01
   outer loop
     vertex  1.116500e+01 -2.541050e+01  4.606487e+00
     vertex  2.665000e+00 -2.541050e+01  4.606487e+00
     vertex  2.665000e+00 -2.548796e+01  4.638221e+00
   endloop
 endfacet
 facet normal  0.000000e+00  3.790740e-01  9.253664e-01
   outer loop
     vertex  1.116500e+01 -2.541050e+01  4.606487e+00
     vertex  2.665000e+00 -2.548796e+01  4.638221e+00
     vertex  1.116500e+01 -2.548796e+01  4.638221e+00
   endloop
 endfacet
 facet normal  0.000000e+00  3.330584e-01  9.429062e-01
   outer loop
     vertex  1.116500e+01 -2.533156e+01  4.578604e+00
     vertex  2.665000e+00 -2.533156e+01  4.578604e+00
     vertex  2.665000e+00 -2.541050e+01  4.606487e+00
   endloop
 endfacet
 facet normal  0.000000e+00  3.330584e-01  9.429062e-01
   outer loop
     vertex  1.116500e+01 -2.533156e+01  4.578604e+00
     vertex  2.665000e+00 -2.541050e+01  4.606487e+00
     vertex  1.116500e+01 -2.541050e+01  4.606487e+00
   endloop
 endfacet
 facet normal  0.000000e+00  2.862352e-01  9.581594e-01
   outer loop
     vertex  1.116500e+01 -2.525135e+01  4.554642e+00
     vertex  2.665000e+00 -2.525135e+01  4.554642e+00
     vertex  2.665000e+00 -2.533156e+01  4.578604e+00
   endloop
 endfacet
 facet normal  0.000000e+00  2.862352e-01  9.581594e-01
   outer loop
     vertex  1.116500e+01 -2.525135e+01  4.554642e+00
     vertex  2.665000e+00 -2.533156e+01  4.578604e+00
     vertex  1.116500e+01 -2.533156e+01  4.578604e+00
   endloop
 endfacet
 facet normal  0.000000e+00  2.387178e-01  9.710890e-01
   outer loop
     vertex  1.116500e+01 -2.517005e+01  4.534657e+00
     vertex  2.665000e+00 -2.517005e+01  4.534657e+00
     vertex  2.665000e+00 -2.525135e+01  4.554642e+00
   endloop
 endfacet
 facet normal  0.000000e+00  2.387178e-01  9.710890e-01
   outer loop
     vertex  1.116500e+01 -2.517005e+01  4.534657e+00
     vertex  2.665000e+00 -2.525135e+01  4.554642e+00
     vertex  1.116500e+01 -2.525135e+01  4.554642e+00
   endloop
 endfacet
 facet normal  0.000000e+00  1.906215e-01  9.816636e-01
   outer loop
     vertex  1.116500e+01 -2.508787e+01  4.518699e+00
     vertex  2.665000e+00 -2.517005e+01  4.534657e+00
     vertex  1.116500e+01 -2.517005e+01  4.534657e+00
   endloop
 endfacet
 facet normal  0.000000e+00  1.906215e-01  9.816636e-01
   outer loop
     vertex  1.116500e+01 -2.508787e+01  4.518699e+00
     vertex  2.665000e+00 -2.508787e+01  4.518699e+00
     vertex  2.665000e+00 -2.517005e+01  4.534657e+00
   endloop
 endfacet
 facet normal  0.000000e+00  1.420629e-01  9.898576e-01
   outer loop
     vertex  1.116500e+01 -2.508787e+01  4.518699e+00
     vertex  2.665000e+00 -2.500500e+01  4.506806e+00
     vertex  2.665000e+00 -2.508787e+01  4.518699e+00
   endloop
 endfacet
 facet normal  0.000000e+00  1.420629e-01  9.898576e-01
   outer loop
     vertex  1.116500e+01 -2.500500e+01  4.506806e+00
     vertex  2.665000e+00 -2.500500e+01  4.506806e+00
     vertex  1.116500e+01 -2.508787e+01  4.518699e+00
   endloop
 endfacet
 facet normal  0.000000e+00  9.309189e-02  9.956575e-01
   outer loop
     vertex  1.116500e+01 -2.492142e+01  4.498991e+00
     vertex  2.665000e+00 -2.500500e+01  4.506806e+00
     vertex  1.116500e+01 -2.500500e+01  4.506806e+00
   endloop
 endfacet
 facet normal  0.000000e+00  9.309189e-02  9.956575e-01
   outer loop
     vertex  1.116500e+01 -2.492142e+01  4.498991e+00
     vertex  2.665000e+00 -2.492142e+01  4.498991e+00
     vertex  2.665000e+00 -2.500500e+01  4.506806e+00
   endloop
 endfacet
 facet normal  0.000000e+00  4.382627e-02  9.990392e-01
   outer loop
     vertex  1.116500e+01 -2.483755e+01  4.495312e+00
     vertex  2.665000e+00 -2.492142e+01  4.498991e+00
     vertex  1.116500e+01 -2.492142e+01  4.498991e+00
   endloop
 endfacet
 facet normal  0.000000e+00  4.382627e-02  9.990392e-01
   outer loop
     vertex  1.116500e+01 -2.483755e+01  4.495312e+00
     vertex  2.665000e+00 -2.483755e+01  4.495312e+00
     vertex  2.665000e+00 -2.492142e+01  4.498991e+00
   endloop
 endfacet
 facet normal  0.000000e+00 -5.546214e-03  9.999846e-01
   outer loop
     vertex  1.116500e+01 -2.475360e+01  4.495777e+00
     vertex  2.665000e+00 -2.483755e+01  4.495312e+00
     vertex  1.116500e+01 -2.483755e+01  4.495312e+00
   endloop
 endfacet
 facet normal  0.000000e+00 -5.546214e-03  9.999846e-01
   outer loop
     vertex  1.116500e+01 -2.475360e+01  4.495777e+00
     vertex  2.665000e+00 -2.475360e+01  4.495777e+00
     vertex  2.665000e+00 -2.483755e+01  4.495312e+00
   endloop
 endfacet
 facet normal  0.000000e+00 -5.490518e-02  9.984916e-01
   outer loop
     vertex  1.116500e+01 -2.466978e+01  4.500386e+00
     vertex  2.665000e+00 -2.475360e+01  4.495777e+00
     vertex  1.116500e+01 -2.475360e+01  4.495777e+00
   endloop
 endfacet
 facet normal  0.000000e+00 -5.490518e-02  9.984916e-01
   outer loop
     vertex  1.116500e+01 -2.466978e+01  4.500386e+00
     vertex  2.665000e+00 -2.466978e+01  4.500386e+00
     vertex  2.665000e+00 -2.475360e+01  4.495777e+00
   endloop
 endfacet
 facet normal  0.000000e+00 -1.041303e-01  9.945637e-01
   outer loop
     vertex  1.116500e+01 -2.458629e+01  4.509128e+00
     vertex  2.665000e+00 -2.466978e+01  4.500386e+00
     vertex  1.116500e+01 -2.466978e+01  4.500386e+00
   endloop
 endfacet
 facet normal  0.000000e+00 -1.041303e-01  9.945637e-01
   outer loop
     vertex  1.116500e+01 -2.458629e+01  4.509128e+00
     vertex  2.665000e+00 -2.458629e+01  4.509128e+00
     vertex  2.665000e+00 -2.466978e+01  4.500386e+00
   endloop
 endfacet
 facet normal  0.000000e+00 -1.531014e-01  9.882105e-01
   outer loop
     vertex  1.116500e+01 -2.450333e+01  4.521981e+00
     vertex  2.665000e+00 -2.458629e+01  4.509128e+00
     vertex  1.116500e+01 -2.458629e+01  4.509128e+00
   endloop
 endfacet
 facet normal  0.000000e+00 -1.531014e-01  9.882105e-01
   outer loop
     vertex  1.116500e+01 -2.450333e+01  4.521981e+00
     vertex  2.665000e+00 -2.450333e+01  4.521981e+00
     vertex  2.665000e+00 -2.458629e+01  4.509128e+00
   endloop
 endfacet
 facet normal  0.000000e+00 -2.016992e-01  9.794475e-01
   outer loop
     vertex  1.116500e+01 -2.442110e+01  4.538913e+00
     vertex  2.665000e+00 -2.450333e+01  4.521981e+00
     vertex  1.116500e+01 -2.450333e+01  4.521981e+00
   endloop
 endfacet
 facet normal  0.000000e+00 -2.016992e-01  9.794475e-01
   outer loop
     vertex  1.116500e+01 -2.442110e+01  4.538913e+00
     vertex  2.665000e+00 -2.442110e+01  4.538913e+00
     vertex  2.665000e+00 -2.450333e+01  4.521981e+00
   endloop
 endfacet
 facet normal  0.000000e+00 -2.498052e-01  9.682961e-01
   outer loop
     vertex  1.116500e+01 -2.433982e+01  4.559884e+00
     vertex  2.665000e+00 -2.442110e+01  4.538913e+00
     vertex  1.116500e+01 -2.442110e+01  4.538913e+00
   endloop
 endfacet
 facet normal  0.000000e+00 -2.498052e-01  9.682961e-01
   outer loop
     vertex  1.116500e+01 -2.433982e+01  4.559884e+00
     vertex  2.665000e+00 -2.433982e+01  4.559884e+00
     vertex  2.665000e+00 -2.442110e+01  4.538913e+00
   endloop
 endfacet
 facet normal  0.000000e+00 -2.973020e-01  9.547835e-01
   outer loop
     vertex  1.116500e+01 -2.425966e+01  4.584842e+00
     vertex  2.665000e+00 -2.433982e+01  4.559884e+00
     vertex  1.116500e+01 -2.433982e+01  4.559884e+00
   endloop
 endfacet
 facet normal  0.000000e+00 -2.973020e-01  9.547835e-01
   outer loop
     vertex  1.116500e+01 -2.425966e+01  4.584842e+00
     vertex  2.665000e+00 -2.425966e+01  4.584842e+00
     vertex  2.665000e+00 -2.433982e+01  4.559884e+00
   endloop
 endfacet
 facet normal  0.000000e+00 -3.440738e-01  9.389426e-01
   outer loop
     vertex  1.116500e+01 -2.418084e+01  4.613726e+00
     vertex  2.665000e+00 -2.425966e+01  4.584842e+00
     vertex  1.116500e+01 -2.425966e+01  4.584842e+00
   endloop
 endfacet
 facet normal  0.000000e+00 -3.440738e-01  9.389426e-01
   outer loop
     vertex  1.116500e+01 -2.418084e+01  4.613726e+00
     vertex  2.665000e+00 -2.418084e+01  4.613726e+00
     vertex  2.665000e+00 -2.425966e+01  4.584842e+00
   endloop
 endfacet
 facet normal  0.000000e+00 -3.900065e-01  9.208121e-01
   outer loop
     vertex  1.116500e+01 -2.410354e+01  4.646467e+00
     vertex  2.665000e+00 -2.418084e+01  4.613726e+00
     vertex  1.116500e+01 -2.418084e+01  4.613726e+00
   endloop
 endfacet
 facet normal  0.000000e+00 -3.900065e-01  9.208121e-01
   outer loop
     vertex  1.116500e+01 -2.410354e+01  4.646467e+00
     vertex  2.665000e+00 -2.410354e+01  4.646467e+00
     vertex  2.665000e+00 -2.418084e+01  4.613726e+00
   endloop
 endfacet
 facet normal  0.000000e+00 -4.349883e-01  9.004361e-01
   outer loop
     vertex  1.116500e+01 -2.402795e+01  4.682984e+00
     vertex  2.665000e+00 -2.410354e+01  4.646467e+00
     vertex  1.116500e+01 -2.410354e+01  4.646467e+00
   endloop
 endfacet
 facet normal  0.000000e+00 -4.349883e-01  9.004361e-01
   outer loop
     vertex  1.116500e+01 -2.402795e+01  4.682984e+00
     vertex  2.665000e+00 -2.402795e+01  4.682984e+00
     vertex  2.665000e+00 -2.410354e+01  4.646467e+00
   endloop
 endfacet
 facet normal  0.000000e+00 -4.789093e-01  8.778644e-01
   outer loop
     vertex  1.116500e+01 -2.395425e+01  4.723187e+00
     vertex  2.665000e+00 -2.402795e+01  4.682984e+00
     vertex  1.116500e+01 -2.402795e+01  4.682984e+00
   endloop
 endfacet
 facet normal  0.000000e+00 -4.789093e-01  8.778644e-01
   outer loop
     vertex  1.116500e+01 -2.395425e+01  4.723187e+00
     vertex  2.665000e+00 -2.395425e+01  4.723187e+00
     vertex  2.665000e+00 -2.402795e+01  4.682984e+00
   endloop
 endfacet
 facet normal  0.000000e+00 -5.216624e-01  8.531520e-01
   outer loop
     vertex  1.116500e+01 -2.388263e+01  4.766980e+00
     vertex  2.665000e+00 -2.395425e+01  4.723187e+00
     vertex  1.116500e+01 -2.395425e+01  4.723187e+00
   endloop
 endfacet
 facet normal  0.000000e+00 -5.216624e-01  8.531520e-01
   outer loop
     vertex  1.116500e+01 -2.388263e+01  4.766980e+00
     vertex  2.665000e+00 -2.388263e+01  4.766980e+00
     vertex  2.665000e+00 -2.395425e+01  4.723187e+00
   endloop
 endfacet
 facet normal  0.000000e+00 -5.631435e-01  8.263591e-01
   outer loop
     vertex  1.116500e+01 -2.381326e+01  4.814255e+00
     vertex  2.665000e+00 -2.388263e+01  4.766980e+00
     vertex  1.116500e+01 -2.388263e+01  4.766980e+00
   endloop
 endfacet
 facet normal  0.000000e+00 -5.631435e-01  8.263591e-01
   outer loop
     vertex  1.116500e+01 -2.381326e+01  4.814255e+00
     vertex  2.665000e+00 -2.381326e+01  4.814255e+00
     vertex  2.665000e+00 -2.388263e+01  4.766980e+00
   endloop
 endfacet
 facet normal  0.000000e+00 -6.032513e-01  7.975511e-01
   outer loop
     vertex  1.116500e+01 -2.381326e+01  4.814255e+00
     vertex  2.665000e+00 -2.374631e+01  4.864897e+00
     vertex  2.665000e+00 -2.381326e+01  4.814255e+00
   endloop
 endfacet
 facet normal  0.000000e+00 -6.032513e-01  7.975511e-01
   outer loop
     vertex  1.116500e+01 -2.374631e+01  4.864897e+00
     vertex  2.665000e+00 -2.374631e+01  4.864897e+00
     vertex  1.116500e+01 -2.381326e+01  4.814255e+00
   endloop
 endfacet
 facet normal  0.000000e+00 -6.418881e-01  7.667983e-01
   outer loop
     vertex  1.116500e+01 -2.368194e+01  4.918783e+00
     vertex  2.665000e+00 -2.374631e+01  4.864897e+00
     vertex  1.116500e+01 -2.374631e+01  4.864897e+00
   endloop
 endfacet
 facet normal  0.000000e+00 -6.418881e-01  7.667983e-01
   outer loop
     vertex  1.116500e+01 -2.368194e+01  4.918783e+00
     vertex  2.665000e+00 -2.368194e+01  4.918783e+00
     vertex  2.665000e+00 -2.374631e+01  4.864897e+00
   endloop
 endfacet
 facet normal  0.000000e+00 -6.789596e-01  7.341756e-01
   outer loop
     vertex  1.116500e+01 -2.362030e+01  4.975781e+00
     vertex  2.665000e+00 -2.368194e+01  4.918783e+00
     vertex  1.116500e+01 -2.368194e+01  4.918783e+00
   endloop
 endfacet
 facet normal  0.000000e+00 -6.789596e-01  7.341756e-01
   outer loop
     vertex  1.116500e+01 -2.362030e+01  4.975781e+00
     vertex  2.665000e+00 -2.362030e+01  4.975781e+00
     vertex  2.665000e+00 -2.368194e+01  4.918783e+00
   endloop
 endfacet
 facet normal  0.000000e+00 -7.143754e-01  6.997626e-01
   outer loop
     vertex  1.116500e+01 -2.356156e+01  5.035752e+00
     vertex  2.665000e+00 -2.362030e+01  4.975781e+00
     vertex  1.116500e+01 -2.362030e+01  4.975781e+00
   endloop
 endfacet
 facet normal  0.000000e+00 -7.143754e-01  6.997626e-01
   outer loop
     vertex  1.116500e+01 -2.356156e+01  5.035752e+00
     vertex  2.665000e+00 -2.356156e+01  5.035752e+00
     vertex  2.665000e+00 -2.362030e+01  4.975781e+00
   endloop
 endfacet
 facet normal  0.000000e+00 -7.480492e-01  6.636432e-01
   outer loop
     vertex  1.116500e+01 -2.350585e+01  5.098549e+00
     vertex  2.665000e+00 -2.356156e+01  5.035752e+00
     vertex  1.116500e+01 -2.356156e+01  5.035752e+00
   endloop
 endfacet
 facet normal  0.000000e+00 -7.480492e-01  6.636432e-01
   outer loop
     vertex  1.116500e+01 -2.350585e+01  5.098549e+00
     vertex  2.665000e+00 -2.350585e+01  5.098549e+00
     vertex  2.665000e+00 -2.356156e+01  5.035752e+00
   endloop
 endfacet
 facet normal  0.000000e+00 -7.798989e-01  6.259055e-01
   outer loop
     vertex  1.116500e+01 -2.345330e+01  5.164021e+00
     vertex  2.665000e+00 -2.345330e+01  5.164021e+00
     vertex  2.665000e+00 -2.350585e+01  5.098549e+00
   endloop
 endfacet
 facet normal  0.000000e+00 -7.798989e-01  6.259055e-01
   outer loop
     vertex  1.116500e+01 -2.345330e+01  5.164021e+00
     vertex  2.665000e+00 -2.350585e+01  5.098549e+00
     vertex  1.116500e+01 -2.350585e+01  5.098549e+00
   endloop
 endfacet
 facet normal  0.000000e+00 -8.098468e-01  5.866415e-01
   outer loop
     vertex  1.116500e+01 -2.340406e+01  5.232006e+00
     vertex  2.665000e+00 -2.340406e+01  5.232006e+00
     vertex  2.665000e+00 -2.345330e+01  5.164021e+00
   endloop
 endfacet
 facet normal  0.000000e+00 -8.098468e-01  5.866415e-01
   outer loop
     vertex  1.116500e+01 -2.340406e+01  5.232006e+00
     vertex  2.665000e+00 -2.345330e+01  5.164021e+00
     vertex  1.116500e+01 -2.345330e+01  5.164021e+00
   endloop
 endfacet
 facet normal  0.000000e+00 -8.378198e-01  5.459469e-01
   outer loop
     vertex  1.116500e+01 -2.335822e+01  5.302340e+00
     vertex  2.665000e+00 -2.335822e+01  5.302340e+00
     vertex  2.665000e+00 -2.340406e+01  5.232006e+00
   endloop
 endfacet
 facet normal  0.000000e+00 -8.378198e-01  5.459469e-01
   outer loop
     vertex  1.116500e+01 -2.335822e+01  5.302340e+00
     vertex  2.665000e+00 -2.340406e+01  5.232006e+00
     vertex  1.116500e+01 -2.340406e+01  5.232006e+00
   endloop
 endfacet
 facet normal  0.000000e+00 -8.637497e-01  5.039211e-01
   outer loop
     vertex  1.116500e+01 -2.331592e+01  5.374851e+00
     vertex  2.665000e+00 -2.335822e+01  5.302340e+00
     vertex  1.116500e+01 -2.335822e+01  5.302340e+00
   endloop
 endfacet
 facet normal  0.000000e+00 -8.637497e-01  5.039211e-01
   outer loop
     vertex  1.116500e+01 -2.331592e+01  5.374851e+00
     vertex  2.665000e+00 -2.331592e+01  5.374851e+00
     vertex  2.665000e+00 -2.335822e+01  5.302340e+00
   endloop
 endfacet
 facet normal  0.000000e+00 -8.875734e-01  4.606664e-01
   outer loop
     vertex  1.116500e+01 -2.327725e+01  5.449361e+00
     vertex  2.665000e+00 -2.331592e+01  5.374851e+00
     vertex  1.116500e+01 -2.331592e+01  5.374851e+00
   endloop
 endfacet
 facet normal  0.000000e+00 -8.875734e-01  4.606664e-01
   outer loop
     vertex  1.116500e+01 -2.327725e+01  5.449361e+00
     vertex  2.665000e+00 -2.327725e+01  5.449361e+00
     vertex  2.665000e+00 -2.331592e+01  5.374851e+00
   endloop
 endfacet
 facet normal  0.000000e+00 -9.092327e-01  4.162883e-01
   outer loop
     vertex  1.116500e+01 -2.324230e+01  5.525690e+00
     vertex  2.665000e+00 -2.327725e+01  5.449361e+00
     vertex  1.116500e+01 -2.327725e+01  5.449361e+00
   endloop
 endfacet
 facet normal  0.000000e+00 -9.092327e-01  4.162883e-01
   outer loop
     vertex  1.116500e+01 -2.324230e+01  5.525690e+00
     vertex  2.665000e+00 -2.324230e+01  5.525690e+00
     vertex  2.665000e+00 -2.327725e+01  5.449361e+00
   endloop
 endfacet
 facet normal  0.000000e+00 -9.286748e-01  3.708951e-01
   outer loop
     vertex  1.116500e+01 -2.321117e+01  5.603651e+00
     vertex  2.665000e+00 -2.324230e+01  5.525690e+00
     vertex  1.116500e+01 -2.324230e+01  5.525690e+00
   endloop
 endfacet
 facet normal  0.000000e+00 -9.286748e-01  3.708951e-01
   outer loop
     vertex  1.116500e+01 -2.321117e+01  5.603651e+00
     vertex  2.665000e+00 -2.321117e+01  5.603651e+00
     vertex  2.665000e+00 -2.324230e+01  5.525690e+00
   endloop
 endfacet
 facet normal  0.000000e+00 -9.458522e-01  3.245975e-01
   outer loop
     vertex  1.116500e+01 -2.318392e+01  5.683054e+00
     vertex  2.665000e+00 -2.321117e+01  5.603651e+00
     vertex  1.116500e+01 -2.321117e+01  5.603651e+00
   endloop
 endfacet
 facet normal  0.000000e+00 -9.458522e-01  3.245975e-01
   outer loop
     vertex  1.116500e+01 -2.318392e+01  5.683054e+00
     vertex  2.665000e+00 -2.318392e+01  5.683054e+00
     vertex  2.665000e+00 -2.321117e+01  5.603651e+00
   endloop
 endfacet
 facet normal  0.000000e+00 -9.607232e-01  2.775083e-01
   outer loop
     vertex  1.116500e+01 -2.316062e+01  5.763705e+00
     vertex  2.665000e+00 -2.318392e+01  5.683054e+00
     vertex  1.116500e+01 -2.318392e+01  5.683054e+00
   endloop
 endfacet
 facet normal  0.000000e+00 -9.607232e-01  2.775083e-01
   outer loop
     vertex  1.116500e+01 -2.316062e+01  5.763705e+00
     vertex  2.665000e+00 -2.316062e+01  5.763705e+00
     vertex  2.665000e+00 -2.318392e+01  5.683054e+00
   endloop
 endfacet
 facet normal  0.000000e+00 -9.732515e-01  2.297424e-01
   outer loop
     vertex  1.116500e+01 -2.314133e+01  5.845408e+00
     vertex  2.665000e+00 -2.316062e+01  5.763705e+00
     vertex  1.116500e+01 -2.316062e+01  5.763705e+00
   endloop
 endfacet
 facet normal  0.000000e+00 -9.732515e-01  2.297424e-01
   outer loop
     vertex  1.116500e+01 -2.314133e+01  5.845408e+00
     vertex  2.665000e+00 -2.314133e+01  5.845408e+00
     vertex  2.665000e+00 -2.316062e+01  5.763705e+00
   endloop
 endfacet
 facet normal  0.000000e+00 -9.834064e-01  1.814163e-01
   outer loop
     vertex  1.116500e+01 -2.312610e+01  5.927964e+00
     vertex  2.665000e+00 -2.314133e+01  5.845408e+00
     vertex  1.116500e+01 -2.314133e+01  5.845408e+00
   endloop
 endfacet
 facet normal  0.000000e+00 -9.834064e-01  1.814163e-01
   outer loop
     vertex  1.116500e+01 -2.312610e+01  5.927964e+00
     vertex  2.665000e+00 -2.312610e+01  5.927964e+00
     vertex  2.665000e+00 -2.314133e+01  5.845408e+00
   endloop
 endfacet
 facet normal  0.000000e+00 -9.911632e-01  1.326478e-01
   outer loop
     vertex  1.116500e+01 -2.312610e+01  5.927964e+00
     vertex  2.665000e+00 -2.311497e+01  6.011171e+00
     vertex  2.665000e+00 -2.312610e+01  5.927964e+00
   endloop
 endfacet
 facet normal  0.000000e+00 -9.911632e-01  1.326478e-01
   outer loop
     vertex  1.116500e+01 -2.311497e+01  6.011171e+00
     vertex  2.665000e+00 -2.311497e+01  6.011171e+00
     vertex  1.116500e+01 -2.312610e+01  5.927964e+00
   endloop
 endfacet
 facet normal  0.000000e+00 -9.965031e-01  8.355582e-02
   outer loop
     vertex  1.116500e+01 -2.310795e+01  6.094826e+00
     vertex  2.665000e+00 -2.311497e+01  6.011171e+00
     vertex  1.116500e+01 -2.311497e+01  6.011171e+00
   endloop
 endfacet
 facet normal  0.000000e+00 -9.965031e-01  8.355582e-02
   outer loop
     vertex  1.116500e+01 -2.310795e+01  6.094826e+00
     vertex  2.665000e+00 -2.310795e+01  6.094826e+00
     vertex  2.665000e+00 -2.311497e+01  6.011171e+00
   endloop
 endfacet
 facet normal  0.000000e+00 -9.994130e-01  3.426009e-02
   outer loop
     vertex  1.116500e+01 -2.310508e+01  6.178725e+00
     vertex  2.665000e+00 -2.310795e+01  6.094826e+00
     vertex  1.116500e+01 -2.310795e+01  6.094826e+00
   endloop
 endfacet
 facet normal  0.000000e+00 -9.994130e-01  3.426009e-02
   outer loop
     vertex  1.116500e+01 -2.310508e+01  6.178725e+00
     vertex  2.665000e+00 -2.310508e+01  6.178725e+00
     vertex  2.665000e+00 -2.310795e+01  6.094826e+00
   endloop
 endfacet
 facet normal -0.000000e+00 -9.998857e-01 -1.511918e-02
   outer loop
     vertex  1.116500e+01 -2.310635e+01  6.262664e+00
     vertex  2.665000e+00 -2.310635e+01  6.262664e+00
     vertex  2.665000e+00 -2.310508e+01  6.178725e+00
   endloop
 endfacet
 facet normal  0.000000e+00 -9.998857e-01 -1.511918e-02
   outer loop
     vertex  1.116500e+01 -2.310635e+01  6.262664e+00
     vertex  2.665000e+00 -2.310508e+01  6.178725e+00
     vertex  1.116500e+01 -2.310508e+01  6.178725e+00
   endloop
 endfacet
 facet normal -0.000000e+00 -9.979202e-01 -6.446159e-02
   outer loop
     vertex  1.116500e+01 -2.311176e+01  6.346438e+00
     vertex  2.665000e+00 -2.311176e+01  6.346438e+00
     vertex  2.665000e+00 -2.310635e+01  6.262664e+00
   endloop
 endfacet
 facet normal -0.000000e+00 -9.935212e-01 -1.136468e-01
   outer loop
     vertex  1.116500e+01 -2.311176e+01  6.346438e+00
     vertex  2.665000e+00 -2.312130e+01  6.429843e+00
     vertex  2.665000e+00 -2.311176e+01  6.346438e+00
   endloop
 endfacet
 facet normal  0.000000e+00 -9.979202e-01 -6.446159e-02
   outer loop
     vertex  1.116500e+01 -2.311176e+01  6.346438e+00
     vertex  2.665000e+00 -2.310635e+01  6.262664e+00
     vertex  1.116500e+01 -2.310635e+01  6.262664e+00
   endloop
 endfacet
 facet normal -0.000000e+00 -9.935212e-01 -1.136468e-01
   outer loop
     vertex  1.116500e+01 -2.312130e+01  6.429843e+00
     vertex  2.665000e+00 -2.312130e+01  6.429843e+00
     vertex  1.116500e+01 -2.311176e+01  6.346438e+00
   endloop
 endfacet
 facet normal -0.000000e+00 -9.866995e-01 -1.625549e-01
   outer loop
     vertex  1.116500e+01 -2.313495e+01  6.512675e+00
     vertex  2.665000e+00 -2.313495e+01  6.512675e+00
     vertex  2.665000e+00 -2.312130e+01  6.429843e+00
   endloop
 endfacet
 facet normal  0.000000e+00 -9.866995e-01 -1.625549e-01
   outer loop
     vertex  1.116500e+01 -2.313495e+01  6.512675e+00
     vertex  2.665000e+00 -2.312130e+01  6.429843e+00
     vertex  1.116500e+01 -2.312130e+01  6.429843e+00
   endloop
 endfacet
 facet normal -0.000000e+00 -9.774717e-01 -2.110666e-01
   outer loop
     vertex  1.116500e+01 -2.315266e+01  6.594732e+00
     vertex  2.665000e+00 -2.315266e+01  6.594732e+00
     vertex  2.665000e+00 -2.313495e+01  6.512675e+00
   endloop
 endfacet
 facet normal  0.000000e+00 -9.774717e-01 -2.110666e-01
   outer loop
     vertex  1.116500e+01 -2.315266e+01  6.594732e+00
     vertex  2.665000e+00 -2.313495e+01  6.512675e+00
     vertex  1.116500e+01 -2.313495e+01  6.512675e+00
   endloop
 endfacet
 facet normal -0.000000e+00 -9.658603e-01 -2.590636e-01
   outer loop
     vertex  1.116500e+01 -2.317441e+01  6.675815e+00
     vertex  2.665000e+00 -2.317441e+01  6.675815e+00
     vertex  2.665000e+00 -2.315266e+01  6.594732e+00
   endloop
 endfacet
 facet normal  0.000000e+00 -9.658603e-01 -2.590636e-01
   outer loop
     vertex  1.116500e+01 -2.317441e+01  6.675815e+00
     vertex  2.665000e+00 -2.315266e+01  6.594732e+00
     vertex  1.116500e+01 -2.315266e+01  6.594732e+00
   endloop
 endfacet
 facet normal -0.000000e+00 -9.518936e-01 -3.064288e-01
   outer loop
     vertex  1.116500e+01 -2.320014e+01  6.755725e+00
     vertex  2.665000e+00 -2.320014e+01  6.755725e+00
     vertex  2.665000e+00 -2.317441e+01  6.675815e+00
   endloop
 endfacet
 facet normal  0.000000e+00 -9.518936e-01 -3.064288e-01
   outer loop
     vertex  1.116500e+01 -2.320014e+01  6.755725e+00
     vertex  2.665000e+00 -2.317441e+01  6.675815e+00
     vertex  1.116500e+01 -2.317441e+01  6.675815e+00
   endloop
 endfacet
 facet normal -0.000000e+00 -9.356056e-01 -3.530468e-01
   outer loop
     vertex  1.116500e+01 -2.322977e+01  6.834268e+00
     vertex  2.665000e+00 -2.322977e+01  6.834268e+00
     vertex  2.665000e+00 -2.320014e+01  6.755725e+00
   endloop
 endfacet
 facet normal  0.000000e+00 -9.356056e-01 -3.530468e-01
   outer loop
     vertex  1.116500e+01 -2.322977e+01  6.834268e+00
     vertex  2.665000e+00 -2.320014e+01  6.755725e+00
     vertex  1.116500e+01 -2.320014e+01  6.755725e+00
   endloop
 endfacet
 facet normal -0.000000e+00 -9.170362e-01 -3.988040e-01
   outer loop
     vertex  1.116500e+01 -2.326325e+01  6.911252e+00
     vertex  2.665000e+00 -2.326325e+01  6.911252e+00
     vertex  2.665000e+00 -2.322977e+01  6.834268e+00
   endloop
 endfacet
 facet normal  0.000000e+00 -9.170362e-01 -3.988040e-01
   outer loop
     vertex  1.116500e+01 -2.326325e+01  6.911252e+00
     vertex  2.665000e+00 -2.322977e+01  6.834268e+00
     vertex  1.116500e+01 -2.322977e+01  6.834268e+00
   endloop
 endfacet
 facet normal -0.000000e+00 -8.962305e-01 -4.435886e-01
   outer loop
     vertex  1.116500e+01 -2.330049e+01  6.986489e+00
     vertex  2.665000e+00 -2.330049e+01  6.986489e+00
     vertex  2.665000e+00 -2.326325e+01  6.911252e+00
   endloop
 endfacet
 facet normal  0.000000e+00 -8.962305e-01 -4.435886e-01
   outer loop
     vertex  1.116500e+01 -2.330049e+01  6.986489e+00
     vertex  2.665000e+00 -2.326325e+01  6.911252e+00
     vertex  1.116500e+01 -2.326325e+01  6.911252e+00
   endloop
 endfacet
 facet normal -0.000000e+00 -8.732394e-01 -4.872915e-01
   outer loop
     vertex  1.116500e+01 -2.334140e+01  7.059797e+00
     vertex  2.665000e+00 -2.334140e+01  7.059797e+00
     vertex  2.665000e+00 -2.330049e+01  6.986489e+00
   endloop
 endfacet
 facet normal  0.000000e+00 -8.732394e-01 -4.872915e-01
   outer loop
     vertex  1.116500e+01 -2.334140e+01  7.059797e+00
     vertex  2.665000e+00 -2.330049e+01  6.986489e+00
     vertex  1.116500e+01 -2.330049e+01  6.986489e+00
   endloop
 endfacet
 facet normal -0.000000e+00 -8.481188e-01 -5.298061e-01
   outer loop
     vertex  1.116500e+01 -2.338588e+01  7.130995e+00
     vertex  2.665000e+00 -2.338588e+01  7.130995e+00
     vertex  2.665000e+00 -2.334140e+01  7.059797e+00
   endloop
 endfacet
 facet normal  0.000000e+00 -8.481188e-01 -5.298061e-01
   outer loop
     vertex  1.116500e+01 -2.338588e+01  7.130995e+00
     vertex  2.665000e+00 -2.334140e+01  7.059797e+00
     vertex  1.116500e+01 -2.334140e+01  7.059797e+00
   endloop
 endfacet
 facet normal -0.000000e+00 -8.209301e-01 -5.710287e-01
   outer loop
     vertex  1.116500e+01 -2.343381e+01  7.199911e+00
     vertex  2.665000e+00 -2.343381e+01  7.199911e+00
     vertex  2.665000e+00 -2.338588e+01  7.130995e+00
   endloop
 endfacet
 facet normal  0.000000e+00 -8.209301e-01 -5.710287e-01
   outer loop
     vertex  1.116500e+01 -2.343381e+01  7.199911e+00
     vertex  2.665000e+00 -2.338588e+01  7.130995e+00
     vertex  1.116500e+01 -2.338588e+01  7.130995e+00
   endloop
 endfacet
 facet normal -0.000000e+00 -7.917395e-01 -6.108589e-01
   outer loop
     vertex  1.116500e+01 -2.348509e+01  7.266376e+00
     vertex  2.665000e+00 -2.348509e+01  7.266376e+00
     vertex  2.665000e+00 -2.343381e+01  7.199911e+00
   endloop
 endfacet
 facet normal  0.000000e+00 -7.917395e-01 -6.108589e-01
   outer loop
     vertex  1.116500e+01 -2.348509e+01  7.266376e+00
     vertex  2.665000e+00 -2.343381e+01  7.199911e+00
     vertex  1.116500e+01 -2.343381e+01  7.199911e+00
   endloop
 endfacet
 facet normal -0.000000e+00 -7.606182e-01 -6.491995e-01
   outer loop
     vertex  1.116500e+01 -2.353959e+01  7.330229e+00
     vertex  2.665000e+00 -2.353959e+01  7.330229e+00
     vertex  2.665000e+00 -2.348509e+01  7.266376e+00
   endloop
 endfacet
 facet normal  0.000000e+00 -7.606182e-01 -6.491995e-01
   outer loop
     vertex  1.116500e+01 -2.353959e+01  7.330229e+00
     vertex  2.665000e+00 -2.348509e+01  7.266376e+00
     vertex  1.116500e+01 -2.348509e+01  7.266376e+00
   endloop
 endfacet
 facet normal  0.000000e+00 -7.276421e-01 -6.859570e-01
   outer loop
     vertex  1.116500e+01 -2.359718e+01  7.391314e+00
     vertex  2.665000e+00 -2.353959e+01  7.330229e+00
     vertex  1.116500e+01 -2.353959e+01  7.330229e+00
   endloop
 endfacet
 facet normal -0.000000e+00 -7.276421e-01 -6.859570e-01
   outer loop
     vertex  1.116500e+01 -2.359718e+01  7.391314e+00
     vertex  2.665000e+00 -2.359718e+01  7.391314e+00
     vertex  2.665000e+00 -2.353959e+01  7.330229e+00
   endloop
 endfacet
 facet normal  0.000000e+00 -6.928916e-01 -7.210418e-01
   outer loop
     vertex  1.116500e+01 -2.365771e+01  7.449481e+00
     vertex  2.665000e+00 -2.359718e+01  7.391314e+00
     vertex  1.116500e+01 -2.359718e+01  7.391314e+00
   endloop
 endfacet
 facet normal -0.000000e+00 -6.928916e-01 -7.210418e-01
   outer loop
     vertex  1.116500e+01 -2.365771e+01  7.449481e+00
     vertex  2.665000e+00 -2.365771e+01  7.449481e+00
     vertex  2.665000e+00 -2.359718e+01  7.391314e+00
   endloop
 endfacet
 facet normal  0.000000e+00 -6.564515e-01 -7.543683e-01
   outer loop
     vertex  1.116500e+01 -2.372104e+01  7.504589e+00
     vertex  2.665000e+00 -2.365771e+01  7.449481e+00
     vertex  1.116500e+01 -2.365771e+01  7.449481e+00
   endloop
 endfacet
 facet normal -0.000000e+00 -6.564515e-01 -7.543683e-01
   outer loop
     vertex  1.116500e+01 -2.372104e+01  7.504589e+00
     vertex  2.665000e+00 -2.372104e+01  7.504589e+00
     vertex  2.665000e+00 -2.365771e+01  7.449481e+00
   endloop
 endfacet
 facet normal  0.000000e+00 -6.184106e-01 -7.858552e-01
   outer loop
     vertex  1.116500e+01 -2.378701e+01  7.556504e+00
     vertex  2.665000e+00 -2.372104e+01  7.504589e+00
     vertex  1.116500e+01 -2.372104e+01  7.504589e+00
   endloop
 endfacet
 facet normal -0.000000e+00 -6.184106e-01 -7.858552e-01
   outer loop
     vertex  1.116500e+01 -2.378701e+01  7.556504e+00
     vertex  2.665000e+00 -2.378701e+01  7.556504e+00
     vertex  2.665000e+00 -2.372104e+01  7.504589e+00
   endloop
 endfacet
 facet normal  0.000000e+00 -5.788616e-01 -8.154258e-01
   outer loop
     vertex  1.116500e+01 -2.385546e+01  7.605099e+00
     vertex  2.665000e+00 -2.378701e+01  7.556504e+00
     vertex  1.116500e+01 -2.378701e+01  7.556504e+00
   endloop
 endfacet
 facet normal -0.000000e+00 -5.788616e-01 -8.154258e-01
   outer loop
     vertex  1.116500e+01 -2.385546e+01  7.605099e+00
     vertex  2.665000e+00 -2.385546e+01  7.605099e+00
     vertex  2.665000e+00 -2.378701e+01  7.556504e+00
   endloop
 endfacet
 facet normal -0.000000e+00 -5.379012e-01 -8.430079e-01
   outer loop
     vertex  1.116500e+01 -2.385546e+01  7.605099e+00
     vertex  2.665000e+00 -2.392623e+01  7.650255e+00
     vertex  2.665000e+00 -2.385546e+01  7.605099e+00
   endloop
 endfacet
 facet normal -0.000000e+00 -5.379012e-01 -8.430079e-01
   outer loop
     vertex  1.116500e+01 -2.392623e+01  7.650255e+00
     vertex  2.665000e+00 -2.392623e+01  7.650255e+00
     vertex  1.116500e+01 -2.385546e+01  7.605099e+00
   endloop
 endfacet
 facet normal -0.000000e+00 -4.956290e-01 -8.685344e-01
   outer loop
     vertex  1.116500e+01 -2.399914e+01  7.691862e+00
     vertex  2.665000e+00 -2.399914e+01  7.691862e+00
     vertex  2.665000e+00 -2.392623e+01  7.650255e+00
   endloop
 endfacet
 facet normal  0.000000e+00 -4.956290e-01 -8.685344e-01
   outer loop
     vertex  1.116500e+01 -2.399914e+01  7.691862e+00
     vertex  2.665000e+00 -2.392623e+01  7.650255e+00
     vertex  1.116500e+01 -2.392623e+01  7.650255e+00
   endloop
 endfacet
 facet normal -0.000000e+00 -4.521482e-01 -8.919428e-01
   outer loop
     vertex  1.116500e+01 -2.407402e+01  7.729819e+00
     vertex  2.665000e+00 -2.407402e+01  7.729819e+00
     vertex  2.665000e+00 -2.399914e+01  7.691862e+00
   endloop
 endfacet
 facet normal  0.000000e+00 -4.521482e-01 -8.919428e-01
   outer loop
     vertex  1.116500e+01 -2.407402e+01  7.729819e+00
     vertex  2.665000e+00 -2.399914e+01  7.691862e+00
     vertex  1.116500e+01 -2.399914e+01  7.691862e+00
   endloop
 endfacet
 facet normal -0.000000e+00 -4.075648e-01 -9.131763e-01
   outer loop
     vertex  1.116500e+01 -2.415068e+01  7.764034e+00
     vertex  2.665000e+00 -2.415068e+01  7.764034e+00
     vertex  2.665000e+00 -2.407402e+01  7.729819e+00
   endloop
 endfacet
 facet normal  0.000000e+00 -4.075648e-01 -9.131763e-01
   outer loop
     vertex  1.116500e+01 -2.415068e+01  7.764034e+00
     vertex  2.665000e+00 -2.407402e+01  7.729819e+00
     vertex  1.116500e+01 -2.407402e+01  7.729819e+00
   endloop
 endfacet
 facet normal -0.000000e+00 -3.619876e-01 -9.321829e-01
   outer loop
     vertex  1.116500e+01 -2.422894e+01  7.794422e+00
     vertex  2.665000e+00 -2.422894e+01  7.794422e+00
     vertex  2.665000e+00 -2.415068e+01  7.764034e+00
   endloop
 endfacet
 facet normal -0.000000e+00 -3.155276e-01 -9.489164e-01
   outer loop
     vertex  1.116500e+01 -2.422894e+01  7.794422e+00
     vertex  2.665000e+00 -2.430860e+01  7.820910e+00
     vertex  2.665000e+00 -2.422894e+01  7.794422e+00
   endloop
 endfacet
 facet normal  0.000000e+00 -3.619876e-01 -9.321829e-01
   outer loop
     vertex  1.116500e+01 -2.422894e+01  7.794422e+00
     vertex  2.665000e+00 -2.415068e+01  7.764034e+00
     vertex  1.116500e+01 -2.415068e+01  7.764034e+00
   endloop
 endfacet
 facet normal -0.000000e+00 -2.682982e-01 -9.633359e-01
   outer loop
     vertex  1.116500e+01 -2.430860e+01  7.820910e+00
     vertex  2.665000e+00 -2.438947e+01  7.843433e+00
     vertex  2.665000e+00 -2.430860e+01  7.820910e+00
   endloop
 endfacet
 facet normal -0.000000e+00 -3.155276e-01 -9.489164e-01
   outer loop
     vertex  1.116500e+01 -2.430860e+01  7.820910e+00
     vertex  2.665000e+00 -2.430860e+01  7.820910e+00
     vertex  1.116500e+01 -2.422894e+01  7.794422e+00
   endloop
 endfacet
 facet normal -0.000000e+00 -2.204146e-01 -9.754063e-01
   outer loop
     vertex  1.116500e+01 -2.438947e+01  7.843433e+00
     vertex  2.665000e+00 -2.447135e+01  7.861937e+00
     vertex  2.665000e+00 -2.438947e+01  7.843433e+00
   endloop
 endfacet
 facet normal -0.000000e+00 -2.682982e-01 -9.633359e-01
   outer loop
     vertex  1.116500e+01 -2.438947e+01  7.843433e+00
     vertex  2.665000e+00 -2.438947e+01  7.843433e+00
     vertex  1.116500e+01 -2.430860e+01  7.820910e+00
   endloop
 endfacet
 facet normal -0.000000e+00 -2.204146e-01 -9.754063e-01
   outer loop
     vertex  1.116500e+01 -2.447135e+01  7.861937e+00
     vertex  2.665000e+00 -2.447135e+01  7.861937e+00
     vertex  1.116500e+01 -2.438947e+01  7.843433e+00
   endloop
 endfacet
 facet normal -0.000000e+00 -1.719935e-01 -9.850981e-01
   outer loop
     vertex  1.116500e+01 -2.455405e+01  7.876376e+00
     vertex  2.665000e+00 -2.455405e+01  7.876376e+00
     vertex  2.665000e+00 -2.447135e+01  7.861937e+00
   endloop
 endfacet
 facet normal -0.000000e+00 -1.231529e-01 -9.923877e-01
   outer loop
     vertex  1.116500e+01 -2.455405e+01  7.876376e+00
     vertex  2.665000e+00 -2.463736e+01  7.886714e+00
     vertex  2.665000e+00 -2.455405e+01  7.876376e+00
   endloop
 endfacet
 facet normal  0.000000e+00 -1.719935e-01 -9.850981e-01
   outer loop
     vertex  1.116500e+01 -2.455405e+01  7.876376e+00
     vertex  2.665000e+00 -2.447135e+01  7.861937e+00
     vertex  1.116500e+01 -2.447135e+01  7.861937e+00
   endloop
 endfacet
 facet normal -0.000000e+00 -1.231529e-01 -9.923877e-01
   outer loop
     vertex  1.116500e+01 -2.463736e+01  7.886714e+00
     vertex  2.665000e+00 -2.463736e+01  7.886714e+00
     vertex  1.116500e+01 -2.455405e+01  7.876376e+00
   endloop
 endfacet
 facet normal -0.000000e+00 -7.401210e-02 -9.972573e-01
   outer loop
     vertex  1.116500e+01 -2.472108e+01  7.892927e+00
     vertex  2.665000e+00 -2.472108e+01  7.892927e+00
     vertex  2.665000e+00 -2.463736e+01  7.886714e+00
   endloop
 endfacet
 facet normal  0.000000e+00 -7.401210e-02 -9.972573e-01
   outer loop
     vertex  1.116500e+01 -2.472108e+01  7.892927e+00
     vertex  2.665000e+00 -2.463736e+01  7.886714e+00
     vertex  1.116500e+01 -2.463736e+01  7.886714e+00
   endloop
 endfacet
 facet normal -0.000000e+00 -2.469077e-02 -9.996951e-01
   outer loop
     vertex  1.116500e+01 -2.480500e+01  7.895000e+00
     vertex  2.665000e+00 -2.480500e+01  7.895000e+00
     vertex  2.665000e+00 -2.472108e+01  7.892927e+00
   endloop
 endfacet
 facet normal  0.000000e+00 -2.469077e-02 -9.996951e-01
   outer loop
     vertex  1.116500e+01 -2.480500e+01  7.895000e+00
     vertex  2.665000e+00 -2.472108e+01  7.892927e+00
     vertex  1.116500e+01 -2.472108e+01  7.892927e+00
   endloop
 endfacet
 facet normal  1.000000e+00  0.000000e+00  0.000000e+00
   outer loop
     vertex  1.116500e+01 -2.500500e+01  9.190000e+00
     vertex  1.116500e+01 -2.500500e+01  9.183315e+00
     vertex  1.116500e+01 -2.493839e+01  9.187028e+00
   endloop
 endfacet
 facet normal  1.000000e+00  0.000000e+00  0.000000e+00
   outer loop
     vertex  1.116500e+01 -2.480500e+01  9.190000e+00
     vertex  1.116500e+01 -2.500500e+01  9.190000e+00
     vertex  1.116500e+01 -2.487171e+01  9.189257e+00
   endloop
 endfacet
 facet normal  1.000000e+00  0.000000e+00  0.000000e+00
   outer loop
     vertex  1.116500e+01 -2.487171e+01  9.189257e+00
     vertex  1.116500e+01 -2.500500e+01  9.190000e+00
     vertex  1.116500e+01 -2.493839e+01  9.187028e+00
   endloop
 endfacet
 facet normal  1.000000e+00 -0.000000e+00  0.000000e+00
   outer loop
     vertex  1.116500e+01 -2.276788e+01  3.999510e+00
     vertex  1.116500e+01 -1.910000e+01  3.200000e+00
     vertex  1.116500e+01 -2.266098e+01  4.103781e+00
   endloop
 endfacet
 facet normal  1.000000e+00  0.000000e+00  0.000000e+00
   outer loop
     vertex  1.116500e+01 -2.255941e+01  4.213251e+00
     vertex  1.116500e+01 -2.266098e+01  4.103781e+00
     vertex  1.116500e+01 -1.910000e+01  3.200000e+00
   endloop
 endfacet
 facet normal  1.000000e+00 -0.000000e+00  0.000000e+00
   outer loop
     vertex  1.116500e+01 -2.287985e+01  3.900697e+00
     vertex  1.116500e+01 -1.910000e+01  3.200000e+00
     vertex  1.116500e+01 -2.276788e+01  3.999510e+00
   endloop
 endfacet
 facet normal  1.000000e+00  0.000000e+00  0.000000e+00
   outer loop
     vertex  1.116500e+01 -2.246341e+01  4.327648e+00
     vertex  1.116500e+01 -2.255941e+01  4.213251e+00
     vertex  1.116500e+01 -1.910000e+01  3.200000e+00
   endloop
 endfacet
 facet normal  1.000000e+00 -0.000000e+00  0.000000e+00
   outer loop
     vertex  1.116500e+01 -2.299661e+01  3.807588e+00
     vertex  1.116500e+01 -1.910000e+01  3.200000e+00
     vertex  1.116500e+01 -2.287985e+01  3.900697e+00
   endloop
 endfacet
 facet normal  1.000000e+00  0.000000e+00  0.000000e+00
   outer loop
     vertex  1.116500e+01 -2.237325e+01  4.446688e+00
     vertex  1.116500e+01 -2.246341e+01  4.327648e+00
     vertex  1.116500e+01 -1.910000e+01  3.200000e+00
   endloop
 endfacet
 facet normal  1.000000e+00 -0.000000e+00  0.000000e+00
   outer loop
     vertex  1.116500e+01 -2.311786e+01  3.720415e+00
     vertex  1.116500e+01 -1.910000e+01  3.200000e+00
     vertex  1.116500e+01 -2.299661e+01  3.807588e+00
   endloop
 endfacet
 facet normal  1.000000e+00  0.000000e+00  0.000000e+00
   outer loop
     vertex  1.116500e+01 -2.228912e+01  4.570074e+00
     vertex  1.116500e+01 -2.237325e+01  4.446688e+00
     vertex  1.116500e+01 -1.910000e+01  3.200000e+00
   endloop
 endfacet
 facet normal  1.000000e+00 -0.000000e+00  0.000000e+00
   outer loop
     vertex  1.116500e+01 -2.324330e+01  3.639394e+00
     vertex  1.116500e+01 -1.910000e+01  3.200000e+00
     vertex  1.116500e+01 -2.311786e+01  3.720415e+00
   endloop
 endfacet
 facet normal  1.000000e+00  0.000000e+00  0.000000e+00
   outer loop
     vertex  1.116500e+01 -2.221125e+01  4.697500e+00
     vertex  1.116500e+01 -2.228912e+01  4.570074e+00
     vertex  1.116500e+01 -1.910000e+01  3.200000e+00
   endloop
 endfacet
 facet normal  1.000000e+00 -0.000000e+00  0.000000e+00
   outer loop
     vertex  1.116500e+01 -2.337263e+01  3.564726e+00
     vertex  1.116500e+01 -1.910000e+01  3.200000e+00
     vertex  1.116500e+01 -2.324330e+01  3.639394e+00
   endloop
 endfacet
 facet normal  1.000000e+00  0.000000e+00  0.000000e+00
   outer loop
     vertex  1.116500e+01 -2.213983e+01  4.828649e+00
     vertex  1.116500e+01 -2.221125e+01  4.697500e+00
     vertex  1.116500e+01 -1.910000e+01  3.200000e+00
   endloop
 endfacet
 facet normal  1.000000e+00 -0.000000e+00  0.000000e+00
   outer loop
     vertex  1.116500e+01 -2.350552e+01  3.496598e+00
     vertex  1.116500e+01 -1.910000e+01  3.200000e+00
     vertex  1.116500e+01 -2.337263e+01  3.564726e+00
   endloop
 endfacet
 facet normal  1.000000e+00  0.000000e+00  0.000000e+00
   outer loop
     vertex  1.116500e+01 -2.207504e+01  4.963195e+00
     vertex  1.116500e+01 -2.213983e+01  4.828649e+00
     vertex  1.116500e+01 -1.910000e+01  3.200000e+00
   endloop
 endfacet
 facet normal  1.000000e+00 -0.000000e+00  0.000000e+00
   outer loop
     vertex  1.116500e+01 -2.364164e+01  3.435179e+00
     vertex  1.116500e+01 -1.910000e+01  3.200000e+00
     vertex  1.116500e+01 -2.350552e+01  3.496598e+00
   endloop
 endfacet
 facet normal  1.000000e+00  0.000000e+00  0.000000e+00
   outer loop
     vertex  1.116500e+01 -2.201703e+01  5.100804e+00
     vertex  1.116500e+01 -2.207504e+01  4.963195e+00
     vertex  1.116500e+01 -1.910000e+01  3.200000e+00
   endloop
 endfacet
 facet normal  1.000000e+00 -0.000000e+00  0.000000e+00
   outer loop
     vertex  1.116500e+01 -2.378065e+01  3.380621e+00
     vertex  1.116500e+01 -1.910000e+01  3.200000e+00
     vertex  1.116500e+01 -2.364164e+01  3.435179e+00
   endloop
 endfacet
 facet normal  1.000000e+00  0.000000e+00  0.000000e+00
   outer loop
     vertex  1.116500e+01 -2.196596e+01  5.241132e+00
     vertex  1.116500e+01 -2.201703e+01  5.100804e+00
     vertex  1.116500e+01 -1.910000e+01  3.200000e+00
   endloop
 endfacet
 facet normal  1.000000e+00 -0.000000e+00  0.000000e+00
   outer loop
     vertex  1.116500e+01 -2.392221e+01  3.333059e+00
     vertex  1.116500e+01 -1.910000e+01  3.200000e+00
     vertex  1.116500e+01 -2.378065e+01  3.380621e+00
   endloop
 endfacet
 facet normal  1.000000e+00  0.000000e+00  0.000000e+00
   outer loop
     vertex  1.116500e+01 -1.810000e+01  9.190000e+00
     vertex  1.116500e+01 -1.910000e+01  3.200000e+00
     vertex  1.116500e+01 -1.810000e+01  3.200000e+00
   endloop
 endfacet
 facet normal  1.000000e+00  0.000000e+00  0.000000e+00
   outer loop
     vertex  1.116500e+01 -2.192194e+01  5.383833e+00
     vertex  1.116500e+01 -2.196596e+01  5.241132e+00
     vertex  1.116500e+01 -1.910000e+01  3.200000e+00
   endloop
 endfacet
 facet normal  1.000000e+00 -0.000000e+00  0.000000e+00
   outer loop
     vertex  1.116500e+01 -2.406596e+01  3.292614e+00
     vertex  1.116500e+01 -1.910000e+01  3.200000e+00
     vertex  1.116500e+01 -2.392221e+01  3.333059e+00
   endloop
 endfacet
 facet normal  1.000000e+00  0.000000e+00  0.000000e+00
   outer loop
     vertex  1.116500e+01 -2.188509e+01  5.528550e+00
     vertex  1.116500e+01 -2.192194e+01  5.383833e+00
     vertex  1.116500e+01 -1.910000e+01  3.200000e+00
   endloop
 endfacet
 facet normal  1.000000e+00  0.000000e+00  0.000000e+00
   outer loop
     vertex  1.116500e+01 -2.185550e+01  5.674924e+00
     vertex  1.116500e+01 -2.188509e+01  5.528550e+00
     vertex  1.116500e+01 -1.910000e+01  3.200000e+00
   endloop
 endfacet
 facet normal  1.000000e+00  0.000000e+00  0.000000e+00
   outer loop
     vertex  1.116500e+01 -2.183324e+01  5.822591e+00
     vertex  1.116500e+01 -2.185550e+01  5.674924e+00
     vertex  1.116500e+01 -1.910000e+01  3.200000e+00
   endloop
 endfacet
 facet normal  1.000000e+00  0.000000e+00  0.000000e+00
   outer loop
     vertex  1.116500e+01 -2.181837e+01  5.971183e+00
     vertex  1.116500e+01 -2.183324e+01  5.822591e+00
     vertex  1.116500e+01 -1.910000e+01  3.200000e+00
   endloop
 endfacet
 facet normal  1.000000e+00  0.000000e+00  0.000000e+00
   outer loop
     vertex  1.116500e+01 -2.181093e+01  6.120333e+00
     vertex  1.116500e+01 -2.181837e+01  5.971183e+00
     vertex  1.116500e+01 -1.910000e+01  3.200000e+00
   endloop
 endfacet
 facet normal  1.000000e+00  0.000000e+00  0.000000e+00
   outer loop
     vertex  1.116500e+01 -2.181093e+01  6.269667e+00
     vertex  1.116500e+01 -2.181093e+01  6.120333e+00
     vertex  1.116500e+01 -1.910000e+01  3.200000e+00
   endloop
 endfacet
 facet normal  1.000000e+00 -0.000000e+00  0.000000e+00
   outer loop
     vertex  1.116500e+01 -2.181093e+01  6.269667e+00
     vertex  1.116500e+01 -1.910000e+01  3.200000e+00
     vertex  1.116500e+01 -1.810000e+01  9.190000e+00
   endloop
 endfacet
 facet normal  1.000000e+00 -0.000000e+00  0.000000e+00
   outer loop
     vertex  1.116500e+01 -2.181837e+01  6.418817e+00
     vertex  1.116500e+01 -2.181093e+01  6.269667e+00
     vertex  1.116500e+01 -1.810000e+01  9.190000e+00
   endloop
 endfacet
 facet normal  1.000000e+00 -0.000000e+00  0.000000e+00
   outer loop
     vertex  1.116500e+01 -2.183324e+01  6.567409e+00
     vertex  1.116500e+01 -2.181837e+01  6.418817e+00
     vertex  1.116500e+01 -1.810000e+01  9.190000e+00
   endloop
 endfacet
 facet normal  1.000000e+00 -0.000000e+00  0.000000e+00
   outer loop
     vertex  1.116500e+01 -2.185550e+01  6.715076e+00
     vertex  1.116500e+01 -2.183324e+01  6.567409e+00
     vertex  1.116500e+01 -1.810000e+01  9.190000e+00
   endloop
 endfacet
 facet normal  1.000000e+00 -0.000000e+00  0.000000e+00
   outer loop
     vertex  1.116500e+01 -2.188509e+01  6.861450e+00
     vertex  1.116500e+01 -2.185550e+01  6.715076e+00
     vertex  1.116500e+01 -1.810000e+01  9.190000e+00
   endloop
 endfacet
 facet normal  1.000000e+00 -0.000000e+00  0.000000e+00
   outer loop
     vertex  1.116500e+01 -2.192194e+01  7.006167e+00
     vertex  1.116500e+01 -2.188509e+01  6.861450e+00
     vertex  1.116500e+01 -1.810000e+01  9.190000e+00
   endloop
 endfacet
 facet normal  1.000000e+00 -0.000000e+00  0.000000e+00
   outer loop
     vertex  1.116500e+01 -2.196596e+01  7.148868e+00
     vertex  1.116500e+01 -2.192194e+01  7.006167e+00
     vertex  1.116500e+01 -1.810000e+01  9.190000e+00
   endloop
 endfacet
 facet normal  1.000000e+00 -0.000000e+00  0.000000e+00
   outer loop
     vertex  1.116500e+01 -2.201703e+01  7.289196e+00
     vertex  1.116500e+01 -2.196596e+01  7.148868e+00
     vertex  1.116500e+01 -1.810000e+01  9.190000e+00
   endloop
 endfacet
 facet normal  1.000000e+00 -0.000000e+00  0.000000e+00
   outer loop
     vertex  1.116500e+01 -2.207504e+01  7.426805e+00
     vertex  1.116500e+01 -2.201703e+01  7.289196e+00
     vertex  1.116500e+01 -1.810000e+01  9.190000e+00
   endloop
 endfacet
 facet normal  1.000000e+00 -0.000000e+00  0.000000e+00
   outer loop
     vertex  1.116500e+01 -2.213983e+01  7.561351e+00
     vertex  1.116500e+01 -2.207504e+01  7.426805e+00
     vertex  1.116500e+01 -1.810000e+01  9.190000e+00
   endloop
 endfacet
 facet normal  1.000000e+00 -0.000000e+00  0.000000e+00
   outer loop
     vertex  1.116500e+01 -2.221125e+01  7.692500e+00
     vertex  1.116500e+01 -2.213983e+01  7.561351e+00
     vertex  1.116500e+01 -1.810000e+01  9.190000e+00
   endloop
 endfacet
 facet normal  1.000000e+00 -0.000000e+00  0.000000e+00
   outer loop
     vertex  1.116500e+01 -2.228912e+01  7.819926e+00
     vertex  1.116500e+01 -2.221125e+01  7.692500e+00
     vertex  1.116500e+01 -1.810000e+01  9.190000e+00
   endloop
 endfacet
 facet normal  1.000000e+00 -0.000000e+00  0.000000e+00
   outer loop
     vertex  1.116500e+01 -2.237325e+01  7.943312e+00
     vertex  1.116500e+01 -2.228912e+01  7.819926e+00
     vertex  1.116500e+01 -1.810000e+01  9.190000e+00
   endloop
 endfacet
 facet normal  1.000000e+00 -0.000000e+00  0.000000e+00
   outer loop
     vertex  1.116500e+01 -2.246341e+01  8.062352e+00
     vertex  1.116500e+01 -2.237325e+01  7.943312e+00
     vertex  1.116500e+01 -1.810000e+01  9.190000e+00
   endloop
 endfacet
 facet normal  1.000000e+00 -0.000000e+00  0.000000e+00
   outer loop
     vertex  1.116500e+01 -2.255941e+01  8.176749e+00
     vertex  1.116500e+01 -2.246341e+01  8.062352e+00
     vertex  1.116500e+01 -1.810000e+01  9.190000e+00
   endloop
 endfacet
 facet normal  1.000000e+00 -0.000000e+00  0.000000e+00
   outer loop
     vertex  1.116500e+01 -2.266098e+01  8.286219e+00
     vertex  1.116500e+01 -2.255941e+01  8.176749e+00
     vertex  1.116500e+01 -1.810000e+01  9.190000e+00
   endloop
 endfacet
 facet normal  1.000000e+00 -0.000000e+00  0.000000e+00
   outer loop
     vertex  1.116500e+01 -2.276788e+01  8.390490e+00
     vertex  1.116500e+01 -2.266098e+01  8.286219e+00
     vertex  1.116500e+01 -1.810000e+01  9.190000e+00
   endloop
 endfacet
 facet normal  1.000000e+00 -0.000000e+00  0.000000e+00
   outer loop
     vertex  1.116500e+01 -2.287985e+01  8.489303e+00
     vertex  1.116500e+01 -2.276788e+01  8.390490e+00
     vertex  1.116500e+01 -1.810000e+01  9.190000e+00
   endloop
 endfacet
 facet normal  1.000000e+00 -0.000000e+00  0.000000e+00
   outer loop
     vertex  1.116500e+01 -2.299661e+01  8.582412e+00
     vertex  1.116500e+01 -2.287985e+01  8.489303e+00
     vertex  1.116500e+01 -1.810000e+01  9.190000e+00
   endloop
 endfacet
 facet normal  1.000000e+00 -0.000000e+00  0.000000e+00
   outer loop
     vertex  1.116500e+01 -2.311786e+01  8.669585e+00
     vertex  1.116500e+01 -2.299661e+01  8.582412e+00
     vertex  1.116500e+01 -1.810000e+01  9.190000e+00
   endloop
 endfacet
 facet normal  1.000000e+00 -0.000000e+00  0.000000e+00
   outer loop
     vertex  1.116500e+01 -2.324330e+01  8.750606e+00
     vertex  1.116500e+01 -2.311786e+01  8.669585e+00
     vertex  1.116500e+01 -1.810000e+01  9.190000e+00
   endloop
 endfacet
 facet normal  1.000000e+00 -0.000000e+00  0.000000e+00
   outer loop
     vertex  1.116500e+01 -2.337263e+01  8.825274e+00
     vertex  1.116500e+01 -2.324330e+01  8.750606e+00
     vertex  1.116500e+01 -1.810000e+01  9.190000e+00
   endloop
 endfacet
 facet normal  1.000000e+00 -0.000000e+00  0.000000e+00
   outer loop
     vertex  1.116500e+01 -2.350552e+01  8.893402e+00
     vertex  1.116500e+01 -2.337263e+01  8.825274e+00
     vertex  1.116500e+01 -1.810000e+01  9.190000e+00
   endloop
 endfacet
 facet normal  1.000000e+00 -0.000000e+00  0.000000e+00
   outer loop
     vertex  1.116500e+01 -2.364164e+01  8.954821e+00
     vertex  1.116500e+01 -2.350552e+01  8.893402e+00
     vertex  1.116500e+01 -1.810000e+01  9.190000e+00
   endloop
 endfacet
 facet normal  1.000000e+00 -0.000000e+00  0.000000e+00
   outer loop
     vertex  1.116500e+01 -2.378065e+01  9.009379e+00
     vertex  1.116500e+01 -2.364164e+01  8.954821e+00
     vertex  1.116500e+01 -1.810000e+01  9.190000e+00
   endloop
 endfacet
 facet normal  1.000000e+00 -0.000000e+00  0.000000e+00
   outer loop
     vertex  1.116500e+01 -2.392221e+01  9.056941e+00
     vertex  1.116500e+01 -2.378065e+01  9.009379e+00
     vertex  1.116500e+01 -1.810000e+01  9.190000e+00
   endloop
 endfacet
 facet normal  1.000000e+00  0.000000e+00  0.000000e+00
   outer loop
     vertex  1.116500e+01 -2.480500e+01  3.200000e+00
     vertex  1.116500e+01 -1.910000e+01  3.200000e+00
     vertex  1.116500e+01 -2.465571e+01  3.203723e+00
   endloop
 endfacet
 facet normal  1.000000e+00 -0.000000e+00  0.000000e+00
   outer loop
     vertex  1.116500e+01 -2.465571e+01  3.203723e+00
     vertex  1.116500e+01 -1.910000e+01  3.200000e+00
     vertex  1.116500e+01 -2.450679e+01  3.214883e+00
   endloop
 endfacet
 facet normal  1.000000e+00 -0.000000e+00  0.000000e+00
   outer loop
     vertex  1.116500e+01 -2.450679e+01  3.214883e+00
     vertex  1.116500e+01 -1.910000e+01  3.200000e+00
     vertex  1.116500e+01 -2.435862e+01  3.233452e+00
   endloop
 endfacet
 facet normal  1.000000e+00 -0.000000e+00  0.000000e+00
   outer loop
     vertex  1.116500e+01 -2.435862e+01  3.233452e+00
     vertex  1.116500e+01 -1.910000e+01  3.200000e+00
     vertex  1.116500e+01 -2.421155e+01  3.259383e+00
   endloop
 endfacet
 facet normal  1.000000e+00 -0.000000e+00  0.000000e+00
   outer loop
     vertex  1.116500e+01 -2.421155e+01  3.259383e+00
     vertex  1.116500e+01 -1.910000e+01  3.200000e+00
     vertex  1.116500e+01 -2.406596e+01  3.292614e+00
   endloop
 endfacet
 facet normal  1.000000e+00  0.000000e+00  0.000000e+00
   outer loop
     vertex  1.116500e+01 -1.810000e+01  9.190000e+00
     vertex  1.116500e+01 -2.480500e+01  9.190000e+00
     vertex  1.116500e+01 -2.465571e+01  9.186277e+00
   endloop
 endfacet
 facet normal  1.000000e+00  0.000000e+00  0.000000e+00
   outer loop
     vertex  1.116500e+01 -1.810000e+01  9.190000e+00
     vertex  1.116500e+01 -2.465571e+01  9.186277e+00
     vertex  1.116500e+01 -2.450679e+01  9.175117e+00
   endloop
 endfacet
 facet normal  1.000000e+00  0.000000e+00  0.000000e+00
   outer loop
     vertex  1.116500e+01 -1.810000e+01  9.190000e+00
     vertex  1.116500e+01 -2.450679e+01  9.175117e+00
     vertex  1.116500e+01 -2.435862e+01  9.156548e+00
   endloop
 endfacet
 facet normal  1.000000e+00  0.000000e+00  0.000000e+00
   outer loop
     vertex  1.116500e+01 -1.810000e+01  9.190000e+00
     vertex  1.116500e+01 -2.435862e+01  9.156548e+00
     vertex  1.116500e+01 -2.421155e+01  9.130617e+00
   endloop
 endfacet
 facet normal  1.000000e+00  0.000000e+00  0.000000e+00
   outer loop
     vertex  1.116500e+01 -1.810000e+01  9.190000e+00
     vertex  1.116500e+01 -2.421155e+01  9.130617e+00
     vertex  1.116500e+01 -2.406596e+01  9.097386e+00
   endloop
 endfacet
 facet normal  1.000000e+00  0.000000e+00  0.000000e+00
   outer loop
     vertex  1.116500e+01 -1.810000e+01  9.190000e+00
     vertex  1.116500e+01 -2.406596e+01  9.097386e+00
     vertex  1.116500e+01 -2.392221e+01  9.056941e+00
   endloop
 endfacet
 facet normal  1.000000e+00  0.000000e+00  0.000000e+00
   outer loop
     vertex  1.116500e+01 -2.500500e+01  3.206685e+00
     vertex  1.116500e+01 -2.500500e+01  3.200000e+00
     vertex  1.116500e+01 -2.493839e+01  3.202972e+00
   endloop
 endfacet
 facet normal  1.000000e+00  0.000000e+00  0.000000e+00
   outer loop
     vertex  1.116500e+01 -2.500500e+01  3.200000e+00
     vertex  1.116500e+01 -2.480500e+01  3.200000e+00
     vertex  1.116500e+01 -2.487171e+01  3.200743e+00
   endloop
 endfacet
 facet normal  1.000000e+00  0.000000e+00  0.000000e+00
   outer loop
     vertex  1.116500e+01 -2.500500e+01  3.200000e+00
     vertex  1.116500e+01 -2.487171e+01  3.200743e+00
     vertex  1.116500e+01 -2.493839e+01  3.202972e+00
   endloop
 endfacet
 facet normal  0.000000e+00 -9.135537e-02  9.958184e-01
   outer loop
     vertex  1.116500e+01 -2.515205e+01  9.169824e+00
     vertex  1.116500e+01 -2.500500e+01  9.183315e+00
     vertex  2.665000e+00 -2.500500e+01  9.183315e+00
   endloop
 endfacet
 facet normal  0.000000e+00 -9.135537e-02  9.958184e-01
   outer loop
     vertex  1.116500e+01 -2.515205e+01  9.169824e+00
     vertex  2.665000e+00 -2.500500e+01  9.183315e+00
     vertex  2.665000e+00 -2.515205e+01  9.169824e+00
   endloop
 endfacet
 facet normal  0.000000e+00 -1.403287e-01  9.901050e-01
   outer loop
     vertex  1.116500e+01 -2.529826e+01  9.149102e+00
     vertex  1.116500e+01 -2.515205e+01  9.169824e+00
     vertex  2.665000e+00 -2.515205e+01  9.169824e+00
   endloop
 endfacet
 facet normal  0.000000e+00 -1.403287e-01  9.901050e-01
   outer loop
     vertex  1.116500e+01 -2.529826e+01  9.149102e+00
     vertex  2.665000e+00 -2.515205e+01  9.169824e+00
     vertex  2.665000e+00 -2.529826e+01  9.149102e+00
   endloop
 endfacet
 facet normal  0.000000e+00 -1.889608e-01  9.819846e-01
   outer loop
     vertex  1.116500e+01 -2.529826e+01  9.149102e+00
     vertex  2.665000e+00 -2.529826e+01  9.149102e+00
     vertex  2.665000e+00 -2.544327e+01  9.121198e+00
   endloop
 endfacet
 facet normal  0.000000e+00 -1.889608e-01  9.819846e-01
   outer loop
     vertex  1.116500e+01 -2.544327e+01  9.121198e+00
     vertex  1.116500e+01 -2.529826e+01  9.149102e+00
     vertex  2.665000e+00 -2.544327e+01  9.121198e+00
   endloop
 endfacet
 facet normal  0.000000e+00 -2.371336e-01  9.714770e-01
   outer loop
     vertex  1.116500e+01 -2.558673e+01  9.086181e+00
     vertex  1.116500e+01 -2.544327e+01  9.121198e+00
     vertex  2.665000e+00 -2.544327e+01  9.121198e+00
   endloop
 endfacet
 facet normal  0.000000e+00 -2.371336e-01  9.714770e-01
   outer loop
     vertex  1.116500e+01 -2.558673e+01  9.086181e+00
     vertex  2.665000e+00 -2.544327e+01  9.121198e+00
     vertex  2.665000e+00 -2.558673e+01  9.086181e+00
   endloop
 endfacet
 facet normal  0.000000e+00 -2.847299e-01  9.586078e-01
   outer loop
     vertex  1.116500e+01 -2.572829e+01  9.044135e+00
     vertex  1.116500e+01 -2.558673e+01  9.086181e+00
     vertex  2.665000e+00 -2.558673e+01  9.086181e+00
   endloop
 endfacet
 facet normal  0.000000e+00 -2.847299e-01  9.586078e-01
   outer loop
     vertex  1.116500e+01 -2.572829e+01  9.044135e+00
     vertex  2.665000e+00 -2.558673e+01  9.086181e+00
     vertex  2.665000e+00 -2.572829e+01  9.044135e+00
   endloop
 endfacet
 facet normal  0.000000e+00 -3.316341e-01  9.434081e-01
   outer loop
     vertex  1.116500e+01 -2.586760e+01  8.995162e+00
     vertex  1.116500e+01 -2.572829e+01  9.044135e+00
     vertex  2.665000e+00 -2.572829e+01  9.044135e+00
   endloop
 endfacet
 facet normal  0.000000e+00 -3.316341e-01  9.434081e-01
   outer loop
     vertex  1.116500e+01 -2.586760e+01  8.995162e+00
     vertex  2.665000e+00 -2.572829e+01  9.044135e+00
     vertex  2.665000e+00 -2.586760e+01  8.995162e+00
   endloop
 endfacet
 facet normal  0.000000e+00 -3.777320e-01  9.259150e-01
   outer loop
     vertex  1.116500e+01 -2.600433e+01  8.939383e+00
     vertex  1.116500e+01 -2.586760e+01  8.995162e+00
     vertex  2.665000e+00 -2.586760e+01  8.995162e+00
   endloop
 endfacet
 facet normal  0.000000e+00 -3.777320e-01  9.259150e-01
   outer loop
     vertex  1.116500e+01 -2.600433e+01  8.939383e+00
     vertex  2.665000e+00 -2.586760e+01  8.995162e+00
     vertex  2.665000e+00 -2.600433e+01  8.939383e+00
   endloop
 endfacet
 facet normal  0.000000e+00 -4.229116e-01  9.061709e-01
   outer loop
     vertex  1.116500e+01 -2.613814e+01  8.876931e+00
     vertex  1.116500e+01 -2.600433e+01  8.939383e+00
     vertex  2.665000e+00 -2.600433e+01  8.939383e+00
   endloop
 endfacet
 facet normal  0.000000e+00 -4.229116e-01  9.061709e-01
   outer loop
     vertex  1.116500e+01 -2.613814e+01  8.876931e+00
     vertex  2.665000e+00 -2.600433e+01  8.939383e+00
     vertex  2.665000e+00 -2.613814e+01  8.876931e+00
   endloop
 endfacet
 facet normal  0.000000e+00 -4.670632e-01  8.842239e-01
   outer loop
     vertex  1.116500e+01 -2.626872e+01  8.807960e+00
     vertex  1.116500e+01 -2.613814e+01  8.876931e+00
     vertex  2.665000e+00 -2.613814e+01  8.876931e+00
   endloop
 endfacet
 facet normal  0.000000e+00 -4.670632e-01  8.842239e-01
   outer loop
     vertex  1.116500e+01 -2.626872e+01  8.807960e+00
     vertex  2.665000e+00 -2.613814e+01  8.876931e+00
     vertex  2.665000e+00 -2.626872e+01  8.807960e+00
   endloop
 endfacet
 facet normal  0.000000e+00 -5.100793e-01  8.601274e-01
   outer loop
     vertex  1.116500e+01 -2.639573e+01  8.732637e+00
     vertex  1.116500e+01 -2.626872e+01  8.807960e+00
     vertex  2.665000e+00 -2.626872e+01  8.807960e+00
   endloop
 endfacet
 facet normal  0.000000e+00 -5.100793e-01  8.601274e-01
   outer loop
     vertex  1.116500e+01 -2.639573e+01  8.732637e+00
     vertex  2.665000e+00 -2.626872e+01  8.807960e+00
     vertex  2.665000e+00 -2.639573e+01  8.732637e+00
   endloop
 endfacet
 facet normal  0.000000e+00 -5.518553e-01  8.339399e-01
   outer loop
     vertex  1.116500e+01 -2.651888e+01  8.651145e+00
     vertex  1.116500e+01 -2.639573e+01  8.732637e+00
     vertex  2.665000e+00 -2.639573e+01  8.732637e+00
   endloop
 endfacet
 facet normal  0.000000e+00 -5.518553e-01  8.339399e-01
   outer loop
     vertex  1.116500e+01 -2.651888e+01  8.651145e+00
     vertex  2.665000e+00 -2.639573e+01  8.732637e+00
     vertex  2.665000e+00 -2.651888e+01  8.651145e+00
   endloop
 endfacet
 facet normal  0.000000e+00 -5.922898e-01  8.057250e-01
   outer loop
     vertex  1.116500e+01 -2.663786e+01  8.563681e+00
     vertex  2.665000e+00 -2.651888e+01  8.651145e+00
     vertex  2.665000e+00 -2.663786e+01  8.563681e+00
   endloop
 endfacet
 facet normal  0.000000e+00 -5.922898e-01  8.057250e-01
   outer loop
     vertex  1.116500e+01 -2.663786e+01  8.563681e+00
     vertex  1.116500e+01 -2.651888e+01  8.651145e+00
     vertex  2.665000e+00 -2.651888e+01  8.651145e+00
   endloop
 endfacet
 facet normal  0.000000e+00 -6.312845e-01  7.755514e-01
   outer loop
     vertex  1.116500e+01 -2.675239e+01  8.470460e+00
     vertex  2.665000e+00 -2.663786e+01  8.563681e+00
     vertex  2.665000e+00 -2.675239e+01  8.470460e+00
   endloop
 endfacet
 facet normal  0.000000e+00 -6.312845e-01  7.755514e-01
   outer loop
     vertex  1.116500e+01 -2.675239e+01  8.470460e+00
     vertex  1.116500e+01 -2.663786e+01  8.563681e+00
     vertex  2.665000e+00 -2.663786e+01  8.563681e+00
   endloop
 endfacet
 facet normal  0.000000e+00 -6.687444e-01  7.434924e-01
   outer loop
     vertex  1.116500e+01 -2.686218e+01  8.371706e+00
     vertex  2.665000e+00 -2.675239e+01  8.470460e+00
     vertex  2.665000e+00 -2.686218e+01  8.371706e+00
   endloop
 endfacet
 facet normal  0.000000e+00 -6.687444e-01  7.434924e-01
   outer loop
     vertex  1.116500e+01 -2.686218e+01  8.371706e+00
     vertex  1.116500e+01 -2.675239e+01  8.470460e+00
     vertex  2.665000e+00 -2.675239e+01  8.470460e+00
   endloop
 endfacet
 facet normal  0.000000e+00 -7.045786e-01  7.096259e-01
   outer loop
     vertex  1.116500e+01 -2.696697e+01  8.267661e+00
     vertex  2.665000e+00 -2.686218e+01  8.371706e+00
     vertex  2.665000e+00 -2.696697e+01  8.267661e+00
   endloop
 endfacet
 facet normal  0.000000e+00 -7.045786e-01  7.096259e-01
   outer loop
     vertex  1.116500e+01 -2.696697e+01  8.267661e+00
     vertex  1.116500e+01 -2.686218e+01  8.371706e+00
     vertex  2.665000e+00 -2.686218e+01  8.371706e+00
   endloop
 endfacet
 facet normal  0.000000e+00 -7.387000e-01  6.740344e-01
   outer loop
     vertex  1.116500e+01 -2.706650e+01  8.158578e+00
     vertex  2.665000e+00 -2.696697e+01  8.267661e+00
     vertex  2.665000e+00 -2.706650e+01  8.158578e+00
   endloop
 endfacet
 facet normal  0.000000e+00 -7.387000e-01  6.740344e-01
   outer loop
     vertex  1.116500e+01 -2.706650e+01  8.158578e+00
     vertex  1.116500e+01 -2.696697e+01  8.267661e+00
     vertex  2.665000e+00 -2.696697e+01  8.267661e+00
   endloop
 endfacet
 facet normal  0.000000e+00 -7.710256e-01  6.368042e-01
   outer loop
     vertex  1.116500e+01 -2.716054e+01  8.044720e+00
     vertex  2.665000e+00 -2.706650e+01  8.158578e+00
     vertex  2.665000e+00 -2.716054e+01  8.044720e+00
   endloop
 endfacet
 facet normal  0.000000e+00 -7.710256e-01  6.368042e-01
   outer loop
     vertex  1.116500e+01 -2.716054e+01  8.044720e+00
     vertex  1.116500e+01 -2.706650e+01  8.158578e+00
     vertex  2.665000e+00 -2.706650e+01  8.158578e+00
   endloop
 endfacet
 facet normal  0.000000e+00 -8.014767e-01  5.980259e-01
   outer loop
     vertex  1.116500e+01 -2.724885e+01  7.926366e+00
     vertex  2.665000e+00 -2.716054e+01  8.044720e+00
     vertex  2.665000e+00 -2.724885e+01  7.926366e+00
   endloop
 endfacet
 facet normal  0.000000e+00 -8.014767e-01  5.980259e-01
   outer loop
     vertex  1.116500e+01 -2.724885e+01  7.926366e+00
     vertex  1.116500e+01 -2.716054e+01  8.044720e+00
     vertex  2.665000e+00 -2.716054e+01  8.044720e+00
   endloop
 endfacet
 facet normal  0.000000e+00 -8.299795e-01  5.577939e-01
   outer loop
     vertex  1.116500e+01 -2.733122e+01  7.803803e+00
     vertex  1.116500e+01 -2.724885e+01  7.926366e+00
     vertex  2.665000e+00 -2.724885e+01  7.926366e+00
   endloop
 endfacet
 facet normal  0.000000e+00 -8.299795e-01  5.577939e-01
   outer loop
     vertex  1.116500e+01 -2.733122e+01  7.803803e+00
     vertex  2.665000e+00 -2.724885e+01  7.926366e+00
     vertex  2.665000e+00 -2.733122e+01  7.803803e+00
   endloop
 endfacet
 facet normal  0.000000e+00 -8.564646e-01  5.162058e-01
   outer loop
     vertex  1.116500e+01 -2.740745e+01  7.677329e+00
     vertex  1.116500e+01 -2.733122e+01  7.803803e+00
     vertex  2.665000e+00 -2.733122e+01  7.803803e+00
   endloop
 endfacet
 facet normal  0.000000e+00 -8.564646e-01  5.162058e-01
   outer loop
     vertex  1.116500e+01 -2.740745e+01  7.677329e+00
     vertex  2.665000e+00 -2.733122e+01  7.803803e+00
     vertex  2.665000e+00 -2.740745e+01  7.677329e+00
   endloop
 endfacet
 facet normal  0.000000e+00 -8.808676e-01  4.733628e-01
   outer loop
     vertex  1.116500e+01 -2.747735e+01  7.547252e+00
     vertex  1.116500e+01 -2.740745e+01  7.677329e+00
     vertex  2.665000e+00 -2.740745e+01  7.677329e+00
   endloop
 endfacet
 facet normal  0.000000e+00 -8.808676e-01  4.733628e-01
   outer loop
     vertex  1.116500e+01 -2.747735e+01  7.547252e+00
     vertex  2.665000e+00 -2.740745e+01  7.677329e+00
     vertex  2.665000e+00 -2.747735e+01  7.547252e+00
   endloop
 endfacet
 facet normal  0.000000e+00 -9.031291e-01  4.293690e-01
   outer loop
     vertex  1.116500e+01 -2.754075e+01  7.413887e+00
     vertex  1.116500e+01 -2.747735e+01  7.547252e+00
     vertex  2.665000e+00 -2.747735e+01  7.547252e+00
   endloop
 endfacet
 facet normal  0.000000e+00 -9.031291e-01  4.293690e-01
   outer loop
     vertex  1.116500e+01 -2.754075e+01  7.413887e+00
     vertex  2.665000e+00 -2.747735e+01  7.547252e+00
     vertex  2.665000e+00 -2.754075e+01  7.413887e+00
   endloop
 endfacet
 facet normal  0.000000e+00 -9.231952e-01  3.843315e-01
   outer loop
     vertex  1.116500e+01 -2.759751e+01  7.277559e+00
     vertex  1.116500e+01 -2.754075e+01  7.413887e+00
     vertex  2.665000e+00 -2.754075e+01  7.413887e+00
   endloop
 endfacet
 facet normal  0.000000e+00 -9.231952e-01  3.843315e-01
   outer loop
     vertex  1.116500e+01 -2.759751e+01  7.277559e+00
     vertex  2.665000e+00 -2.754075e+01  7.413887e+00
     vertex  2.665000e+00 -2.759751e+01  7.277559e+00
   endloop
 endfacet
 facet normal  0.000000e+00 -9.410169e-01  3.383596e-01
   outer loop
     vertex  1.116500e+01 -2.764747e+01  7.138599e+00
     vertex  1.116500e+01 -2.759751e+01  7.277559e+00
     vertex  2.665000e+00 -2.759751e+01  7.277559e+00
   endloop
 endfacet
 facet normal  0.000000e+00 -9.410169e-01  3.383596e-01
   outer loop
     vertex  1.116500e+01 -2.764747e+01  7.138599e+00
     vertex  2.665000e+00 -2.759751e+01  7.277559e+00
     vertex  2.665000e+00 -2.764747e+01  7.138599e+00
   endloop
 endfacet
 facet normal  0.000000e+00 -9.565510e-01  2.915652e-01
   outer loop
     vertex  1.116500e+01 -2.769053e+01  6.997345e+00
     vertex  1.116500e+01 -2.764747e+01  7.138599e+00
     vertex  2.665000e+00 -2.764747e+01  7.138599e+00
   endloop
 endfacet
 facet normal  0.000000e+00 -9.565510e-01  2.915652e-01
   outer loop
     vertex  1.116500e+01 -2.769053e+01  6.997345e+00
     vertex  2.665000e+00 -2.764747e+01  7.138599e+00
     vertex  2.665000e+00 -2.769053e+01  6.997345e+00
   endloop
 endfacet
 facet normal  0.000000e+00 -9.697597e-01  2.440619e-01
   outer loop
     vertex  1.116500e+01 -2.772657e+01  6.854141e+00
     vertex  1.116500e+01 -2.769053e+01  6.997345e+00
     vertex  2.665000e+00 -2.769053e+01  6.997345e+00
   endloop
 endfacet
 facet normal  0.000000e+00 -9.697597e-01  2.440619e-01
   outer loop
     vertex  1.116500e+01 -2.772657e+01  6.854141e+00
     vertex  2.665000e+00 -2.769053e+01  6.997345e+00
     vertex  2.665000e+00 -2.772657e+01  6.854141e+00
   endloop
 endfacet
 facet normal  0.000000e+00 -9.806108e-01  1.959653e-01
   outer loop
     vertex  1.116500e+01 -2.772657e+01  6.854141e+00
     vertex  2.665000e+00 -2.772657e+01  6.854141e+00
     vertex  2.665000e+00 -2.775551e+01  6.709335e+00
   endloop
 endfacet
 facet normal  0.000000e+00 -9.806108e-01  1.959653e-01
   outer loop
     vertex  1.116500e+01 -2.775551e+01  6.709335e+00
     vertex  1.116500e+01 -2.772657e+01  6.854141e+00
     vertex  2.665000e+00 -2.775551e+01  6.709335e+00
   endloop
 endfacet
 facet normal  0.000000e+00 -9.890781e-01  1.473924e-01
   outer loop
     vertex  1.116500e+01 -2.777727e+01  6.563278e+00
     vertex  1.116500e+01 -2.775551e+01  6.709335e+00
     vertex  2.665000e+00 -2.775551e+01  6.709335e+00
   endloop
 endfacet
 facet normal  0.000000e+00 -9.890781e-01  1.473924e-01
   outer loop
     vertex  1.116500e+01 -2.777727e+01  6.563278e+00
     vertex  2.665000e+00 -2.775551e+01  6.709335e+00
     vertex  2.665000e+00 -2.777727e+01  6.563278e+00
   endloop
 endfacet
 facet normal  0.000000e+00 -9.951409e-01  9.846111e-02
   outer loop
     vertex  1.116500e+01 -2.779181e+01  6.416325e+00
     vertex  1.116500e+01 -2.777727e+01  6.563278e+00
     vertex  2.665000e+00 -2.777727e+01  6.563278e+00
   endloop
 endfacet
 facet normal  0.000000e+00 -9.951409e-01  9.846111e-02
   outer loop
     vertex  1.116500e+01 -2.779181e+01  6.416325e+00
     vertex  2.665000e+00 -2.777727e+01  6.563278e+00
     vertex  2.665000e+00 -2.779181e+01  6.416325e+00
   endloop
 endfacet
 facet normal  0.000000e+00 -9.987845e-01  4.929047e-02
   outer loop
     vertex  1.116500e+01 -2.779181e+01  6.416325e+00
     vertex  2.665000e+00 -2.779181e+01  6.416325e+00
     vertex  2.665000e+00 -2.779909e+01  6.268835e+00
   endloop
 endfacet
 facet normal  0.000000e+00 -9.987845e-01  4.929047e-02
   outer loop
     vertex  1.116500e+01 -2.779909e+01  6.268835e+00
     vertex  1.116500e+01 -2.779181e+01  6.416325e+00
     vertex  2.665000e+00 -2.779909e+01  6.268835e+00
   endloop
 endfacet
 facet normal  0.000000e+00 -1.000000e+00  0.000000e+00
   outer loop
     vertex  1.116500e+01 -2.779909e+01  6.121165e+00
     vertex  1.116500e+01 -2.779909e+01  6.268835e+00
     vertex  2.665000e+00 -2.779909e+01  6.268835e+00
   endloop
 endfacet
 facet normal  0.000000e+00 -1.000000e+00  0.000000e+00
   outer loop
     vertex  1.116500e+01 -2.779909e+01  6.121165e+00
     vertex  2.665000e+00 -2.779909e+01  6.268835e+00
     vertex  2.665000e+00 -2.779909e+01  6.121165e+00
   endloop
 endfacet
 facet normal  0.000000e+00 -9.987845e-01 -4.929047e-02
   outer loop
     vertex  1.116500e+01 -2.779181e+01  5.973675e+00
     vertex  1.116500e+01 -2.779909e+01  6.121165e+00
     vertex  2.665000e+00 -2.779909e+01  6.121165e+00
   endloop
 endfacet
 facet normal -0.000000e+00 -9.987845e-01 -4.929047e-02
   outer loop
     vertex  1.116500e+01 -2.779181e+01  5.973675e+00
     vertex  2.665000e+00 -2.779909e+01  6.121165e+00
     vertex  2.665000e+00 -2.779181e+01  5.973675e+00
   endloop
 endfacet
 facet normal -0.000000e+00 -9.951409e-01 -9.846111e-02
   outer loop
     vertex  1.116500e+01 -2.779181e+01  5.973675e+00
     vertex  2.665000e+00 -2.779181e+01  5.973675e+00
     vertex  2.665000e+00 -2.777727e+01  5.826722e+00
   endloop
 endfacet
 facet normal -0.000000e+00 -9.951409e-01 -9.846111e-02
   outer loop
     vertex  1.116500e+01 -2.777727e+01  5.826722e+00
     vertex  1.116500e+01 -2.779181e+01  5.973675e+00
     vertex  2.665000e+00 -2.777727e+01  5.826722e+00
   endloop
 endfacet
 facet normal -0.000000e+00 -9.890781e-01 -1.473924e-01
   outer loop
     vertex  1.116500e+01 -2.777727e+01  5.826722e+00
     vertex  2.665000e+00 -2.777727e+01  5.826722e+00
     vertex  2.665000e+00 -2.775551e+01  5.680665e+00
   endloop
 endfacet
 facet normal -0.000000e+00 -9.890781e-01 -1.473924e-01
   outer loop
     vertex  1.116500e+01 -2.775551e+01  5.680665e+00
     vertex  1.116500e+01 -2.777727e+01  5.826722e+00
     vertex  2.665000e+00 -2.775551e+01  5.680665e+00
   endloop
 endfacet
 facet normal  0.000000e+00 -9.806108e-01 -1.959653e-01
   outer loop
     vertex  1.116500e+01 -2.772657e+01  5.535859e+00
     vertex  1.116500e+01 -2.775551e+01  5.680665e+00
     vertex  2.665000e+00 -2.775551e+01  5.680665e+00
   endloop
 endfacet
 facet normal -0.000000e+00 -9.806108e-01 -1.959653e-01
   outer loop
     vertex  1.116500e+01 -2.772657e+01  5.535859e+00
     vertex  2.665000e+00 -2.775551e+01  5.680665e+00
     vertex  2.665000e+00 -2.772657e+01  5.535859e+00
   endloop
 endfacet
 facet normal  0.000000e+00 -9.697597e-01 -2.440619e-01
   outer loop
     vertex  1.116500e+01 -2.769053e+01  5.392655e+00
     vertex  1.116500e+01 -2.772657e+01  5.535859e+00
     vertex  2.665000e+00 -2.772657e+01  5.535859e+00
   endloop
 endfacet
 facet normal -0.000000e+00 -9.697597e-01 -2.440619e-01
   outer loop
     vertex  1.116500e+01 -2.769053e+01  5.392655e+00
     vertex  2.665000e+00 -2.772657e+01  5.535859e+00
     vertex  2.665000e+00 -2.769053e+01  5.392655e+00
   endloop
 endfacet
 facet normal -0.000000e+00 -9.565510e-01 -2.915652e-01
   outer loop
     vertex  1.116500e+01 -2.769053e+01  5.392655e+00
     vertex  2.665000e+00 -2.769053e+01  5.392655e+00
     vertex  2.665000e+00 -2.764747e+01  5.251401e+00
   endloop
 endfacet
 facet normal -0.000000e+00 -9.565510e-01 -2.915652e-01
   outer loop
     vertex  1.116500e+01 -2.764747e+01  5.251401e+00
     vertex  1.116500e+01 -2.769053e+01  5.392655e+00
     vertex  2.665000e+00 -2.764747e+01  5.251401e+00
   endloop
 endfacet
 facet normal -0.000000e+00 -9.231952e-01 -3.843315e-01
   outer loop
     vertex  1.116500e+01 -2.759751e+01  5.112441e+00
     vertex  2.665000e+00 -2.759751e+01  5.112441e+00
     vertex  2.665000e+00 -2.754075e+01  4.976113e+00
   endloop
 endfacet
 facet normal  0.000000e+00 -9.410169e-01 -3.383596e-01
   outer loop
     vertex  1.116500e+01 -2.759751e+01  5.112441e+00
     vertex  1.116500e+01 -2.764747e+01  5.251401e+00
     vertex  2.665000e+00 -2.764747e+01  5.251401e+00
   endloop
 endfacet
 facet normal -0.000000e+00 -9.410169e-01 -3.383596e-01
   outer loop
     vertex  1.116500e+01 -2.759751e+01  5.112441e+00
     vertex  2.665000e+00 -2.764747e+01  5.251401e+00
     vertex  2.665000e+00 -2.759751e+01  5.112441e+00
   endloop
 endfacet
 facet normal -0.000000e+00 -9.231952e-01 -3.843315e-01
   outer loop
     vertex  1.116500e+01 -2.754075e+01  4.976113e+00
     vertex  1.116500e+01 -2.759751e+01  5.112441e+00
     vertex  2.665000e+00 -2.754075e+01  4.976113e+00
   endloop
 endfacet
 facet normal -0.000000e+00 -9.031291e-01 -4.293690e-01
   outer loop
     vertex  1.116500e+01 -2.747735e+01  4.842748e+00
     vertex  2.665000e+00 -2.754075e+01  4.976113e+00
     vertex  2.665000e+00 -2.747735e+01  4.842748e+00
   endloop
 endfacet
 facet normal -0.000000e+00 -8.808676e-01 -4.733628e-01
   outer loop
     vertex  1.116500e+01 -2.747735e+01  4.842748e+00
     vertex  2.665000e+00 -2.747735e+01  4.842748e+00
     vertex  2.665000e+00 -2.740745e+01  4.712671e+00
   endloop
 endfacet
 facet normal  0.000000e+00 -9.031291e-01 -4.293690e-01
   outer loop
     vertex  1.116500e+01 -2.747735e+01  4.842748e+00
     vertex  1.116500e+01 -2.754075e+01  4.976113e+00
     vertex  2.665000e+00 -2.754075e+01  4.976113e+00
   endloop
 endfacet
 facet normal -0.000000e+00 -8.808676e-01 -4.733628e-01
   outer loop
     vertex  1.116500e+01 -2.740745e+01  4.712671e+00
     vertex  1.116500e+01 -2.747735e+01  4.842748e+00
     vertex  2.665000e+00 -2.740745e+01  4.712671e+00
   endloop
 endfacet
 facet normal -0.000000e+00 -8.564646e-01 -5.162058e-01
   outer loop
     vertex  1.116500e+01 -2.733122e+01  4.586197e+00
     vertex  2.665000e+00 -2.740745e+01  4.712671e+00
     vertex  2.665000e+00 -2.733122e+01  4.586197e+00
   endloop
 endfacet
 facet normal -0.000000e+00 -8.299795e-01 -5.577939e-01
   outer loop
     vertex  1.116500e+01 -2.733122e+01  4.586197e+00
     vertex  2.665000e+00 -2.733122e+01  4.586197e+00
     vertex  2.665000e+00 -2.724885e+01  4.463634e+00
   endloop
 endfacet
 facet normal  0.000000e+00 -8.564646e-01 -5.162058e-01
   outer loop
     vertex  1.116500e+01 -2.733122e+01  4.586197e+00
     vertex  1.116500e+01 -2.740745e+01  4.712671e+00
     vertex  2.665000e+00 -2.740745e+01  4.712671e+00
   endloop
 endfacet
 facet normal -0.000000e+00 -8.299795e-01 -5.577939e-01
   outer loop
     vertex  1.116500e+01 -2.724885e+01  4.463634e+00
     vertex  1.116500e+01 -2.733122e+01  4.586197e+00
     vertex  2.665000e+00 -2.724885e+01  4.463634e+00
   endloop
 endfacet
 facet normal  0.000000e+00 -8.014767e-01 -5.980259e-01
   outer loop
     vertex  1.116500e+01 -2.716054e+01  4.345280e+00
     vertex  1.116500e+01 -2.724885e+01  4.463634e+00
     vertex  2.665000e+00 -2.724885e+01  4.463634e+00
   endloop
 endfacet
 facet normal -0.000000e+00 -8.014767e-01 -5.980259e-01
   outer loop
     vertex  1.116500e+01 -2.716054e+01  4.345280e+00
     vertex  2.665000e+00 -2.724885e+01  4.463634e+00
     vertex  2.665000e+00 -2.716054e+01  4.345280e+00
   endloop
 endfacet
 facet normal -0.000000e+00 -7.710256e-01 -6.368042e-01
   outer loop
     vertex  1.116500e+01 -2.716054e+01  4.345280e+00
     vertex  2.665000e+00 -2.716054e+01  4.345280e+00
     vertex  2.665000e+00 -2.706650e+01  4.231422e+00
   endloop
 endfacet
 facet normal -0.000000e+00 -7.710256e-01 -6.368042e-01
   outer loop
     vertex  1.116500e+01 -2.706650e+01  4.231422e+00
     vertex  1.116500e+01 -2.716054e+01  4.345280e+00
     vertex  2.665000e+00 -2.706650e+01  4.231422e+00
   endloop
 endfacet
 facet normal -0.000000e+00 -7.387000e-01 -6.740344e-01
   outer loop
     vertex  1.116500e+01 -2.696697e+01  4.122339e+00
     vertex  2.665000e+00 -2.706650e+01  4.231422e+00
     vertex  2.665000e+00 -2.696697e+01  4.122339e+00
   endloop
 endfacet
 facet normal -0.000000e+00 -7.045786e-01 -7.096259e-01
   outer loop
     vertex  1.116500e+01 -2.696697e+01  4.122339e+00
     vertex  2.665000e+00 -2.696697e+01  4.122339e+00
     vertex  2.665000e+00 -2.686218e+01  4.018294e+00
   endloop
 endfacet
 facet normal  0.000000e+00 -7.387000e-01 -6.740344e-01
   outer loop
     vertex  1.116500e+01 -2.696697e+01  4.122339e+00
     vertex  1.116500e+01 -2.706650e+01  4.231422e+00
     vertex  2.665000e+00 -2.706650e+01  4.231422e+00
   endloop
 endfacet
 facet normal -0.000000e+00 -7.045786e-01 -7.096259e-01
   outer loop
     vertex  1.116500e+01 -2.686218e+01  4.018294e+00
     vertex  1.116500e+01 -2.696697e+01  4.122339e+00
     vertex  2.665000e+00 -2.686218e+01  4.018294e+00
   endloop
 endfacet
 facet normal -0.000000e+00 -6.687444e-01 -7.434924e-01
   outer loop
     vertex  1.116500e+01 -2.675239e+01  3.919540e+00
     vertex  2.665000e+00 -2.686218e+01  4.018294e+00
     vertex  2.665000e+00 -2.675239e+01  3.919540e+00
   endloop
 endfacet
 facet normal -0.000000e+00 -6.312845e-01 -7.755514e-01
   outer loop
     vertex  1.116500e+01 -2.675239e+01  3.919540e+00
     vertex  2.665000e+00 -2.675239e+01  3.919540e+00
     vertex  2.665000e+00 -2.663786e+01  3.826319e+00
   endloop
 endfacet
 facet normal  0.000000e+00 -6.687444e-01 -7.434924e-01
   outer loop
     vertex  1.116500e+01 -2.675239e+01  3.919540e+00
     vertex  1.116500e+01 -2.686218e+01  4.018294e+00
     vertex  2.665000e+00 -2.686218e+01  4.018294e+00
   endloop
 endfacet
 facet normal -0.000000e+00 -6.312845e-01 -7.755514e-01
   outer loop
     vertex  1.116500e+01 -2.663786e+01  3.826319e+00
     vertex  1.116500e+01 -2.675239e+01  3.919540e+00
     vertex  2.665000e+00 -2.663786e+01  3.826319e+00
   endloop
 endfacet
 facet normal -0.000000e+00 -5.922898e-01 -8.057250e-01
   outer loop
     vertex  1.116500e+01 -2.651888e+01  3.738855e+00
     vertex  2.665000e+00 -2.663786e+01  3.826319e+00
     vertex  2.665000e+00 -2.651888e+01  3.738855e+00
   endloop
 endfacet
 facet normal  0.000000e+00 -5.922898e-01 -8.057250e-01
   outer loop
     vertex  1.116500e+01 -2.651888e+01  3.738855e+00
     vertex  1.116500e+01 -2.663786e+01  3.826319e+00
     vertex  2.665000e+00 -2.663786e+01  3.826319e+00
   endloop
 endfacet
 facet normal -0.000000e+00 -5.518553e-01 -8.339399e-01
   outer loop
     vertex  1.116500e+01 -2.639573e+01  3.657363e+00
     vertex  2.665000e+00 -2.651888e+01  3.738855e+00
     vertex  2.665000e+00 -2.639573e+01  3.657363e+00
   endloop
 endfacet
 facet normal  0.000000e+00 -5.518553e-01 -8.339399e-01
   outer loop
     vertex  1.116500e+01 -2.639573e+01  3.657363e+00
     vertex  1.116500e+01 -2.651888e+01  3.738855e+00
     vertex  2.665000e+00 -2.651888e+01  3.738855e+00
   endloop
 endfacet
 facet normal -0.000000e+00 -5.100793e-01 -8.601274e-01
   outer loop
     vertex  1.116500e+01 -2.626872e+01  3.582040e+00
     vertex  2.665000e+00 -2.639573e+01  3.657363e+00
     vertex  2.665000e+00 -2.626872e+01  3.582040e+00
   endloop
 endfacet
 facet normal -0.000000e+00 -4.670632e-01 -8.842239e-01
   outer loop
     vertex  1.116500e+01 -2.626872e+01  3.582040e+00
     vertex  2.665000e+00 -2.626872e+01  3.582040e+00
     vertex  2.665000e+00 -2.613814e+01  3.513069e+00
   endloop
 endfacet
 facet normal  0.000000e+00 -5.100793e-01 -8.601274e-01
   outer loop
     vertex  1.116500e+01 -2.626872e+01  3.582040e+00
     vertex  1.116500e+01 -2.639573e+01  3.657363e+00
     vertex  2.665000e+00 -2.639573e+01  3.657363e+00
   endloop
 endfacet
 facet normal -0.000000e+00 -4.670632e-01 -8.842239e-01
   outer loop
     vertex  1.116500e+01 -2.613814e+01  3.513069e+00
     vertex  1.116500e+01 -2.626872e+01  3.582040e+00
     vertex  2.665000e+00 -2.613814e+01  3.513069e+00
   endloop
 endfacet
 facet normal -0.000000e+00 -4.229116e-01 -9.061709e-01
   outer loop
     vertex  1.116500e+01 -2.600433e+01  3.450617e+00
     vertex  2.665000e+00 -2.613814e+01  3.513069e+00
     vertex  2.665000e+00 -2.600433e+01  3.450617e+00
   endloop
 endfacet
 facet normal -0.000000e+00 -3.777320e-01 -9.259150e-01
   outer loop
     vertex  1.116500e+01 -2.600433e+01  3.450617e+00
     vertex  2.665000e+00 -2.600433e+01  3.450617e+00
     vertex  2.665000e+00 -2.586760e+01  3.394838e+00
   endloop
 endfacet
 facet normal  0.000000e+00 -4.229116e-01 -9.061709e-01
   outer loop
     vertex  1.116500e+01 -2.600433e+01  3.450617e+00
     vertex  1.116500e+01 -2.613814e+01  3.513069e+00
     vertex  2.665000e+00 -2.613814e+01  3.513069e+00
   endloop
 endfacet
 facet normal -0.000000e+00 -3.777320e-01 -9.259150e-01
   outer loop
     vertex  1.116500e+01 -2.586760e+01  3.394838e+00
     vertex  1.116500e+01 -2.600433e+01  3.450617e+00
     vertex  2.665000e+00 -2.586760e+01  3.394838e+00
   endloop
 endfacet
 facet normal -0.000000e+00 -3.316341e-01 -9.434081e-01
   outer loop
     vertex  1.116500e+01 -2.572829e+01  3.345865e+00
     vertex  2.665000e+00 -2.586760e+01  3.394838e+00
     vertex  2.665000e+00 -2.572829e+01  3.345865e+00
   endloop
 endfacet
 facet normal -0.000000e+00 -2.847299e-01 -9.586078e-01
   outer loop
     vertex  1.116500e+01 -2.572829e+01  3.345865e+00
     vertex  2.665000e+00 -2.572829e+01  3.345865e+00
     vertex  2.665000e+00 -2.558673e+01  3.303819e+00
   endloop
 endfacet
 facet normal  0.000000e+00 -3.316341e-01 -9.434081e-01
   outer loop
     vertex  1.116500e+01 -2.572829e+01  3.345865e+00
     vertex  1.116500e+01 -2.586760e+01  3.394838e+00
     vertex  2.665000e+00 -2.586760e+01  3.394838e+00
   endloop
 endfacet
 facet normal -0.000000e+00 -2.847299e-01 -9.586078e-01
   outer loop
     vertex  1.116500e+01 -2.558673e+01  3.303819e+00
     vertex  1.116500e+01 -2.572829e+01  3.345865e+00
     vertex  2.665000e+00 -2.558673e+01  3.303819e+00
   endloop
 endfacet
 facet normal -0.000000e+00 -2.371336e-01 -9.714770e-01
   outer loop
     vertex  1.116500e+01 -2.544327e+01  3.268802e+00
     vertex  2.665000e+00 -2.558673e+01  3.303819e+00
     vertex  2.665000e+00 -2.544327e+01  3.268802e+00
   endloop
 endfacet
 facet normal -0.000000e+00 -1.889608e-01 -9.819846e-01
   outer loop
     vertex  1.116500e+01 -2.544327e+01  3.268802e+00
     vertex  2.665000e+00 -2.544327e+01  3.268802e+00
     vertex  2.665000e+00 -2.529826e+01  3.240898e+00
   endloop
 endfacet
 facet normal  0.000000e+00 -2.371336e-01 -9.714770e-01
   outer loop
     vertex  1.116500e+01 -2.544327e+01  3.268802e+00
     vertex  1.116500e+01 -2.558673e+01  3.303819e+00
     vertex  2.665000e+00 -2.558673e+01  3.303819e+00
   endloop
 endfacet
 facet normal -0.000000e+00 -1.889608e-01 -9.819846e-01
   outer loop
     vertex  1.116500e+01 -2.529826e+01  3.240898e+00
     vertex  1.116500e+01 -2.544327e+01  3.268802e+00
     vertex  2.665000e+00 -2.529826e+01  3.240898e+00
   endloop
 endfacet
 facet normal -0.000000e+00 -1.403287e-01 -9.901050e-01
   outer loop
     vertex  1.116500e+01 -2.515205e+01  3.220176e+00
     vertex  2.665000e+00 -2.529826e+01  3.240898e+00
     vertex  2.665000e+00 -2.515205e+01  3.220176e+00
   endloop
 endfacet
 facet normal -0.000000e+00 -9.135537e-02 -9.958184e-01
   outer loop
     vertex  1.116500e+01 -2.515205e+01  3.220176e+00
     vertex  2.665000e+00 -2.515205e+01  3.220176e+00
     vertex  2.665000e+00 -2.500500e+01  3.206685e+00
   endloop
 endfacet
 facet normal  0.000000e+00 -1.403287e-01 -9.901050e-01
   outer loop
     vertex  1.116500e+01 -2.515205e+01  3.220176e+00
     vertex  1.116500e+01 -2.529826e+01  3.240898e+00
     vertex  2.665000e+00 -2.529826e+01  3.240898e+00
   endloop
 endfacet
 facet normal -0.000000e+00 -9.135537e-02 -9.958184e-01
   outer loop
     vertex  1.116500e+01 -2.500500e+01  3.206685e+00
     vertex  1.116500e+01 -2.515205e+01  3.220176e+00
     vertex  2.665000e+00 -2.500500e+01  3.206685e+00
   endloop
 endfacet
 facet normal -1.000000e+00  4.792305e-16 -4.913308e-16
   outer loop
     vertex  2.665000e+00 -2.362030e+01  4.975781e+00
     vertex  2.665000e+00 -2.266098e+01  4.103781e+00
     vertex  2.665000e+00 -2.276788e+01  3.999510e+00
   endloop
 endfacet
 facet normal -1.000000e+00  5.031249e-16 -4.668317e-16
   outer loop
     vertex  2.665000e+00 -2.356156e+01  5.035752e+00
     vertex  2.665000e+00 -2.255941e+01  4.213251e+00
     vertex  2.665000e+00 -2.266098e+01  4.103781e+00
   endloop
 endfacet
 facet normal -1.000000e+00  4.897624e-16 -4.797442e-16
   outer loop
     vertex  2.665000e+00 -2.356156e+01  5.035752e+00
     vertex  2.665000e+00 -2.266098e+01  4.103781e+00
     vertex  2.665000e+00 -2.362030e+01  4.975781e+00
   endloop
 endfacet
 facet normal -1.000000e+00  4.541445e-16 -5.146082e-16
   outer loop
     vertex  2.665000e+00 -2.368194e+01  4.918783e+00
     vertex  2.665000e+00 -2.276788e+01  3.999510e+00
     vertex  2.665000e+00 -2.287985e+01  3.900697e+00
   endloop
 endfacet
 facet normal -1.000000e+00  4.654810e-16 -5.033360e-16
   outer loop
     vertex  2.665000e+00 -2.368194e+01  4.918783e+00
     vertex  2.665000e+00 -2.362030e+01  4.975781e+00
     vertex  2.665000e+00 -2.276788e+01  3.999510e+00
   endloop
 endfacet
 facet normal -1.000000e+00  5.128499e-16 -4.549826e-16
   outer loop
     vertex  2.665000e+00 -2.350585e+01  5.098549e+00
     vertex  2.665000e+00 -2.255941e+01  4.213251e+00
     vertex  2.665000e+00 -2.356156e+01  5.035752e+00
   endloop
 endfacet
 facet normal -1.000000e+00  5.257683e-16 -4.411720e-16
   outer loop
     vertex  2.665000e+00 -2.350585e+01  5.098549e+00
     vertex  2.665000e+00 -2.246341e+01  4.327648e+00
     vertex  2.665000e+00 -2.255941e+01  4.213251e+00
   endloop
 endfacet
 facet normal -1.000000e+00  4.279291e-16 -5.366062e-16
   outer loop
     vertex  2.665000e+00 -2.374631e+01  4.864897e+00
     vertex  2.665000e+00 -2.287985e+01  3.900697e+00
     vertex  2.665000e+00 -2.299661e+01  3.807588e+00
   endloop
 endfacet
 facet normal -1.000000e+00  4.400649e-16 -5.257007e-16
   outer loop
     vertex  2.665000e+00 -2.374631e+01  4.864897e+00
     vertex  2.665000e+00 -2.368194e+01  4.918783e+00
     vertex  2.665000e+00 -2.287985e+01  3.900697e+00
   endloop
 endfacet
 facet normal -1.000000e+00  5.471043e-16 -4.144154e-16
   outer loop
     vertex  2.665000e+00 -2.345330e+01  5.164021e+00
     vertex  2.665000e+00 -2.237325e+01  4.446688e+00
     vertex  2.665000e+00 -2.246341e+01  4.327648e+00
   endloop
 endfacet
 facet normal -1.000000e+00  5.346872e-16 -4.291116e-16
   outer loop
     vertex  2.665000e+00 -2.345330e+01  5.164021e+00
     vertex  2.665000e+00 -2.246341e+01  4.327648e+00
     vertex  2.665000e+00 -2.350585e+01  5.098549e+00
   endloop
 endfacet
 facet normal -1.000000e+00  4.135759e-16 -5.467836e-16
   outer loop
     vertex  2.665000e+00 -2.381326e+01  4.814255e+00
     vertex  2.665000e+00 -2.374631e+01  4.864897e+00
     vertex  2.665000e+00 -2.299661e+01  3.807588e+00
   endloop
 endfacet
 facet normal -1.000000e+00  4.006498e-16 -5.572699e-16
   outer loop
     vertex  2.665000e+00 -2.381326e+01  4.814255e+00
     vertex  2.665000e+00 -2.299661e+01  3.807588e+00
     vertex  2.665000e+00 -2.311786e+01  3.720415e+00
   endloop
 endfacet
 facet normal -1.000000e+00  5.670798e-16 -3.866285e-16
   outer loop
     vertex  2.665000e+00 -2.340406e+01  5.232006e+00
     vertex  2.665000e+00 -2.228912e+01  4.570074e+00
     vertex  2.665000e+00 -2.237325e+01  4.446688e+00
   endloop
 endfacet
 facet normal -1.000000e+00  5.552211e-16 -4.021943e-16
   outer loop
     vertex  2.665000e+00 -2.340406e+01  5.232006e+00
     vertex  2.665000e+00 -2.237325e+01  4.446688e+00
     vertex  2.665000e+00 -2.345330e+01  5.164021e+00
   endloop
 endfacet
 facet normal -1.000000e+00  3.860786e-16 -5.665334e-16
   outer loop
     vertex  2.665000e+00 -2.388263e+01  4.766980e+00
     vertex  2.665000e+00 -2.381326e+01  4.814255e+00
     vertex  2.665000e+00 -2.311786e+01  3.720415e+00
   endloop
 endfacet
 facet normal -1.000000e+00  3.723742e-16 -5.765480e-16
   outer loop
     vertex  2.665000e+00 -2.388263e+01  4.766980e+00
     vertex  2.665000e+00 -2.311786e+01  3.720415e+00
     vertex  2.665000e+00 -2.324330e+01  3.639394e+00
   endloop
 endfacet
 facet normal -1.000000e+00  5.856452e-16 -3.578803e-16
   outer loop
     vertex  2.665000e+00 -2.335822e+01  5.302340e+00
     vertex  2.665000e+00 -2.221125e+01  4.697500e+00
     vertex  2.665000e+00 -2.228912e+01  4.570074e+00
   endloop
 endfacet
 facet normal -1.000000e+00  5.744014e-16 -3.742961e-16
   outer loop
     vertex  2.665000e+00 -2.335822e+01  5.302340e+00
     vertex  2.665000e+00 -2.228912e+01  4.570074e+00
     vertex  2.665000e+00 -2.340406e+01  5.232006e+00
   endloop
 endfacet
 facet normal -1.000000e+00  3.576402e-16 -5.849020e-16
   outer loop
     vertex  2.665000e+00 -2.395425e+01  4.723187e+00
     vertex  2.665000e+00 -2.388263e+01  4.766980e+00
     vertex  2.665000e+00 -2.324330e+01  3.639394e+00
   endloop
 endfacet
 facet normal -1.000000e+00  3.431727e-16 -5.943925e-16
   outer loop
     vertex  2.665000e+00 -2.395425e+01  4.723187e+00
     vertex  2.665000e+00 -2.324330e+01  3.639394e+00
     vertex  2.665000e+00 -2.337263e+01  3.564726e+00
   endloop
 endfacet
 facet normal -1.000000e+00  5.921816e-16 -3.454852e-16
   outer loop
     vertex  2.665000e+00 -2.331592e+01  5.374851e+00
     vertex  2.665000e+00 -2.221125e+01  4.697500e+00
     vertex  2.665000e+00 -2.335822e+01  5.302340e+00
   endloop
 endfacet
 facet normal -1.000000e+00  6.027543e-16 -3.282425e-16
   outer loop
     vertex  2.665000e+00 -2.331592e+01  5.374851e+00
     vertex  2.665000e+00 -2.213983e+01  4.828649e+00
     vertex  2.665000e+00 -2.221125e+01  4.697500e+00
   endloop
 endfacet
 facet normal -1.000000e+00  3.131179e-16 -6.107591e-16
   outer loop
     vertex  2.665000e+00 -2.402795e+01  4.682984e+00
     vertex  2.665000e+00 -2.337263e+01  3.564726e+00
     vertex  2.665000e+00 -2.350552e+01  3.496598e+00
   endloop
 endfacet
 facet normal -1.000000e+00  3.283297e-16 -6.018446e-16
   outer loop
     vertex  2.665000e+00 -2.402795e+01  4.682984e+00
     vertex  2.665000e+00 -2.395425e+01  4.723187e+00
     vertex  2.665000e+00 -2.337263e+01  3.564726e+00
   endloop
 endfacet
 facet normal -1.000000e+00  6.183647e-16 -2.977887e-16
   outer loop
     vertex  2.665000e+00 -2.327725e+01  5.449361e+00
     vertex  2.665000e+00 -2.207504e+01  4.963195e+00
     vertex  2.665000e+00 -2.213983e+01  4.828649e+00
   endloop
 endfacet
 facet normal -1.000000e+00  6.085182e-16 -3.158318e-16
   outer loop
     vertex  2.665000e+00 -2.327725e+01  5.449361e+00
     vertex  2.665000e+00 -2.213983e+01  4.828649e+00
     vertex  2.665000e+00 -2.331592e+01  5.374851e+00
   endloop
 endfacet
 facet normal -1.000000e+00  2.822846e-16 -6.256070e-16
   outer loop
     vertex  2.665000e+00 -2.410354e+01  4.646467e+00
     vertex  2.665000e+00 -2.350552e+01  3.496598e+00
     vertex  2.665000e+00 -2.364164e+01  3.435179e+00
   endloop
 endfacet
 facet normal -1.000000e+00  2.982188e-16 -6.173200e-16
   outer loop
     vertex  2.665000e+00 -2.410354e+01  4.646467e+00
     vertex  2.665000e+00 -2.402795e+01  4.682984e+00
     vertex  2.665000e+00 -2.350552e+01  3.496598e+00
   endloop
 endfacet
 facet normal -1.000000e+00  6.324373e-16 -2.665947e-16
   outer loop
     vertex  2.665000e+00 -2.324230e+01  5.525690e+00
     vertex  2.665000e+00 -2.201703e+01  5.100804e+00
     vertex  2.665000e+00 -2.207504e+01  4.963195e+00
   endloop
 endfacet
 facet normal -1.000000e+00  6.233714e-16 -2.854079e-16
   outer loop
     vertex  2.665000e+00 -2.324230e+01  5.525690e+00
     vertex  2.665000e+00 -2.207504e+01  4.963195e+00
     vertex  2.665000e+00 -2.327725e+01  5.449361e+00
   endloop
 endfacet
 facet normal -1.000000e+00  2.673807e-16 -6.312903e-16
   outer loop
     vertex  2.665000e+00 -2.418084e+01  4.613726e+00
     vertex  2.665000e+00 -2.410354e+01  4.646467e+00
     vertex  2.665000e+00 -2.364164e+01  3.435179e+00
   endloop
 endfacet
 facet normal -1.000000e+00  2.507495e-16 -6.388994e-16
   outer loop
     vertex  2.665000e+00 -2.418084e+01  4.613726e+00
     vertex  2.665000e+00 -2.364164e+01  3.435179e+00
     vertex  2.665000e+00 -2.378065e+01  3.380621e+00
   endloop
 endfacet
 facet normal -1.000000e+00  6.449374e-16 -2.347380e-16
   outer loop
     vertex  2.665000e+00 -2.321117e+01  5.603651e+00
     vertex  2.665000e+00 -2.196596e+01  5.241132e+00
     vertex  2.665000e+00 -2.201703e+01  5.100804e+00
   endloop
 endfacet
 facet normal -1.000000e+00  6.367050e-16 -2.542879e-16
   outer loop
     vertex  2.665000e+00 -2.321117e+01  5.603651e+00
     vertex  2.665000e+00 -2.201703e+01  5.100804e+00
     vertex  2.665000e+00 -2.324230e+01  5.525690e+00
   endloop
 endfacet
 facet normal -1.000000e+00  2.358906e-16 -6.437217e-16
   outer loop
     vertex  2.665000e+00 -2.425966e+01  4.584842e+00
     vertex  2.665000e+00 -2.418084e+01  4.613726e+00
     vertex  2.665000e+00 -2.378065e+01  3.380621e+00
   endloop
 endfacet
 facet normal -1.000000e+00  2.185910e-16 -6.506031e-16
   outer loop
     vertex  2.665000e+00 -2.425966e+01  4.584842e+00
     vertex  2.665000e+00 -2.378065e+01  3.380621e+00
     vertex  2.665000e+00 -2.392221e+01  3.333059e+00
   endloop
 endfacet
 facet normal -1.000000e+00  6.558337e-16 -2.022979e-16
   outer loop
     vertex  2.665000e+00 -2.318392e+01  5.683054e+00
     vertex  2.665000e+00 -2.192194e+01  5.383833e+00
     vertex  2.665000e+00 -2.196596e+01  5.241132e+00
   endloop
 endfacet
 facet normal -1.000000e+00  6.484864e-16 -2.225475e-16
   outer loop
     vertex  2.665000e+00 -2.318392e+01  5.683054e+00
     vertex  2.665000e+00 -2.196596e+01  5.241132e+00
     vertex  2.665000e+00 -2.321117e+01  5.603651e+00
   endloop
 endfacet
 facet normal -1.000000e+00  1.858891e-16 -6.606891e-16
   outer loop
     vertex  2.665000e+00 -2.433982e+01  4.559884e+00
     vertex  2.665000e+00 -2.392221e+01  3.333059e+00
     vertex  2.665000e+00 -2.406596e+01  3.292614e+00
   endloop
 endfacet
 facet normal -1.000000e+00  2.038253e-16 -6.545836e-16
   outer loop
     vertex  2.665000e+00 -2.433982e+01  4.559884e+00
     vertex  2.665000e+00 -2.425966e+01  4.584842e+00
     vertex  2.665000e+00 -2.392221e+01  3.333059e+00
   endloop
 endfacet
 facet normal -1.000000e+00  6.650993e-16 -1.693551e-16
   outer loop
     vertex  2.665000e+00 -2.316062e+01  5.763705e+00
     vertex  2.665000e+00 -2.188509e+01  5.528550e+00
     vertex  2.665000e+00 -2.192194e+01  5.383833e+00
   endloop
 endfacet
 facet normal -1.000000e+00  6.586870e-16 -1.902641e-16
   outer loop
     vertex  2.665000e+00 -2.316062e+01  5.763705e+00
     vertex  2.665000e+00 -2.192194e+01  5.383833e+00
     vertex  2.665000e+00 -2.318392e+01  5.683054e+00
   endloop
 endfacet
 facet normal -1.000000e+00  1.527251e-16 -6.691323e-16
   outer loop
     vertex  2.665000e+00 -2.442110e+01  4.538913e+00
     vertex  2.665000e+00 -2.406596e+01  3.292614e+00
     vertex  2.665000e+00 -2.421155e+01  3.259383e+00
   endloop
 endfacet
 facet normal -1.000000e+00  1.712628e-16 -6.638498e-16
   outer loop
     vertex  2.665000e+00 -2.442110e+01  4.538913e+00
     vertex  2.665000e+00 -2.433982e+01  4.559884e+00
     vertex  2.665000e+00 -2.406596e+01  3.292614e+00
   endloop
 endfacet
 facet normal -1.000000e+00  6.727110e-16 -1.359915e-16
   outer loop
     vertex  2.665000e+00 -2.314133e+01  5.845408e+00
     vertex  2.665000e+00 -2.185550e+01  5.674924e+00
     vertex  2.665000e+00 -2.188509e+01  5.528550e+00
   endloop
 endfacet
 facet normal -1.000000e+00  6.672819e-16 -1.575163e-16
   outer loop
     vertex  2.665000e+00 -2.314133e+01  5.845408e+00
     vertex  2.665000e+00 -2.188509e+01  5.528550e+00
     vertex  2.665000e+00 -2.316062e+01  5.763705e+00
   endloop
 endfacet
 facet normal -1.000000e+00  1.191815e-16 -6.759117e-16
   outer loop
     vertex  2.665000e+00 -2.450333e+01  4.521981e+00
     vertex  2.665000e+00 -2.421155e+01  3.259383e+00
     vertex  2.665000e+00 -2.435862e+01  3.233452e+00
   endloop
 endfacet
 facet normal -1.000000e+00  1.382826e-16 -6.714976e-16
   outer loop
     vertex  2.665000e+00 -2.450333e+01  4.521981e+00
     vertex  2.665000e+00 -2.442110e+01  4.538913e+00
     vertex  2.665000e+00 -2.421155e+01  3.259383e+00
   endloop
 endfacet
 facet normal -1.000000e+00  6.786500e-16 -1.022900e-16
   outer loop
     vertex  2.665000e+00 -2.312610e+01  5.927964e+00
     vertex  2.665000e+00 -2.183324e+01  5.822591e+00
     vertex  2.665000e+00 -2.185550e+01  5.674924e+00
   endloop
 endfacet
 facet normal -1.000000e+00  6.742500e-16 -1.243839e-16
   outer loop
     vertex  2.665000e+00 -2.312610e+01  5.927964e+00
     vertex  2.665000e+00 -2.185550e+01  5.674924e+00
     vertex  2.665000e+00 -2.314133e+01  5.845408e+00
   endloop
 endfacet
 facet normal -1.000000e+00  8.534168e-17 -6.810104e-16
   outer loop
     vertex  2.665000e+00 -2.458629e+01  4.509128e+00
     vertex  2.665000e+00 -2.435862e+01  3.233452e+00
     vertex  2.665000e+00 -2.450679e+01  3.214883e+00
   endloop
 endfacet
 facet normal -1.000000e+00  1.049649e-16 -6.775083e-16
   outer loop
     vertex  2.665000e+00 -2.458629e+01  4.509128e+00
     vertex  2.665000e+00 -2.450333e+01  4.521981e+00
     vertex  2.665000e+00 -2.435862e+01  3.233452e+00
   endloop
 endfacet
 facet normal -1.000000e+00  6.829016e-16 -6.833461e-17
   outer loop
     vertex  2.665000e+00 -2.311497e+01  6.011171e+00
     vertex  2.665000e+00 -2.181837e+01  5.971183e+00
     vertex  2.665000e+00 -2.183324e+01  5.822591e+00
   endloop
 endfacet
 facet normal -1.000000e+00  6.795745e-16 -9.094774e-17
   outer loop
     vertex  2.665000e+00 -2.311497e+01  6.011171e+00
     vertex  2.665000e+00 -2.183324e+01  5.822591e+00
     vertex  2.665000e+00 -2.312610e+01  5.927964e+00
   endloop
 endfacet
 facet normal -1.000000e+00  5.128987e-17 -6.844158e-16
   outer loop
     vertex  2.665000e+00 -2.466978e+01  4.500386e+00
     vertex  2.665000e+00 -2.450679e+01  3.214883e+00
     vertex  2.665000e+00 -2.465571e+01  3.203723e+00
   endloop
 endfacet
 facet normal -1.000000e+00  7.139111e-17 -6.818672e-16
   outer loop
     vertex  2.665000e+00 -2.466978e+01  4.500386e+00
     vertex  2.665000e+00 -2.458629e+01  4.509128e+00
     vertex  2.665000e+00 -2.450679e+01  3.214883e+00
   endloop
 endfacet
 facet normal -1.000000e+00  6.854550e-16 -3.420964e-17
   outer loop
     vertex  2.665000e+00 -2.310795e+01  6.094826e+00
     vertex  2.665000e+00 -2.181093e+01  6.120333e+00
     vertex  2.665000e+00 -2.181837e+01  5.971183e+00
   endloop
 endfacet
 facet normal -1.000000e+00  6.832422e-16 -5.728920e-17
   outer loop
     vertex  2.665000e+00 -2.310795e+01  6.094826e+00
     vertex  2.665000e+00 -2.181837e+01  5.971183e+00
     vertex  2.665000e+00 -2.311497e+01  6.011171e+00
   endloop
 endfacet
 facet normal -1.000000e+00  1.711075e-17 -6.861194e-16
   outer loop
     vertex  2.665000e+00 -2.475360e+01  4.495777e+00
     vertex  2.665000e+00 -2.465571e+01  3.203723e+00
     vertex  2.665000e+00 -2.480500e+01  3.200000e+00
   endloop
 endfacet
 facet normal -1.000000e+00  3.764288e-17 -6.845639e-16
   outer loop
     vertex  2.665000e+00 -2.475360e+01  4.495777e+00
     vertex  2.665000e+00 -2.466978e+01  4.500386e+00
     vertex  2.665000e+00 -2.465571e+01  3.203723e+00
   endloop
 endfacet
 facet normal -1.000000e+00  6.852442e-16 -2.349032e-17
   outer loop
     vertex  2.665000e+00 -2.310508e+01  6.178725e+00
     vertex  2.665000e+00 -2.181093e+01  6.120333e+00
     vertex  2.665000e+00 -2.310795e+01  6.094826e+00
   endloop
 endfacet
 facet normal -1.000000e+00  6.863041e-16  0.000000e+00
   outer loop
     vertex  2.665000e+00 -2.310508e+01  6.178725e+00
     vertex  2.665000e+00 -2.181093e+01  6.269667e+00
     vertex  2.665000e+00 -2.181093e+01  6.120333e+00
   endloop
 endfacet
 facet normal -1.000000e+00 -2.291292e-17 -6.854760e-16
   outer loop
     vertex  2.665000e+00 -2.483755e+01  4.495312e+00
     vertex  2.665000e+00 -2.487171e+01  3.200743e+00
     vertex  2.665000e+00 -2.493839e+01  3.202972e+00
   endloop
 endfacet
 facet normal -1.000000e+00 -7.639602e-18 -6.858790e-16
   outer loop
     vertex  2.665000e+00 -2.483755e+01  4.495312e+00
     vertex  2.665000e+00 -2.480500e+01  3.200000e+00
     vertex  2.665000e+00 -2.487171e+01  3.200743e+00
   endloop
 endfacet
 facet normal -1.000000e+00  3.802496e-18 -6.855915e-16
   outer loop
     vertex  2.665000e+00 -2.483755e+01  4.495312e+00
     vertex  2.665000e+00 -2.475360e+01  4.495777e+00
     vertex  2.665000e+00 -2.480500e+01  3.200000e+00
   endloop
 endfacet
 facet normal -1.000000e+00  6.854467e-16  3.420922e-17
   outer loop
     vertex  2.665000e+00 -2.310635e+01  6.262664e+00
     vertex  2.665000e+00 -2.181837e+01  6.418817e+00
     vertex  2.665000e+00 -2.181093e+01  6.269667e+00
   endloop
 endfacet
 facet normal -1.000000e+00  6.855756e-16  1.036653e-17
   outer loop
     vertex  2.665000e+00 -2.310635e+01  6.262664e+00
     vertex  2.665000e+00 -2.181093e+01  6.269667e+00
     vertex  2.665000e+00 -2.310508e+01  6.178725e+00
   endloop
 endfacet
 facet normal -1.000000e+00 -3.817653e-17 -6.848129e-16
   outer loop
     vertex  2.665000e+00 -2.492142e+01  4.498991e+00
     vertex  2.665000e+00 -2.493839e+01  3.202972e+00
     vertex  2.665000e+00 -2.500500e+01  3.206685e+00
   endloop
 endfacet
 facet normal -1.000000e+00 -3.004633e-17 -6.849194e-16
   outer loop
     vertex  2.665000e+00 -2.492142e+01  4.498991e+00
     vertex  2.665000e+00 -2.483755e+01  4.495312e+00
     vertex  2.665000e+00 -2.493839e+01  3.202972e+00
   endloop
 endfacet
 facet normal -1.000000e+00  6.828851e-16  6.833296e-17
   outer loop
     vertex  2.665000e+00 -2.311176e+01  6.346438e+00
     vertex  2.665000e+00 -2.183324e+01  6.567409e+00
     vertex  2.665000e+00 -2.181837e+01  6.418817e+00
   endloop
 endfacet
 facet normal -1.000000e+00  6.842356e-16  4.419884e-17
   outer loop
     vertex  2.665000e+00 -2.311176e+01  6.346438e+00
     vertex  2.665000e+00 -2.181837e+01  6.418817e+00
     vertex  2.665000e+00 -2.310635e+01  6.262664e+00
   endloop
 endfacet
 facet normal -1.000000e+00 -1.062617e-14 -4.936308e-28
   outer loop
     vertex  2.665000e+00 -2.500500e+01  4.506806e+00
     vertex  2.665000e+00 -2.492142e+01  4.498991e+00
     vertex  2.665000e+00 -2.500500e+01  3.206685e+00
   endloop
 endfacet
 facet normal -1.000000e+00  6.786255e-16  1.022863e-16
   outer loop
     vertex  2.665000e+00 -2.312130e+01  6.429843e+00
     vertex  2.665000e+00 -2.185550e+01  6.715076e+00
     vertex  2.665000e+00 -2.183324e+01  6.567409e+00
   endloop
 endfacet
 facet normal -1.000000e+00  6.812274e-16  7.792417e-17
   outer loop
     vertex  2.665000e+00 -2.312130e+01  6.429843e+00
     vertex  2.665000e+00 -2.183324e+01  6.567409e+00
     vertex  2.665000e+00 -2.311176e+01  6.346438e+00
   endloop
 endfacet
 facet normal -1.000000e+00  6.765582e-16  1.114603e-16
   outer loop
     vertex  2.665000e+00 -2.313495e+01  6.512675e+00
     vertex  2.665000e+00 -2.185550e+01  6.715076e+00
     vertex  2.665000e+00 -2.312130e+01  6.429843e+00
   endloop
 endfacet
 facet normal -1.000000e+00  6.726785e-16  1.359849e-16
   outer loop
     vertex  2.665000e+00 -2.313495e+01  6.512675e+00
     vertex  2.665000e+00 -2.188509e+01  6.861450e+00
     vertex  2.665000e+00 -2.185550e+01  6.715076e+00
   endloop
 endfacet
 facet normal -1.000000e+00  6.650591e-16  1.693449e-16
   outer loop
     vertex  2.665000e+00 -2.315266e+01  6.594732e+00
     vertex  2.665000e+00 -2.192194e+01  7.006167e+00
     vertex  2.665000e+00 -2.188509e+01  6.861450e+00
   endloop
 endfacet
 facet normal -1.000000e+00  6.702394e-16  1.447256e-16
   outer loop
     vertex  2.665000e+00 -2.315266e+01  6.594732e+00
     vertex  2.665000e+00 -2.188509e+01  6.861450e+00
     vertex  2.665000e+00 -2.313495e+01  6.512675e+00
   endloop
 endfacet
 facet normal -1.000000e+00  6.557862e-16  2.022833e-16
   outer loop
     vertex  2.665000e+00 -2.317441e+01  6.675815e+00
     vertex  2.665000e+00 -2.196596e+01  7.148868e+00
     vertex  2.665000e+00 -2.192194e+01  7.006167e+00
   endloop
 endfacet
 facet normal -1.000000e+00  6.622864e-16  1.776388e-16
   outer loop
     vertex  2.665000e+00 -2.317441e+01  6.675815e+00
     vertex  2.665000e+00 -2.192194e+01  7.006167e+00
     vertex  2.665000e+00 -2.315266e+01  6.594732e+00
   endloop
 endfacet
 facet normal -1.000000e+00  6.527186e-16  2.101199e-16
   outer loop
     vertex  2.665000e+00 -2.320014e+01  6.755725e+00
     vertex  2.665000e+00 -2.196596e+01  7.148868e+00
     vertex  2.665000e+00 -2.317441e+01  6.675815e+00
   endloop
 endfacet
 facet normal -1.000000e+00  6.448829e-16  2.347182e-16
   outer loop
     vertex  2.665000e+00 -2.320014e+01  6.755725e+00
     vertex  2.665000e+00 -2.201703e+01  7.289196e+00
     vertex  2.665000e+00 -2.196596e+01  7.148868e+00
   endloop
 endfacet
 facet normal -1.000000e+00  6.415590e-16  2.420896e-16
   outer loop
     vertex  2.665000e+00 -2.322977e+01  6.834268e+00
     vertex  2.665000e+00 -2.201703e+01  7.289196e+00
     vertex  2.665000e+00 -2.320014e+01  6.755725e+00
   endloop
 endfacet
 facet normal -1.000000e+00  6.323763e-16  2.665689e-16
   outer loop
     vertex  2.665000e+00 -2.322977e+01  6.834268e+00
     vertex  2.665000e+00 -2.207504e+01  7.426805e+00
     vertex  2.665000e+00 -2.201703e+01  7.289196e+00
   endloop
 endfacet
 facet normal -1.000000e+00  6.288351e-16  2.734700e-16
   outer loop
     vertex  2.665000e+00 -2.326325e+01  6.911252e+00
     vertex  2.665000e+00 -2.207504e+01  7.426805e+00
     vertex  2.665000e+00 -2.322977e+01  6.834268e+00
   endloop
 endfacet
 facet normal -1.000000e+00  6.182975e-16  2.977564e-16
   outer loop
     vertex  2.665000e+00 -2.326325e+01  6.911252e+00
     vertex  2.665000e+00 -2.213983e+01  7.561351e+00
     vertex  2.665000e+00 -2.207504e+01  7.426805e+00
   endloop
 endfacet
 facet normal -1.000000e+00  6.026816e-16  3.282029e-16
   outer loop
     vertex  2.665000e+00 -2.330049e+01  6.986489e+00
     vertex  2.665000e+00 -2.221125e+01  7.692500e+00
     vertex  2.665000e+00 -2.213983e+01  7.561351e+00
   endloop
 endfacet
 facet normal -1.000000e+00  6.145776e-16  3.041847e-16
   outer loop
     vertex  2.665000e+00 -2.330049e+01  6.986489e+00
     vertex  2.665000e+00 -2.213983e+01  7.561351e+00
     vertex  2.665000e+00 -2.326325e+01  6.911252e+00
   endloop
 endfacet
 facet normal -1.000000e+00  5.988213e-16  3.341586e-16
   outer loop
     vertex  2.665000e+00 -2.334140e+01  7.059797e+00
     vertex  2.665000e+00 -2.221125e+01  7.692500e+00
     vertex  2.665000e+00 -2.330049e+01  6.986489e+00
   endloop
 endfacet
 facet normal -1.000000e+00  5.855674e-16  3.578328e-16
   outer loop
     vertex  2.665000e+00 -2.334140e+01  7.059797e+00
     vertex  2.665000e+00 -2.228912e+01  7.819926e+00
     vertex  2.665000e+00 -2.221125e+01  7.692500e+00
   endloop
 endfacet
 facet normal -1.000000e+00  5.816045e-16  3.633189e-16
   outer loop
     vertex  2.665000e+00 -2.338588e+01  7.130995e+00
     vertex  2.665000e+00 -2.228912e+01  7.819926e+00
     vertex  2.665000e+00 -2.334140e+01  7.059797e+00
   endloop
 endfacet
 facet normal -1.000000e+00  5.669976e-16  3.865725e-16
   outer loop
     vertex  2.665000e+00 -2.338588e+01  7.130995e+00
     vertex  2.665000e+00 -2.237325e+01  7.943312e+00
     vertex  2.665000e+00 -2.228912e+01  7.819926e+00
   endloop
 endfacet
 facet normal -1.000000e+00  5.629692e-16  3.915943e-16
   outer loop
     vertex  2.665000e+00 -2.343381e+01  7.199911e+00
     vertex  2.665000e+00 -2.237325e+01  7.943312e+00
     vertex  2.665000e+00 -2.338588e+01  7.130995e+00
   endloop
 endfacet
 facet normal -1.000000e+00  5.470184e-16  4.143503e-16
   outer loop
     vertex  2.665000e+00 -2.343381e+01  7.199911e+00
     vertex  2.665000e+00 -2.246341e+01  8.062352e+00
     vertex  2.665000e+00 -2.237325e+01  7.943312e+00
   endloop
 endfacet
 facet normal -1.000000e+00  5.429606e-16  4.189160e-16
   outer loop
     vertex  2.665000e+00 -2.348509e+01  7.266376e+00
     vertex  2.665000e+00 -2.246341e+01  8.062352e+00
     vertex  2.665000e+00 -2.343381e+01  7.199911e+00
   endloop
 endfacet
 facet normal -1.000000e+00  5.256794e-16  4.410974e-16
   outer loop
     vertex  2.665000e+00 -2.348509e+01  7.266376e+00
     vertex  2.665000e+00 -2.255941e+01  8.176749e+00
     vertex  2.665000e+00 -2.246341e+01  8.062352e+00
   endloop
 endfacet
 facet normal -1.000000e+00  5.216276e-16  4.452174e-16
   outer loop
     vertex  2.665000e+00 -2.353959e+01  7.330229e+00
     vertex  2.665000e+00 -2.255941e+01  8.176749e+00
     vertex  2.665000e+00 -2.348509e+01  7.266376e+00
   endloop
 endfacet
 facet normal -1.000000e+00  5.030338e-16  4.667472e-16
   outer loop
     vertex  2.665000e+00 -2.266098e+01  8.286219e+00
     vertex  2.665000e+00 -2.255941e+01  8.176749e+00
     vertex  2.665000e+00 -2.353959e+01  7.330229e+00
   endloop
 endfacet
 facet normal -1.000000e+00  4.990221e-16  4.704342e-16
   outer loop
     vertex  2.665000e+00 -2.359718e+01  7.391314e+00
     vertex  2.665000e+00 -2.266098e+01  8.286219e+00
     vertex  2.665000e+00 -2.353959e+01  7.330229e+00
   endloop
 endfacet
 facet normal -1.000000e+00  4.751991e-16  4.945051e-16
   outer loop
     vertex  2.665000e+00 -2.276788e+01  8.390490e+00
     vertex  2.665000e+00 -2.359718e+01  7.391314e+00
     vertex  2.665000e+00 -2.365771e+01  7.449481e+00
   endloop
 endfacet
 facet normal -1.000000e+00  4.791380e-16  4.912359e-16
   outer loop
     vertex  2.665000e+00 -2.276788e+01  8.390490e+00
     vertex  2.665000e+00 -2.266098e+01  8.286219e+00
     vertex  2.665000e+00 -2.359718e+01  7.391314e+00
   endloop
 endfacet
 facet normal -1.000000e+00  4.502166e-16  5.173712e-16
   outer loop
     vertex  2.665000e+00 -2.287985e+01  8.489303e+00
     vertex  2.665000e+00 -2.365771e+01  7.449481e+00
     vertex  2.665000e+00 -2.372104e+01  7.504589e+00
   endloop
 endfacet
 facet normal -1.000000e+00  4.540513e-16  5.145026e-16
   outer loop
     vertex  2.665000e+00 -2.287985e+01  8.489303e+00
     vertex  2.665000e+00 -2.276788e+01  8.390490e+00
     vertex  2.665000e+00 -2.365771e+01  7.449481e+00
   endloop
 endfacet
 facet normal -1.000000e+00  4.241354e-16  5.389769e-16
   outer loop
     vertex  2.665000e+00 -2.299661e+01  8.582412e+00
     vertex  2.665000e+00 -2.372104e+01  7.504589e+00
     vertex  2.665000e+00 -2.378701e+01  7.556504e+00
   endloop
 endfacet
 facet normal -1.000000e+00  4.278362e-16  5.364896e-16
   outer loop
     vertex  2.665000e+00 -2.299661e+01  8.582412e+00
     vertex  2.665000e+00 -2.287985e+01  8.489303e+00
     vertex  2.665000e+00 -2.372104e+01  7.504589e+00
   endloop
 endfacet
 facet normal -1.000000e+00  3.970191e-16  5.592695e-16
   outer loop
     vertex  2.665000e+00 -2.311786e+01  8.669585e+00
     vertex  2.665000e+00 -2.378701e+01  7.556504e+00
     vertex  2.665000e+00 -2.385546e+01  7.605099e+00
   endloop
 endfacet
 facet normal -1.000000e+00  4.005579e-16  5.571421e-16
   outer loop
     vertex  2.665000e+00 -2.311786e+01  8.669585e+00
     vertex  2.665000e+00 -2.299661e+01  8.582412e+00
     vertex  2.665000e+00 -2.378701e+01  7.556504e+00
   endloop
 endfacet
 facet normal -1.000000e+00  3.689337e-16  5.781993e-16
   outer loop
     vertex  2.665000e+00 -2.324330e+01  8.750606e+00
     vertex  2.665000e+00 -2.385546e+01  7.605099e+00
     vertex  2.665000e+00 -2.392623e+01  7.650255e+00
   endloop
 endfacet
 facet normal -1.000000e+00  3.722843e-16  5.764088e-16
   outer loop
     vertex  2.665000e+00 -2.324330e+01  8.750606e+00
     vertex  2.665000e+00 -2.311786e+01  8.669585e+00
     vertex  2.665000e+00 -2.385546e+01  7.605099e+00
   endloop
 endfacet
 facet normal -1.000000e+00  3.399477e-16  5.957203e-16
   outer loop
     vertex  2.665000e+00 -2.337263e+01  8.825274e+00
     vertex  2.665000e+00 -2.392623e+01  7.650255e+00
     vertex  2.665000e+00 -2.399914e+01  7.691862e+00
   endloop
 endfacet
 facet normal -1.000000e+00  3.430857e-16  5.942418e-16
   outer loop
     vertex  2.665000e+00 -2.337263e+01  8.825274e+00
     vertex  2.665000e+00 -2.324330e+01  8.750606e+00
     vertex  2.665000e+00 -2.392623e+01  7.650255e+00
   endloop
 endfacet
 facet normal -1.000000e+00  3.101315e-16  6.117896e-16
   outer loop
     vertex  2.665000e+00 -2.350552e+01  8.893402e+00
     vertex  2.665000e+00 -2.399914e+01  7.691862e+00
     vertex  2.665000e+00 -2.407402e+01  7.729819e+00
   endloop
 endfacet
 facet normal -1.000000e+00  3.130348e-16  6.105969e-16
   outer loop
     vertex  2.665000e+00 -2.350552e+01  8.893402e+00
     vertex  2.665000e+00 -2.337263e+01  8.825274e+00
     vertex  2.665000e+00 -2.399914e+01  7.691862e+00
   endloop
 endfacet
 facet normal -1.000000e+00  2.795579e-16  6.263681e-16
   outer loop
     vertex  2.665000e+00 -2.364164e+01  8.954821e+00
     vertex  2.665000e+00 -2.407402e+01  7.729819e+00
     vertex  2.665000e+00 -2.415068e+01  7.764034e+00
   endloop
 endfacet
 facet normal -1.000000e+00  2.822063e-16  6.254333e-16
   outer loop
     vertex  2.665000e+00 -2.364164e+01  8.954821e+00
     vertex  2.665000e+00 -2.350552e+01  8.893402e+00
     vertex  2.665000e+00 -2.407402e+01  7.729819e+00
   endloop
 endfacet
 facet normal -1.000000e+00  2.483012e-16  6.394202e-16
   outer loop
     vertex  2.665000e+00 -2.378065e+01  9.009379e+00
     vertex  2.665000e+00 -2.415068e+01  7.764034e+00
     vertex  2.665000e+00 -2.422894e+01  7.794422e+00
   endloop
 endfacet
 facet normal -1.000000e+00  2.506769e-16  6.387143e-16
   outer loop
     vertex  2.665000e+00 -2.378065e+01  9.009379e+00
     vertex  2.665000e+00 -2.364164e+01  8.954821e+00
     vertex  2.665000e+00 -2.415068e+01  7.764034e+00
   endloop
 endfacet
 facet normal -1.000000e+00  2.164377e-16  6.509139e-16
   outer loop
     vertex  2.665000e+00 -2.392221e+01  9.056941e+00
     vertex  2.665000e+00 -2.422894e+01  7.794422e+00
     vertex  2.665000e+00 -2.430860e+01  7.820910e+00
   endloop
 endfacet
 facet normal -1.000000e+00  2.185251e-16  6.504068e-16
   outer loop
     vertex  2.665000e+00 -2.392221e+01  9.056941e+00
     vertex  2.665000e+00 -2.378065e+01  9.009379e+00
     vertex  2.665000e+00 -2.422894e+01  7.794422e+00
   endloop
 endfacet
 facet normal -1.000000e+00  1.840450e-16  6.608212e-16
   outer loop
     vertex  2.665000e+00 -2.406596e+01  9.097386e+00
     vertex  2.665000e+00 -2.430860e+01  7.820910e+00
     vertex  2.665000e+00 -2.438947e+01  7.843433e+00
   endloop
 endfacet
 facet normal -1.000000e+00  1.858308e-16  6.604818e-16
   outer loop
     vertex  2.665000e+00 -2.406596e+01  9.097386e+00
     vertex  2.665000e+00 -2.392221e+01  9.056941e+00
     vertex  2.665000e+00 -2.430860e+01  7.820910e+00
   endloop
 endfacet
 facet normal -1.000000e+00  1.526753e-16  6.689142e-16
   outer loop
     vertex  2.665000e+00 -2.421155e+01  9.130617e+00
     vertex  2.665000e+00 -2.406596e+01  9.097386e+00
     vertex  2.665000e+00 -2.438947e+01  7.843433e+00
   endloop
 endfacet
 facet normal -1.000000e+00  1.512020e-16  6.691179e-16
   outer loop
     vertex  2.665000e+00 -2.421155e+01  9.130617e+00
     vertex  2.665000e+00 -2.438947e+01  7.843433e+00
     vertex  2.665000e+00 -2.447135e+01  7.861937e+00
   endloop
 endfacet
 facet normal -1.000000e+00  1.191412e-16  6.756833e-16
   outer loop
     vertex  2.665000e+00 -2.435862e+01  9.156548e+00
     vertex  2.665000e+00 -2.421155e+01  9.130617e+00
     vertex  2.665000e+00 -2.447135e+01  7.861937e+00
   endloop
 endfacet
 facet normal -1.000000e+00  1.179886e-16  6.757836e-16
   outer loop
     vertex  2.665000e+00 -2.435862e+01  9.156548e+00
     vertex  2.665000e+00 -2.447135e+01  7.861937e+00
     vertex  2.665000e+00 -2.455405e+01  7.876376e+00
   endloop
 endfacet
 facet normal -1.000000e+00  8.531181e-17  6.807721e-16
   outer loop
     vertex  2.665000e+00 -2.450679e+01  9.175117e+00
     vertex  2.665000e+00 -2.435862e+01  9.156548e+00
     vertex  2.665000e+00 -2.455405e+01  7.876376e+00
   endloop
 endfacet
 facet normal -1.000000e+00  8.448592e-17  6.808021e-16
   outer loop
     vertex  2.665000e+00 -2.450679e+01  9.175117e+00
     vertex  2.665000e+00 -2.455405e+01  7.876376e+00
     vertex  2.665000e+00 -2.463736e+01  7.886714e+00
   endloop
 endfacet
 facet normal -1.000000e+00  5.127130e-17  6.841680e-16
   outer loop
     vertex  2.665000e+00 -2.465571e+01  9.186277e+00
     vertex  2.665000e+00 -2.450679e+01  9.175117e+00
     vertex  2.665000e+00 -2.463736e+01  7.886714e+00
   endloop
 endfacet
 facet normal -1.000000e+00  5.077545e-17  6.841610e-16
   outer loop
     vertex  2.665000e+00 -2.465571e+01  9.186277e+00
     vertex  2.665000e+00 -2.463736e+01  7.886714e+00
     vertex  2.665000e+00 -2.472108e+01  7.892927e+00
   endloop
 endfacet
 facet normal -1.000000e+00  1.710435e-17  6.858627e-16
   outer loop
     vertex  2.665000e+00 -2.480500e+01  9.190000e+00
     vertex  2.665000e+00 -2.465571e+01  9.186277e+00
     vertex  2.665000e+00 -2.472108e+01  7.892927e+00
   endloop
 endfacet
 facet normal -1.000000e+00  1.693938e-17  6.858521e-16
   outer loop
     vertex  2.665000e+00 -2.480500e+01  9.190000e+00
     vertex  2.665000e+00 -2.472108e+01  7.892927e+00
     vertex  2.665000e+00 -2.480500e+01  7.895000e+00
   endloop
 endfacet
 facet normal -1.000000e+00 -7.639301e-18  6.858521e-16
   outer loop
     vertex  2.665000e+00 -2.487171e+01  9.189257e+00
     vertex  2.665000e+00 -2.480500e+01  9.190000e+00
     vertex  2.665000e+00 -2.480500e+01  7.895000e+00
   endloop
 endfacet
 facet normal -1.000000e+00 -1.347512e-17  6.855513e-16
   outer loop
     vertex  2.665000e+00 -2.487171e+01  9.189257e+00
     vertex  2.665000e+00 -2.480500e+01  7.895000e+00
     vertex  2.665000e+00 -2.487180e+01  7.893687e+00
   endloop
 endfacet
 facet normal -1.000000e+00 -2.291546e-17  6.855519e-16
   outer loop
     vertex  2.665000e+00 -2.493839e+01  9.187028e+00
     vertex  2.665000e+00 -2.487171e+01  9.189257e+00
     vertex  2.665000e+00 -2.487180e+01  7.893687e+00
   endloop
 endfacet
 facet normal -1.000000e+00 -3.817394e-17  6.847664e-16
   outer loop
     vertex  2.665000e+00 -2.500500e+01  9.183315e+00
     vertex  2.665000e+00 -2.493839e+01  9.187028e+00
     vertex  2.665000e+00 -2.487180e+01  7.893687e+00
   endloop
 endfacet
 facet normal -1.000000e+00 -4.040711e-17  6.845358e-16
   outer loop
     vertex  2.665000e+00 -2.500500e+01  9.183315e+00
     vertex  2.665000e+00 -2.487180e+01  7.893687e+00
     vertex  2.665000e+00 -2.493851e+01  7.889750e+00
   endloop
 endfacet
 facet normal -1.000000e+00 -1.335712e-14 -4.014967e-28
   outer loop
     vertex  2.665000e+00 -2.500500e+01  9.183315e+00
     vertex  2.665000e+00 -2.493851e+01  7.889750e+00
     vertex  2.665000e+00 -2.500500e+01  7.883194e+00
   endloop
 endfacet
 facet normal -1.000000e+00  0.000000e+00  0.000000e+00
   outer loop
     vertex  2.665000e+00 -2.500500e+01  4.506806e+00
     vertex  2.665000e+00 -2.515205e+01  3.220176e+00
     vertex  2.665000e+00 -2.529826e+01  3.240898e+00
   endloop
 endfacet
 facet normal -1.000000e+00  0.000000e+00 -0.000000e+00
   outer loop
     vertex  2.665000e+00 -2.500500e+01  4.506806e+00
     vertex  2.665000e+00 -2.500500e+01  3.206685e+00
     vertex  2.665000e+00 -2.515205e+01  3.220176e+00
   endloop
 endfacet
 facet normal -1.000000e+00  1.037317e-14 -2.403055e-15
   outer loop
     vertex  2.665000e+00 -2.508787e+01  4.518699e+00
     vertex  2.665000e+00 -2.500500e+01  4.506806e+00
     vertex  2.665000e+00 -2.529826e+01  3.240898e+00
   endloop
 endfacet
 facet normal -1.000000e+00 -1.296456e-16 -6.737372e-16
   outer loop
     vertex  2.665000e+00 -2.508787e+01  4.518699e+00
     vertex  2.665000e+00 -2.529826e+01  3.240898e+00
     vertex  2.665000e+00 -2.544327e+01  3.268802e+00
   endloop
 endfacet
 facet normal -1.000000e+00 -1.307658e-16 -6.734186e-16
   outer loop
     vertex  2.665000e+00 -2.517005e+01  4.534657e+00
     vertex  2.665000e+00 -2.508787e+01  4.518699e+00
     vertex  2.665000e+00 -2.544327e+01  3.268802e+00
   endloop
 endfacet
 facet normal -1.000000e+00 -1.626965e-16 -6.665267e-16
   outer loop
     vertex  2.665000e+00 -2.517005e+01  4.534657e+00
     vertex  2.665000e+00 -2.544327e+01  3.268802e+00
     vertex  2.665000e+00 -2.558673e+01  3.303819e+00
   endloop
 endfacet
 facet normal -1.000000e+00 -1.637603e-16 -6.661666e-16
   outer loop
     vertex  2.665000e+00 -2.525135e+01  4.554642e+00
     vertex  2.665000e+00 -2.517005e+01  4.534657e+00
     vertex  2.665000e+00 -2.558673e+01  3.303819e+00
   endloop
 endfacet
 facet normal -1.000000e+00 -1.953518e-16 -6.576960e-16
   outer loop
     vertex  2.665000e+00 -2.525135e+01  4.554642e+00
     vertex  2.665000e+00 -2.558673e+01  3.303819e+00
     vertex  2.665000e+00 -2.572829e+01  3.345865e+00
   endloop
 endfacet
 facet normal -1.000000e+00 -1.963578e-16 -6.572990e-16
   outer loop
     vertex  2.665000e+00 -2.533156e+01  4.578604e+00
     vertex  2.665000e+00 -2.525135e+01  4.554642e+00
     vertex  2.665000e+00 -2.572829e+01  3.345865e+00
   endloop
 endfacet
 facet normal -1.000000e+00 -2.275321e-16 -6.472664e-16
   outer loop
     vertex  2.665000e+00 -2.533156e+01  4.578604e+00
     vertex  2.665000e+00 -2.572829e+01  3.345865e+00
     vertex  2.665000e+00 -2.586760e+01  3.394838e+00
   endloop
 endfacet
 facet normal -1.000000e+00 -2.284794e-16 -6.468374e-16
   outer loop
     vertex  2.665000e+00 -2.541050e+01  4.606487e+00
     vertex  2.665000e+00 -2.533156e+01  4.578604e+00
     vertex  2.665000e+00 -2.586760e+01  3.394838e+00
   endloop
 endfacet
 facet normal -1.000000e+00 -2.591591e-16 -6.352633e-16
   outer loop
     vertex  2.665000e+00 -2.541050e+01  4.606487e+00
     vertex  2.665000e+00 -2.586760e+01  3.394838e+00
     vertex  2.665000e+00 -2.600433e+01  3.450617e+00
   endloop
 endfacet
 facet normal -1.000000e+00 -2.901560e-16 -6.217159e-16
   outer loop
     vertex  2.665000e+00 -2.548796e+01  4.638221e+00
     vertex  2.665000e+00 -2.600433e+01  3.450617e+00
     vertex  2.665000e+00 -2.613814e+01  3.513069e+00
   endloop
 endfacet
 facet normal -1.000000e+00 -2.600471e-16 -6.348071e-16
   outer loop
     vertex  2.665000e+00 -2.548796e+01  4.638221e+00
     vertex  2.665000e+00 -2.541050e+01  4.606487e+00
     vertex  2.665000e+00 -2.600433e+01  3.450617e+00
   endloop
 endfacet
 facet normal -1.000000e+00 -3.204473e-16 -6.066571e-16
   outer loop
     vertex  2.665000e+00 -2.556378e+01  4.673732e+00
     vertex  2.665000e+00 -2.613814e+01  3.513069e+00
     vertex  2.665000e+00 -2.626872e+01  3.582040e+00
   endloop
 endfacet
 facet normal -1.000000e+00 -2.909844e-16 -6.212372e-16
   outer loop
     vertex  2.665000e+00 -2.556378e+01  4.673732e+00
     vertex  2.665000e+00 -2.548796e+01  4.638221e+00
     vertex  2.665000e+00 -2.613814e+01  3.513069e+00
   endloop
 endfacet
 facet normal -1.000000e+00 -3.499596e-16 -5.901237e-16
   outer loop
     vertex  2.665000e+00 -2.563775e+01  4.712931e+00
     vertex  2.665000e+00 -2.626872e+01  3.582040e+00
     vertex  2.665000e+00 -2.639573e+01  3.657363e+00
   endloop
 endfacet
 facet normal -1.000000e+00 -3.212162e-16 -6.061607e-16
   outer loop
     vertex  2.665000e+00 -2.563775e+01  4.712931e+00
     vertex  2.665000e+00 -2.556378e+01  4.673732e+00
     vertex  2.665000e+00 -2.626872e+01  3.582040e+00
   endloop
 endfacet
 facet normal -1.000000e+00 -3.786210e-16 -5.721556e-16
   outer loop
     vertex  2.665000e+00 -2.570970e+01  4.755724e+00
     vertex  2.665000e+00 -2.639573e+01  3.657363e+00
     vertex  2.665000e+00 -2.651888e+01  3.738855e+00
   endloop
 endfacet
 facet normal -1.000000e+00 -3.506692e-16 -5.896141e-16
   outer loop
     vertex  2.665000e+00 -2.570970e+01  4.755724e+00
     vertex  2.665000e+00 -2.563775e+01  4.712931e+00
     vertex  2.665000e+00 -2.639573e+01  3.657363e+00
   endloop
 endfacet
 facet normal -1.000000e+00 -4.063618e-16 -5.527967e-16
   outer loop
     vertex  2.665000e+00 -2.577946e+01  4.802008e+00
     vertex  2.665000e+00 -2.651888e+01  3.738855e+00
     vertex  2.665000e+00 -2.663786e+01  3.826319e+00
   endloop
 endfacet
 facet normal -1.000000e+00 -3.792720e-16 -5.716376e-16
   outer loop
     vertex  2.665000e+00 -2.577946e+01  4.802008e+00
     vertex  2.665000e+00 -2.570970e+01  4.755724e+00
     vertex  2.665000e+00 -2.651888e+01  3.738855e+00
   endloop
 endfacet
 facet normal -1.000000e+00 -4.331147e-16 -5.320940e-16
   outer loop
     vertex  2.665000e+00 -2.584686e+01  4.851670e+00
     vertex  2.665000e+00 -2.663786e+01  3.826319e+00
     vertex  2.665000e+00 -2.675239e+01  3.919540e+00
   endloop
 endfacet
 facet normal -1.000000e+00 -4.069553e-16 -5.522746e-16
   outer loop
     vertex  2.665000e+00 -2.584686e+01  4.851670e+00
     vertex  2.665000e+00 -2.577946e+01  4.802008e+00
     vertex  2.665000e+00 -2.663786e+01  3.826319e+00
   endloop
 endfacet
 facet normal -1.000000e+00 -4.336518e-16 -5.315723e-16
   outer loop
     vertex  2.665000e+00 -2.591173e+01  4.904589e+00
     vertex  2.665000e+00 -2.584686e+01  4.851670e+00
     vertex  2.665000e+00 -2.675239e+01  3.919540e+00
   endloop
 endfacet
 facet normal -1.000000e+00 -4.588145e-16 -5.100979e-16
   outer loop
     vertex  2.665000e+00 -2.686218e+01  4.018294e+00
     vertex  2.665000e+00 -2.591173e+01  4.904589e+00
     vertex  2.665000e+00 -2.675239e+01  3.919540e+00
   endloop
 endfacet
 facet normal -1.000000e+00 -4.592969e-16 -5.095807e-16
   outer loop
     vertex  2.665000e+00 -2.597391e+01  4.960638e+00
     vertex  2.665000e+00 -2.591173e+01  4.904589e+00
     vertex  2.665000e+00 -2.686218e+01  4.018294e+00
   endloop
 endfacet
 facet normal -1.000000e+00 -4.838283e-16 -4.863531e-16
   outer loop
     vertex  2.665000e+00 -2.696697e+01  4.122339e+00
     vertex  2.665000e+00 -2.603326e+01  5.019681e+00
     vertex  2.665000e+00 -2.597391e+01  4.960638e+00
   endloop
 endfacet
 facet normal -1.000000e+00 -4.833989e-16 -4.868618e-16
   outer loop
     vertex  2.665000e+00 -2.696697e+01  4.122339e+00
     vertex  2.665000e+00 -2.597391e+01  4.960638e+00
     vertex  2.665000e+00 -2.686218e+01  4.018294e+00
   endloop
 endfacet
 facet normal -1.000000e+00 -5.071865e-16 -4.619460e-16
   outer loop
     vertex  2.665000e+00 -2.706650e+01  4.231422e+00
     vertex  2.665000e+00 -2.608963e+01  5.081573e+00
     vertex  2.665000e+00 -2.603326e+01  5.019681e+00
   endloop
 endfacet
 facet normal -1.000000e+00 -5.068080e-16 -4.624421e-16
   outer loop
     vertex  2.665000e+00 -2.706650e+01  4.231422e+00
     vertex  2.665000e+00 -2.603326e+01  5.019681e+00
     vertex  2.665000e+00 -2.696697e+01  4.122339e+00
   endloop
 endfacet
 facet normal -1.000000e+00 -5.293149e-16 -4.364185e-16
   outer loop
     vertex  2.665000e+00 -2.716054e+01  4.345280e+00
     vertex  2.665000e+00 -2.614289e+01  5.146166e+00
     vertex  2.665000e+00 -2.608963e+01  5.081573e+00
   endloop
 endfacet
 facet normal -1.000000e+00 -5.289850e-16 -4.368984e-16
   outer loop
     vertex  2.665000e+00 -2.716054e+01  4.345280e+00
     vertex  2.665000e+00 -2.608963e+01  5.081573e+00
     vertex  2.665000e+00 -2.706650e+01  4.231422e+00
   endloop
 endfacet
 facet normal -1.000000e+00 -5.501599e-16 -4.098324e-16
   outer loop
     vertex  2.665000e+00 -2.724885e+01  4.463634e+00
     vertex  2.665000e+00 -2.619290e+01  5.213302e+00
     vertex  2.665000e+00 -2.614289e+01  5.146166e+00
   endloop
 endfacet
 facet normal -1.000000e+00 -5.498759e-16 -4.102927e-16
   outer loop
     vertex  2.665000e+00 -2.724885e+01  4.463634e+00
     vertex  2.665000e+00 -2.614289e+01  5.146166e+00
     vertex  2.665000e+00 -2.716054e+01  4.345280e+00
   endloop
 endfacet
 facet normal -1.000000e+00 -5.696708e-16 -3.822523e-16
   outer loop
     vertex  2.665000e+00 -2.733122e+01  4.586197e+00
     vertex  2.665000e+00 -2.623955e+01  5.282819e+00
     vertex  2.665000e+00 -2.619290e+01  5.213302e+00
   endloop
 endfacet
 facet normal -1.000000e+00 -5.694299e-16 -3.826896e-16
   outer loop
     vertex  2.665000e+00 -2.733122e+01  4.586197e+00
     vertex  2.665000e+00 -2.619290e+01  5.213302e+00
     vertex  2.665000e+00 -2.724885e+01  4.463634e+00
   endloop
 endfacet
 facet normal -1.000000e+00 -5.875996e-16 -3.541563e-16
   outer loop
     vertex  2.665000e+00 -2.740745e+01  4.712671e+00
     vertex  2.665000e+00 -2.623955e+01  5.282819e+00
     vertex  2.665000e+00 -2.733122e+01  4.586197e+00
   endloop
 endfacet
 facet normal -1.000000e+00 -5.878004e-16 -3.537450e-16
   outer loop
     vertex  2.665000e+00 -2.740745e+01  4.712671e+00
     vertex  2.665000e+00 -2.628271e+01  5.354548e+00
     vertex  2.665000e+00 -2.623955e+01  5.282819e+00
   endloop
 endfacet
 facet normal -1.000000e+00 -6.045046e-16 -3.243797e-16
   outer loop
     vertex  2.665000e+00 -2.747735e+01  4.842748e+00
     vertex  2.665000e+00 -2.632230e+01  5.428315e+00
     vertex  2.665000e+00 -2.628271e+01  5.354548e+00
   endloop
 endfacet
 facet normal -1.000000e+00 -6.043408e-16 -3.247621e-16
   outer loop
     vertex  2.665000e+00 -2.747735e+01  4.842748e+00
     vertex  2.665000e+00 -2.628271e+01  5.354548e+00
     vertex  2.665000e+00 -2.740745e+01  4.712671e+00
   endloop
 endfacet
 facet normal -1.000000e+00 -6.197429e-16 -2.942275e-16
   outer loop
     vertex  2.665000e+00 -2.754075e+01  4.976113e+00
     vertex  2.665000e+00 -2.635820e+01  5.503942e+00
     vertex  2.665000e+00 -2.632230e+01  5.428315e+00
   endloop
 endfacet
 facet normal -1.000000e+00 -6.196127e-16 -2.945786e-16
   outer loop
     vertex  2.665000e+00 -2.754075e+01  4.976113e+00
     vertex  2.665000e+00 -2.632230e+01  5.428315e+00
     vertex  2.665000e+00 -2.747735e+01  4.842748e+00
   endloop
 endfacet
 facet normal -1.000000e+00 -6.333782e-16 -2.636790e-16
   outer loop
     vertex  2.665000e+00 -2.759751e+01  5.112441e+00
     vertex  2.665000e+00 -2.635820e+01  5.503942e+00
     vertex  2.665000e+00 -2.754075e+01  4.976113e+00
   endloop
 endfacet
 facet normal -1.000000e+00 -6.334785e-16 -2.633616e-16
   outer loop
     vertex  2.665000e+00 -2.759751e+01  5.112441e+00
     vertex  2.665000e+00 -2.639034e+01  5.581244e+00
     vertex  2.665000e+00 -2.635820e+01  5.503942e+00
   endloop
 endfacet
 facet normal -1.000000e+00 -6.456040e-16 -2.321386e-16
   outer loop
     vertex  2.665000e+00 -2.764747e+01  5.251401e+00
     vertex  2.665000e+00 -2.639034e+01  5.581244e+00
     vertex  2.665000e+00 -2.759751e+01  5.112441e+00
   endloop
 endfacet
 facet normal -1.000000e+00 -6.456779e-16 -2.318569e-16
   outer loop
     vertex  2.665000e+00 -2.764747e+01  5.251401e+00
     vertex  2.665000e+00 -2.641863e+01  5.660035e+00
     vertex  2.665000e+00 -2.639034e+01  5.581244e+00
   endloop
 endfacet
 facet normal -1.000000e+00 -6.562602e-16 -2.000339e-16
   outer loop
     vertex  2.665000e+00 -2.769053e+01  5.392655e+00
     vertex  2.665000e+00 -2.641863e+01  5.660035e+00
     vertex  2.665000e+00 -2.764747e+01  5.251401e+00
   endloop
 endfacet
 facet normal -1.000000e+00 -6.563115e-16 -1.997896e-16
   outer loop
     vertex  2.665000e+00 -2.769053e+01  5.392655e+00
     vertex  2.665000e+00 -2.644301e+01  5.740123e+00
     vertex  2.665000e+00 -2.641863e+01  5.660035e+00
   endloop
 endfacet
 facet normal -1.000000e+00 -6.653210e-16 -1.674430e-16
   outer loop
     vertex  2.665000e+00 -2.772657e+01  5.535859e+00
     vertex  2.665000e+00 -2.644301e+01  5.740123e+00
     vertex  2.665000e+00 -2.769053e+01  5.392655e+00
   endloop
 endfacet
 facet normal -1.000000e+00 -6.653537e-16 -1.672376e-16
   outer loop
     vertex  2.665000e+00 -2.772657e+01  5.535859e+00
     vertex  2.665000e+00 -2.646342e+01  5.821314e+00
     vertex  2.665000e+00 -2.644301e+01  5.740123e+00
   endloop
 endfacet
 facet normal -1.000000e+00 -6.727643e-16 -1.344453e-16
   outer loop
     vertex  2.665000e+00 -2.775551e+01  5.680665e+00
     vertex  2.665000e+00 -2.646342e+01  5.821314e+00
     vertex  2.665000e+00 -2.772657e+01  5.535859e+00
   endloop
 endfacet
 facet normal -1.000000e+00 -6.727823e-16 -1.342798e-16
   outer loop
     vertex  2.665000e+00 -2.775551e+01  5.680665e+00
     vertex  2.665000e+00 -2.647981e+01  5.903411e+00
     vertex  2.665000e+00 -2.646342e+01  5.821314e+00
   endloop
 endfacet
 facet normal -1.000000e+00 -6.785795e-16 -1.009962e-16
   outer loop
     vertex  2.665000e+00 -2.777727e+01  5.826722e+00
     vertex  2.665000e+00 -2.649213e+01  5.986216e+00
     vertex  2.665000e+00 -2.647981e+01  5.903411e+00
   endloop
 endfacet
 facet normal -1.000000e+00 -6.785721e-16 -1.011208e-16
   outer loop
     vertex  2.665000e+00 -2.777727e+01  5.826722e+00
     vertex  2.665000e+00 -2.647981e+01  5.903411e+00
     vertex  2.665000e+00 -2.775551e+01  5.680665e+00
   endloop
 endfacet
 facet normal -1.000000e+00 -6.827303e-16 -6.755061e-17
   outer loop
     vertex  2.665000e+00 -2.779181e+01  5.973675e+00
     vertex  2.665000e+00 -2.649213e+01  5.986216e+00
     vertex  2.665000e+00 -2.777727e+01  5.826722e+00
   endloop
 endfacet
 facet normal -1.000000e+00 -6.827311e-16 -6.746740e-17
   outer loop
     vertex  2.665000e+00 -2.779181e+01  5.973675e+00
     vertex  2.665000e+00 -2.650036e+01  6.069527e+00
     vertex  2.665000e+00 -2.649213e+01  5.986216e+00
   endloop
 endfacet
 facet normal -1.000000e+00 -6.852287e-16 -3.381634e-17
   outer loop
     vertex  2.665000e+00 -2.779909e+01  6.121165e+00
     vertex  2.665000e+00 -2.650036e+01  6.069527e+00
     vertex  2.665000e+00 -2.779181e+01  5.973675e+00
   endloop
 endfacet
 facet normal -1.000000e+00 -6.852270e-16 -3.377477e-17
   outer loop
     vertex  2.665000e+00 -2.779909e+01  6.121165e+00
     vertex  2.665000e+00 -2.650448e+01  6.153142e+00
     vertex  2.665000e+00 -2.650036e+01  6.069527e+00
   endloop
 endfacet
 facet normal -1.000000e+00 -6.860612e-16 -0.000000e+00
   outer loop
     vertex  2.665000e+00 -2.779909e+01  6.268835e+00
     vertex  2.665000e+00 -2.650448e+01  6.153142e+00
     vertex  2.665000e+00 -2.779909e+01  6.121165e+00
   endloop
 endfacet
 facet normal -1.000000e+00 -6.852270e-16  3.377477e-17
   outer loop
     vertex  2.665000e+00 -2.779909e+01  6.268835e+00
     vertex  2.665000e+00 -2.650036e+01  6.320473e+00
     vertex  2.665000e+00 -2.650448e+01  6.236858e+00
   endloop
 endfacet
 facet normal -1.000000e+00 -6.860612e-16  0.000000e+00
   outer loop
     vertex  2.665000e+00 -2.779909e+01  6.268835e+00
     vertex  2.665000e+00 -2.650448e+01  6.236858e+00
     vertex  2.665000e+00 -2.650448e+01  6.153142e+00
   endloop
 endfacet
 facet normal -1.000000e+00 -6.852287e-16  3.381634e-17
   outer loop
     vertex  2.665000e+00 -2.779181e+01  6.416325e+00
     vertex  2.665000e+00 -2.650036e+01  6.320473e+00
     vertex  2.665000e+00 -2.779909e+01  6.268835e+00
   endloop
 endfacet
 facet normal -1.000000e+00 -6.827311e-16  6.746740e-17
   outer loop
     vertex  2.665000e+00 -2.779181e+01  6.416325e+00
     vertex  2.665000e+00 -2.649213e+01  6.403784e+00
     vertex  2.665000e+00 -2.650036e+01  6.320473e+00
   endloop
 endfacet
 facet normal -1.000000e+00  0.000000e+00  0.000000e+00
   outer loop
     vertex  2.665000e+00 -2.515205e+01  9.169824e+00
     vertex  2.665000e+00 -2.500500e+01  9.183315e+00
     vertex  2.665000e+00 -2.500500e+01  7.883194e+00
   endloop
 endfacet
 facet normal -1.000000e+00 -6.827303e-16  6.755061e-17
   outer loop
     vertex  2.665000e+00 -2.777727e+01  6.563278e+00
     vertex  2.665000e+00 -2.649213e+01  6.403784e+00
     vertex  2.665000e+00 -2.779181e+01  6.416325e+00
   endloop
 endfacet
 facet normal -1.000000e+00 -6.785795e-16  1.009962e-16
   outer loop
     vertex  2.665000e+00 -2.777727e+01  6.563278e+00
     vertex  2.665000e+00 -2.647981e+01  6.486589e+00
     vertex  2.665000e+00 -2.649213e+01  6.403784e+00
   endloop
 endfacet
 facet normal -1.000000e+00  0.000000e+00  0.000000e+00
   outer loop
     vertex  2.665000e+00 -2.529826e+01  9.149102e+00
     vertex  2.665000e+00 -2.515205e+01  9.169824e+00
     vertex  2.665000e+00 -2.500500e+01  7.883194e+00
   endloop
 endfacet
 facet normal -1.000000e+00  1.037317e-14  2.403055e-15
   outer loop
     vertex  2.665000e+00 -2.529826e+01  9.149102e+00
     vertex  2.665000e+00 -2.500500e+01  7.883194e+00
     vertex  2.665000e+00 -2.508787e+01  7.871301e+00
   endloop
 endfacet
 facet normal -1.000000e+00 -6.785721e-16  1.011208e-16
   outer loop
     vertex  2.665000e+00 -2.775551e+01  6.709335e+00
     vertex  2.665000e+00 -2.647981e+01  6.486589e+00
     vertex  2.665000e+00 -2.777727e+01  6.563278e+00
   endloop
 endfacet
 facet normal -1.000000e+00 -6.727823e-16  1.342798e-16
   outer loop
     vertex  2.665000e+00 -2.775551e+01  6.709335e+00
     vertex  2.665000e+00 -2.646342e+01  6.568686e+00
     vertex  2.665000e+00 -2.647981e+01  6.486589e+00
   endloop
 endfacet
 facet normal -1.000000e+00 -1.307658e-16  6.734186e-16
   outer loop
     vertex  2.665000e+00 -2.544327e+01  9.121198e+00
     vertex  2.665000e+00 -2.508787e+01  7.871301e+00
     vertex  2.665000e+00 -2.517005e+01  7.855343e+00
   endloop
 endfacet
 facet normal -1.000000e+00 -1.296456e-16  6.737372e-16
   outer loop
     vertex  2.665000e+00 -2.544327e+01  9.121198e+00
     vertex  2.665000e+00 -2.529826e+01  9.149102e+00
     vertex  2.665000e+00 -2.508787e+01  7.871301e+00
   endloop
 endfacet
 facet normal -1.000000e+00 -6.727643e-16  1.344453e-16
   outer loop
     vertex  2.665000e+00 -2.772657e+01  6.854141e+00
     vertex  2.665000e+00 -2.646342e+01  6.568686e+00
     vertex  2.665000e+00 -2.775551e+01  6.709335e+00
   endloop
 endfacet
 facet normal -1.000000e+00 -6.653537e-16  1.672376e-16
   outer loop
     vertex  2.665000e+00 -2.772657e+01  6.854141e+00
     vertex  2.665000e+00 -2.644301e+01  6.649877e+00
     vertex  2.665000e+00 -2.646342e+01  6.568686e+00
   endloop
 endfacet
 facet normal -1.000000e+00 -1.626965e-16  6.665267e-16
   outer loop
     vertex  2.665000e+00 -2.558673e+01  9.086181e+00
     vertex  2.665000e+00 -2.544327e+01  9.121198e+00
     vertex  2.665000e+00 -2.517005e+01  7.855343e+00
   endloop
 endfacet
 facet normal -1.000000e+00 -1.637603e-16  6.661666e-16
   outer loop
     vertex  2.665000e+00 -2.558673e+01  9.086181e+00
     vertex  2.665000e+00 -2.517005e+01  7.855343e+00
     vertex  2.665000e+00 -2.525135e+01  7.835358e+00
   endloop
 endfacet
 facet normal -1.000000e+00 -6.653210e-16  1.674430e-16
   outer loop
     vertex  2.665000e+00 -2.769053e+01  6.997345e+00
     vertex  2.665000e+00 -2.644301e+01  6.649877e+00
     vertex  2.665000e+00 -2.772657e+01  6.854141e+00
   endloop
 endfacet
 facet normal -1.000000e+00 -6.563115e-16  1.997896e-16
   outer loop
     vertex  2.665000e+00 -2.769053e+01  6.997345e+00
     vertex  2.665000e+00 -2.641863e+01  6.729965e+00
     vertex  2.665000e+00 -2.644301e+01  6.649877e+00
   endloop
 endfacet
 facet normal -1.000000e+00 -1.953518e-16  6.576960e-16
   outer loop
     vertex  2.665000e+00 -2.572829e+01  9.044135e+00
     vertex  2.665000e+00 -2.558673e+01  9.086181e+00
     vertex  2.665000e+00 -2.525135e+01  7.835358e+00
   endloop
 endfacet
 facet normal -1.000000e+00 -1.963578e-16  6.572990e-16
   outer loop
     vertex  2.665000e+00 -2.572829e+01  9.044135e+00
     vertex  2.665000e+00 -2.525135e+01  7.835358e+00
     vertex  2.665000e+00 -2.533156e+01  7.811396e+00
   endloop
 endfacet
 facet normal -1.000000e+00 -6.562602e-16  2.000339e-16
   outer loop
     vertex  2.665000e+00 -2.764747e+01  7.138599e+00
     vertex  2.665000e+00 -2.641863e+01  6.729965e+00
     vertex  2.665000e+00 -2.769053e+01  6.997345e+00
   endloop
 endfacet
 facet normal -1.000000e+00 -6.456779e-16  2.318569e-16
   outer loop
     vertex  2.665000e+00 -2.764747e+01  7.138599e+00
     vertex  2.665000e+00 -2.639034e+01  6.808756e+00
     vertex  2.665000e+00 -2.641863e+01  6.729965e+00
   endloop
 endfacet
 facet normal -1.000000e+00 -2.275321e-16  6.472664e-16
   outer loop
     vertex  2.665000e+00 -2.586760e+01  8.995162e+00
     vertex  2.665000e+00 -2.572829e+01  9.044135e+00
     vertex  2.665000e+00 -2.533156e+01  7.811396e+00
   endloop
 endfacet
 facet normal -1.000000e+00 -2.284794e-16  6.468374e-16
   outer loop
     vertex  2.665000e+00 -2.586760e+01  8.995162e+00
     vertex  2.665000e+00 -2.533156e+01  7.811396e+00
     vertex  2.665000e+00 -2.541050e+01  7.783513e+00
   endloop
 endfacet
 facet normal -1.000000e+00 -6.456040e-16  2.321386e-16
   outer loop
     vertex  2.665000e+00 -2.759751e+01  7.277559e+00
     vertex  2.665000e+00 -2.639034e+01  6.808756e+00
     vertex  2.665000e+00 -2.764747e+01  7.138599e+00
   endloop
 endfacet
 facet normal -1.000000e+00 -6.334785e-16  2.633616e-16
   outer loop
     vertex  2.665000e+00 -2.759751e+01  7.277559e+00
     vertex  2.665000e+00 -2.635820e+01  6.886058e+00
     vertex  2.665000e+00 -2.639034e+01  6.808756e+00
   endloop
 endfacet
 facet normal -1.000000e+00 -2.600471e-16  6.348071e-16
   outer loop
     vertex  2.665000e+00 -2.600433e+01  8.939383e+00
     vertex  2.665000e+00 -2.541050e+01  7.783513e+00
     vertex  2.665000e+00 -2.548796e+01  7.751779e+00
   endloop
 endfacet
 facet normal -1.000000e+00 -2.591591e-16  6.352633e-16
   outer loop
     vertex  2.665000e+00 -2.600433e+01  8.939383e+00
     vertex  2.665000e+00 -2.586760e+01  8.995162e+00
     vertex  2.665000e+00 -2.541050e+01  7.783513e+00
   endloop
 endfacet
 facet normal -1.000000e+00 -6.333782e-16  2.636790e-16
   outer loop
     vertex  2.665000e+00 -2.754075e+01  7.413887e+00
     vertex  2.665000e+00 -2.635820e+01  6.886058e+00
     vertex  2.665000e+00 -2.759751e+01  7.277559e+00
   endloop
 endfacet
 facet normal -1.000000e+00 -6.197429e-16  2.942275e-16
   outer loop
     vertex  2.665000e+00 -2.754075e+01  7.413887e+00
     vertex  2.665000e+00 -2.632230e+01  6.961685e+00
     vertex  2.665000e+00 -2.635820e+01  6.886058e+00
   endloop
 endfacet
 facet normal -1.000000e+00 -2.901560e-16  6.217159e-16
   outer loop
     vertex  2.665000e+00 -2.613814e+01  8.876931e+00
     vertex  2.665000e+00 -2.600433e+01  8.939383e+00
     vertex  2.665000e+00 -2.548796e+01  7.751779e+00
   endloop
 endfacet
 facet normal -1.000000e+00 -2.909844e-16  6.212372e-16
   outer loop
     vertex  2.665000e+00 -2.613814e+01  8.876931e+00
     vertex  2.665000e+00 -2.548796e+01  7.751779e+00
     vertex  2.665000e+00 -2.556378e+01  7.716268e+00
   endloop
 endfacet
 facet normal -1.000000e+00 -6.196127e-16  2.945786e-16
   outer loop
     vertex  2.665000e+00 -2.747735e+01  7.547252e+00
     vertex  2.665000e+00 -2.632230e+01  6.961685e+00
     vertex  2.665000e+00 -2.754075e+01  7.413887e+00
   endloop
 endfacet
 facet normal -1.000000e+00 -6.045046e-16  3.243797e-16
   outer loop
     vertex  2.665000e+00 -2.747735e+01  7.547252e+00
     vertex  2.665000e+00 -2.628271e+01  7.035452e+00
     vertex  2.665000e+00 -2.632230e+01  6.961685e+00
   endloop
 endfacet
 facet normal -1.000000e+00 -3.204473e-16  6.066571e-16
   outer loop
     vertex  2.665000e+00 -2.626872e+01  8.807960e+00
     vertex  2.665000e+00 -2.613814e+01  8.876931e+00
     vertex  2.665000e+00 -2.556378e+01  7.716268e+00
   endloop
 endfacet
 facet normal -1.000000e+00 -3.212162e-16  6.061607e-16
   outer loop
     vertex  2.665000e+00 -2.626872e+01  8.807960e+00
     vertex  2.665000e+00 -2.556378e+01  7.716268e+00
     vertex  2.665000e+00 -2.563775e+01  7.677069e+00
   endloop
 endfacet
 facet normal -1.000000e+00 -6.043408e-16  3.247621e-16
   outer loop
     vertex  2.665000e+00 -2.740745e+01  7.677329e+00
     vertex  2.665000e+00 -2.628271e+01  7.035452e+00
     vertex  2.665000e+00 -2.747735e+01  7.547252e+00
   endloop
 endfacet
 facet normal -1.000000e+00 -5.878004e-16  3.537450e-16
   outer loop
     vertex  2.665000e+00 -2.740745e+01  7.677329e+00
     vertex  2.665000e+00 -2.623955e+01  7.107181e+00
     vertex  2.665000e+00 -2.628271e+01  7.035452e+00
   endloop
 endfacet
 facet normal -1.000000e+00 -3.499596e-16  5.901237e-16
   outer loop
     vertex  2.665000e+00 -2.639573e+01  8.732637e+00
     vertex  2.665000e+00 -2.626872e+01  8.807960e+00
     vertex  2.665000e+00 -2.563775e+01  7.677069e+00
   endloop
 endfacet
 facet normal -1.000000e+00 -3.506692e-16  5.896141e-16
   outer loop
     vertex  2.665000e+00 -2.639573e+01  8.732637e+00
     vertex  2.665000e+00 -2.563775e+01  7.677069e+00
     vertex  2.665000e+00 -2.570970e+01  7.634276e+00
   endloop
 endfacet
 facet normal -1.000000e+00 -5.875996e-16  3.541563e-16
   outer loop
     vertex  2.665000e+00 -2.733122e+01  7.803803e+00
     vertex  2.665000e+00 -2.623955e+01  7.107181e+00
     vertex  2.665000e+00 -2.740745e+01  7.677329e+00
   endloop
 endfacet
 facet normal -1.000000e+00 -5.696708e-16  3.822523e-16
   outer loop
     vertex  2.665000e+00 -2.733122e+01  7.803803e+00
     vertex  2.665000e+00 -2.619290e+01  7.176698e+00
     vertex  2.665000e+00 -2.623955e+01  7.107181e+00
   endloop
 endfacet
 facet normal -1.000000e+00 -3.786210e-16  5.721556e-16
   outer loop
     vertex  2.665000e+00 -2.651888e+01  8.651145e+00
     vertex  2.665000e+00 -2.639573e+01  8.732637e+00
     vertex  2.665000e+00 -2.570970e+01  7.634276e+00
   endloop
 endfacet
 facet normal -1.000000e+00 -3.792720e-16  5.716376e-16
   outer loop
     vertex  2.665000e+00 -2.651888e+01  8.651145e+00
     vertex  2.665000e+00 -2.570970e+01  7.634276e+00
     vertex  2.665000e+00 -2.577946e+01  7.587992e+00
   endloop
 endfacet
 facet normal -1.000000e+00 -5.694299e-16  3.826896e-16
   outer loop
     vertex  2.665000e+00 -2.724885e+01  7.926366e+00
     vertex  2.665000e+00 -2.619290e+01  7.176698e+00
     vertex  2.665000e+00 -2.733122e+01  7.803803e+00
   endloop
 endfacet
 facet normal -1.000000e+00 -5.501599e-16  4.098324e-16
   outer loop
     vertex  2.665000e+00 -2.724885e+01  7.926366e+00
     vertex  2.665000e+00 -2.614289e+01  7.243834e+00
     vertex  2.665000e+00 -2.619290e+01  7.176698e+00
   endloop
 endfacet
 facet normal -1.000000e+00 -4.063618e-16  5.527967e-16
   outer loop
     vertex  2.665000e+00 -2.663786e+01  8.563681e+00
     vertex  2.665000e+00 -2.651888e+01  8.651145e+00
     vertex  2.665000e+00 -2.577946e+01  7.587992e+00
   endloop
 endfacet
 facet normal -1.000000e+00 -4.069553e-16  5.522746e-16
   outer loop
     vertex  2.665000e+00 -2.663786e+01  8.563681e+00
     vertex  2.665000e+00 -2.577946e+01  7.587992e+00
     vertex  2.665000e+00 -2.584686e+01  7.538330e+00
   endloop
 endfacet
 facet normal -1.000000e+00 -5.498759e-16  4.102927e-16
   outer loop
     vertex  2.665000e+00 -2.716054e+01  8.044720e+00
     vertex  2.665000e+00 -2.614289e+01  7.243834e+00
     vertex  2.665000e+00 -2.724885e+01  7.926366e+00
   endloop
 endfacet
 facet normal -1.000000e+00 -5.293149e-16  4.364185e-16
   outer loop
     vertex  2.665000e+00 -2.716054e+01  8.044720e+00
     vertex  2.665000e+00 -2.608963e+01  7.308427e+00
     vertex  2.665000e+00 -2.614289e+01  7.243834e+00
   endloop
 endfacet
 facet normal -1.000000e+00 -4.331147e-16  5.320940e-16
   outer loop
     vertex  2.665000e+00 -2.675239e+01  8.470460e+00
     vertex  2.665000e+00 -2.663786e+01  8.563681e+00
     vertex  2.665000e+00 -2.584686e+01  7.538330e+00
   endloop
 endfacet
 facet normal -1.000000e+00 -4.336518e-16  5.315723e-16
   outer loop
     vertex  2.665000e+00 -2.675239e+01  8.470460e+00
     vertex  2.665000e+00 -2.584686e+01  7.538330e+00
     vertex  2.665000e+00 -2.591173e+01  7.485411e+00
   endloop
 endfacet
 facet normal -1.000000e+00 -5.289850e-16  4.368984e-16
   outer loop
     vertex  2.665000e+00 -2.706650e+01  8.158578e+00
     vertex  2.665000e+00 -2.608963e+01  7.308427e+00
     vertex  2.665000e+00 -2.716054e+01  8.044720e+00
   endloop
 endfacet
 facet normal -1.000000e+00 -5.071865e-16  4.619460e-16
   outer loop
     vertex  2.665000e+00 -2.706650e+01  8.158578e+00
     vertex  2.665000e+00 -2.603326e+01  7.370319e+00
     vertex  2.665000e+00 -2.608963e+01  7.308427e+00
   endloop
 endfacet
 facet normal -1.000000e+00 -4.588145e-16  5.100979e-16
   outer loop
     vertex  2.665000e+00 -2.686218e+01  8.371706e+00
     vertex  2.665000e+00 -2.675239e+01  8.470460e+00
     vertex  2.665000e+00 -2.591173e+01  7.485411e+00
   endloop
 endfacet
 facet normal -1.000000e+00 -4.592969e-16  5.095807e-16
   outer loop
     vertex  2.665000e+00 -2.686218e+01  8.371706e+00
     vertex  2.665000e+00 -2.591173e+01  7.485411e+00
     vertex  2.665000e+00 -2.597391e+01  7.429362e+00
   endloop
 endfacet
 facet normal -1.000000e+00 -5.068080e-16  4.624421e-16
   outer loop
     vertex  2.665000e+00 -2.696697e+01  8.267661e+00
     vertex  2.665000e+00 -2.603326e+01  7.370319e+00
     vertex  2.665000e+00 -2.706650e+01  8.158578e+00
   endloop
 endfacet
 facet normal -1.000000e+00 -4.833989e-16  4.868618e-16
   outer loop
     vertex  2.665000e+00 -2.696697e+01  8.267661e+00
     vertex  2.665000e+00 -2.686218e+01  8.371706e+00
     vertex  2.665000e+00 -2.597391e+01  7.429362e+00
   endloop
 endfacet
 facet normal -1.000000e+00 -4.838283e-16  4.863531e-16
   outer loop
     vertex  2.665000e+00 -2.696697e+01  8.267661e+00
     vertex  2.665000e+00 -2.597391e+01  7.429362e+00
     vertex  2.665000e+00 -2.603326e+01  7.370319e+00
   endloop
 endfacet
 facet normal  0.000000e+00 -1.000000e+00  5.845676e-12
   outer loop
     vertex  1.116500e+01 -2.500500e+01  9.190000e+00
     vertex  2.665000e+00 -2.500500e+01  9.183315e+00
     vertex  1.116500e+01 -2.500500e+01  9.183315e+00
   endloop
 endfacet
 facet normal  0.000000e+00 -1.000000e+00  5.845676e-12
   outer loop
     vertex  1.116500e+01 -2.500500e+01  9.190000e+00
     vertex  2.665000e+00 -2.500500e+01  9.190000e+00
     vertex  2.665000e+00 -2.500500e+01  9.183315e+00
   endloop
 endfacet
 facet normal  0.000000e+00  0.000000e+00  1.000000e+00
   outer loop
     vertex  1.116500e+01 -2.480500e+01  9.190000e+00
     vertex  2.665000e+00 -2.480500e+01  9.190000e+00
     vertex  2.665000e+00 -2.500500e+01  9.190000e+00
   endloop
 endfacet
 facet normal  0.000000e+00  0.000000e+00  1.000000e+00
   outer loop
     vertex  1.116500e+01 -2.480500e+01  9.190000e+00
     vertex  2.665000e+00 -2.500500e+01  9.190000e+00
     vertex  1.116500e+01 -2.500500e+01  9.190000e+00
   endloop
 endfacet
 facet normal  0.000000e+00  0.000000e+00  1.000000e+00
   outer loop
     vertex  1.116500e+01 -1.810000e+01  9.190000e+00
     vertex  2.665000e+00 -1.810000e+01  9.190000e+00
     vertex  2.665000e+00 -2.480500e+01  9.190000e+00
   endloop
 endfacet
 facet normal  0.000000e+00  0.000000e+00  1.000000e+00
   outer loop
     vertex  1.116500e+01 -1.810000e+01  9.190000e+00
     vertex  2.665000e+00 -2.480500e+01  9.190000e+00
     vertex  1.116500e+01 -2.480500e+01  9.190000e+00
   endloop
 endfacet
 facet normal  0.000000e+00  1.000000e+00  0.000000e+00
   outer loop
     vertex  1.116500e+01 -1.810000e+01  9.190000e+00
     vertex  1.116500e+01 -1.810000e+01  3.200000e+00
     vertex  2.665000e+00 -1.810000e+01  3.200000e+00
   endloop
 endfacet
 facet normal  0.000000e+00  1.000000e+00  0.000000e+00
   outer loop
     vertex  1.116500e+01 -1.810000e+01  9.190000e+00
     vertex  2.665000e+00 -1.810000e+01  3.200000e+00
     vertex  2.665000e+00 -1.810000e+01  9.190000e+00
   endloop
 endfacet
 facet normal  0.000000e+00  0.000000e+00  1.000000e+00
   outer loop
     vertex -1.116500e+01 -1.810000e+01  3.200000e+00
     vertex -1.522500e+01 -1.910000e+01  3.200000e+00
     vertex -1.116500e+01 -1.910000e+01  3.200000e+00
   endloop
 endfacet
 facet normal  0.000000e+00  0.000000e+00  1.000000e+00
   outer loop
     vertex -1.522500e+01 -4.900000e+00  3.200000e+00
     vertex -1.522500e+01 -1.910000e+01  3.200000e+00
     vertex -1.116500e+01 -1.810000e+01  3.200000e+00
   endloop
 endfacet
 facet normal  0.000000e+00  0.000000e+00  1.000000e+00
   outer loop
     vertex -1.202500e+01 -4.900000e+00  3.200000e+00
     vertex -1.522500e+01 -4.900000e+00  3.200000e+00
     vertex -1.116500e+01 -1.810000e+01  3.200000e+00
   endloop
 endfacet
 facet normal  0.000000e+00  0.000000e+00  1.000000e+00
   outer loop
     vertex  2.665000e+00 -1.810000e+01  3.200000e+00
     vertex -2.665000e+00 -1.810000e+01  3.200000e+00
     vertex -2.665000e+00 -1.910000e+01  3.200000e+00
   endloop
 endfacet
 facet normal  0.000000e+00  0.000000e+00  1.000000e+00
   outer loop
     vertex  2.665000e+00 -1.810000e+01  3.200000e+00
     vertex -2.665000e+00 -1.910000e+01  3.200000e+00
     vertex  2.665000e+00 -1.910000e+01  3.200000e+00
   endloop
 endfacet
 facet normal  0.000000e+00  0.000000e+00  1.000000e+00
   outer loop
     vertex -8.450000e+00 -4.900000e+00  3.200000e+00
     vertex -1.116500e+01 -1.810000e+01  3.200000e+00
     vertex -2.665000e+00 -1.810000e+01  3.200000e+00
   endloop
 endfacet
 facet normal  0.000000e+00  0.000000e+00  1.000000e+00
   outer loop
     vertex -8.450000e+00 -4.900000e+00  3.200000e+00
     vertex -1.202500e+01 -4.900000e+00  3.200000e+00
     vertex -1.116500e+01 -1.810000e+01  3.200000e+00
   endloop
 endfacet
 facet normal  0.000000e+00  0.000000e+00  1.000000e+00
   outer loop
     vertex -8.450000e+00 -4.900000e+00  3.200000e+00
     vertex -2.665000e+00 -1.810000e+01  3.200000e+00
     vertex  2.665000e+00 -1.810000e+01  3.200000e+00
   endloop
 endfacet
 facet normal  0.000000e+00  0.000000e+00  1.000000e+00
   outer loop
     vertex  1.522500e+01 -1.910000e+01  3.200000e+00
     vertex  1.116500e+01 -1.810000e+01  3.200000e+00
     vertex  1.116500e+01 -1.910000e+01  3.200000e+00
   endloop
 endfacet
 facet normal  0.000000e+00  0.000000e+00  1.000000e+00
   outer loop
     vertex  8.450000e+00 -4.900000e+00  3.200000e+00
     vertex  2.665000e+00 -1.810000e+01  3.200000e+00
     vertex  1.116500e+01 -1.810000e+01  3.200000e+00
   endloop
 endfacet
 facet normal  0.000000e+00  0.000000e+00  1.000000e+00
   outer loop
     vertex  8.450000e+00 -4.900000e+00  3.200000e+00
     vertex -8.450000e+00 -4.900000e+00  3.200000e+00
     vertex  2.665000e+00 -1.810000e+01  3.200000e+00
   endloop
 endfacet
 facet normal  0.000000e+00  0.000000e+00  1.000000e+00
   outer loop
     vertex  1.202500e+01 -4.900000e+00  3.200000e+00
     vertex  8.450000e+00 -4.900000e+00  3.200000e+00
     vertex  1.116500e+01 -1.810000e+01  3.200000e+00
   endloop
 endfacet
 facet normal  0.000000e+00  0.000000e+00  1.000000e+00
   outer loop
     vertex  1.522500e+01 -4.900000e+00  3.200000e+00
     vertex  1.116500e+01 -1.810000e+01  3.200000e+00
     vertex  1.522500e+01 -1.910000e+01  3.200000e+00
   endloop
 endfacet
 facet normal  0.000000e+00  0.000000e+00  1.000000e+00
   outer loop
     vertex  1.522500e+01 -4.900000e+00  3.200000e+00
     vertex  1.202500e+01 -4.900000e+00  3.200000e+00
     vertex  1.116500e+01 -1.810000e+01  3.200000e+00
   endloop
 endfacet
 facet normal  0.000000e+00  0.000000e+00  1.000000e+00
   outer loop
     vertex -8.450000e+00  1.910000e+01  3.200000e+00
     vertex -1.202500e+01  1.910000e+01  3.200000e+00
     vertex -1.202500e+01 -4.900000e+00  3.200000e+00
   endloop
 endfacet
 facet normal  0.000000e+00  0.000000e+00  1.000000e+00
   outer loop
     vertex -8.450000e+00  1.910000e+01  3.200000e+00
     vertex -1.202500e+01 -4.900000e+00  3.200000e+00
     vertex -8.450000e+00 -4.900000e+00  3.200000e+00
   endloop
 endfacet
 facet normal  0.000000e+00  0.000000e+00  1.000000e+00
   outer loop
     vertex  1.202500e+01  1.910000e+01  3.200000e+00
     vertex  8.450000e+00  1.910000e+01  3.200000e+00
     vertex  8.450000e+00 -4.900000e+00  3.200000e+00
   endloop
 endfacet
 facet normal  0.000000e+00  0.000000e+00  1.000000e+00
   outer loop
     vertex  1.202500e+01  1.910000e+01  3.200000e+00
     vertex  8.450000e+00 -4.900000e+00  3.200000e+00
     vertex  1.202500e+01 -4.900000e+00  3.200000e+00
   endloop
 endfacet
 facet normal  0.000000e+00  0.000000e+00 -1.000000e+00
   outer loop
     vertex  1.116500e+01 -2.480500e+01  3.200000e+00
     vertex  2.665000e+00 -2.480500e+01  3.200000e+00
     vertex  2.665000e+00 -1.910000e+01  3.200000e+00
   endloop
 endfacet
 facet normal -0.000000e+00 -0.000000e+00 -1.000000e+00
   outer loop
     vertex  1.116500e+01 -1.910000e+01  3.200000e+00
     vertex  1.116500e+01 -2.480500e+01  3.200000e+00
     vertex  2.665000e+00 -1.910000e+01  3.200000e+00
   endloop
 endfacet
 facet normal  0.000000e+00 -1.000000e+00  9.034227e-12
   outer loop
     vertex  1.116500e+01 -2.500500e+01  3.206685e+00
     vertex  2.665000e+00 -2.500500e+01  3.200000e+00
     vertex  1.116500e+01 -2.500500e+01  3.200000e+00
   endloop
 endfacet
 facet normal  0.000000e+00 -1.000000e+00  9.034227e-12
   outer loop
     vertex  1.116500e+01 -2.500500e+01  3.206685e+00
     vertex  2.665000e+00 -2.500500e+01  3.206685e+00
     vertex  2.665000e+00 -2.500500e+01  3.200000e+00
   endloop
 endfacet
 facet normal -0.000000e+00  0.000000e+00 -1.000000e+00
   outer loop
     vertex  1.116500e+01 -2.480500e+01  3.200000e+00
     vertex  2.665000e+00 -2.500500e+01  3.200000e+00
     vertex  2.665000e+00 -2.480500e+01  3.200000e+00
   endloop
 endfacet
 facet normal  0.000000e+00 -0.000000e+00 -1.000000e+00
   outer loop
     vertex  1.116500e+01 -2.480500e+01  3.200000e+00
     vertex  1.116500e+01 -2.500500e+01  3.200000e+00
     vertex  2.665000e+00 -2.500500e+01  3.200000e+00
   endloop
 endfacet
 facet normal -1.000000e+00  0.000000e+00 -0.000000e+00
   outer loop
     vertex  2.665000e+00 -2.500500e+01  9.190000e+00
     vertex  2.665000e+00 -2.493839e+01  9.187028e+00
     vertex  2.665000e+00 -2.500500e+01  9.183315e+00
   endloop
 endfacet
 facet normal -1.000000e+00 -0.000000e+00  0.000000e+00
   outer loop
     vertex  2.665000e+00 -2.480500e+01  9.190000e+00
     vertex  2.665000e+00 -2.487171e+01  9.189257e+00
     vertex  2.665000e+00 -2.500500e+01  9.190000e+00
   endloop
 endfacet
 facet normal -1.000000e+00 -0.000000e+00  0.000000e+00
   outer loop
     vertex  2.665000e+00 -2.487171e+01  9.189257e+00
     vertex  2.665000e+00 -2.493839e+01  9.187028e+00
     vertex  2.665000e+00 -2.500500e+01  9.190000e+00
   endloop
 endfacet
 facet normal -1.000000e+00  9.895963e-17 -1.014583e-16
   outer loop
     vertex  2.665000e+00 -2.276788e+01  3.999510e+00
     vertex  2.665000e+00 -2.266098e+01  4.103781e+00
     vertex  2.665000e+00 -1.910000e+01  3.200000e+00
   endloop
 endfacet
 facet normal -1.000000e+00  1.009394e-16 -9.365803e-17
   outer loop
     vertex  2.665000e+00 -2.255941e+01  4.213251e+00
     vertex  2.665000e+00 -1.910000e+01  3.200000e+00
     vertex  2.665000e+00 -2.266098e+01  4.103781e+00
   endloop
 endfacet
 facet normal -1.000000e+00  9.709336e-17 -1.100201e-16
   outer loop
     vertex  2.665000e+00 -2.287985e+01  3.900697e+00
     vertex  2.665000e+00 -2.276788e+01  3.999510e+00
     vertex  2.665000e+00 -1.910000e+01  3.200000e+00
   endloop
 endfacet
 facet normal -1.000000e+00  1.030459e-16 -8.646581e-17
   outer loop
     vertex  2.665000e+00 -2.246341e+01  4.327648e+00
     vertex  2.665000e+00 -1.910000e+01  3.200000e+00
     vertex  2.665000e+00 -2.255941e+01  4.213251e+00
   endloop
 endfacet
 facet normal -1.000000e+00  9.532886e-17 -1.195386e-16
   outer loop
     vertex  2.665000e+00 -2.299661e+01  3.807588e+00
     vertex  2.665000e+00 -2.287985e+01  3.900697e+00
     vertex  2.665000e+00 -1.910000e+01  3.200000e+00
   endloop
 endfacet
 facet normal -1.000000e+00  1.052949e-16 -7.975780e-17
   outer loop
     vertex  2.665000e+00 -2.237325e+01  4.446688e+00
     vertex  2.665000e+00 -1.910000e+01  3.200000e+00
     vertex  2.665000e+00 -2.246341e+01  4.327648e+00
   endloop
 endfacet
 facet normal -1.000000e+00  9.365593e-17 -1.302675e-16
   outer loop
     vertex  2.665000e+00 -2.311786e+01  3.720415e+00
     vertex  2.665000e+00 -2.299661e+01  3.807588e+00
     vertex  2.665000e+00 -1.910000e+01  3.200000e+00
   endloop
 endfacet
 facet normal -1.000000e+00  1.077044e-16 -7.343161e-17
   outer loop
     vertex  2.665000e+00 -2.228912e+01  4.570074e+00
     vertex  2.665000e+00 -1.910000e+01  3.200000e+00
     vertex  2.665000e+00 -2.237325e+01  4.446688e+00
   endloop
 endfacet
 facet normal -1.000000e+00  9.206562e-17 -1.425455e-16
   outer loop
     vertex  2.665000e+00 -2.324330e+01  3.639394e+00
     vertex  2.665000e+00 -2.311786e+01  3.720415e+00
     vertex  2.665000e+00 -1.910000e+01  3.200000e+00
   endloop
 endfacet
 facet normal -1.000000e+00  1.102955e-16 -6.740020e-17
   outer loop
     vertex  2.665000e+00 -2.221125e+01  4.697500e+00
     vertex  2.665000e+00 -1.910000e+01  3.200000e+00
     vertex  2.665000e+00 -2.228912e+01  4.570074e+00
   endloop
 endfacet
 facet normal -1.000000e+00  9.054999e-17 -1.568372e-16
   outer loop
     vertex  2.665000e+00 -2.337263e+01  3.564726e+00
     vertex  2.665000e+00 -2.324330e+01  3.639394e+00
     vertex  2.665000e+00 -1.910000e+01  3.200000e+00
   endloop
 endfacet
 facet normal -1.000000e+00  1.130934e-16 -6.158736e-17
   outer loop
     vertex  2.665000e+00 -2.213983e+01  4.828649e+00
     vertex  2.665000e+00 -1.910000e+01  3.200000e+00
     vertex  2.665000e+00 -2.221125e+01  4.697500e+00
   endloop
 endfacet
 facet normal -1.000000e+00  8.910200e-17 -1.737999e-16
   outer loop
     vertex  2.665000e+00 -2.350552e+01  3.496598e+00
     vertex  2.665000e+00 -2.337263e+01  3.564726e+00
     vertex  2.665000e+00 -1.910000e+01  3.200000e+00
   endloop
 endfacet
 facet normal -1.000000e+00  1.161276e-16 -5.592409e-17
   outer loop
     vertex  2.665000e+00 -2.207504e+01  4.963195e+00
     vertex  2.665000e+00 -1.910000e+01  3.200000e+00
     vertex  2.665000e+00 -2.213983e+01  4.828649e+00
   endloop
 endfacet
 facet normal -1.000000e+00  8.771531e-17 -1.943971e-16
   outer loop
     vertex  2.665000e+00 -2.364164e+01  3.435179e+00
     vertex  2.665000e+00 -2.350552e+01  3.496598e+00
     vertex  2.665000e+00 -1.910000e+01  3.200000e+00
   endloop
 endfacet
 facet normal -1.000000e+00  1.194338e-16 -5.034555e-17
   outer loop
     vertex  2.665000e+00 -2.201703e+01  5.100804e+00
     vertex  2.665000e+00 -1.910000e+01  3.200000e+00
     vertex  2.665000e+00 -2.207504e+01  4.963195e+00
   endloop
 endfacet
 facet normal -1.000000e+00  8.638417e-17 -2.201033e-16
   outer loop
     vertex  2.665000e+00 -2.378065e+01  3.380621e+00
     vertex  2.665000e+00 -2.364164e+01  3.435179e+00
     vertex  2.665000e+00 -1.910000e+01  3.200000e+00
   endloop
 endfacet
 facet normal -1.000000e+00  1.230550e-16 -4.478834e-17
   outer loop
     vertex  2.665000e+00 -2.196596e+01  5.241132e+00
     vertex  2.665000e+00 -1.910000e+01  3.200000e+00
     vertex  2.665000e+00 -2.201703e+01  5.100804e+00
   endloop
 endfacet
 facet normal -1.000000e+00  8.510326e-17 -2.532970e-16
   outer loop
     vertex  2.665000e+00 -2.392221e+01  3.333059e+00
     vertex  2.665000e+00 -2.378065e+01  3.380621e+00
     vertex  2.665000e+00 -1.910000e+01  3.200000e+00
   endloop
 endfacet
 facet normal -1.000000e+00 -4.440892e-16 -0.000000e+00
   outer loop
     vertex  2.665000e+00 -1.810000e+01  9.190000e+00
     vertex  2.665000e+00 -1.810000e+01  3.200000e+00
     vertex  2.665000e+00 -1.910000e+01  3.200000e+00
   endloop
 endfacet
 facet normal -1.000000e+00  1.270437e-16 -3.918778e-17
   outer loop
     vertex  2.665000e+00 -2.192194e+01  5.383833e+00
     vertex  2.665000e+00 -1.910000e+01  3.200000e+00
     vertex  2.665000e+00 -2.196596e+01  5.241132e+00
   endloop
 endfacet
 facet normal -1.000000e+00  8.386749e-17 -2.980828e-16
   outer loop
     vertex  2.665000e+00 -2.406596e+01  3.292614e+00
     vertex  2.665000e+00 -2.392221e+01  3.333059e+00
     vertex  2.665000e+00 -1.910000e+01  3.200000e+00
   endloop
 endfacet
 facet normal -1.000000e+00  1.314646e-16 -3.347501e-17
   outer loop
     vertex  2.665000e+00 -2.188509e+01  5.528550e+00
     vertex  2.665000e+00 -1.910000e+01  3.200000e+00
     vertex  2.665000e+00 -2.192194e+01  5.383833e+00
   endloop
 endfacet
 facet normal -1.000000e+00  1.363987e-16 -2.757359e-17
   outer loop
     vertex  2.665000e+00 -2.185550e+01  5.674924e+00
     vertex  2.665000e+00 -1.910000e+01  3.200000e+00
     vertex  2.665000e+00 -2.188509e+01  5.528550e+00
   endloop
 endfacet
 facet normal -1.000000e+00  1.419480e-16 -2.139521e-17
   outer loop
     vertex  2.665000e+00 -2.183324e+01  5.822591e+00
     vertex  2.665000e+00 -1.910000e+01  3.200000e+00
     vertex  2.665000e+00 -2.185550e+01  5.674924e+00
   endloop
 endfacet
 facet normal -1.000000e+00  1.482435e-16 -1.483400e-17
   outer loop
     vertex  2.665000e+00 -2.181837e+01  5.971183e+00
     vertex  2.665000e+00 -1.910000e+01  3.200000e+00
     vertex  2.665000e+00 -2.183324e+01  5.822591e+00
   endloop
 endfacet
 facet normal -1.000000e+00  1.554565e-16 -7.758510e-18
   outer loop
     vertex  2.665000e+00 -2.181093e+01  6.120333e+00
     vertex  2.665000e+00 -1.910000e+01  3.200000e+00
     vertex  2.665000e+00 -2.181837e+01  5.971183e+00
   endloop
 endfacet
 facet normal -1.000000e+00  1.638143e-16  0.000000e+00
   outer loop
     vertex  2.665000e+00 -2.181093e+01  6.269667e+00
     vertex  2.665000e+00 -1.910000e+01  3.200000e+00
     vertex  2.665000e+00 -2.181093e+01  6.120333e+00
   endloop
 endfacet
 facet normal -1.000000e+00  6.716794e-17 -8.535178e-17
   outer loop
     vertex  2.665000e+00 -2.181093e+01  6.269667e+00
     vertex  2.665000e+00 -1.810000e+01  9.190000e+00
     vertex  2.665000e+00 -1.910000e+01  3.200000e+00
   endloop
 endfacet
 facet normal -1.000000e+00  0.000000e+00  0.000000e+00
   outer loop
     vertex  2.665000e+00 -2.181837e+01  6.418817e+00
     vertex  2.665000e+00 -1.810000e+01  9.190000e+00
     vertex  2.665000e+00 -2.181093e+01  6.269667e+00
   endloop
 endfacet
 facet normal -1.000000e+00  0.000000e+00  0.000000e+00
   outer loop
     vertex  2.665000e+00 -2.183324e+01  6.567409e+00
     vertex  2.665000e+00 -1.810000e+01  9.190000e+00
     vertex  2.665000e+00 -2.181837e+01  6.418817e+00
   endloop
 endfacet
 facet normal -1.000000e+00  0.000000e+00  0.000000e+00
   outer loop
     vertex  2.665000e+00 -2.185550e+01  6.715076e+00
     vertex  2.665000e+00 -1.810000e+01  9.190000e+00
     vertex  2.665000e+00 -2.183324e+01  6.567409e+00
   endloop
 endfacet
 facet normal -1.000000e+00  0.000000e+00  0.000000e+00
   outer loop
     vertex  2.665000e+00 -2.188509e+01  6.861450e+00
     vertex  2.665000e+00 -1.810000e+01  9.190000e+00
     vertex  2.665000e+00 -2.185550e+01  6.715076e+00
   endloop
 endfacet
 facet normal -1.000000e+00  0.000000e+00  0.000000e+00
   outer loop
     vertex  2.665000e+00 -2.192194e+01  7.006167e+00
     vertex  2.665000e+00 -1.810000e+01  9.190000e+00
     vertex  2.665000e+00 -2.188509e+01  6.861450e+00
   endloop
 endfacet
 facet normal -1.000000e+00  0.000000e+00  0.000000e+00
   outer loop
     vertex  2.665000e+00 -2.196596e+01  7.148868e+00
     vertex  2.665000e+00 -1.810000e+01  9.190000e+00
     vertex  2.665000e+00 -2.192194e+01  7.006167e+00
   endloop
 endfacet
 facet normal -1.000000e+00  0.000000e+00  0.000000e+00
   outer loop
     vertex  2.665000e+00 -2.201703e+01  7.289196e+00
     vertex  2.665000e+00 -1.810000e+01  9.190000e+00
     vertex  2.665000e+00 -2.196596e+01  7.148868e+00
   endloop
 endfacet
 facet normal -1.000000e+00  0.000000e+00  0.000000e+00
   outer loop
     vertex  2.665000e+00 -2.207504e+01  7.426805e+00
     vertex  2.665000e+00 -1.810000e+01  9.190000e+00
     vertex  2.665000e+00 -2.201703e+01  7.289196e+00
   endloop
 endfacet
 facet normal -1.000000e+00  0.000000e+00  0.000000e+00
   outer loop
     vertex  2.665000e+00 -2.213983e+01  7.561351e+00
     vertex  2.665000e+00 -1.810000e+01  9.190000e+00
     vertex  2.665000e+00 -2.207504e+01  7.426805e+00
   endloop
 endfacet
 facet normal -1.000000e+00  0.000000e+00  0.000000e+00
   outer loop
     vertex  2.665000e+00 -2.221125e+01  7.692500e+00
     vertex  2.665000e+00 -1.810000e+01  9.190000e+00
     vertex  2.665000e+00 -2.213983e+01  7.561351e+00
   endloop
 endfacet
 facet normal -1.000000e+00  0.000000e+00  0.000000e+00
   outer loop
     vertex  2.665000e+00 -2.228912e+01  7.819926e+00
     vertex  2.665000e+00 -1.810000e+01  9.190000e+00
     vertex  2.665000e+00 -2.221125e+01  7.692500e+00
   endloop
 endfacet
 facet normal -1.000000e+00  0.000000e+00  0.000000e+00
   outer loop
     vertex  2.665000e+00 -2.237325e+01  7.943312e+00
     vertex  2.665000e+00 -1.810000e+01  9.190000e+00
     vertex  2.665000e+00 -2.228912e+01  7.819926e+00
   endloop
 endfacet
 facet normal -1.000000e+00  0.000000e+00  0.000000e+00
   outer loop
     vertex  2.665000e+00 -2.246341e+01  8.062352e+00
     vertex  2.665000e+00 -1.810000e+01  9.190000e+00
     vertex  2.665000e+00 -2.237325e+01  7.943312e+00
   endloop
 endfacet
 facet normal -1.000000e+00  0.000000e+00  0.000000e+00
   outer loop
     vertex  2.665000e+00 -2.255941e+01  8.176749e+00
     vertex  2.665000e+00 -1.810000e+01  9.190000e+00
     vertex  2.665000e+00 -2.246341e+01  8.062352e+00
   endloop
 endfacet
 facet normal -1.000000e+00  0.000000e+00  0.000000e+00
   outer loop
     vertex  2.665000e+00 -2.266098e+01  8.286219e+00
     vertex  2.665000e+00 -1.810000e+01  9.190000e+00
     vertex  2.665000e+00 -2.255941e+01  8.176749e+00
   endloop
 endfacet
 facet normal -1.000000e+00  0.000000e+00  0.000000e+00
   outer loop
     vertex  2.665000e+00 -2.276788e+01  8.390490e+00
     vertex  2.665000e+00 -1.810000e+01  9.190000e+00
     vertex  2.665000e+00 -2.266098e+01  8.286219e+00
   endloop
 endfacet
 facet normal -1.000000e+00  0.000000e+00  0.000000e+00
   outer loop
     vertex  2.665000e+00 -2.287985e+01  8.489303e+00
     vertex  2.665000e+00 -1.810000e+01  9.190000e+00
     vertex  2.665000e+00 -2.276788e+01  8.390490e+00
   endloop
 endfacet
 facet normal -1.000000e+00  0.000000e+00  0.000000e+00
   outer loop
     vertex  2.665000e+00 -2.299661e+01  8.582412e+00
     vertex  2.665000e+00 -1.810000e+01  9.190000e+00
     vertex  2.665000e+00 -2.287985e+01  8.489303e+00
   endloop
 endfacet
 facet normal -1.000000e+00  0.000000e+00  0.000000e+00
   outer loop
     vertex  2.665000e+00 -2.311786e+01  8.669585e+00
     vertex  2.665000e+00 -1.810000e+01  9.190000e+00
     vertex  2.665000e+00 -2.299661e+01  8.582412e+00
   endloop
 endfacet
 facet normal -1.000000e+00  0.000000e+00  0.000000e+00
   outer loop
     vertex  2.665000e+00 -2.324330e+01  8.750606e+00
     vertex  2.665000e+00 -1.810000e+01  9.190000e+00
     vertex  2.665000e+00 -2.311786e+01  8.669585e+00
   endloop
 endfacet
 facet normal -1.000000e+00  0.000000e+00  0.000000e+00
   outer loop
     vertex  2.665000e+00 -2.337263e+01  8.825274e+00
     vertex  2.665000e+00 -1.810000e+01  9.190000e+00
     vertex  2.665000e+00 -2.324330e+01  8.750606e+00
   endloop
 endfacet
 facet normal -1.000000e+00  0.000000e+00  0.000000e+00
   outer loop
     vertex  2.665000e+00 -2.350552e+01  8.893402e+00
     vertex  2.665000e+00 -1.810000e+01  9.190000e+00
     vertex  2.665000e+00 -2.337263e+01  8.825274e+00
   endloop
 endfacet
 facet normal -1.000000e+00  0.000000e+00  0.000000e+00
   outer loop
     vertex  2.665000e+00 -2.364164e+01  8.954821e+00
     vertex  2.665000e+00 -1.810000e+01  9.190000e+00
     vertex  2.665000e+00 -2.350552e+01  8.893402e+00
   endloop
 endfacet
 facet normal -1.000000e+00  0.000000e+00  0.000000e+00
   outer loop
     vertex  2.665000e+00 -2.378065e+01  9.009379e+00
     vertex  2.665000e+00 -1.810000e+01  9.190000e+00
     vertex  2.665000e+00 -2.364164e+01  8.954821e+00
   endloop
 endfacet
 facet normal -1.000000e+00  0.000000e+00  0.000000e+00
   outer loop
     vertex  2.665000e+00 -2.392221e+01  9.056941e+00
     vertex  2.665000e+00 -1.810000e+01  9.190000e+00
     vertex  2.665000e+00 -2.378065e+01  9.009379e+00
   endloop
 endfacet
 facet normal -1.000000e+00  7.784211e-17 -3.121370e-15
   outer loop
     vertex  2.665000e+00 -2.480500e+01  3.200000e+00
     vertex  2.665000e+00 -2.465571e+01  3.203723e+00
     vertex  2.665000e+00 -1.910000e+01  3.200000e+00
   endloop
 endfacet
 facet normal -1.000000e+00  7.922536e-17 -1.057189e-15
   outer loop
     vertex  2.665000e+00 -2.465571e+01  3.203723e+00
     vertex  2.665000e+00 -2.450679e+01  3.214883e+00
     vertex  2.665000e+00 -1.910000e+01  3.200000e+00
   endloop
 endfacet
 facet normal -1.000000e+00  8.037004e-17 -6.413377e-16
   outer loop
     vertex  2.665000e+00 -2.450679e+01  3.214883e+00
     vertex  2.665000e+00 -2.435862e+01  3.233452e+00
     vertex  2.665000e+00 -1.910000e+01  3.200000e+00
   endloop
 endfacet
 facet normal -1.000000e+00  8.150920e-17 -4.622616e-16
   outer loop
     vertex  2.665000e+00 -2.435862e+01  3.233452e+00
     vertex  2.665000e+00 -2.421155e+01  3.259383e+00
     vertex  2.665000e+00 -1.910000e+01  3.200000e+00
   endloop
 endfacet
 facet normal -1.000000e+00  8.267157e-17 -3.622078e-16
   outer loop
     vertex  2.665000e+00 -2.421155e+01  3.259383e+00
     vertex  2.665000e+00 -2.406596e+01  3.292614e+00
     vertex  2.665000e+00 -1.910000e+01  3.200000e+00
   endloop
 endfacet
 facet normal -1.000000e+00 -0.000000e+00  0.000000e+00
   outer loop
     vertex  2.665000e+00 -1.810000e+01  9.190000e+00
     vertex  2.665000e+00 -2.465571e+01  9.186277e+00
     vertex  2.665000e+00 -2.480500e+01  9.190000e+00
   endloop
 endfacet
 facet normal -1.000000e+00  0.000000e+00  0.000000e+00
   outer loop
     vertex  2.665000e+00 -1.810000e+01  9.190000e+00
     vertex  2.665000e+00 -2.450679e+01  9.175117e+00
     vertex  2.665000e+00 -2.465571e+01  9.186277e+00
   endloop
 endfacet
 facet normal -1.000000e+00  0.000000e+00  0.000000e+00
   outer loop
     vertex  2.665000e+00 -1.810000e+01  9.190000e+00
     vertex  2.665000e+00 -2.435862e+01  9.156548e+00
     vertex  2.665000e+00 -2.450679e+01  9.175117e+00
   endloop
 endfacet
 facet normal -1.000000e+00  0.000000e+00  0.000000e+00
   outer loop
     vertex  2.665000e+00 -1.810000e+01  9.190000e+00
     vertex  2.665000e+00 -2.421155e+01  9.130617e+00
     vertex  2.665000e+00 -2.435862e+01  9.156548e+00
   endloop
 endfacet
 facet normal -1.000000e+00  0.000000e+00  0.000000e+00
   outer loop
     vertex  2.665000e+00 -1.810000e+01  9.190000e+00
     vertex  2.665000e+00 -2.406596e+01  9.097386e+00
     vertex  2.665000e+00 -2.421155e+01  9.130617e+00
   endloop
 endfacet
 facet normal -1.000000e+00  0.000000e+00  0.000000e+00
   outer loop
     vertex  2.665000e+00 -1.810000e+01  9.190000e+00
     vertex  2.665000e+00 -2.392221e+01  9.056941e+00
     vertex  2.665000e+00 -2.406596e+01  9.097386e+00
   endloop
 endfacet
 facet normal -1.000000e+00  0.000000e+00 -0.000000e+00
   outer loop
     vertex  2.665000e+00 -2.500500e+01  3.206685e+00
     vertex  2.665000e+00 -2.493839e+01  3.202972e+00
     vertex  2.665000e+00 -2.500500e+01  3.200000e+00
   endloop
 endfacet
 facet normal -1.000000e+00  0.000000e+00  0.000000e+00
   outer loop
     vertex  2.665000e+00 -2.500500e+01  3.200000e+00
     vertex  2.665000e+00 -2.487171e+01  3.200743e+00
     vertex  2.665000e+00 -2.480500e+01  3.200000e+00
   endloop
 endfacet
 facet normal -1.000000e+00  0.000000e+00  0.000000e+00
   outer loop
     vertex  2.665000e+00 -2.500500e+01  3.200000e+00
     vertex  2.665000e+00 -2.493839e+01  3.202972e+00
     vertex  2.665000e+00 -2.487171e+01  3.200743e+00
   endloop
 endfacet
 facet normal -1.000000e+00  0.000000e+00  0.000000e+00
   outer loop
     vertex -1.522500e+01  9.182332e-01  6.103800e-01
     vertex -1.522500e+01  9.664202e-01  6.573803e-01
     vertex -1.522500e+01  1.910000e+01  0.000000e+00
   endloop
 endfacet
 facet normal -1.000000e+00  0.000000e+00 -0.000000e+00
   outer loop
     vertex -1.522500e+01  1.012205e+00  7.067241e-01
     vertex -1.522500e+01  1.910000e+01  0.000000e+00
     vertex -1.522500e+01  9.664202e-01  6.573803e-01
   endloop
 endfacet
 facet normal -1.000000e+00  0.000000e+00  0.000000e+00
   outer loop
     vertex -1.522500e+01  8.677633e-01  5.658400e-01
     vertex -1.522500e+01  9.182332e-01  6.103800e-01
     vertex -1.522500e+01  1.910000e+01  0.000000e+00
   endloop
 endfacet
 facet normal -1.000000e+00  0.000000e+00 -0.000000e+00
   outer loop
     vertex -1.522500e+01  1.055473e+00  7.582888e-01
     vertex -1.522500e+01  1.910000e+01  0.000000e+00
     vertex -1.522500e+01  1.012205e+00  7.067241e-01
   endloop
 endfacet
 facet normal -1.000000e+00  0.000000e+00  0.000000e+00
   outer loop
     vertex -1.522500e+01  8.151360e-01  5.238711e-01
     vertex -1.522500e+01  8.677633e-01  5.658400e-01
     vertex -1.522500e+01  1.910000e+01  0.000000e+00
   endloop
 endfacet
 facet normal -1.000000e+00  0.000000e+00 -0.000000e+00
   outer loop
     vertex -1.522500e+01  1.096116e+00  8.119460e-01
     vertex -1.522500e+01  1.910000e+01  0.000000e+00
     vertex -1.522500e+01  1.055473e+00  7.582888e-01
   endloop
 endfacet
 facet normal -1.000000e+00  0.000000e+00  0.000000e+00
   outer loop
     vertex -1.522500e+01  7.604821e-01  4.845777e-01
     vertex -1.522500e+01  8.151360e-01  5.238711e-01
     vertex -1.522500e+01  1.910000e+01  0.000000e+00
   endloop
 endfacet
 facet normal -1.000000e+00  0.000000e+00 -0.000000e+00
   outer loop
     vertex -1.522500e+01  1.134035e+00  8.675625e-01
     vertex -1.522500e+01  1.910000e+01  0.000000e+00
     vertex -1.522500e+01  1.096116e+00  8.119460e-01
   endloop
 endfacet
 facet normal -1.000000e+00  0.000000e+00  0.000000e+00
   outer loop
     vertex -1.522500e+01  7.039375e-01  4.480573e-01
     vertex -1.522500e+01  7.604821e-01  4.845777e-01
     vertex -1.522500e+01  1.910000e+01  0.000000e+00
   endloop
 endfacet
 facet normal -1.000000e+00  0.000000e+00 -0.000000e+00
   outer loop
     vertex -1.522500e+01  1.169134e+00  9.250000e-01
     vertex -1.522500e+01  1.910000e+01  0.000000e+00
     vertex -1.522500e+01  1.134035e+00  8.675625e-01
   endloop
 endfacet
 facet normal -1.000000e+00  0.000000e+00  0.000000e+00
   outer loop
     vertex -1.522500e+01  6.456429e-01  4.144009e-01
     vertex -1.522500e+01  7.039375e-01  4.480573e-01
     vertex -1.522500e+01  1.910000e+01  0.000000e+00
   endloop
 endfacet
 facet normal -1.000000e+00  0.000000e+00 -0.000000e+00
   outer loop
     vertex -1.522500e+01  1.201327e+00  9.841156e-01
     vertex -1.522500e+01  1.910000e+01  0.000000e+00
     vertex -1.522500e+01  1.169134e+00  9.250000e-01
   endloop
 endfacet
 facet normal -1.000000e+00  0.000000e+00  0.000000e+00
   outer loop
     vertex -1.522500e+01  5.857430e-01  3.836920e-01
     vertex -1.522500e+01  6.456429e-01  4.144009e-01
     vertex -1.522500e+01  1.910000e+01  0.000000e+00
   endloop
 endfacet
 facet normal -1.000000e+00  0.000000e+00 -0.000000e+00
   outer loop
     vertex -1.522500e+01  1.230533e+00  1.044762e+00
     vertex -1.522500e+01  1.910000e+01  0.000000e+00
     vertex -1.522500e+01  1.201327e+00  9.841156e-01
   endloop
 endfacet
 facet normal -1.000000e+00  0.000000e+00  0.000000e+00
   outer loop
     vertex -1.522500e+01  5.243870e-01  3.560071e-01
     vertex -1.522500e+01  5.857430e-01  3.836920e-01
     vertex -1.522500e+01  1.910000e+01  0.000000e+00
   endloop
 endfacet
 facet normal -1.000000e+00  0.000000e+00 -0.000000e+00
   outer loop
     vertex -1.522500e+01  1.256680e+00  1.106790e+00
     vertex -1.522500e+01  1.910000e+01  0.000000e+00
     vertex -1.522500e+01  1.230533e+00  1.044762e+00
   endloop
 endfacet
 facet normal -1.000000e+00  0.000000e+00 -0.000000e+00
   outer loop
     vertex -1.522500e+01  1.279702e+00  1.170043e+00
     vertex -1.522500e+01  1.910000e+01  0.000000e+00
     vertex -1.522500e+01  1.256680e+00  1.106790e+00
   endloop
 endfacet
 facet normal -1.000000e+00  0.000000e+00 -0.000000e+00
   outer loop
     vertex -1.522500e+01  1.299543e+00  1.234365e+00
     vertex -1.522500e+01  1.910000e+01  0.000000e+00
     vertex -1.522500e+01  1.279702e+00  1.170043e+00
   endloop
 endfacet
 facet normal -1.000000e+00  0.000000e+00 -0.000000e+00
   outer loop
     vertex -1.522500e+01  1.316153e+00  1.299597e+00
     vertex -1.522500e+01  1.910000e+01  0.000000e+00
     vertex -1.522500e+01  1.299543e+00  1.234365e+00
   endloop
 endfacet
 facet normal -1.000000e+00  0.000000e+00 -0.000000e+00
   outer loop
     vertex -1.522500e+01  1.329490e+00  1.365575e+00
     vertex -1.522500e+01  1.910000e+01  0.000000e+00
     vertex -1.522500e+01  1.316153e+00  1.299597e+00
   endloop
 endfacet
 facet normal -1.000000e+00  0.000000e+00 -0.000000e+00
   outer loop
     vertex -1.522500e+01  1.339523e+00  1.432136e+00
     vertex -1.522500e+01  1.910000e+01  0.000000e+00
     vertex -1.522500e+01  1.329490e+00  1.365575e+00
   endloop
 endfacet
 facet normal -1.000000e+00  0.000000e+00 -0.000000e+00
   outer loop
     vertex -1.522500e+01  1.346225e+00  1.499114e+00
     vertex -1.522500e+01  1.910000e+01  0.000000e+00
     vertex -1.522500e+01  1.339523e+00  1.432136e+00
   endloop
 endfacet
 facet normal -1.000000e+00  0.000000e+00  0.000000e+00
   outer loop
     vertex -1.522500e+01  1.349580e+00  1.566344e+00
     vertex -1.522500e+01  1.910000e+01  3.200000e+00
     vertex -1.522500e+01  1.910000e+01  0.000000e+00
   endloop
 endfacet
 facet normal -1.000000e+00  0.000000e+00 -0.000000e+00
   outer loop
     vertex -1.522500e+01  1.349580e+00  1.566344e+00
     vertex -1.522500e+01  1.910000e+01  0.000000e+00
     vertex -1.522500e+01  1.346225e+00  1.499114e+00
   endloop
 endfacet
 facet normal -1.000000e+00  0.000000e+00  0.000000e+00
   outer loop
     vertex -1.522500e+01  1.349580e+00  1.633656e+00
     vertex -1.522500e+01  1.910000e+01  3.200000e+00
     vertex -1.522500e+01  1.349580e+00  1.566344e+00
   endloop
 endfacet
 facet normal -1.000000e+00  0.000000e+00  0.000000e+00
   outer loop
     vertex -1.522500e+01  1.346225e+00  1.700886e+00
     vertex -1.522500e+01  1.910000e+01  3.200000e+00
     vertex -1.522500e+01  1.349580e+00  1.633656e+00
   endloop
 endfacet
 facet normal -1.000000e+00  0.000000e+00  0.000000e+00
   outer loop
     vertex -1.522500e+01  1.339523e+00  1.767864e+00
     vertex -1.522500e+01  1.910000e+01  3.200000e+00
     vertex -1.522500e+01  1.346225e+00  1.700886e+00
   endloop
 endfacet
 facet normal -1.000000e+00  0.000000e+00  0.000000e+00
   outer loop
     vertex -1.522500e+01  1.329490e+00  1.834425e+00
     vertex -1.522500e+01  1.910000e+01  3.200000e+00
     vertex -1.522500e+01  1.339523e+00  1.767864e+00
   endloop
 endfacet
 facet normal -1.000000e+00  0.000000e+00  0.000000e+00
   outer loop
     vertex -1.522500e+01  1.316153e+00  1.900403e+00
     vertex -1.522500e+01  1.910000e+01  3.200000e+00
     vertex -1.522500e+01  1.329490e+00  1.834425e+00
   endloop
 endfacet
 facet normal -1.000000e+00  0.000000e+00  0.000000e+00
   outer loop
     vertex -1.522500e+01  1.299543e+00  1.965635e+00
     vertex -1.522500e+01  1.910000e+01  3.200000e+00
     vertex -1.522500e+01  1.316153e+00  1.900403e+00
   endloop
 endfacet
 facet normal -1.000000e+00  0.000000e+00  0.000000e+00
   outer loop
     vertex -1.522500e+01  1.279702e+00  2.029957e+00
     vertex -1.522500e+01  1.910000e+01  3.200000e+00
     vertex -1.522500e+01  1.299543e+00  1.965635e+00
   endloop
 endfacet
 facet normal -1.000000e+00  0.000000e+00  0.000000e+00
   outer loop
     vertex -1.522500e+01  1.256680e+00  2.093210e+00
     vertex -1.522500e+01  1.910000e+01  3.200000e+00
     vertex -1.522500e+01  1.279702e+00  2.029957e+00
   endloop
 endfacet
 facet normal -1.000000e+00  0.000000e+00  0.000000e+00
   outer loop
     vertex -1.522500e+01  1.230533e+00  2.155238e+00
     vertex -1.522500e+01  1.910000e+01  3.200000e+00
     vertex -1.522500e+01  1.256680e+00  2.093210e+00
   endloop
 endfacet
 facet normal -1.000000e+00  0.000000e+00  0.000000e+00
   outer loop
     vertex -1.522500e+01  1.201327e+00  2.215884e+00
     vertex -1.522500e+01  1.910000e+01  3.200000e+00
     vertex -1.522500e+01  1.230533e+00  2.155238e+00
   endloop
 endfacet
 facet normal -1.000000e+00  0.000000e+00  0.000000e+00
   outer loop
     vertex -1.522500e+01  1.169134e+00  2.275000e+00
     vertex -1.522500e+01  1.910000e+01  3.200000e+00
     vertex -1.522500e+01  1.201327e+00  2.215884e+00
   endloop
 endfacet
 facet normal -1.000000e+00  0.000000e+00  0.000000e+00
   outer loop
     vertex -1.522500e+01  1.134035e+00  2.332437e+00
     vertex -1.522500e+01  1.910000e+01  3.200000e+00
     vertex -1.522500e+01  1.169134e+00  2.275000e+00
   endloop
 endfacet
 facet normal -1.000000e+00  0.000000e+00  0.000000e+00
   outer loop
     vertex -1.522500e+01  1.096116e+00  2.388054e+00
     vertex -1.522500e+01  1.910000e+01  3.200000e+00
     vertex -1.522500e+01  1.134035e+00  2.332437e+00
   endloop
 endfacet
 facet normal -1.000000e+00  0.000000e+00  0.000000e+00
   outer loop
     vertex -1.522500e+01  1.055473e+00  2.441711e+00
     vertex -1.522500e+01  1.910000e+01  3.200000e+00
     vertex -1.522500e+01  1.096116e+00  2.388054e+00
   endloop
 endfacet
 facet normal -1.000000e+00  0.000000e+00  0.000000e+00
   outer loop
     vertex -1.522500e+01  1.012205e+00  2.493276e+00
     vertex -1.522500e+01  1.910000e+01  3.200000e+00
     vertex -1.522500e+01  1.055473e+00  2.441711e+00
   endloop
 endfacet
 facet normal -1.000000e+00  0.000000e+00  0.000000e+00
   outer loop
     vertex -1.522500e+01  9.664202e-01  2.542620e+00
     vertex -1.522500e+01  1.910000e+01  3.200000e+00
     vertex -1.522500e+01  1.012205e+00  2.493276e+00
   endloop
 endfacet
 facet normal -1.000000e+00  0.000000e+00  0.000000e+00
   outer loop
     vertex -1.522500e+01  9.182332e-01  2.589620e+00
     vertex -1.522500e+01  1.910000e+01  3.200000e+00
     vertex -1.522500e+01  9.664202e-01  2.542620e+00
   endloop
 endfacet
 facet normal -1.000000e+00  0.000000e+00  0.000000e+00
   outer loop
     vertex -1.522500e+01  8.677633e-01  2.634160e+00
     vertex -1.522500e+01  1.910000e+01  3.200000e+00
     vertex -1.522500e+01  9.182332e-01  2.589620e+00
   endloop
 endfacet
 facet normal -1.000000e+00  0.000000e+00  0.000000e+00
   outer loop
     vertex -1.522500e+01  8.151360e-01  2.676129e+00
     vertex -1.522500e+01  1.910000e+01  3.200000e+00
     vertex -1.522500e+01  8.677633e-01  2.634160e+00
   endloop
 endfacet
 facet normal -1.000000e+00  0.000000e+00  0.000000e+00
   outer loop
     vertex -1.522500e+01  7.604821e-01  2.715422e+00
     vertex -1.522500e+01  1.910000e+01  3.200000e+00
     vertex -1.522500e+01  8.151360e-01  2.676129e+00
   endloop
 endfacet
 facet normal -1.000000e+00  0.000000e+00  0.000000e+00
   outer loop
     vertex -1.522500e+01  7.039375e-01  2.751943e+00
     vertex -1.522500e+01  1.910000e+01  3.200000e+00
     vertex -1.522500e+01  7.604821e-01  2.715422e+00
   endloop
 endfacet
 facet normal -1.000000e+00  0.000000e+00  0.000000e+00
   outer loop
     vertex -1.522500e+01  6.456429e-01  2.785599e+00
     vertex -1.522500e+01  1.910000e+01  3.200000e+00
     vertex -1.522500e+01  7.039375e-01  2.751943e+00
   endloop
 endfacet
 facet normal -1.000000e+00  0.000000e+00  0.000000e+00
   outer loop
     vertex -1.522500e+01  5.857430e-01  2.816308e+00
     vertex -1.522500e+01  1.910000e+01  3.200000e+00
     vertex -1.522500e+01  6.456429e-01  2.785599e+00
   endloop
 endfacet
 facet normal -1.000000e+00  0.000000e+00  0.000000e+00
   outer loop
     vertex -1.522500e+01  5.243870e-01  2.843993e+00
     vertex -1.522500e+01  1.910000e+01  3.200000e+00
     vertex -1.522500e+01  5.857430e-01  2.816308e+00
   endloop
 endfacet
 facet normal -1.000000e+00  0.000000e+00  0.000000e+00
   outer loop
     vertex -1.522500e+01 -4.900000e+00  3.200000e+00
     vertex -1.522500e+01 -6.729195e-02  2.948322e+00
     vertex -1.522500e+01 -1.344166e-01  2.943292e+00
   endloop
 endfacet
 facet normal -1.000000e+00  0.000000e+00  0.000000e+00
   outer loop
     vertex -1.522500e+01 -4.900000e+00  3.200000e+00
     vertex -1.522500e+01 -1.344166e-01  2.943292e+00
     vertex -1.522500e+01 -2.012071e-01  2.934922e+00
   endloop
 endfacet
 facet normal -1.000000e+00  0.000000e+00  0.000000e+00
   outer loop
     vertex -1.522500e+01 -4.900000e+00  3.200000e+00
     vertex -1.522500e+01 -2.012071e-01  2.934922e+00
     vertex -1.522500e+01 -2.674973e-01  2.923233e+00
   endloop
 endfacet
 facet normal -1.000000e+00  0.000000e+00  0.000000e+00
   outer loop
     vertex -1.522500e+01 -4.900000e+00  3.200000e+00
     vertex -1.522500e+01 -2.674973e-01  2.923233e+00
     vertex -1.522500e+01 -3.331225e-01  2.908254e+00
   endloop
 endfacet
 facet normal -1.000000e+00  0.000000e+00  0.000000e+00
   outer loop
     vertex -1.522500e+01 -4.900000e+00  3.200000e+00
     vertex -1.522500e+01 -3.331225e-01  2.908254e+00
     vertex -1.522500e+01 -3.979195e-01  2.890023e+00
   endloop
 endfacet
 facet normal -1.000000e+00  0.000000e+00  0.000000e+00
   outer loop
     vertex -1.522500e+01 -4.900000e+00  3.200000e+00
     vertex -1.522500e+01 -3.979195e-01  2.890023e+00
     vertex -1.522500e+01 -4.617272e-01  2.868585e+00
   endloop
 endfacet
 facet normal -1.000000e+00  0.000000e+00  0.000000e+00
   outer loop
     vertex -1.522500e+01 -4.900000e+00  3.200000e+00
     vertex -1.522500e+01 -4.617272e-01  2.868585e+00
     vertex -1.522500e+01 -5.243870e-01  2.843993e+00
   endloop
 endfacet
 facet normal -1.000000e+00  0.000000e+00  0.000000e+00
   outer loop
     vertex -1.522500e+01 -4.900000e+00  3.200000e+00
     vertex -1.522500e+01 -5.243870e-01  2.843993e+00
     vertex -1.522500e+01 -5.857430e-01  2.816308e+00
   endloop
 endfacet
 facet normal -1.000000e+00  0.000000e+00  0.000000e+00
   outer loop
     vertex -1.522500e+01 -4.900000e+00  3.200000e+00
     vertex -1.522500e+01 -5.857430e-01  2.816308e+00
     vertex -1.522500e+01 -6.456429e-01  2.785599e+00
   endloop
 endfacet
 facet normal -1.000000e+00  0.000000e+00  0.000000e+00
   outer loop
     vertex -1.522500e+01 -4.900000e+00  3.200000e+00
     vertex -1.522500e+01 -6.456429e-01  2.785599e+00
     vertex -1.522500e+01 -7.039375e-01  2.751943e+00
   endloop
 endfacet
 facet normal -1.000000e+00  0.000000e+00  0.000000e+00
   outer loop
     vertex -1.522500e+01 -4.900000e+00  3.200000e+00
     vertex -1.522500e+01 -7.039375e-01  2.751943e+00
     vertex -1.522500e+01 -7.604821e-01  2.715422e+00
   endloop
 endfacet
 facet normal -1.000000e+00  0.000000e+00  0.000000e+00
   outer loop
     vertex -1.522500e+01 -4.900000e+00  3.200000e+00
     vertex -1.522500e+01 -7.604821e-01  2.715422e+00
     vertex -1.522500e+01 -8.151360e-01  2.676129e+00
   endloop
 endfacet
 facet normal -1.000000e+00  0.000000e+00  0.000000e+00
   outer loop
     vertex -1.522500e+01 -4.900000e+00  3.200000e+00
     vertex -1.522500e+01 -8.151360e-01  2.676129e+00
     vertex -1.522500e+01 -8.677633e-01  2.634160e+00
   endloop
 endfacet
 facet normal -1.000000e+00  0.000000e+00  0.000000e+00
   outer loop
     vertex -1.522500e+01 -4.900000e+00  3.200000e+00
     vertex -1.522500e+01 -8.677633e-01  2.634160e+00
     vertex -1.522500e+01 -9.182332e-01  2.589620e+00
   endloop
 endfacet
 facet normal -1.000000e+00  0.000000e+00  0.000000e+00
   outer loop
     vertex -1.522500e+01 -4.900000e+00  3.200000e+00
     vertex -1.522500e+01 -9.182332e-01  2.589620e+00
     vertex -1.522500e+01 -9.664202e-01  2.542620e+00
   endloop
 endfacet
 facet normal -1.000000e+00  0.000000e+00  0.000000e+00
   outer loop
     vertex -1.522500e+01 -4.900000e+00  3.200000e+00
     vertex -1.522500e+01 -9.664202e-01  2.542620e+00
     vertex -1.522500e+01 -1.012205e+00  2.493276e+00
   endloop
 endfacet
 facet normal -1.000000e+00  0.000000e+00  0.000000e+00
   outer loop
     vertex -1.522500e+01 -4.900000e+00  3.200000e+00
     vertex -1.522500e+01 -1.012205e+00  2.493276e+00
     vertex -1.522500e+01 -1.055473e+00  2.441711e+00
   endloop
 endfacet
 facet normal -1.000000e+00  0.000000e+00  0.000000e+00
   outer loop
     vertex -1.522500e+01 -4.900000e+00  3.200000e+00
     vertex -1.522500e+01 -1.055473e+00  2.441711e+00
     vertex -1.522500e+01 -1.096116e+00  2.388054e+00
   endloop
 endfacet
 facet normal -1.000000e+00  0.000000e+00  0.000000e+00
   outer loop
     vertex -1.522500e+01 -4.900000e+00  3.200000e+00
     vertex -1.522500e+01 -1.096116e+00  2.388054e+00
     vertex -1.522500e+01 -1.134035e+00  2.332437e+00
   endloop
 endfacet
 facet normal -1.000000e+00  0.000000e+00  0.000000e+00
   outer loop
     vertex -1.522500e+01 -4.900000e+00  3.200000e+00
     vertex -1.522500e+01 -1.134035e+00  2.332437e+00
     vertex -1.522500e+01 -1.169134e+00  2.275000e+00
   endloop
 endfacet
 facet normal -1.000000e+00  0.000000e+00  0.000000e+00
   outer loop
     vertex -1.522500e+01 -4.900000e+00  3.200000e+00
     vertex -1.522500e+01 -1.169134e+00  2.275000e+00
     vertex -1.522500e+01 -1.201327e+00  2.215884e+00
   endloop
 endfacet
 facet normal -1.000000e+00  0.000000e+00  0.000000e+00
   outer loop
     vertex -1.522500e+01 -4.900000e+00  3.200000e+00
     vertex -1.522500e+01 -1.201327e+00  2.215884e+00
     vertex -1.522500e+01 -1.230533e+00  2.155238e+00
   endloop
 endfacet
 facet normal -1.000000e+00  0.000000e+00  0.000000e+00
   outer loop
     vertex -1.522500e+01 -4.900000e+00  3.200000e+00
     vertex -1.522500e+01 -1.230533e+00  2.155238e+00
     vertex -1.522500e+01 -1.256680e+00  2.093210e+00
   endloop
 endfacet
 facet normal -1.000000e+00  0.000000e+00  0.000000e+00
   outer loop
     vertex -1.522500e+01 -4.900000e+00  3.200000e+00
     vertex -1.522500e+01 -1.256680e+00  2.093210e+00
     vertex -1.522500e+01 -1.279702e+00  2.029957e+00
   endloop
 endfacet
 facet normal -1.000000e+00  0.000000e+00  0.000000e+00
   outer loop
     vertex -1.522500e+01 -4.900000e+00  3.200000e+00
     vertex -1.522500e+01 -1.279702e+00  2.029957e+00
     vertex -1.522500e+01 -1.299543e+00  1.965635e+00
   endloop
 endfacet
 facet normal -1.000000e+00  0.000000e+00  0.000000e+00
   outer loop
     vertex -1.522500e+01 -4.900000e+00  3.200000e+00
     vertex -1.522500e+01 -1.299543e+00  1.965635e+00
     vertex -1.522500e+01 -1.316153e+00  1.900403e+00
   endloop
 endfacet
 facet normal -1.000000e+00  0.000000e+00  0.000000e+00
   outer loop
     vertex -1.522500e+01 -4.900000e+00  3.200000e+00
     vertex -1.522500e+01 -1.316153e+00  1.900403e+00
     vertex -1.522500e+01 -1.329490e+00  1.834425e+00
   endloop
 endfacet
 facet normal -1.000000e+00  0.000000e+00  0.000000e+00
   outer loop
     vertex -1.522500e+01 -4.900000e+00  3.200000e+00
     vertex -1.522500e+01 -1.329490e+00  1.834425e+00
     vertex -1.522500e+01 -1.339523e+00  1.767864e+00
   endloop
 endfacet
 facet normal -1.000000e+00  0.000000e+00  0.000000e+00
   outer loop
     vertex -1.522500e+01 -4.900000e+00  3.200000e+00
     vertex -1.522500e+01 -1.339523e+00  1.767864e+00
     vertex -1.522500e+01 -1.346225e+00  1.700886e+00
   endloop
 endfacet
 facet normal -1.000000e+00  0.000000e+00  0.000000e+00
   outer loop
     vertex -1.522500e+01 -4.900000e+00  3.200000e+00
     vertex -1.522500e+01 -1.346225e+00  1.700886e+00
     vertex -1.522500e+01 -1.349580e+00  1.633656e+00
   endloop
 endfacet
 facet normal -1.000000e+00  0.000000e+00  0.000000e+00
   outer loop
     vertex -1.522500e+01 -4.900000e+00  3.200000e+00
     vertex -1.522500e+01 -1.349580e+00  1.633656e+00
     vertex -1.522500e+01 -1.349580e+00  1.566344e+00
   endloop
 endfacet
 facet normal -1.000000e+00  0.000000e+00  0.000000e+00
   outer loop
     vertex -1.522500e+01 -4.900000e+00  3.200000e+00
     vertex -1.522500e+01 -1.349580e+00  1.566344e+00
     vertex -1.522500e+01 -1.346225e+00  1.499114e+00
   endloop
 endfacet
 facet normal -1.000000e+00  0.000000e+00  0.000000e+00
   outer loop
     vertex -1.522500e+01 -4.900000e+00  3.200000e+00
     vertex -1.522500e+01 -1.346225e+00  1.499114e+00
     vertex -1.522500e+01 -1.339523e+00  1.432136e+00
   endloop
 endfacet
 facet normal -1.000000e+00  0.000000e+00  0.000000e+00
   outer loop
     vertex -1.522500e+01 -4.900000e+00  3.200000e+00
     vertex -1.522500e+01 -1.339523e+00  1.432136e+00
     vertex -1.522500e+01 -1.329490e+00  1.365575e+00
   endloop
 endfacet
 facet normal -1.000000e+00  0.000000e+00  0.000000e+00
   outer loop
     vertex -1.522500e+01 -4.900000e+00  3.200000e+00
     vertex -1.522500e+01 -1.329490e+00  1.365575e+00
     vertex -1.522500e+01 -1.316153e+00  1.299597e+00
   endloop
 endfacet
 facet normal -1.000000e+00  0.000000e+00  0.000000e+00
   outer loop
     vertex -1.522500e+01 -4.900000e+00  3.200000e+00
     vertex -1.522500e+01 -1.316153e+00  1.299597e+00
     vertex -1.522500e+01 -1.299543e+00  1.234365e+00
   endloop
 endfacet
 facet normal -1.000000e+00  0.000000e+00  0.000000e+00
   outer loop
     vertex -1.522500e+01 -4.900000e+00  3.200000e+00
     vertex -1.522500e+01 -1.299543e+00  1.234365e+00
     vertex -1.522500e+01 -1.279702e+00  1.170043e+00
   endloop
 endfacet
 facet normal -1.000000e+00  0.000000e+00  0.000000e+00
   outer loop
     vertex -1.522500e+01 -4.900000e+00  3.200000e+00
     vertex -1.522500e+01 -1.279702e+00  1.170043e+00
     vertex -1.522500e+01 -1.256680e+00  1.106790e+00
   endloop
 endfacet
 facet normal -1.000000e+00  0.000000e+00  0.000000e+00
   outer loop
     vertex -1.522500e+01 -4.900000e+00  3.200000e+00
     vertex -1.522500e+01 -1.256680e+00  1.106790e+00
     vertex -1.522500e+01 -1.230533e+00  1.044762e+00
   endloop
 endfacet
 facet normal -1.000000e+00  0.000000e+00  0.000000e+00
   outer loop
     vertex -1.522500e+01 -4.900000e+00  3.200000e+00
     vertex -1.522500e+01 -1.230533e+00  1.044762e+00
     vertex -1.522500e+01 -1.201327e+00  9.841156e-01
   endloop
 endfacet
 facet normal -1.000000e+00  0.000000e+00  0.000000e+00
   outer loop
     vertex -1.522500e+01 -4.900000e+00  3.200000e+00
     vertex -1.522500e+01 -1.201327e+00  9.841156e-01
     vertex -1.522500e+01 -1.169134e+00  9.250000e-01
   endloop
 endfacet
 facet normal -1.000000e+00  0.000000e+00  0.000000e+00
   outer loop
     vertex -1.522500e+01 -4.900000e+00  3.200000e+00
     vertex -1.522500e+01 -1.169134e+00  9.250000e-01
     vertex -1.522500e+01 -1.134035e+00  8.675625e-01
   endloop
 endfacet
 facet normal -1.000000e+00  0.000000e+00  0.000000e+00
   outer loop
     vertex -1.522500e+01 -4.900000e+00  3.200000e+00
     vertex -1.522500e+01 -1.134035e+00  8.675625e-01
     vertex -1.522500e+01 -1.096116e+00  8.119460e-01
   endloop
 endfacet
 facet normal -1.000000e+00  0.000000e+00  0.000000e+00
   outer loop
     vertex -1.522500e+01 -4.900000e+00  3.200000e+00
     vertex -1.522500e+01 -1.096116e+00  8.119460e-01
     vertex -1.522500e+01 -1.055473e+00  7.582888e-01
   endloop
 endfacet
 facet normal -1.000000e+00  0.000000e+00  0.000000e+00
   outer loop
     vertex -1.522500e+01 -4.900000e+00  3.200000e+00
     vertex -1.522500e+01 -1.055473e+00  7.582888e-01
     vertex -1.522500e+01 -1.012205e+00  7.067241e-01
   endloop
 endfacet
 facet normal -1.000000e+00  0.000000e+00  0.000000e+00
   outer loop
     vertex -1.522500e+01 -4.900000e+00  3.200000e+00
     vertex -1.522500e+01 -1.012205e+00  7.067241e-01
     vertex -1.522500e+01 -9.664202e-01  6.573803e-01
   endloop
 endfacet
 facet normal -1.000000e+00  0.000000e+00  0.000000e+00
   outer loop
     vertex -1.522500e+01 -4.900000e+00  3.200000e+00
     vertex -1.522500e+01 -9.664202e-01  6.573803e-01
     vertex -1.522500e+01 -9.182332e-01  6.103800e-01
   endloop
 endfacet
 facet normal -1.000000e+00  0.000000e+00  0.000000e+00
   outer loop
     vertex -1.522500e+01 -1.910000e+01  0.000000e+00
     vertex -1.522500e+01 -9.182332e-01  6.103800e-01
     vertex -1.522500e+01 -8.677633e-01  5.658400e-01
   endloop
 endfacet
 facet normal -1.000000e+00  0.000000e+00  0.000000e+00
   outer loop
     vertex -1.522500e+01 -1.910000e+01  0.000000e+00
     vertex -1.522500e+01 -8.677633e-01  5.658400e-01
     vertex -1.522500e+01 -8.151360e-01  5.238711e-01
   endloop
 endfacet
 facet normal -1.000000e+00  0.000000e+00  0.000000e+00
   outer loop
     vertex -1.522500e+01 -1.910000e+01  0.000000e+00
     vertex -1.522500e+01 -8.151360e-01  5.238711e-01
     vertex -1.522500e+01 -7.604821e-01  4.845777e-01
   endloop
 endfacet
 facet normal -1.000000e+00  0.000000e+00  0.000000e+00
   outer loop
     vertex -1.522500e+01 -1.910000e+01  0.000000e+00
     vertex -1.522500e+01 -7.604821e-01  4.845777e-01
     vertex -1.522500e+01 -7.039375e-01  4.480573e-01
   endloop
 endfacet
 facet normal -1.000000e+00  0.000000e+00  0.000000e+00
   outer loop
     vertex -1.522500e+01 -1.910000e+01  0.000000e+00
     vertex -1.522500e+01 -7.039375e-01  4.480573e-01
     vertex -1.522500e+01 -6.456429e-01  4.144009e-01
   endloop
 endfacet
 facet normal -1.000000e+00  0.000000e+00  0.000000e+00
   outer loop
     vertex -1.522500e+01 -1.910000e+01  0.000000e+00
     vertex -1.522500e+01 -6.456429e-01  4.144009e-01
     vertex -1.522500e+01 -5.857430e-01  3.836920e-01
   endloop
 endfacet
 facet normal -1.000000e+00  0.000000e+00  0.000000e+00
   outer loop
     vertex -1.522500e+01 -1.910000e+01  0.000000e+00
     vertex -1.522500e+01 -5.857430e-01  3.836920e-01
     vertex -1.522500e+01 -5.243870e-01  3.560071e-01
   endloop
 endfacet
 facet normal -1.000000e+00  0.000000e+00  0.000000e+00
   outer loop
     vertex -1.522500e+01 -1.910000e+01  0.000000e+00
     vertex -1.522500e+01 -5.243870e-01  3.560071e-01
     vertex -1.522500e+01 -4.617272e-01  3.314150e-01
   endloop
 endfacet
 facet normal -1.000000e+00  0.000000e+00  0.000000e+00
   outer loop
     vertex -1.522500e+01 -1.910000e+01  0.000000e+00
     vertex -1.522500e+01 -4.617272e-01  3.314150e-01
     vertex -1.522500e+01 -3.979195e-01  3.099767e-01
   endloop
 endfacet
 facet normal -1.000000e+00  0.000000e+00  0.000000e+00
   outer loop
     vertex -1.522500e+01 -1.910000e+01  0.000000e+00
     vertex -1.522500e+01 -3.979195e-01  3.099767e-01
     vertex -1.522500e+01 -3.331225e-01  2.917457e-01
   endloop
 endfacet
 facet normal -1.000000e+00  0.000000e+00  0.000000e+00
   outer loop
     vertex -1.522500e+01 -1.910000e+01  0.000000e+00
     vertex -1.522500e+01 -4.900000e+00  3.200000e+00
     vertex -1.522500e+01 -9.182332e-01  6.103800e-01
   endloop
 endfacet
 facet normal -1.000000e+00  0.000000e+00  0.000000e+00
   outer loop
     vertex -1.522500e+01 -1.910000e+01  3.200000e+00
     vertex -1.522500e+01 -4.900000e+00  3.200000e+00
     vertex -1.522500e+01 -1.910000e+01  0.000000e+00
   endloop
 endfacet
 facet normal -1.000000e+00  0.000000e+00  0.000000e+00
   outer loop
     vertex -1.522500e+01 -1.910000e+01  0.000000e+00
     vertex -1.522500e+01  4.630836e-15  2.500000e-01
     vertex -1.522500e+01  1.910000e+01  0.000000e+00
   endloop
 endfacet
 facet normal -1.000000e+00  0.000000e+00  0.000000e+00
   outer loop
     vertex -1.522500e+01  4.630836e-15  2.500000e-01
     vertex -1.522500e+01  6.729195e-02  2.516782e-01
     vertex -1.522500e+01  1.910000e+01  0.000000e+00
   endloop
 endfacet
 facet normal -1.000000e+00  0.000000e+00  0.000000e+00
   outer loop
     vertex -1.522500e+01  6.729195e-02  2.516782e-01
     vertex -1.522500e+01  1.344166e-01  2.567085e-01
     vertex -1.522500e+01  1.910000e+01  0.000000e+00
   endloop
 endfacet
 facet normal -1.000000e+00  0.000000e+00  0.000000e+00
   outer loop
     vertex -1.522500e+01  1.344166e-01  2.567085e-01
     vertex -1.522500e+01  2.012071e-01  2.650784e-01
     vertex -1.522500e+01  1.910000e+01  0.000000e+00
   endloop
 endfacet
 facet normal -1.000000e+00  0.000000e+00  0.000000e+00
   outer loop
     vertex -1.522500e+01  2.012071e-01  2.650784e-01
     vertex -1.522500e+01  2.674973e-01  2.767671e-01
     vertex -1.522500e+01  1.910000e+01  0.000000e+00
   endloop
 endfacet
 facet normal -1.000000e+00  0.000000e+00  0.000000e+00
   outer loop
     vertex -1.522500e+01  2.674973e-01  2.767671e-01
     vertex -1.522500e+01  3.331225e-01  2.917457e-01
     vertex -1.522500e+01  1.910000e+01  0.000000e+00
   endloop
 endfacet
 facet normal -1.000000e+00  0.000000e+00  0.000000e+00
   outer loop
     vertex -1.522500e+01  3.331225e-01  2.917457e-01
     vertex -1.522500e+01  3.979195e-01  3.099767e-01
     vertex -1.522500e+01  1.910000e+01  0.000000e+00
   endloop
 endfacet
 facet normal -1.000000e+00  0.000000e+00  0.000000e+00
   outer loop
     vertex -1.522500e+01  3.979195e-01  3.099767e-01
     vertex -1.522500e+01  4.617272e-01  3.314150e-01
     vertex -1.522500e+01  1.910000e+01  0.000000e+00
   endloop
 endfacet
 facet normal -1.000000e+00  0.000000e+00  0.000000e+00
   outer loop
     vertex -1.522500e+01  4.617272e-01  3.314150e-01
     vertex -1.522500e+01  5.243870e-01  3.560071e-01
     vertex -1.522500e+01  1.910000e+01  0.000000e+00
   endloop
 endfacet
 facet normal -1.000000e+00  0.000000e+00  0.000000e+00
   outer loop
     vertex -1.522500e+01 -1.910000e+01  0.000000e+00
     vertex -1.522500e+01 -6.729195e-02  2.516782e-01
     vertex -1.522500e+01  4.630836e-15  2.500000e-01
   endloop
 endfacet
 facet normal -1.000000e+00  0.000000e+00  0.000000e+00
   outer loop
     vertex -1.522500e+01 -1.910000e+01  0.000000e+00
     vertex -1.522500e+01 -1.344166e-01  2.567085e-01
     vertex -1.522500e+01 -6.729195e-02  2.516782e-01
   endloop
 endfacet
 facet normal -1.000000e+00  0.000000e+00  0.000000e+00
   outer loop
     vertex -1.522500e+01 -1.910000e+01  0.000000e+00
     vertex -1.522500e+01 -2.012071e-01  2.650784e-01
     vertex -1.522500e+01 -1.344166e-01  2.567085e-01
   endloop
 endfacet
 facet normal -1.000000e+00  0.000000e+00  0.000000e+00
   outer loop
     vertex -1.522500e+01 -1.910000e+01  0.000000e+00
     vertex -1.522500e+01 -2.674973e-01  2.767671e-01
     vertex -1.522500e+01 -2.012071e-01  2.650784e-01
   endloop
 endfacet
 facet normal -1.000000e+00  0.000000e+00  0.000000e+00
   outer loop
     vertex -1.522500e+01 -1.910000e+01  0.000000e+00
     vertex -1.522500e+01 -3.331225e-01  2.917457e-01
     vertex -1.522500e+01 -2.674973e-01  2.767671e-01
   endloop
 endfacet
 facet normal -1.000000e+00 -0.000000e+00  0.000000e+00
   outer loop
     vertex -1.522500e+01  1.910000e+01  3.200000e+00
     vertex -1.522500e+01  3.306546e-16  2.950000e+00
     vertex -1.522500e+01 -4.900000e+00  3.200000e+00
   endloop
 endfacet
 facet normal -1.000000e+00 -0.000000e+00  0.000000e+00
   outer loop
     vertex -1.522500e+01  3.306546e-16  2.950000e+00
     vertex -1.522500e+01 -6.729195e-02  2.948322e+00
     vertex -1.522500e+01 -4.900000e+00  3.200000e+00
   endloop
 endfacet
 facet normal -1.000000e+00  0.000000e+00  0.000000e+00
   outer loop
     vertex -1.522500e+01  1.910000e+01  3.200000e+00
     vertex -1.522500e+01  6.729195e-02  2.948322e+00
     vertex -1.522500e+01  3.306546e-16  2.950000e+00
   endloop
 endfacet
 facet normal -1.000000e+00  0.000000e+00  0.000000e+00
   outer loop
     vertex -1.522500e+01  1.910000e+01  3.200000e+00
     vertex -1.522500e+01  1.344166e-01  2.943292e+00
     vertex -1.522500e+01  6.729195e-02  2.948322e+00
   endloop
 endfacet
 facet normal -1.000000e+00  0.000000e+00  0.000000e+00
   outer loop
     vertex -1.522500e+01  1.910000e+01  3.200000e+00
     vertex -1.522500e+01  2.012071e-01  2.934922e+00
     vertex -1.522500e+01  1.344166e-01  2.943292e+00
   endloop
 endfacet
 facet normal -1.000000e+00  0.000000e+00  0.000000e+00
   outer loop
     vertex -1.522500e+01  1.910000e+01  3.200000e+00
     vertex -1.522500e+01  2.674973e-01  2.923233e+00
     vertex -1.522500e+01  2.012071e-01  2.934922e+00
   endloop
 endfacet
 facet normal -1.000000e+00  0.000000e+00  0.000000e+00
   outer loop
     vertex -1.522500e+01  1.910000e+01  3.200000e+00
     vertex -1.522500e+01  3.331225e-01  2.908254e+00
     vertex -1.522500e+01  2.674973e-01  2.923233e+00
   endloop
 endfacet
 facet normal -1.000000e+00  0.000000e+00  0.000000e+00
   outer loop
     vertex -1.522500e+01  1.910000e+01  3.200000e+00
     vertex -1.522500e+01  3.979195e-01  2.890023e+00
     vertex -1.522500e+01  3.331225e-01  2.908254e+00
   endloop
 endfacet
 facet normal -1.000000e+00  0.000000e+00  0.000000e+00
   outer loop
     vertex -1.522500e+01  1.910000e+01  3.200000e+00
     vertex -1.522500e+01  4.617272e-01  2.868585e+00
     vertex -1.522500e+01  3.979195e-01  2.890023e+00
   endloop
 endfacet
 facet normal -1.000000e+00  0.000000e+00  0.000000e+00
   outer loop
     vertex -1.522500e+01  1.910000e+01  3.200000e+00
     vertex -1.522500e+01  5.243870e-01  2.843993e+00
     vertex -1.522500e+01  4.617272e-01  2.868585e+00
   endloop
 endfacet
 facet normal  0.000000e+00 -1.000000e+00 -0.000000e+00
   outer loop
     vertex -1.202500e+01 -4.900000e+00  9.400000e+00
     vertex -1.522500e+01 -4.900000e+00  3.200000e+00
     vertex -1.202500e+01 -4.900000e+00  3.200000e+00
   endloop
 endfacet
 facet normal -0.000000e+00 -1.000000e+00  0.000000e+00
   outer loop
     vertex -1.202500e+01 -4.900000e+00  9.400000e+00
     vertex -1.522500e+01 -4.900000e+00  9.400000e+00
     vertex -1.522500e+01 -4.900000e+00  3.200000e+00
   endloop
 endfacet
 facet normal  1.000000e+00  0.000000e+00  0.000000e+00
   outer loop
     vertex -1.202500e+01 -4.900000e+00  9.400000e+00
     vertex -1.202500e+01 -4.900000e+00  3.200000e+00
     vertex -1.202500e+01  1.910000e+01  3.200000e+00
   endloop
 endfacet
 facet normal  1.000000e+00 -0.000000e+00  0.000000e+00
   outer loop
     vertex -1.202500e+01 -4.900000e+00  9.400000e+00
     vertex -1.202500e+01  1.910000e+01  3.200000e+00
     vertex -1.202500e+01  1.910000e+01  9.400000e+00
   endloop
 endfacet
 facet normal  0.000000e+00  1.000000e+00  0.000000e+00
   outer loop
     vertex -1.202500e+01  1.910000e+01  3.200000e+00
     vertex -1.522500e+01  1.910000e+01  0.000000e+00
     vertex -1.522500e+01  1.910000e+01  3.200000e+00
   endloop
 endfacet
 facet normal  0.000000e+00  1.000000e+00  0.000000e+00
   outer loop
     vertex -8.450000e+00  1.910000e+01  3.200000e+00
     vertex -1.522500e+01  1.910000e+01  0.000000e+00
     vertex -1.202500e+01  1.910000e+01  3.200000e+00
   endloop
 endfacet
 facet normal  0.000000e+00  1.000000e+00  0.000000e+00
   outer loop
     vertex  1.202500e+01  1.910000e+01  3.200000e+00
     vertex  1.522500e+01  1.910000e+01  0.000000e+00
     vertex  8.450000e+00  1.910000e+01  3.200000e+00
   endloop
 endfacet
 facet normal  0.000000e+00  1.000000e+00  0.000000e+00
   outer loop
     vertex  1.522500e+01  1.910000e+01  3.200000e+00
     vertex  1.522500e+01  1.910000e+01  0.000000e+00
     vertex  1.202500e+01  1.910000e+01  3.200000e+00
   endloop
 endfacet
 facet normal  0.000000e+00  1.000000e+00  0.000000e+00
   outer loop
     vertex  1.522500e+01  1.910000e+01  0.000000e+00
     vertex -1.522500e+01  1.910000e+01  0.000000e+00
     vertex -8.450000e+00  1.910000e+01  3.200000e+00
   endloop
 endfacet
 facet normal  0.000000e+00  1.000000e+00  0.000000e+00
   outer loop
     vertex  1.522500e+01  1.910000e+01  0.000000e+00
     vertex -8.450000e+00  1.910000e+01  3.200000e+00
     vertex  8.450000e+00  1.910000e+01  3.200000e+00
   endloop
 endfacet
 facet normal -1.000000e+00  0.000000e+00  0.000000e+00
   outer loop
     vertex -8.450000e+00 -4.900000e+00  4.400000e+00
     vertex -8.450000e+00  1.910000e+01  3.200000e+00
     vertex -8.450000e+00 -4.900000e+00  3.200000e+00
   endloop
 endfacet
 facet normal -1.000000e+00  0.000000e+00  0.000000e+00
   outer loop
     vertex -8.450000e+00 -4.900000e+00  4.400000e+00
     vertex -8.450000e+00  1.910000e+01  4.400000e+00
     vertex -8.450000e+00  1.910000e+01  3.200000e+00
   endloop
 endfacet
 facet normal  0.000000e+00 -1.000000e+00  0.000000e+00
   outer loop
     vertex  8.450000e+00 -4.900000e+00  3.200000e+00
     vertex -8.450000e+00 -4.900000e+00  4.400000e+00
     vertex -8.450000e+00 -4.900000e+00  3.200000e+00
   endloop
 endfacet
 facet normal -0.000000e+00 -1.000000e+00 -0.000000e+00
   outer loop
     vertex  8.450000e+00 -4.900000e+00  4.400000e+00
     vertex -8.450000e+00 -4.900000e+00  4.400000e+00
     vertex  8.450000e+00 -4.900000e+00  3.200000e+00
   endloop
 endfacet
 facet normal  1.000000e+00  0.000000e+00  0.000000e+00
   outer loop
     vertex  8.450000e+00 -4.900000e+00  4.400000e+00
     vertex  8.450000e+00 -4.900000e+00  3.200000e+00
     vertex  8.450000e+00  1.910000e+01  3.200000e+00
   endloop
 endfacet
 facet normal  1.000000e+00 -0.000000e+00  0.000000e+00
   outer loop
     vertex  8.450000e+00 -4.900000e+00  4.400000e+00
     vertex  8.450000e+00  1.910000e+01  3.200000e+00
     vertex  8.450000e+00  1.910000e+01  4.400000e+00
   endloop
 endfacet
 facet normal -1.000000e+00  0.000000e+00  0.000000e+00
   outer loop
     vertex  1.202500e+01 -4.900000e+00  9.400000e+00
     vertex  1.202500e+01  1.910000e+01  3.200000e+00
     vertex  1.202500e+01 -4.900000e+00  3.200000e+00
   endloop
 endfacet
 facet normal -1.000000e+00  0.000000e+00  0.000000e+00
   outer loop
     vertex  1.202500e+01 -4.900000e+00  9.400000e+00
     vertex  1.202500e+01  1.910000e+01  9.400000e+00
     vertex  1.202500e+01  1.910000e+01  3.200000e+00
   endloop
 endfacet
 facet normal  0.000000e+00 -1.000000e+00 -0.000000e+00
   outer loop
     vertex  1.522500e+01 -4.900000e+00  9.400000e+00
     vertex  1.202500e+01 -4.900000e+00  3.200000e+00
     vertex  1.522500e+01 -4.900000e+00  3.200000e+00
   endloop
 endfacet
 facet normal -0.000000e+00 -1.000000e+00  0.000000e+00
   outer loop
     vertex  1.522500e+01 -4.900000e+00  9.400000e+00
     vertex  1.202500e+01 -4.900000e+00  9.400000e+00
     vertex  1.202500e+01 -4.900000e+00  3.200000e+00
   endloop
 endfacet
 facet normal  1.000000e+00 -0.000000e+00  0.000000e+00
   outer loop
     vertex  1.522500e+01  9.182332e-01  6.103800e-01
     vertex  1.522500e+01  1.910000e+01  0.000000e+00
     vertex  1.522500e+01  9.664202e-01  6.573803e-01
   endloop
 endfacet
 facet normal  1.000000e+00  0.000000e+00  0.000000e+00
   outer loop
     vertex  1.522500e+01  1.012205e+00  7.067241e-01
     vertex  1.522500e+01  9.664202e-01  6.573803e-01
     vertex  1.522500e+01  1.910000e+01  0.000000e+00
   endloop
 endfacet
 facet normal  1.000000e+00 -0.000000e+00  0.000000e+00
   outer loop
     vertex  1.522500e+01  8.677633e-01  5.658400e-01
     vertex  1.522500e+01  1.910000e+01  0.000000e+00
     vertex  1.522500e+01  9.182332e-01  6.103800e-01
   endloop
 endfacet
 facet normal  1.000000e+00  0.000000e+00  0.000000e+00
   outer loop
     vertex  1.522500e+01  1.055473e+00  7.582888e-01
     vertex  1.522500e+01  1.012205e+00  7.067241e-01
     vertex  1.522500e+01  1.910000e+01  0.000000e+00
   endloop
 endfacet
 facet normal  1.000000e+00 -0.000000e+00  0.000000e+00
   outer loop
     vertex  1.522500e+01  8.151360e-01  5.238711e-01
     vertex  1.522500e+01  1.910000e+01  0.000000e+00
     vertex  1.522500e+01  8.677633e-01  5.658400e-01
   endloop
 endfacet
 facet normal  1.000000e+00  0.000000e+00  0.000000e+00
   outer loop
     vertex  1.522500e+01  1.096116e+00  8.119460e-01
     vertex  1.522500e+01  1.055473e+00  7.582888e-01
     vertex  1.522500e+01  1.910000e+01  0.000000e+00
   endloop
 endfacet
 facet normal  1.000000e+00 -0.000000e+00  0.000000e+00
   outer loop
     vertex  1.522500e+01  7.604821e-01  4.845777e-01
     vertex  1.522500e+01  1.910000e+01  0.000000e+00
     vertex  1.522500e+01  8.151360e-01  5.238711e-01
   endloop
 endfacet
 facet normal  1.000000e+00  0.000000e+00  0.000000e+00
   outer loop
     vertex  1.522500e+01  1.134035e+00  8.675625e-01
     vertex  1.522500e+01  1.096116e+00  8.119460e-01
     vertex  1.522500e+01  1.910000e+01  0.000000e+00
   endloop
 endfacet
 facet normal  1.000000e+00 -0.000000e+00  0.000000e+00
   outer loop
     vertex  1.522500e+01  7.039375e-01  4.480573e-01
     vertex  1.522500e+01  1.910000e+01  0.000000e+00
     vertex  1.522500e+01  7.604821e-01  4.845777e-01
   endloop
 endfacet
 facet normal  1.000000e+00  0.000000e+00  0.000000e+00
   outer loop
     vertex  1.522500e+01  1.169134e+00  9.250000e-01
     vertex  1.522500e+01  1.134035e+00  8.675625e-01
     vertex  1.522500e+01  1.910000e+01  0.000000e+00
   endloop
 endfacet
 facet normal  1.000000e+00 -0.000000e+00  0.000000e+00
   outer loop
     vertex  1.522500e+01  6.456429e-01  4.144009e-01
     vertex  1.522500e+01  1.910000e+01  0.000000e+00
     vertex  1.522500e+01  7.039375e-01  4.480573e-01
   endloop
 endfacet
 facet normal  1.000000e+00  0.000000e+00  0.000000e+00
   outer loop
     vertex  1.522500e+01  1.201327e+00  9.841156e-01
     vertex  1.522500e+01  1.169134e+00  9.250000e-01
     vertex  1.522500e+01  1.910000e+01  0.000000e+00
   endloop
 endfacet
 facet normal  1.000000e+00 -0.000000e+00  0.000000e+00
   outer loop
     vertex  1.522500e+01  5.857430e-01  3.836920e-01
     vertex  1.522500e+01  1.910000e+01  0.000000e+00
     vertex  1.522500e+01  6.456429e-01  4.144009e-01
   endloop
 endfacet
 facet normal  1.000000e+00  0.000000e+00  0.000000e+00
   outer loop
     vertex  1.522500e+01  1.230533e+00  1.044762e+00
     vertex  1.522500e+01  1.201327e+00  9.841156e-01
     vertex  1.522500e+01  1.910000e+01  0.000000e+00
   endloop
 endfacet
 facet normal  1.000000e+00 -0.000000e+00  0.000000e+00
   outer loop
     vertex  1.522500e+01  5.243870e-01  3.560071e-01
     vertex  1.522500e+01  1.910000e+01  0.000000e+00
     vertex  1.522500e+01  5.857430e-01  3.836920e-01
   endloop
 endfacet
 facet normal  1.000000e+00  0.000000e+00  0.000000e+00
   outer loop
     vertex  1.522500e+01  1.256680e+00  1.106790e+00
     vertex  1.522500e+01  1.230533e+00  1.044762e+00
     vertex  1.522500e+01  1.910000e+01  0.000000e+00
   endloop
 endfacet
 facet normal  1.000000e+00  0.000000e+00  0.000000e+00
   outer loop
     vertex  1.522500e+01  1.279702e+00  1.170043e+00
     vertex  1.522500e+01  1.256680e+00  1.106790e+00
     vertex  1.522500e+01  1.910000e+01  0.000000e+00
   endloop
 endfacet
 facet normal  1.000000e+00  0.000000e+00  0.000000e+00
   outer loop
     vertex  1.522500e+01  1.299543e+00  1.234365e+00
     vertex  1.522500e+01  1.279702e+00  1.170043e+00
     vertex  1.522500e+01  1.910000e+01  0.000000e+00
   endloop
 endfacet
 facet normal  1.000000e+00  0.000000e+00  0.000000e+00
   outer loop
     vertex  1.522500e+01  1.316153e+00  1.299597e+00
     vertex  1.522500e+01  1.299543e+00  1.234365e+00
     vertex  1.522500e+01  1.910000e+01  0.000000e+00
   endloop
 endfacet
 facet normal  1.000000e+00  0.000000e+00  0.000000e+00
   outer loop
     vertex  1.522500e+01  1.329490e+00  1.365575e+00
     vertex  1.522500e+01  1.316153e+00  1.299597e+00
     vertex  1.522500e+01  1.910000e+01  0.000000e+00
   endloop
 endfacet
 facet normal  1.000000e+00  0.000000e+00  0.000000e+00
   outer loop
     vertex  1.522500e+01  1.339523e+00  1.432136e+00
     vertex  1.522500e+01  1.329490e+00  1.365575e+00
     vertex  1.522500e+01  1.910000e+01  0.000000e+00
   endloop
 endfacet
 facet normal  1.000000e+00  0.000000e+00  0.000000e+00
   outer loop
     vertex  1.522500e+01  1.346225e+00  1.499114e+00
     vertex  1.522500e+01  1.339523e+00  1.432136e+00
     vertex  1.522500e+01  1.910000e+01  0.000000e+00
   endloop
 endfacet
 facet normal  1.000000e+00 -4.898450e-17 -5.551115e-16
   outer loop
     vertex  1.522500e+01  1.349580e+00  1.566344e+00
     vertex  1.522500e+01  1.910000e+01  0.000000e+00
     vertex  1.522500e+01  1.910000e+01  3.200000e+00
   endloop
 endfacet
 facet normal  1.000000e+00  0.000000e+00  0.000000e+00
   outer loop
     vertex  1.522500e+01  1.349580e+00  1.566344e+00
     vertex  1.522500e+01  1.346225e+00  1.499114e+00
     vertex  1.522500e+01  1.910000e+01  0.000000e+00
   endloop
 endfacet
 facet normal  1.000000e+00 -1.000741e-16  9.903415e-31
   outer loop
     vertex  1.522500e+01  1.349580e+00  1.633656e+00
     vertex  1.522500e+01  1.349580e+00  1.566344e+00
     vertex  1.522500e+01  1.910000e+01  3.200000e+00
   endloop
 endfacet
 facet normal  1.000000e+00 -9.963528e-17 -4.972590e-18
   outer loop
     vertex  1.522500e+01  1.346225e+00  1.700886e+00
     vertex  1.522500e+01  1.349580e+00  1.633656e+00
     vertex  1.522500e+01  1.910000e+01  3.200000e+00
   endloop
 endfacet
 facet normal  1.000000e+00 -9.921684e-17 -9.928142e-18
   outer loop
     vertex  1.522500e+01  1.339523e+00  1.767864e+00
     vertex  1.522500e+01  1.346225e+00  1.700886e+00
     vertex  1.522500e+01  1.910000e+01  3.200000e+00
   endloop
 endfacet
 facet normal  1.000000e+00 -9.881640e-17 -1.489418e-17
   outer loop
     vertex  1.522500e+01  1.329490e+00  1.834425e+00
     vertex  1.522500e+01  1.339523e+00  1.767864e+00
     vertex  1.522500e+01  1.910000e+01  3.200000e+00
   endloop
 endfacet
 facet normal  1.000000e+00 -9.843185e-17 -1.989843e-17
   outer loop
     vertex  1.522500e+01  1.316153e+00  1.900403e+00
     vertex  1.522500e+01  1.329490e+00  1.834425e+00
     vertex  1.522500e+01  1.910000e+01  3.200000e+00
   endloop
 endfacet
 facet normal  1.000000e+00 -9.806127e-17 -2.496947e-17
   outer loop
     vertex  1.522500e+01  1.299543e+00  1.965635e+00
     vertex  1.522500e+01  1.316153e+00  1.900403e+00
     vertex  1.522500e+01  1.910000e+01  3.200000e+00
   endloop
 endfacet
 facet normal  1.000000e+00 -9.770290e-17 -3.013735e-17
   outer loop
     vertex  1.522500e+01  1.279702e+00  2.029957e+00
     vertex  1.522500e+01  1.299543e+00  1.965635e+00
     vertex  1.522500e+01  1.910000e+01  3.200000e+00
   endloop
 endfacet
 facet normal  1.000000e+00 -9.735511e-17 -3.543436e-17
   outer loop
     vertex  1.522500e+01  1.256680e+00  2.093210e+00
     vertex  1.522500e+01  1.279702e+00  2.029957e+00
     vertex  1.522500e+01  1.910000e+01  3.200000e+00
   endloop
 endfacet
 facet normal  1.000000e+00 -9.701635e-17 -4.089582e-17
   outer loop
     vertex  1.522500e+01  1.230533e+00  2.155238e+00
     vertex  1.522500e+01  1.256680e+00  2.093210e+00
     vertex  1.522500e+01  1.910000e+01  3.200000e+00
   endloop
 endfacet
 facet normal  1.000000e+00 -9.668512e-17 -4.656110e-17
   outer loop
     vertex  1.522500e+01  1.201327e+00  2.215884e+00
     vertex  1.522500e+01  1.230533e+00  2.155238e+00
     vertex  1.522500e+01  1.910000e+01  3.200000e+00
   endloop
 endfacet
 facet normal  1.000000e+00 -9.635997e-17 -5.247484e-17
   outer loop
     vertex  1.522500e+01  1.169134e+00  2.275000e+00
     vertex  1.522500e+01  1.201327e+00  2.215884e+00
     vertex  1.522500e+01  1.910000e+01  3.200000e+00
   endloop
 endfacet
 facet normal  1.000000e+00 -9.603942e-17 -5.868847e-17
   outer loop
     vertex  1.522500e+01  1.134035e+00  2.332437e+00
     vertex  1.522500e+01  1.169134e+00  2.275000e+00
     vertex  1.522500e+01  1.910000e+01  3.200000e+00
   endloop
 endfacet
 facet normal  1.000000e+00 -9.572199e-17 -6.526214e-17
   outer loop
     vertex  1.522500e+01  1.096116e+00  2.388054e+00
     vertex  1.522500e+01  1.134035e+00  2.332437e+00
     vertex  1.522500e+01  1.910000e+01  3.200000e+00
   endloop
 endfacet
 facet normal  1.000000e+00 -9.540607e-17 -7.226729e-17
   outer loop
     vertex  1.522500e+01  1.055473e+00  2.441711e+00
     vertex  1.522500e+01  1.096116e+00  2.388054e+00
     vertex  1.522500e+01  1.910000e+01  3.200000e+00
   endloop
 endfacet
 facet normal  1.000000e+00 -9.508994e-17 -7.978993e-17
   outer loop
     vertex  1.522500e+01  1.012205e+00  2.493276e+00
     vertex  1.522500e+01  1.055473e+00  2.441711e+00
     vertex  1.522500e+01  1.910000e+01  3.200000e+00
   endloop
 endfacet
 facet normal  1.000000e+00 -9.477169e-17 -8.793527e-17
   outer loop
     vertex  1.522500e+01  9.664202e-01  2.542620e+00
     vertex  1.522500e+01  1.012205e+00  2.493276e+00
     vertex  1.522500e+01  1.910000e+01  3.200000e+00
   endloop
 endfacet
 facet normal  1.000000e+00 -9.444909e-17 -9.683387e-17
   outer loop
     vertex  1.522500e+01  9.182332e-01  2.589620e+00
     vertex  1.522500e+01  9.664202e-01  2.542620e+00
     vertex  1.522500e+01  1.910000e+01  3.200000e+00
   endloop
 endfacet
 facet normal  1.000000e+00 -9.411954e-17 -1.066504e-16
   outer loop
     vertex  1.522500e+01  8.677633e-01  2.634160e+00
     vertex  1.522500e+01  9.182332e-01  2.589620e+00
     vertex  1.522500e+01  1.910000e+01  3.200000e+00
   endloop
 endfacet
 facet normal  1.000000e+00 -9.377984e-17 -1.175962e-16
   outer loop
     vertex  1.522500e+01  8.151360e-01  2.676129e+00
     vertex  1.522500e+01  8.677633e-01  2.634160e+00
     vertex  1.522500e+01  1.910000e+01  3.200000e+00
   endloop
 endfacet
 facet normal  1.000000e+00 -9.342596e-17 -1.299476e-16
   outer loop
     vertex  1.522500e+01  7.604821e-01  2.715422e+00
     vertex  1.522500e+01  8.151360e-01  2.676129e+00
     vertex  1.522500e+01  1.910000e+01  3.200000e+00
   endloop
 endfacet
 facet normal  1.000000e+00 -9.305271e-17 -1.440738e-16
   outer loop
     vertex  1.522500e+01  7.039375e-01  2.751943e+00
     vertex  1.522500e+01  7.604821e-01  2.715422e+00
     vertex  1.522500e+01  1.910000e+01  3.200000e+00
   endloop
 endfacet
 facet normal  1.000000e+00 -9.265312e-17 -1.604799e-16
   outer loop
     vertex  1.522500e+01  6.456429e-01  2.785599e+00
     vertex  1.522500e+01  7.039375e-01  2.751943e+00
     vertex  1.522500e+01  1.910000e+01  3.200000e+00
   endloop
 endfacet
 facet normal  1.000000e+00 -9.221755e-17 -1.798770e-16
   outer loop
     vertex  1.522500e+01  5.857430e-01  2.816308e+00
     vertex  1.522500e+01  6.456429e-01  2.785599e+00
     vertex  1.522500e+01  1.910000e+01  3.200000e+00
   endloop
 endfacet
 facet normal  1.000000e+00 -9.173215e-17 -2.032993e-16
   outer loop
     vertex  1.522500e+01  5.243870e-01  2.843993e+00
     vertex  1.522500e+01  5.857430e-01  2.816308e+00
     vertex  1.522500e+01  1.910000e+01  3.200000e+00
   endloop
 endfacet
 facet normal  1.000000e+00  1.338868e-15  1.372673e-15
   outer loop
     vertex  1.522500e+01 -4.900000e+00  3.200000e+00
     vertex  1.522500e+01 -9.182332e-01  6.103800e-01
     vertex  1.522500e+01 -9.664202e-01  6.573803e-01
   endloop
 endfacet
 facet normal  1.000000e+00  1.128294e-15  1.046904e-15
   outer loop
     vertex  1.522500e+01 -4.900000e+00  3.200000e+00
     vertex  1.522500e+01 -9.664202e-01  6.573803e-01
     vertex  1.522500e+01 -1.012205e+00  7.067241e-01
   endloop
 endfacet
 facet normal  1.000000e+00  9.892344e-16  8.300662e-16
   outer loop
     vertex  1.522500e+01 -4.900000e+00  3.200000e+00
     vertex  1.522500e+01 -1.012205e+00  7.067241e-01
     vertex  1.522500e+01 -1.055473e+00  7.582888e-01
   endloop
 endfacet
 facet normal  1.000000e+00  8.904030e-16  6.744541e-16
   outer loop
     vertex  1.522500e+01 -4.900000e+00  3.200000e+00
     vertex  1.522500e+01 -1.055473e+00  7.582888e-01
     vertex  1.522500e+01 -1.096116e+00  8.119460e-01
   endloop
 endfacet
 facet normal  1.000000e+00  8.164395e-16  5.566390e-16
   outer loop
     vertex  1.522500e+01 -4.900000e+00  3.200000e+00
     vertex  1.522500e+01 -1.096116e+00  8.119460e-01
     vertex  1.522500e+01 -1.134035e+00  8.675625e-01
   endloop
 endfacet
 facet normal  1.000000e+00  7.589186e-16  4.637655e-16
   outer loop
     vertex  1.522500e+01 -4.900000e+00  3.200000e+00
     vertex  1.522500e+01 -1.134035e+00  8.675625e-01
     vertex  1.522500e+01 -1.169134e+00  9.250000e-01
   endloop
 endfacet
 facet normal  1.000000e+00  7.128333e-16  3.881883e-16
   outer loop
     vertex  1.522500e+01 -4.900000e+00  3.200000e+00
     vertex  1.522500e+01 -1.169134e+00  9.250000e-01
     vertex  1.522500e+01 -1.201327e+00  9.841156e-01
   endloop
 endfacet
 facet normal  1.000000e+00  6.750206e-16  3.250728e-16
   outer loop
     vertex  1.522500e+01 -4.900000e+00  3.200000e+00
     vertex  1.522500e+01 -1.201327e+00  9.841156e-01
     vertex  1.522500e+01 -1.230533e+00  1.044762e+00
   endloop
 endfacet
 facet normal  1.000000e+00  6.433842e-16  2.712092e-16
   outer loop
     vertex  1.522500e+01 -4.900000e+00  3.200000e+00
     vertex  1.522500e+01 -1.230533e+00  1.044762e+00
     vertex  1.522500e+01 -1.256680e+00  1.106790e+00
   endloop
 endfacet
 facet normal  1.000000e+00  6.164793e-16  2.243801e-16
   outer loop
     vertex  1.522500e+01 -4.900000e+00  3.200000e+00
     vertex  1.522500e+01 -1.256680e+00  1.106790e+00
     vertex  1.522500e+01 -1.279702e+00  1.170043e+00
   endloop
 endfacet
 facet normal  1.000000e+00  5.932780e-16  1.830020e-16
   outer loop
     vertex  1.522500e+01 -4.900000e+00  3.200000e+00
     vertex  1.522500e+01 -1.279702e+00  1.170043e+00
     vertex  1.522500e+01 -1.299543e+00  1.234365e+00
   endloop
 endfacet
 facet normal  1.000000e+00  5.730285e-16  1.459110e-16
   outer loop
     vertex  1.522500e+01 -4.900000e+00  3.200000e+00
     vertex  1.522500e+01 -1.299543e+00  1.234365e+00
     vertex  1.522500e+01 -1.316153e+00  1.299597e+00
   endloop
 endfacet
 facet normal  1.000000e+00  5.551683e-16  1.122297e-16
   outer loop
     vertex  1.522500e+01 -4.900000e+00  3.200000e+00
     vertex  1.522500e+01 -1.316153e+00  1.299597e+00
     vertex  1.522500e+01 -1.329490e+00  1.365575e+00
   endloop
 endfacet
 facet normal  1.000000e+00  5.392681e-16  8.128158e-17
   outer loop
     vertex  1.522500e+01 -4.900000e+00  3.200000e+00
     vertex  1.522500e+01 -1.329490e+00  1.365575e+00
     vertex  1.522500e+01 -1.339523e+00  1.432136e+00
   endloop
 endfacet
 facet normal  1.000000e+00  5.249940e-16  5.253357e-17
   outer loop
     vertex  1.522500e+01 -4.900000e+00  3.200000e+00
     vertex  1.522500e+01 -1.339523e+00  1.432136e+00
     vertex  1.522500e+01 -1.346225e+00  1.499114e+00
   endloop
 endfacet
 facet normal  1.000000e+00  5.120826e-16  2.555698e-17
   outer loop
     vertex  1.522500e+01 -4.900000e+00  3.200000e+00
     vertex  1.522500e+01 -1.346225e+00  1.499114e+00
     vertex  1.522500e+01 -1.349580e+00  1.566344e+00
   endloop
 endfacet
 facet normal  1.000000e+00  5.003231e-16  0.000000e+00
   outer loop
     vertex  1.522500e+01 -4.900000e+00  3.200000e+00
     vertex  1.522500e+01 -1.349580e+00  1.566344e+00
     vertex  1.522500e+01 -1.349580e+00  1.633656e+00
   endloop
 endfacet
 facet normal  1.000000e+00  4.895443e-16 -2.443214e-17
   outer loop
     vertex  1.522500e+01 -4.900000e+00  3.200000e+00
     vertex  1.522500e+01 -1.349580e+00  1.633656e+00
     vertex  1.522500e+01 -1.346225e+00  1.700886e+00
   endloop
 endfacet
 facet normal  1.000000e+00  4.796060e-16 -4.799182e-17
   outer loop
     vertex  1.522500e+01 -4.900000e+00  3.200000e+00
     vertex  1.522500e+01 -1.346225e+00  1.700886e+00
     vertex  1.522500e+01 -1.339523e+00  1.767864e+00
   endloop
 endfacet
 facet normal  1.000000e+00  4.703915e-16 -7.090011e-17
   outer loop
     vertex  1.522500e+01 -4.900000e+00  3.200000e+00
     vertex  1.522500e+01 -1.339523e+00  1.767864e+00
     vertex  1.522500e+01 -1.329490e+00  1.834425e+00
   endloop
 endfacet
 facet normal  1.000000e+00  4.618032e-16 -9.335554e-17
   outer loop
     vertex  1.522500e+01 -4.900000e+00  3.200000e+00
     vertex  1.522500e+01 -1.329490e+00  1.834425e+00
     vertex  1.522500e+01 -1.316153e+00  1.900403e+00
   endloop
 endfacet
 facet normal  1.000000e+00  4.537582e-16 -1.155410e-16
   outer loop
     vertex  1.522500e+01 -4.900000e+00  3.200000e+00
     vertex  1.522500e+01 -1.316153e+00  1.900403e+00
     vertex  1.522500e+01 -1.299543e+00  1.965635e+00
   endloop
 endfacet
 facet normal  1.000000e+00  4.461853e-16 -1.376299e-16
   outer loop
     vertex  1.522500e+01 -4.900000e+00  3.200000e+00
     vertex  1.522500e+01 -1.299543e+00  1.965635e+00
     vertex  1.522500e+01 -1.279702e+00  2.029957e+00
   endloop
 endfacet
 facet normal  1.000000e+00  4.390230e-16 -1.597913e-16
   outer loop
     vertex  1.522500e+01 -4.900000e+00  3.200000e+00
     vertex  1.522500e+01 -1.279702e+00  2.029957e+00
     vertex  1.522500e+01 -1.256680e+00  2.093210e+00
   endloop
 endfacet
 facet normal  1.000000e+00  4.322171e-16 -1.821948e-16
   outer loop
     vertex  1.522500e+01 -4.900000e+00  3.200000e+00
     vertex  1.522500e+01 -1.256680e+00  2.093210e+00
     vertex  1.522500e+01 -1.230533e+00  2.155238e+00
   endloop
 endfacet
 facet normal  1.000000e+00  4.257196e-16 -2.050158e-16
   outer loop
     vertex  1.522500e+01 -4.900000e+00  3.200000e+00
     vertex  1.522500e+01 -1.230533e+00  2.155238e+00
     vertex  1.522500e+01 -1.201327e+00  2.215884e+00
   endloop
 endfacet
 facet normal  1.000000e+00  4.194869e-16 -2.284404e-16
   outer loop
     vertex  1.522500e+01 -4.900000e+00  3.200000e+00
     vertex  1.522500e+01 -1.201327e+00  2.215884e+00
     vertex  1.522500e+01 -1.169134e+00  2.275000e+00
   endloop
 endfacet
 facet normal  1.000000e+00  4.134792e-16 -2.526719e-16
   outer loop
     vertex  1.522500e+01 -4.900000e+00  3.200000e+00
     vertex  1.522500e+01 -1.169134e+00  2.275000e+00
     vertex  1.522500e+01 -1.134035e+00  2.332437e+00
   endloop
 endfacet
 facet normal  1.000000e+00  4.076589e-16 -2.779371e-16
   outer loop
     vertex  1.522500e+01 -4.900000e+00  3.200000e+00
     vertex  1.522500e+01 -1.134035e+00  2.332437e+00
     vertex  1.522500e+01 -1.096116e+00  2.388054e+00
   endloop
 endfacet
 facet normal  1.000000e+00  4.019899e-16 -3.044955e-16
   outer loop
     vertex  1.522500e+01 -4.900000e+00  3.200000e+00
     vertex  1.522500e+01 -1.096116e+00  2.388054e+00
     vertex  1.522500e+01 -1.055473e+00  2.441711e+00
   endloop
 endfacet
 facet normal  1.000000e+00  3.964368e-16 -3.326500e-16
   outer loop
     vertex  1.522500e+01 -4.900000e+00  3.200000e+00
     vertex  1.522500e+01 -1.055473e+00  2.441711e+00
     vertex  1.522500e+01 -1.012205e+00  2.493276e+00
   endloop
 endfacet
 facet normal  1.000000e+00  3.909632e-16 -3.627609e-16
   outer loop
     vertex  1.522500e+01 -4.900000e+00  3.200000e+00
     vertex  1.522500e+01 -1.012205e+00  2.493276e+00
     vertex  1.522500e+01 -9.664202e-01  2.542620e+00
   endloop
 endfacet
 facet normal  1.000000e+00  3.855310e-16 -3.952655e-16
   outer loop
     vertex  1.522500e+01 -4.900000e+00  3.200000e+00
     vertex  1.522500e+01 -9.664202e-01  2.542620e+00
     vertex  1.522500e+01 -9.182332e-01  2.589620e+00
   endloop
 endfacet
 facet normal  1.000000e+00  3.800985e-16 -4.307040e-16
   outer loop
     vertex  1.522500e+01 -4.900000e+00  3.200000e+00
     vertex  1.522500e+01 -9.182332e-01  2.589620e+00
     vertex  1.522500e+01 -8.677633e-01  2.634160e+00
   endloop
 endfacet
 facet normal  1.000000e+00  3.746183e-16 -4.697565e-16
   outer loop
     vertex  1.522500e+01 -4.900000e+00  3.200000e+00
     vertex  1.522500e+01 -8.677633e-01  2.634160e+00
     vertex  1.522500e+01 -8.151360e-01  2.676129e+00
   endloop
 endfacet
 facet normal  1.000000e+00  3.690346e-16 -5.132958e-16
   outer loop
     vertex  1.522500e+01 -4.900000e+00  3.200000e+00
     vertex  1.522500e+01 -8.151360e-01  2.676129e+00
     vertex  1.522500e+01 -7.604821e-01  2.715422e+00
   endloop
 endfacet
 facet normal  1.000000e+00  3.632787e-16 -5.624654e-16
   outer loop
     vertex  1.522500e+01 -4.900000e+00  3.200000e+00
     vertex  1.522500e+01 -7.604821e-01  2.715422e+00
     vertex  1.522500e+01 -7.039375e-01  2.751943e+00
   endloop
 endfacet
 facet normal  1.000000e+00  3.572634e-16 -6.187984e-16
   outer loop
     vertex  1.522500e+01 -4.900000e+00  3.200000e+00
     vertex  1.522500e+01 -7.039375e-01  2.751943e+00
     vertex  1.522500e+01 -6.456429e-01  2.785599e+00
   endloop
 endfacet
 facet normal  1.000000e+00  3.508731e-16 -6.844033e-16
   outer loop
     vertex  1.522500e+01 -4.900000e+00  3.200000e+00
     vertex  1.522500e+01 -6.456429e-01  2.785599e+00
     vertex  1.522500e+01 -5.857430e-01  2.816308e+00
   endloop
 endfacet
 facet normal  1.000000e+00  3.439482e-16 -7.622675e-16
   outer loop
     vertex  1.522500e+01 -4.900000e+00  3.200000e+00
     vertex  1.522500e+01 -5.857430e-01  2.816308e+00
     vertex  1.522500e+01 -5.243870e-01  2.843993e+00
   endloop
 endfacet
 facet normal  1.000000e+00  3.362590e-16 -8.567739e-16
   outer loop
     vertex  1.522500e+01 -4.900000e+00  3.200000e+00
     vertex  1.522500e+01 -5.243870e-01  2.843993e+00
     vertex  1.522500e+01 -4.617272e-01  2.868585e+00
   endloop
 endfacet
 facet normal  1.000000e+00  3.274584e-16 -9.746304e-16
   outer loop
     vertex  1.522500e+01 -4.900000e+00  3.200000e+00
     vertex  1.522500e+01 -4.617272e-01  2.868585e+00
     vertex  1.522500e+01 -3.979195e-01  2.890023e+00
   endloop
 endfacet
 facet normal  1.000000e+00  3.169913e-16 -1.126654e-15
   outer loop
     vertex  1.522500e+01 -4.900000e+00  3.200000e+00
     vertex  1.522500e+01 -3.979195e-01  2.890023e+00
     vertex  1.522500e+01 -3.331225e-01  2.908254e+00
   endloop
 endfacet
 facet normal  1.000000e+00  3.039054e-16 -1.331496e-15
   outer loop
     vertex  1.522500e+01 -4.900000e+00  3.200000e+00
     vertex  1.522500e+01 -3.331225e-01  2.908254e+00
     vertex  1.522500e+01 -2.674973e-01  2.923233e+00
   endloop
 endfacet
 facet normal  1.000000e+00  2.864109e-16 -1.624317e-15
   outer loop
     vertex  1.522500e+01 -4.900000e+00  3.200000e+00
     vertex  1.522500e+01 -2.674973e-01  2.923233e+00
     vertex  1.522500e+01 -2.012071e-01  2.934922e+00
   endloop
 endfacet
 facet normal  1.000000e+00  2.606896e-16 -2.080254e-15
   outer loop
     vertex  1.522500e+01 -4.900000e+00  3.200000e+00
     vertex  1.522500e+01 -2.012071e-01  2.934922e+00
     vertex  1.522500e+01 -1.344166e-01  2.943292e+00
   endloop
 endfacet
 facet normal  1.000000e+00  2.168637e-16 -2.893845e-15
   outer loop
     vertex  1.522500e+01 -4.900000e+00  3.200000e+00
     vertex  1.522500e+01 -1.344166e-01  2.943292e+00
     vertex  1.522500e+01 -6.729195e-02  2.948322e+00
   endloop
 endfacet
 facet normal  1.000000e+00  0.000000e+00  0.000000e+00
   outer loop
     vertex  1.522500e+01 -1.910000e+01  0.000000e+00
     vertex  1.522500e+01 -3.331225e-01  2.917457e-01
     vertex  1.522500e+01 -3.979195e-01  3.099767e-01
   endloop
 endfacet
 facet normal  1.000000e+00  0.000000e+00  0.000000e+00
   outer loop
     vertex  1.522500e+01 -1.910000e+01  0.000000e+00
     vertex  1.522500e+01 -3.979195e-01  3.099767e-01
     vertex  1.522500e+01 -4.617272e-01  3.314150e-01
   endloop
 endfacet
 facet normal  1.000000e+00  0.000000e+00  0.000000e+00
   outer loop
     vertex  1.522500e+01 -1.910000e+01  0.000000e+00
     vertex  1.522500e+01 -4.617272e-01  3.314150e-01
     vertex  1.522500e+01 -5.243870e-01  3.560071e-01
   endloop
 endfacet
 facet normal  1.000000e+00  0.000000e+00  0.000000e+00
   outer loop
     vertex  1.522500e+01 -1.910000e+01  0.000000e+00
     vertex  1.522500e+01 -5.243870e-01  3.560071e-01
     vertex  1.522500e+01 -5.857430e-01  3.836920e-01
   endloop
 endfacet
 facet normal  1.000000e+00  0.000000e+00  0.000000e+00
   outer loop
     vertex  1.522500e+01 -1.910000e+01  0.000000e+00
     vertex  1.522500e+01 -5.857430e-01  3.836920e-01
     vertex  1.522500e+01 -6.456429e-01  4.144009e-01
   endloop
 endfacet
 facet normal  1.000000e+00  0.000000e+00  0.000000e+00
   outer loop
     vertex  1.522500e+01 -1.910000e+01  0.000000e+00
     vertex  1.522500e+01 -6.456429e-01  4.144009e-01
     vertex  1.522500e+01 -7.039375e-01  4.480573e-01
   endloop
 endfacet
 facet normal  1.000000e+00  0.000000e+00  0.000000e+00
   outer loop
     vertex  1.522500e+01 -1.910000e+01  0.000000e+00
     vertex  1.522500e+01 -7.039375e-01  4.480573e-01
     vertex  1.522500e+01 -7.604821e-01  4.845777e-01
   endloop
 endfacet
 facet normal  1.000000e+00  0.000000e+00  0.000000e+00
   outer loop
     vertex  1.522500e+01 -1.910000e+01  0.000000e+00
     vertex  1.522500e+01 -7.604821e-01  4.845777e-01
     vertex  1.522500e+01 -8.151360e-01  5.238711e-01
   endloop
 endfacet
 facet normal  1.000000e+00  0.000000e+00  0.000000e+00
   outer loop
     vertex  1.522500e+01 -1.910000e+01  0.000000e+00
     vertex  1.522500e+01 -8.151360e-01  5.238711e-01
     vertex  1.522500e+01 -8.677633e-01  5.658400e-01
   endloop
 endfacet
 facet normal  1.000000e+00  0.000000e+00  0.000000e+00
   outer loop
     vertex  1.522500e+01 -1.910000e+01  0.000000e+00
     vertex  1.522500e+01 -8.677633e-01  5.658400e-01
     vertex  1.522500e+01 -9.182332e-01  6.103800e-01
   endloop
 endfacet
 facet normal  1.000000e+00  2.189779e-17 -6.522829e-16
   outer loop
     vertex  1.522500e+01 -1.910000e+01  0.000000e+00
     vertex  1.522500e+01 -9.182332e-01  6.103800e-01
     vertex  1.522500e+01 -4.900000e+00  3.200000e+00
   endloop
 endfacet
 facet normal  1.000000e+00 -1.250956e-16  0.000000e+00
   outer loop
     vertex  1.522500e+01 -1.910000e+01  3.200000e+00
     vertex  1.522500e+01 -1.910000e+01  0.000000e+00
     vertex  1.522500e+01 -4.900000e+00  3.200000e+00
   endloop
 endfacet
 facet normal  1.000000e+00  0.000000e+00  0.000000e+00
   outer loop
     vertex  1.522500e+01 -1.910000e+01  0.000000e+00
     vertex  1.522500e+01  1.910000e+01  0.000000e+00
     vertex  1.522500e+01  3.306546e-16  2.500000e-01
   endloop
 endfacet
 facet normal  1.000000e+00 -0.000000e+00  0.000000e+00
   outer loop
     vertex  1.522500e+01  3.306546e-16  2.500000e-01
     vertex  1.522500e+01  1.910000e+01  0.000000e+00
     vertex  1.522500e+01  6.729195e-02  2.516782e-01
   endloop
 endfacet
 facet normal  1.000000e+00 -0.000000e+00  0.000000e+00
   outer loop
     vertex  1.522500e+01  6.729195e-02  2.516782e-01
     vertex  1.522500e+01  1.910000e+01  0.000000e+00
     vertex  1.522500e+01  1.344166e-01  2.567085e-01
   endloop
 endfacet
 facet normal  1.000000e+00 -0.000000e+00  0.000000e+00
   outer loop
     vertex  1.522500e+01  1.344166e-01  2.567085e-01
     vertex  1.522500e+01  1.910000e+01  0.000000e+00
     vertex  1.522500e+01  2.012071e-01  2.650784e-01
   endloop
 endfacet
 facet normal  1.000000e+00 -0.000000e+00  0.000000e+00
   outer loop
     vertex  1.522500e+01  2.012071e-01  2.650784e-01
     vertex  1.522500e+01  1.910000e+01  0.000000e+00
     vertex  1.522500e+01  2.674973e-01  2.767671e-01
   endloop
 endfacet
 facet normal  1.000000e+00 -0.000000e+00  0.000000e+00
   outer loop
     vertex  1.522500e+01  2.674973e-01  2.767671e-01
     vertex  1.522500e+01  1.910000e+01  0.000000e+00
     vertex  1.522500e+01  3.331225e-01  2.917457e-01
   endloop
 endfacet
 facet normal  1.000000e+00 -0.000000e+00  0.000000e+00
   outer loop
     vertex  1.522500e+01  3.331225e-01  2.917457e-01
     vertex  1.522500e+01  1.910000e+01  0.000000e+00
     vertex  1.522500e+01  3.979195e-01  3.099767e-01
   endloop
 endfacet
 facet normal  1.000000e+00 -0.000000e+00  0.000000e+00
   outer loop
     vertex  1.522500e+01  3.979195e-01  3.099767e-01
     vertex  1.522500e+01  1.910000e+01  0.000000e+00
     vertex  1.522500e+01  4.617272e-01  3.314150e-01
   endloop
 endfacet
 facet normal  1.000000e+00 -0.000000e+00  0.000000e+00
   outer loop
     vertex  1.522500e+01  4.617272e-01  3.314150e-01
     vertex  1.522500e+01  1.910000e+01  0.000000e+00
     vertex  1.522500e+01  5.243870e-01  3.560071e-01
   endloop
 endfacet
 facet normal  1.000000e+00  0.000000e+00  0.000000e+00
   outer loop
     vertex  1.522500e+01 -1.910000e+01  0.000000e+00
     vertex  1.522500e+01  3.306546e-16  2.500000e-01
     vertex  1.522500e+01 -6.729195e-02  2.516782e-01
   endloop
 endfacet
 facet normal  1.000000e+00  0.000000e+00  0.000000e+00
   outer loop
     vertex  1.522500e+01 -1.910000e+01  0.000000e+00
     vertex  1.522500e+01 -6.729195e-02  2.516782e-01
     vertex  1.522500e+01 -1.344166e-01  2.567085e-01
   endloop
 endfacet
 facet normal  1.000000e+00  0.000000e+00  0.000000e+00
   outer loop
     vertex  1.522500e+01 -1.910000e+01  0.000000e+00
     vertex  1.522500e+01 -1.344166e-01  2.567085e-01
     vertex  1.522500e+01 -2.012071e-01  2.650784e-01
   endloop
 endfacet
 facet normal  1.000000e+00  0.000000e+00  0.000000e+00
   outer loop
     vertex  1.522500e+01 -1.910000e+01  0.000000e+00
     vertex  1.522500e+01 -2.012071e-01  2.650784e-01
     vertex  1.522500e+01 -2.674973e-01  2.767671e-01
   endloop
 endfacet
 facet normal  1.000000e+00  0.000000e+00  0.000000e+00
   outer loop
     vertex  1.522500e+01 -1.910000e+01  0.000000e+00
     vertex  1.522500e+01 -2.674973e-01  2.767671e-01
     vertex  1.522500e+01 -3.331225e-01  2.917457e-01
   endloop
 endfacet
 facet normal  1.000000e+00  1.314768e-31 -7.105427e-15
   outer loop
     vertex  1.522500e+01  1.910000e+01  3.200000e+00
     vertex  1.522500e+01 -4.900000e+00  3.200000e+00
     vertex  1.522500e+01  4.630836e-15  2.950000e+00
   endloop
 endfacet
 facet normal  1.000000e+00  1.190214e-16 -4.772608e-15
   outer loop
     vertex  1.522500e+01  4.630836e-15  2.950000e+00
     vertex  1.522500e+01 -4.900000e+00  3.200000e+00
     vertex  1.522500e+01 -6.729195e-02  2.948322e+00
   endloop
 endfacet
 facet normal  1.000000e+00 -6.099146e-17 -2.445680e-15
   outer loop
     vertex  1.522500e+01  1.910000e+01  3.200000e+00
     vertex  1.522500e+01  4.630836e-15  2.950000e+00
     vertex  1.522500e+01  6.729195e-02  2.948322e+00
   endloop
 endfacet
 facet normal  1.000000e+00 -7.933310e-17 -1.058627e-15
   outer loop
     vertex  1.522500e+01  1.910000e+01  3.200000e+00
     vertex  1.522500e+01  6.729195e-02  2.948322e+00
     vertex  1.522500e+01  1.344166e-01  2.943292e+00
   endloop
 endfacet
 facet normal  1.000000e+00 -8.453179e-17 -6.745477e-16
   outer loop
     vertex  1.522500e+01  1.910000e+01  3.200000e+00
     vertex  1.522500e+01  1.344166e-01  2.943292e+00
     vertex  1.522500e+01  2.012071e-01  2.934922e+00
   endloop
 endfacet
 facet normal  1.000000e+00 -8.706724e-17 -4.937828e-16
   outer loop
     vertex  1.522500e+01  1.910000e+01  3.200000e+00
     vertex  1.522500e+01  2.012071e-01  2.934922e+00
     vertex  1.522500e+01  2.674973e-01  2.923233e+00
   endloop
 endfacet
 facet normal  1.000000e+00 -8.861801e-17 -3.882609e-16
   outer loop
     vertex  1.522500e+01  1.910000e+01  3.200000e+00
     vertex  1.522500e+01  2.674973e-01  2.923233e+00
     vertex  1.522500e+01  3.331225e-01  2.908254e+00
   endloop
 endfacet
 facet normal  1.000000e+00 -8.969776e-17 -3.188048e-16
   outer loop
     vertex  1.522500e+01  1.910000e+01  3.200000e+00
     vertex  1.522500e+01  3.331225e-01  2.908254e+00
     vertex  1.522500e+01  3.979195e-01  2.890023e+00
   endloop
 endfacet
 facet normal  1.000000e+00 -9.051648e-17 -2.694086e-16
   outer loop
     vertex  1.522500e+01  1.910000e+01  3.200000e+00
     vertex  1.522500e+01  3.979195e-01  2.890023e+00
     vertex  1.522500e+01  4.617272e-01  2.868585e+00
   endloop
 endfacet
 facet normal  1.000000e+00 -9.117609e-17 -2.323129e-16
   outer loop
     vertex  1.522500e+01  1.910000e+01  3.200000e+00
     vertex  1.522500e+01  4.617272e-01  2.868585e+00
     vertex  1.522500e+01  5.243870e-01  2.843993e+00
   endloop
 endfacet
 facet normal -0.000000e+00 -1.000000e+00  0.000000e+00
   outer loop
     vertex -1.116500e+01 -1.910000e+01  3.200000e+00
     vertex -1.522500e+01 -1.910000e+01  3.200000e+00
     vertex -1.522500e+01 -1.910000e+01  0.000000e+00
   endloop
 endfacet
 facet normal -0.000000e+00 -1.000000e+00  0.000000e+00
   outer loop
     vertex -2.665000e+00 -1.910000e+01  3.200000e+00
     vertex -1.116500e+01 -1.910000e+01  3.200000e+00
     vertex -1.522500e+01 -1.910000e+01  0.000000e+00
   endloop
 endfacet
 facet normal  0.000000e+00 -1.000000e+00  0.000000e+00
   outer loop
     vertex  1.522500e+01 -1.910000e+01  0.000000e+00
     vertex  1.116500e+01 -1.910000e+01  3.200000e+00
     vertex  2.665000e+00 -1.910000e+01  3.200000e+00
   endloop
 endfacet
 facet normal -0.000000e+00 -1.000000e+00 -0.000000e+00
   outer loop
     vertex  1.522500e+01 -1.910000e+01  3.200000e+00
     vertex  1.116500e+01 -1.910000e+01  3.200000e+00
     vertex  1.522500e+01 -1.910000e+01  0.000000e+00
   endloop
 endfacet
 facet normal  0.000000e+00 -1.000000e+00  0.000000e+00
   outer loop
     vertex  1.522500e+01 -1.910000e+01  0.000000e+00
     vertex -2.665000e+00 -1.910000e+01  3.200000e+00
     vertex -1.522500e+01 -1.910000e+01  0.000000e+00
   endloop
 endfacet
 facet normal  0.000000e+00 -1.000000e+00  0.000000e+00
   outer loop
     vertex  1.522500e+01 -1.910000e+01  0.000000e+00
     vertex  2.665000e+00 -1.910000e+01  3.200000e+00
     vertex -2.665000e+00 -1.910000e+01  3.200000e+00
   endloop
 endfacet
 facet normal  1.000000e+00 -0.000000e+00  0.000000e+00
   outer loop
     vertex -2.665000e+00 -2.276788e+01  3.999510e+00
     vertex -2.665000e+00 -1.910000e+01  3.200000e+00
     vertex -2.665000e+00 -2.266098e+01  4.103781e+00
   endloop
 endfacet
 facet normal  1.000000e+00  0.000000e+00  0.000000e+00
   outer loop
     vertex -2.665000e+00 -2.255941e+01  4.213251e+00
     vertex -2.665000e+00 -2.266098e+01  4.103781e+00
     vertex -2.665000e+00 -1.910000e+01  3.200000e+00
   endloop
 endfacet
 facet normal  1.000000e+00 -0.000000e+00  0.000000e+00
   outer loop
     vertex -2.665000e+00 -2.287985e+01  3.900697e+00
     vertex -2.665000e+00 -1.910000e+01  3.200000e+00
     vertex -2.665000e+00 -2.276788e+01  3.999510e+00
   endloop
 endfacet
 facet normal  1.000000e+00  0.000000e+00  0.000000e+00
   outer loop
     vertex -2.665000e+00 -2.246341e+01  4.327648e+00
     vertex -2.665000e+00 -2.255941e+01  4.213251e+00
     vertex -2.665000e+00 -1.910000e+01  3.200000e+00
   endloop
 endfacet
 facet normal  1.000000e+00 -0.000000e+00  0.000000e+00
   outer loop
     vertex -2.665000e+00 -2.299661e+01  3.807588e+00
     vertex -2.665000e+00 -1.910000e+01  3.200000e+00
     vertex -2.665000e+00 -2.287985e+01  3.900697e+00
   endloop
 endfacet
 facet normal  1.000000e+00  0.000000e+00  0.000000e+00
   outer loop
     vertex -2.665000e+00 -2.237325e+01  4.446688e+00
     vertex -2.665000e+00 -2.246341e+01  4.327648e+00
     vertex -2.665000e+00 -1.910000e+01  3.200000e+00
   endloop
 endfacet
 facet normal  1.000000e+00 -0.000000e+00  0.000000e+00
   outer loop
     vertex -2.665000e+00 -2.311786e+01  3.720415e+00
     vertex -2.665000e+00 -1.910000e+01  3.200000e+00
     vertex -2.665000e+00 -2.299661e+01  3.807588e+00
   endloop
 endfacet
 facet normal  1.000000e+00  0.000000e+00  0.000000e+00
   outer loop
     vertex -2.665000e+00 -2.228912e+01  4.570074e+00
     vertex -2.665000e+00 -2.237325e+01  4.446688e+00
     vertex -2.665000e+00 -1.910000e+01  3.200000e+00
   endloop
 endfacet
 facet normal  1.000000e+00 -0.000000e+00  0.000000e+00
   outer loop
     vertex -2.665000e+00 -2.324330e+01  3.639394e+00
     vertex -2.665000e+00 -1.910000e+01  3.200000e+00
     vertex -2.665000e+00 -2.311786e+01  3.720415e+00
   endloop
 endfacet
 facet normal  1.000000e+00  0.000000e+00  0.000000e+00
   outer loop
     vertex -2.665000e+00 -2.221125e+01  4.697500e+00
     vertex -2.665000e+00 -2.228912e+01  4.570074e+00
     vertex -2.665000e+00 -1.910000e+01  3.200000e+00
   endloop
 endfacet
 facet normal  1.000000e+00 -0.000000e+00  0.000000e+00
   outer loop
     vertex -2.665000e+00 -2.337263e+01  3.564726e+00
     vertex -2.665000e+00 -1.910000e+01  3.200000e+00
     vertex -2.665000e+00 -2.324330e+01  3.639394e+00
   endloop
 endfacet
 facet normal  1.000000e+00  0.000000e+00  0.000000e+00
   outer loop
     vertex -2.665000e+00 -2.213983e+01  4.828649e+00
     vertex -2.665000e+00 -2.221125e+01  4.697500e+00
     vertex -2.665000e+00 -1.910000e+01  3.200000e+00
   endloop
 endfacet
 facet normal  1.000000e+00 -0.000000e+00  0.000000e+00
   outer loop
     vertex -2.665000e+00 -2.350552e+01  3.496598e+00
     vertex -2.665000e+00 -1.910000e+01  3.200000e+00
     vertex -2.665000e+00 -2.337263e+01  3.564726e+00
   endloop
 endfacet
 facet normal  1.000000e+00  0.000000e+00  0.000000e+00
   outer loop
     vertex -2.665000e+00 -2.207504e+01  4.963195e+00
     vertex -2.665000e+00 -2.213983e+01  4.828649e+00
     vertex -2.665000e+00 -1.910000e+01  3.200000e+00
   endloop
 endfacet
 facet normal  1.000000e+00 -0.000000e+00  0.000000e+00
   outer loop
     vertex -2.665000e+00 -2.364164e+01  3.435179e+00
     vertex -2.665000e+00 -1.910000e+01  3.200000e+00
     vertex -2.665000e+00 -2.350552e+01  3.496598e+00
   endloop
 endfacet
 facet normal  1.000000e+00  0.000000e+00  0.000000e+00
   outer loop
     vertex -2.665000e+00 -2.201703e+01  5.100804e+00
     vertex -2.665000e+00 -2.207504e+01  4.963195e+00
     vertex -2.665000e+00 -1.910000e+01  3.200000e+00
   endloop
 endfacet
 facet normal  1.000000e+00 -0.000000e+00  0.000000e+00
   outer loop
     vertex -2.665000e+00 -2.378065e+01  3.380621e+00
     vertex -2.665000e+00 -1.910000e+01  3.200000e+00
     vertex -2.665000e+00 -2.364164e+01  3.435179e+00
   endloop
 endfacet
 facet normal  1.000000e+00  0.000000e+00  0.000000e+00
   outer loop
     vertex -2.665000e+00 -2.196596e+01  5.241132e+00
     vertex -2.665000e+00 -2.201703e+01  5.100804e+00
     vertex -2.665000e+00 -1.910000e+01  3.200000e+00
   endloop
 endfacet
 facet normal  1.000000e+00 -0.000000e+00  0.000000e+00
   outer loop
     vertex -2.665000e+00 -2.392221e+01  3.333059e+00
     vertex -2.665000e+00 -1.910000e+01  3.200000e+00
     vertex -2.665000e+00 -2.378065e+01  3.380621e+00
   endloop
 endfacet
 facet normal  1.000000e+00  0.000000e+00  0.000000e+00
   outer loop
     vertex -2.665000e+00 -1.810000e+01  9.190000e+00
     vertex -2.665000e+00 -1.910000e+01  3.200000e+00
     vertex -2.665000e+00 -1.810000e+01  3.200000e+00
   endloop
 endfacet
 facet normal  1.000000e+00  0.000000e+00  0.000000e+00
   outer loop
     vertex -2.665000e+00 -2.192194e+01  5.383833e+00
     vertex -2.665000e+00 -2.196596e+01  5.241132e+00
     vertex -2.665000e+00 -1.910000e+01  3.200000e+00
   endloop
 endfacet
 facet normal  1.000000e+00 -0.000000e+00  0.000000e+00
   outer loop
     vertex -2.665000e+00 -2.406596e+01  3.292614e+00
     vertex -2.665000e+00 -1.910000e+01  3.200000e+00
     vertex -2.665000e+00 -2.392221e+01  3.333059e+00
   endloop
 endfacet
 facet normal  1.000000e+00  0.000000e+00  0.000000e+00
   outer loop
     vertex -2.665000e+00 -2.188509e+01  5.528550e+00
     vertex -2.665000e+00 -2.192194e+01  5.383833e+00
     vertex -2.665000e+00 -1.910000e+01  3.200000e+00
   endloop
 endfacet
 facet normal  1.000000e+00  0.000000e+00  0.000000e+00
   outer loop
     vertex -2.665000e+00 -2.185550e+01  5.674924e+00
     vertex -2.665000e+00 -2.188509e+01  5.528550e+00
     vertex -2.665000e+00 -1.910000e+01  3.200000e+00
   endloop
 endfacet
 facet normal  1.000000e+00  0.000000e+00  0.000000e+00
   outer loop
     vertex -2.665000e+00 -2.183324e+01  5.822591e+00
     vertex -2.665000e+00 -2.185550e+01  5.674924e+00
     vertex -2.665000e+00 -1.910000e+01  3.200000e+00
   endloop
 endfacet
 facet normal  1.000000e+00  0.000000e+00  0.000000e+00
   outer loop
     vertex -2.665000e+00 -2.181837e+01  5.971183e+00
     vertex -2.665000e+00 -2.183324e+01  5.822591e+00
     vertex -2.665000e+00 -1.910000e+01  3.200000e+00
   endloop
 endfacet
 facet normal  1.000000e+00  0.000000e+00  0.000000e+00
   outer loop
     vertex -2.665000e+00 -2.181093e+01  6.120333e+00
     vertex -2.665000e+00 -2.181837e+01  5.971183e+00
     vertex -2.665000e+00 -1.910000e+01  3.200000e+00
   endloop
 endfacet
 facet normal  1.000000e+00  0.000000e+00  0.000000e+00
   outer loop
     vertex -2.665000e+00 -2.181093e+01  6.269667e+00
     vertex -2.665000e+00 -2.181093e+01  6.120333e+00
     vertex -2.665000e+00 -1.910000e+01  3.200000e+00
   endloop
 endfacet
 facet normal  1.000000e+00 -0.000000e+00  0.000000e+00
   outer loop
     vertex -2.665000e+00 -2.181093e+01  6.269667e+00
     vertex -2.665000e+00 -1.910000e+01  3.200000e+00
     vertex -2.665000e+00 -1.810000e+01  9.190000e+00
   endloop
 endfacet
 facet normal  1.000000e+00 -0.000000e+00  0.000000e+00
   outer loop
     vertex -2.665000e+00 -2.181837e+01  6.418817e+00
     vertex -2.665000e+00 -2.181093e+01  6.269667e+00
     vertex -2.665000e+00 -1.810000e+01  9.190000e+00
   endloop
 endfacet
 facet normal  1.000000e+00 -0.000000e+00  0.000000e+00
   outer loop
     vertex -2.665000e+00 -2.183324e+01  6.567409e+00
     vertex -2.665000e+00 -2.181837e+01  6.418817e+00
     vertex -2.665000e+00 -1.810000e+01  9.190000e+00
   endloop
 endfacet
 facet normal  1.000000e+00 -0.000000e+00  0.000000e+00
   outer loop
     vertex -2.665000e+00 -2.185550e+01  6.715076e+00
     vertex -2.665000e+00 -2.183324e+01  6.567409e+00
     vertex -2.665000e+00 -1.810000e+01  9.190000e+00
   endloop
 endfacet
 facet normal  1.000000e+00 -0.000000e+00  0.000000e+00
   outer loop
     vertex -2.665000e+00 -2.188509e+01  6.861450e+00
     vertex -2.665000e+00 -2.185550e+01  6.715076e+00
     vertex -2.665000e+00 -1.810000e+01  9.190000e+00
   endloop
 endfacet
 facet normal  1.000000e+00 -0.000000e+00  0.000000e+00
   outer loop
     vertex -2.665000e+00 -2.192194e+01  7.006167e+00
     vertex -2.665000e+00 -2.188509e+01  6.861450e+00
     vertex -2.665000e+00 -1.810000e+01  9.190000e+00
   endloop
 endfacet
 facet normal  1.000000e+00 -0.000000e+00  0.000000e+00
   outer loop
     vertex -2.665000e+00 -2.196596e+01  7.148868e+00
     vertex -2.665000e+00 -2.192194e+01  7.006167e+00
     vertex -2.665000e+00 -1.810000e+01  9.190000e+00
   endloop
 endfacet
 facet normal  1.000000e+00 -0.000000e+00  0.000000e+00
   outer loop
     vertex -2.665000e+00 -2.201703e+01  7.289196e+00
     vertex -2.665000e+00 -2.196596e+01  7.148868e+00
     vertex -2.665000e+00 -1.810000e+01  9.190000e+00
   endloop
 endfacet
 facet normal  1.000000e+00 -0.000000e+00  0.000000e+00
   outer loop
     vertex -2.665000e+00 -2.207504e+01  7.426805e+00
     vertex -2.665000e+00 -2.201703e+01  7.289196e+00
     vertex -2.665000e+00 -1.810000e+01  9.190000e+00
   endloop
 endfacet
 facet normal  1.000000e+00 -0.000000e+00  0.000000e+00
   outer loop
     vertex -2.665000e+00 -2.213983e+01  7.561351e+00
     vertex -2.665000e+00 -2.207504e+01  7.426805e+00
     vertex -2.665000e+00 -1.810000e+01  9.190000e+00
   endloop
 endfacet
 facet normal  1.000000e+00 -0.000000e+00  0.000000e+00
   outer loop
     vertex -2.665000e+00 -2.221125e+01  7.692500e+00
     vertex -2.665000e+00 -2.213983e+01  7.561351e+00
     vertex -2.665000e+00 -1.810000e+01  9.190000e+00
   endloop
 endfacet
 facet normal  1.000000e+00 -0.000000e+00  0.000000e+00
   outer loop
     vertex -2.665000e+00 -2.228912e+01  7.819926e+00
     vertex -2.665000e+00 -2.221125e+01  7.692500e+00
     vertex -2.665000e+00 -1.810000e+01  9.190000e+00
   endloop
 endfacet
 facet normal  1.000000e+00 -0.000000e+00  0.000000e+00
   outer loop
     vertex -2.665000e+00 -2.237325e+01  7.943312e+00
     vertex -2.665000e+00 -2.228912e+01  7.819926e+00
     vertex -2.665000e+00 -1.810000e+01  9.190000e+00
   endloop
 endfacet
 facet normal  1.000000e+00 -0.000000e+00  0.000000e+00
   outer loop
     vertex -2.665000e+00 -2.246341e+01  8.062352e+00
     vertex -2.665000e+00 -2.237325e+01  7.943312e+00
     vertex -2.665000e+00 -1.810000e+01  9.190000e+00
   endloop
 endfacet
 facet normal  1.000000e+00 -0.000000e+00  0.000000e+00
   outer loop
     vertex -2.665000e+00 -2.255941e+01  8.176749e+00
     vertex -2.665000e+00 -2.246341e+01  8.062352e+00
     vertex -2.665000e+00 -1.810000e+01  9.190000e+00
   endloop
 endfacet
 facet normal  1.000000e+00 -0.000000e+00  0.000000e+00
   outer loop
     vertex -2.665000e+00 -2.266098e+01  8.286219e+00
     vertex -2.665000e+00 -2.255941e+01  8.176749e+00
     vertex -2.665000e+00 -1.810000e+01  9.190000e+00
   endloop
 endfacet
 facet normal  1.000000e+00 -0.000000e+00  0.000000e+00
   outer loop
     vertex -2.665000e+00 -2.276788e+01  8.390490e+00
     vertex -2.665000e+00 -2.266098e+01  8.286219e+00
     vertex -2.665000e+00 -1.810000e+01  9.190000e+00
   endloop
 endfacet
 facet normal  1.000000e+00 -0.000000e+00  0.000000e+00
   outer loop
     vertex -2.665000e+00 -2.287985e+01  8.489303e+00
     vertex -2.665000e+00 -2.276788e+01  8.390490e+00
     vertex -2.665000e+00 -1.810000e+01  9.190000e+00
   endloop
 endfacet
 facet normal  1.000000e+00 -0.000000e+00  0.000000e+00
   outer loop
     vertex -2.665000e+00 -2.299661e+01  8.582412e+00
     vertex -2.665000e+00 -2.287985e+01  8.489303e+00
     vertex -2.665000e+00 -1.810000e+01  9.190000e+00
   endloop
 endfacet
 facet normal  1.000000e+00 -0.000000e+00  0.000000e+00
   outer loop
     vertex -2.665000e+00 -2.311786e+01  8.669585e+00
     vertex -2.665000e+00 -2.299661e+01  8.582412e+00
     vertex -2.665000e+00 -1.810000e+01  9.190000e+00
   endloop
 endfacet
 facet normal  1.000000e+00 -0.000000e+00  0.000000e+00
   outer loop
     vertex -2.665000e+00 -2.324330e+01  8.750606e+00
     vertex -2.665000e+00 -2.311786e+01  8.669585e+00
     vertex -2.665000e+00 -1.810000e+01  9.190000e+00
   endloop
 endfacet
 facet normal  1.000000e+00 -0.000000e+00  0.000000e+00
   outer loop
     vertex -2.665000e+00 -2.337263e+01  8.825274e+00
     vertex -2.665000e+00 -2.324330e+01  8.750606e+00
     vertex -2.665000e+00 -1.810000e+01  9.190000e+00
   endloop
 endfacet
 facet normal  1.000000e+00 -0.000000e+00  0.000000e+00
   outer loop
     vertex -2.665000e+00 -2.350552e+01  8.893402e+00
     vertex -2.665000e+00 -2.337263e+01  8.825274e+00
     vertex -2.665000e+00 -1.810000e+01  9.190000e+00
   endloop
 endfacet
 facet normal  1.000000e+00 -0.000000e+00  0.000000e+00
   outer loop
     vertex -2.665000e+00 -2.364164e+01  8.954821e+00
     vertex -2.665000e+00 -2.350552e+01  8.893402e+00
     vertex -2.665000e+00 -1.810000e+01  9.190000e+00
   endloop
 endfacet
 facet normal  1.000000e+00 -0.000000e+00  0.000000e+00
   outer loop
     vertex -2.665000e+00 -2.378065e+01  9.009379e+00
     vertex -2.665000e+00 -2.364164e+01  8.954821e+00
     vertex -2.665000e+00 -1.810000e+01  9.190000e+00
   endloop
 endfacet
 facet normal  1.000000e+00 -0.000000e+00  0.000000e+00
   outer loop
     vertex -2.665000e+00 -2.392221e+01  9.056941e+00
     vertex -2.665000e+00 -2.378065e+01  9.009379e+00
     vertex -2.665000e+00 -1.810000e+01  9.190000e+00
   endloop
 endfacet
 facet normal  1.000000e+00  0.000000e+00  0.000000e+00
   outer loop
     vertex -2.665000e+00 -2.480500e+01  3.200000e+00
     vertex -2.665000e+00 -1.910000e+01  3.200000e+00
     vertex -2.665000e+00 -2.465571e+01  3.203723e+00
   endloop
 endfacet
 facet normal  1.000000e+00 -0.000000e+00  0.000000e+00
   outer loop
     vertex -2.665000e+00 -2.465571e+01  3.203723e+00
     vertex -2.665000e+00 -1.910000e+01  3.200000e+00
     vertex -2.665000e+00 -2.450679e+01  3.214883e+00
   endloop
 endfacet
 facet normal  1.000000e+00 -0.000000e+00  0.000000e+00
   outer loop
     vertex -2.665000e+00 -2.450679e+01  3.214883e+00
     vertex -2.665000e+00 -1.910000e+01  3.200000e+00
     vertex -2.665000e+00 -2.435862e+01  3.233452e+00
   endloop
 endfacet
 facet normal  1.000000e+00 -0.000000e+00  0.000000e+00
   outer loop
     vertex -2.665000e+00 -2.435862e+01  3.233452e+00
     vertex -2.665000e+00 -1.910000e+01  3.200000e+00
     vertex -2.665000e+00 -2.421155e+01  3.259383e+00
   endloop
 endfacet
 facet normal  1.000000e+00 -0.000000e+00  0.000000e+00
   outer loop
     vertex -2.665000e+00 -2.421155e+01  3.259383e+00
     vertex -2.665000e+00 -1.910000e+01  3.200000e+00
     vertex -2.665000e+00 -2.406596e+01  3.292614e+00
   endloop
 endfacet
 facet normal  1.000000e+00  0.000000e+00  0.000000e+00
   outer loop
     vertex -2.665000e+00 -1.810000e+01  9.190000e+00
     vertex -2.665000e+00 -2.480500e+01  9.190000e+00
     vertex -2.665000e+00 -2.465571e+01  9.186277e+00
   endloop
 endfacet
 facet normal  1.000000e+00  0.000000e+00  0.000000e+00
   outer loop
     vertex -2.665000e+00 -1.810000e+01  9.190000e+00
     vertex -2.665000e+00 -2.465571e+01  9.186277e+00
     vertex -2.665000e+00 -2.450679e+01  9.175117e+00
   endloop
 endfacet
 facet normal  1.000000e+00  0.000000e+00  0.000000e+00
   outer loop
     vertex -2.665000e+00 -1.810000e+01  9.190000e+00
     vertex -2.665000e+00 -2.450679e+01  9.175117e+00
     vertex -2.665000e+00 -2.435862e+01  9.156548e+00
   endloop
 endfacet
 facet normal  1.000000e+00  0.000000e+00  0.000000e+00
   outer loop
     vertex -2.665000e+00 -1.810000e+01  9.190000e+00
     vertex -2.665000e+00 -2.435862e+01  9.156548e+00
     vertex -2.665000e+00 -2.421155e+01  9.130617e+00
   endloop
 endfacet
 facet normal  1.000000e+00  0.000000e+00  0.000000e+00
   outer loop
     vertex -2.665000e+00 -1.810000e+01  9.190000e+00
     vertex -2.665000e+00 -2.421155e+01  9.130617e+00
     vertex -2.665000e+00 -2.406596e+01  9.097386e+00
   endloop
 endfacet
 facet normal  1.000000e+00  0.000000e+00  0.000000e+00
   outer loop
     vertex -2.665000e+00 -1.810000e+01  9.190000e+00
     vertex -2.665000e+00 -2.406596e+01  9.097386e+00
     vertex -2.665000e+00 -2.392221e+01  9.056941e+00
   endloop
 endfacet
 facet normal  0.000000e+00  1.000000e+00  0.000000e+00
   outer loop
     vertex -2.665000e+00 -1.810000e+01  9.190000e+00
     vertex -2.665000e+00 -1.810000e+01  3.200000e+00
     vertex -1.116500e+01 -1.810000e+01  3.200000e+00
   endloop
 endfacet
 facet normal  0.000000e+00  1.000000e+00  0.000000e+00
   outer loop
     vertex -2.665000e+00 -1.810000e+01  9.190000e+00
     vertex -1.116500e+01 -1.810000e+01  3.200000e+00
     vertex -1.116500e+01 -1.810000e+01  9.190000e+00
   endloop
 endfacet
 facet normal -1.000000e+00  0.000000e+00  0.000000e+00
   outer loop
     vertex -1.116500e+01 -2.276788e+01  3.999510e+00
     vertex -1.116500e+01 -2.266098e+01  4.103781e+00
     vertex -1.116500e+01 -1.910000e+01  3.200000e+00
   endloop
 endfacet
 facet normal -1.000000e+00  0.000000e+00 -0.000000e+00
   outer loop
     vertex -1.116500e+01 -2.255941e+01  4.213251e+00
     vertex -1.116500e+01 -1.910000e+01  3.200000e+00
     vertex -1.116500e+01 -2.266098e+01  4.103781e+00
   endloop
 endfacet
 facet normal -1.000000e+00  0.000000e+00  0.000000e+00
   outer loop
     vertex -1.116500e+01 -2.287985e+01  3.900697e+00
     vertex -1.116500e+01 -2.276788e+01  3.999510e+00
     vertex -1.116500e+01 -1.910000e+01  3.200000e+00
   endloop
 endfacet
 facet normal -1.000000e+00  0.000000e+00 -0.000000e+00
   outer loop
     vertex -1.116500e+01 -2.246341e+01  4.327648e+00
     vertex -1.116500e+01 -1.910000e+01  3.200000e+00
     vertex -1.116500e+01 -2.255941e+01  4.213251e+00
   endloop
 endfacet
 facet normal -1.000000e+00  0.000000e+00  0.000000e+00
   outer loop
     vertex -1.116500e+01 -2.299661e+01  3.807588e+00
     vertex -1.116500e+01 -2.287985e+01  3.900697e+00
     vertex -1.116500e+01 -1.910000e+01  3.200000e+00
   endloop
 endfacet
 facet normal -1.000000e+00  0.000000e+00 -0.000000e+00
   outer loop
     vertex -1.116500e+01 -2.237325e+01  4.446688e+00
     vertex -1.116500e+01 -1.910000e+01  3.200000e+00
     vertex -1.116500e+01 -2.246341e+01  4.327648e+00
   endloop
 endfacet
 facet normal -1.000000e+00  0.000000e+00  0.000000e+00
   outer loop
     vertex -1.116500e+01 -2.311786e+01  3.720415e+00
     vertex -1.116500e+01 -2.299661e+01  3.807588e+00
     vertex -1.116500e+01 -1.910000e+01  3.200000e+00
   endloop
 endfacet
 facet normal -1.000000e+00  0.000000e+00 -0.000000e+00
   outer loop
     vertex -1.116500e+01 -2.228912e+01  4.570074e+00
     vertex -1.116500e+01 -1.910000e+01  3.200000e+00
     vertex -1.116500e+01 -2.237325e+01  4.446688e+00
   endloop
 endfacet
 facet normal -1.000000e+00  0.000000e+00  0.000000e+00
   outer loop
     vertex -1.116500e+01 -2.324330e+01  3.639394e+00
     vertex -1.116500e+01 -2.311786e+01  3.720415e+00
     vertex -1.116500e+01 -1.910000e+01  3.200000e+00
   endloop
 endfacet
 facet normal -1.000000e+00  0.000000e+00 -0.000000e+00
   outer loop
     vertex -1.116500e+01 -2.221125e+01  4.697500e+00
     vertex -1.116500e+01 -1.910000e+01  3.200000e+00
     vertex -1.116500e+01 -2.228912e+01  4.570074e+00
   endloop
 endfacet
 facet normal -1.000000e+00  0.000000e+00  0.000000e+00
   outer loop
     vertex -1.116500e+01 -2.337263e+01  3.564726e+00
     vertex -1.116500e+01 -2.324330e+01  3.639394e+00
     vertex -1.116500e+01 -1.910000e+01  3.200000e+00
   endloop
 endfacet
 facet normal -1.000000e+00  0.000000e+00 -0.000000e+00
   outer loop
     vertex -1.116500e+01 -2.213983e+01  4.828649e+00
     vertex -1.116500e+01 -1.910000e+01  3.200000e+00
     vertex -1.116500e+01 -2.221125e+01  4.697500e+00
   endloop
 endfacet
 facet normal -1.000000e+00  0.000000e+00  0.000000e+00
   outer loop
     vertex -1.116500e+01 -2.350552e+01  3.496598e+00
     vertex -1.116500e+01 -2.337263e+01  3.564726e+00
     vertex -1.116500e+01 -1.910000e+01  3.200000e+00
   endloop
 endfacet
 facet normal -1.000000e+00  0.000000e+00 -0.000000e+00
   outer loop
     vertex -1.116500e+01 -2.207504e+01  4.963195e+00
     vertex -1.116500e+01 -1.910000e+01  3.200000e+00
     vertex -1.116500e+01 -2.213983e+01  4.828649e+00
   endloop
 endfacet
 facet normal -1.000000e+00  0.000000e+00  0.000000e+00
   outer loop
     vertex -1.116500e+01 -2.364164e+01  3.435179e+00
     vertex -1.116500e+01 -2.350552e+01  3.496598e+00
     vertex -1.116500e+01 -1.910000e+01  3.200000e+00
   endloop
 endfacet
 facet normal -1.000000e+00  0.000000e+00 -0.000000e+00
   outer loop
     vertex -1.116500e+01 -2.201703e+01  5.100804e+00
     vertex -1.116500e+01 -1.910000e+01  3.200000e+00
     vertex -1.116500e+01 -2.207504e+01  4.963195e+00
   endloop
 endfacet
 facet normal -1.000000e+00  0.000000e+00  0.000000e+00
   outer loop
     vertex -1.116500e+01 -2.378065e+01  3.380621e+00
     vertex -1.116500e+01 -2.364164e+01  3.435179e+00
     vertex -1.116500e+01 -1.910000e+01  3.200000e+00
   endloop
 endfacet
 facet normal -1.000000e+00  0.000000e+00 -0.000000e+00
   outer loop
     vertex -1.116500e+01 -2.196596e+01  5.241132e+00
     vertex -1.116500e+01 -1.910000e+01  3.200000e+00
     vertex -1.116500e+01 -2.201703e+01  5.100804e+00
   endloop
 endfacet
 facet normal -1.000000e+00  0.000000e+00  0.000000e+00
   outer loop
     vertex -1.116500e+01 -2.392221e+01  3.333059e+00
     vertex -1.116500e+01 -2.378065e+01  3.380621e+00
     vertex -1.116500e+01 -1.910000e+01  3.200000e+00
   endloop
 endfacet
 facet normal -1.000000e+00  0.000000e+00 -0.000000e+00
   outer loop
     vertex -1.116500e+01 -1.810000e+01  9.190000e+00
     vertex -1.116500e+01 -1.810000e+01  3.200000e+00
     vertex -1.116500e+01 -1.910000e+01  3.200000e+00
   endloop
 endfacet
 facet normal -1.000000e+00  0.000000e+00 -0.000000e+00
   outer loop
     vertex -1.116500e+01 -2.192194e+01  5.383833e+00
     vertex -1.116500e+01 -1.910000e+01  3.200000e+00
     vertex -1.116500e+01 -2.196596e+01  5.241132e+00
   endloop
 endfacet
 facet normal -1.000000e+00  0.000000e+00  0.000000e+00
   outer loop
     vertex -1.116500e+01 -2.406596e+01  3.292614e+00
     vertex -1.116500e+01 -2.392221e+01  3.333059e+00
     vertex -1.116500e+01 -1.910000e+01  3.200000e+00
   endloop
 endfacet
 facet normal -1.000000e+00  0.000000e+00 -0.000000e+00
   outer loop
     vertex -1.116500e+01 -2.188509e+01  5.528550e+00
     vertex -1.116500e+01 -1.910000e+01  3.200000e+00
     vertex -1.116500e+01 -2.192194e+01  5.383833e+00
   endloop
 endfacet
 facet normal -1.000000e+00  0.000000e+00 -0.000000e+00
   outer loop
     vertex -1.116500e+01 -2.185550e+01  5.674924e+00
     vertex -1.116500e+01 -1.910000e+01  3.200000e+00
     vertex -1.116500e+01 -2.188509e+01  5.528550e+00
   endloop
 endfacet
 facet normal -1.000000e+00  0.000000e+00 -0.000000e+00
   outer loop
     vertex -1.116500e+01 -2.183324e+01  5.822591e+00
     vertex -1.116500e+01 -1.910000e+01  3.200000e+00
     vertex -1.116500e+01 -2.185550e+01  5.674924e+00
   endloop
 endfacet
 facet normal -1.000000e+00  0.000000e+00 -0.000000e+00
   outer loop
     vertex -1.116500e+01 -2.181837e+01  5.971183e+00
     vertex -1.116500e+01 -1.910000e+01  3.200000e+00
     vertex -1.116500e+01 -2.183324e+01  5.822591e+00
   endloop
 endfacet
 facet normal -1.000000e+00  0.000000e+00 -0.000000e+00
   outer loop
     vertex -1.116500e+01 -2.181093e+01  6.120333e+00
     vertex -1.116500e+01 -1.910000e+01  3.200000e+00
     vertex -1.116500e+01 -2.181837e+01  5.971183e+00
   endloop
 endfacet
 facet normal -1.000000e+00  0.000000e+00  0.000000e+00
   outer loop
     vertex -1.116500e+01 -2.181093e+01  6.269667e+00
     vertex -1.116500e+01 -1.910000e+01  3.200000e+00
     vertex -1.116500e+01 -2.181093e+01  6.120333e+00
   endloop
 endfacet
 facet normal -1.000000e+00  0.000000e+00  0.000000e+00
   outer loop
     vertex -1.116500e+01 -2.181093e+01  6.269667e+00
     vertex -1.116500e+01 -1.810000e+01  9.190000e+00
     vertex -1.116500e+01 -1.910000e+01  3.200000e+00
   endloop
 endfacet
 facet normal -1.000000e+00  0.000000e+00  0.000000e+00
   outer loop
     vertex -1.116500e+01 -2.181837e+01  6.418817e+00
     vertex -1.116500e+01 -1.810000e+01  9.190000e+00
     vertex -1.116500e+01 -2.181093e+01  6.269667e+00
   endloop
 endfacet
 facet normal -1.000000e+00  0.000000e+00  0.000000e+00
   outer loop
     vertex -1.116500e+01 -2.183324e+01  6.567409e+00
     vertex -1.116500e+01 -1.810000e+01  9.190000e+00
     vertex -1.116500e+01 -2.181837e+01  6.418817e+00
   endloop
 endfacet
 facet normal -1.000000e+00  0.000000e+00  0.000000e+00
   outer loop
     vertex -1.116500e+01 -2.185550e+01  6.715076e+00
     vertex -1.116500e+01 -1.810000e+01  9.190000e+00
     vertex -1.116500e+01 -2.183324e+01  6.567409e+00
   endloop
 endfacet
 facet normal -1.000000e+00  0.000000e+00  0.000000e+00
   outer loop
     vertex -1.116500e+01 -2.188509e+01  6.861450e+00
     vertex -1.116500e+01 -1.810000e+01  9.190000e+00
     vertex -1.116500e+01 -2.185550e+01  6.715076e+00
   endloop
 endfacet
 facet normal -1.000000e+00  0.000000e+00  0.000000e+00
   outer loop
     vertex -1.116500e+01 -2.192194e+01  7.006167e+00
     vertex -1.116500e+01 -1.810000e+01  9.190000e+00
     vertex -1.116500e+01 -2.188509e+01  6.861450e+00
   endloop
 endfacet
 facet normal -1.000000e+00  0.000000e+00  0.000000e+00
   outer loop
     vertex -1.116500e+01 -2.196596e+01  7.148868e+00
     vertex -1.116500e+01 -1.810000e+01  9.190000e+00
     vertex -1.116500e+01 -2.192194e+01  7.006167e+00
   endloop
 endfacet
 facet normal -1.000000e+00  0.000000e+00  0.000000e+00
   outer loop
     vertex -1.116500e+01 -2.201703e+01  7.289196e+00
     vertex -1.116500e+01 -1.810000e+01  9.190000e+00
     vertex -1.116500e+01 -2.196596e+01  7.148868e+00
   endloop
 endfacet
 facet normal -1.000000e+00  0.000000e+00  0.000000e+00
   outer loop
     vertex -1.116500e+01 -2.207504e+01  7.426805e+00
     vertex -1.116500e+01 -1.810000e+01  9.190000e+00
     vertex -1.116500e+01 -2.201703e+01  7.289196e+00
   endloop
 endfacet
 facet normal -1.000000e+00  0.000000e+00  0.000000e+00
   outer loop
     vertex -1.116500e+01 -2.213983e+01  7.561351e+00
     vertex -1.116500e+01 -1.810000e+01  9.190000e+00
     vertex -1.116500e+01 -2.207504e+01  7.426805e+00
   endloop
 endfacet
 facet normal -1.000000e+00  0.000000e+00  0.000000e+00
   outer loop
     vertex -1.116500e+01 -2.221125e+01  7.692500e+00
     vertex -1.116500e+01 -1.810000e+01  9.190000e+00
     vertex -1.116500e+01 -2.213983e+01  7.561351e+00
   endloop
 endfacet
 facet normal -1.000000e+00  0.000000e+00  0.000000e+00
   outer loop
     vertex -1.116500e+01 -2.228912e+01  7.819926e+00
     vertex -1.116500e+01 -1.810000e+01  9.190000e+00
     vertex -1.116500e+01 -2.221125e+01  7.692500e+00
   endloop
 endfacet
 facet normal -1.000000e+00  0.000000e+00  0.000000e+00
   outer loop
     vertex -1.116500e+01 -2.237325e+01  7.943312e+00
     vertex -1.116500e+01 -1.810000e+01  9.190000e+00
     vertex -1.116500e+01 -2.228912e+01  7.819926e+00
   endloop
 endfacet
 facet normal -1.000000e+00  0.000000e+00  0.000000e+00
   outer loop
     vertex -1.116500e+01 -2.246341e+01  8.062352e+00
     vertex -1.116500e+01 -1.810000e+01  9.190000e+00
     vertex -1.116500e+01 -2.237325e+01  7.943312e+00
   endloop
 endfacet
 facet normal -1.000000e+00  0.000000e+00  0.000000e+00
   outer loop
     vertex -1.116500e+01 -2.255941e+01  8.176749e+00
     vertex -1.116500e+01 -1.810000e+01  9.190000e+00
     vertex -1.116500e+01 -2.246341e+01  8.062352e+00
   endloop
 endfacet
 facet normal -1.000000e+00  0.000000e+00  0.000000e+00
   outer loop
     vertex -1.116500e+01 -2.266098e+01  8.286219e+00
     vertex -1.116500e+01 -1.810000e+01  9.190000e+00
     vertex -1.116500e+01 -2.255941e+01  8.176749e+00
   endloop
 endfacet
 facet normal -1.000000e+00  0.000000e+00  0.000000e+00
   outer loop
     vertex -1.116500e+01 -2.276788e+01  8.390490e+00
     vertex -1.116500e+01 -1.810000e+01  9.190000e+00
     vertex -1.116500e+01 -2.266098e+01  8.286219e+00
   endloop
 endfacet
 facet normal -1.000000e+00  0.000000e+00  0.000000e+00
   outer loop
     vertex -1.116500e+01 -2.287985e+01  8.489303e+00
     vertex -1.116500e+01 -1.810000e+01  9.190000e+00
     vertex -1.116500e+01 -2.276788e+01  8.390490e+00
   endloop
 endfacet
 facet normal -1.000000e+00  0.000000e+00  0.000000e+00
   outer loop
     vertex -1.116500e+01 -2.299661e+01  8.582412e+00
     vertex -1.116500e+01 -1.810000e+01  9.190000e+00
     vertex -1.116500e+01 -2.287985e+01  8.489303e+00
   endloop
 endfacet
 facet normal -1.000000e+00  0.000000e+00  0.000000e+00
   outer loop
     vertex -1.116500e+01 -2.311786e+01  8.669585e+00
     vertex -1.116500e+01 -1.810000e+01  9.190000e+00
     vertex -1.116500e+01 -2.299661e+01  8.582412e+00
   endloop
 endfacet
 facet normal -1.000000e+00  0.000000e+00  0.000000e+00
   outer loop
     vertex -1.116500e+01 -2.324330e+01  8.750606e+00
     vertex -1.116500e+01 -1.810000e+01  9.190000e+00
     vertex -1.116500e+01 -2.311786e+01  8.669585e+00
   endloop
 endfacet
 facet normal -1.000000e+00  0.000000e+00  0.000000e+00
   outer loop
     vertex -1.116500e+01 -2.337263e+01  8.825274e+00
     vertex -1.116500e+01 -1.810000e+01  9.190000e+00
     vertex -1.116500e+01 -2.324330e+01  8.750606e+00
   endloop
 endfacet
 facet normal -1.000000e+00  0.000000e+00  0.000000e+00
   outer loop
     vertex -1.116500e+01 -2.350552e+01  8.893402e+00
     vertex -1.116500e+01 -1.810000e+01  9.190000e+00
     vertex -1.116500e+01 -2.337263e+01  8.825274e+00
   endloop
 endfacet
 facet normal -1.000000e+00  0.000000e+00  0.000000e+00
   outer loop
     vertex -1.116500e+01 -2.364164e+01  8.954821e+00
     vertex -1.116500e+01 -1.810000e+01  9.190000e+00
     vertex -1.116500e+01 -2.350552e+01  8.893402e+00
   endloop
 endfacet
 facet normal -1.000000e+00  0.000000e+00  0.000000e+00
   outer loop
     vertex -1.116500e+01 -2.378065e+01  9.009379e+00
     vertex -1.116500e+01 -1.810000e+01  9.190000e+00
     vertex -1.116500e+01 -2.364164e+01  8.954821e+00
   endloop
 endfacet
 facet normal -1.000000e+00  0.000000e+00  0.000000e+00
   outer loop
     vertex -1.116500e+01 -2.392221e+01  9.056941e+00
     vertex -1.116500e+01 -1.810000e+01  9.190000e+00
     vertex -1.116500e+01 -2.378065e+01  9.009379e+00
   endloop
 endfacet
 facet normal -1.000000e+00  0.000000e+00  0.000000e+00
   outer loop
     vertex -1.116500e+01 -2.480500e+01  3.200000e+00
     vertex -1.116500e+01 -2.465571e+01  3.203723e+00
     vertex -1.116500e+01 -1.910000e+01  3.200000e+00
   endloop
 endfacet
 facet normal -1.000000e+00  0.000000e+00  0.000000e+00
   outer loop
     vertex -1.116500e+01 -2.465571e+01  3.203723e+00
     vertex -1.116500e+01 -2.450679e+01  3.214883e+00
     vertex -1.116500e+01 -1.910000e+01  3.200000e+00
   endloop
 endfacet
 facet normal -1.000000e+00  0.000000e+00  0.000000e+00
   outer loop
     vertex -1.116500e+01 -2.450679e+01  3.214883e+00
     vertex -1.116500e+01 -2.435862e+01  3.233452e+00
     vertex -1.116500e+01 -1.910000e+01  3.200000e+00
   endloop
 endfacet
 facet normal -1.000000e+00  0.000000e+00  0.000000e+00
   outer loop
     vertex -1.116500e+01 -2.435862e+01  3.233452e+00
     vertex -1.116500e+01 -2.421155e+01  3.259383e+00
     vertex -1.116500e+01 -1.910000e+01  3.200000e+00
   endloop
 endfacet
 facet normal -1.000000e+00  0.000000e+00  0.000000e+00
   outer loop
     vertex -1.116500e+01 -2.421155e+01  3.259383e+00
     vertex -1.116500e+01 -2.406596e+01  3.292614e+00
     vertex -1.116500e+01 -1.910000e+01  3.200000e+00
   endloop
 endfacet
 facet normal -1.000000e+00 -0.000000e+00  0.000000e+00
   outer loop
     vertex -1.116500e+01 -1.810000e+01  9.190000e+00
     vertex -1.116500e+01 -2.465571e+01  9.186277e+00
     vertex -1.116500e+01 -2.480500e+01  9.190000e+00
   endloop
 endfacet
 facet normal -1.000000e+00  0.000000e+00  0.000000e+00
   outer loop
     vertex -1.116500e+01 -1.810000e+01  9.190000e+00
     vertex -1.116500e+01 -2.450679e+01  9.175117e+00
     vertex -1.116500e+01 -2.465571e+01  9.186277e+00
   endloop
 endfacet
 facet normal -1.000000e+00  0.000000e+00  0.000000e+00
   outer loop
     vertex -1.116500e+01 -1.810000e+01  9.190000e+00
     vertex -1.116500e+01 -2.435862e+01  9.156548e+00
     vertex -1.116500e+01 -2.450679e+01  9.175117e+00
   endloop
 endfacet
 facet normal -1.000000e+00  0.000000e+00  0.000000e+00
   outer loop
     vertex -1.116500e+01 -1.810000e+01  9.190000e+00
     vertex -1.116500e+01 -2.421155e+01  9.130617e+00
     vertex -1.116500e+01 -2.435862e+01  9.156548e+00
   endloop
 endfacet
 facet normal -1.000000e+00  0.000000e+00  0.000000e+00
   outer loop
     vertex -1.116500e+01 -1.810000e+01  9.190000e+00
     vertex -1.116500e+01 -2.406596e+01  9.097386e+00
     vertex -1.116500e+01 -2.421155e+01  9.130617e+00
   endloop
 endfacet
 facet normal -1.000000e+00  0.000000e+00  0.000000e+00
   outer loop
     vertex -1.116500e+01 -1.810000e+01  9.190000e+00
     vertex -1.116500e+01 -2.392221e+01  9.056941e+00
     vertex -1.116500e+01 -2.406596e+01  9.097386e+00
   endloop
 endfacet
 facet normal -0.000000e+00  0.000000e+00 -1.000000e+00
   outer loop
     vertex  1.522500e+01  1.910000e+01  0.000000e+00
     vertex -1.522500e+01 -1.910000e+01  0.000000e+00
     vertex -1.522500e+01  1.910000e+01  0.000000e+00
   endloop
 endfacet
 facet normal  0.000000e+00 -0.000000e+00 -1.000000e+00
   outer loop
     vertex  1.522500e+01  1.910000e+01  0.000000e+00
     vertex  1.522500e+01 -1.910000e+01  0.000000e+00
     vertex -1.522500e+01 -1.910000e+01  0.000000e+00
   endloop
 endfacet
 facet normal -1.000000e+00  0.000000e+00  0.000000e+00
   outer loop
     vertex -1.522500e+01 -4.900000e+00  9.400000e+00
     vertex -1.522500e+01  1.910000e+01  3.200000e+00
     vertex -1.522500e+01 -4.900000e+00  3.200000e+00
   endloop
 endfacet
 facet normal -1.000000e+00  0.000000e+00  0.000000e+00
   outer loop
     vertex -1.522500e+01 -4.900000e+00  9.400000e+00
     vertex -1.522500e+01  1.910000e+01  9.400000e+00
     vertex -1.522500e+01  1.910000e+01  3.200000e+00
   endloop
 endfacet
 facet normal  0.000000e+00  2.493069e-02 -9.996892e-01
   outer loop
     vertex -5.225000e+00 -6.729195e-02  2.948322e+00
     vertex -1.522500e+01  3.306546e-16  2.950000e+00
     vertex -5.225000e+00  3.306546e-16  2.950000e+00
   endloop
 endfacet
 facet normal  0.000000e+00  2.493069e-02 -9.996892e-01
   outer loop
     vertex -5.225000e+00 -6.729195e-02  2.948322e+00
     vertex -1.522500e+01 -6.729195e-02  2.948322e+00
     vertex -1.522500e+01  3.306546e-16  2.950000e+00
   endloop
 endfacet
 facet normal  0.000000e+00  7.473009e-02 -9.972038e-01
   outer loop
     vertex -5.225000e+00 -1.344166e-01  2.943292e+00
     vertex -1.522500e+01 -1.344166e-01  2.943292e+00
     vertex -1.522500e+01 -6.729195e-02  2.948322e+00
   endloop
 endfacet
 facet normal  0.000000e+00  7.473009e-02 -9.972038e-01
   outer loop
     vertex -5.225000e+00 -1.344166e-01  2.943292e+00
     vertex -1.522500e+01 -6.729195e-02  2.948322e+00
     vertex -5.225000e+00 -6.729195e-02  2.948322e+00
   endloop
 endfacet
 facet normal  0.000000e+00  1.243437e-01 -9.922392e-01
   outer loop
     vertex -5.225000e+00 -2.012071e-01  2.934922e+00
     vertex -1.522500e+01 -2.012071e-01  2.934922e+00
     vertex -1.522500e+01 -1.344166e-01  2.943292e+00
   endloop
 endfacet
 facet normal  0.000000e+00  1.243437e-01 -9.922392e-01
   outer loop
     vertex -5.225000e+00 -2.012071e-01  2.934922e+00
     vertex -1.522500e+01 -1.344166e-01  2.943292e+00
     vertex -5.225000e+00 -1.344166e-01  2.943292e+00
   endloop
 endfacet
 facet normal  0.000000e+00  1.736482e-01 -9.848078e-01
   outer loop
     vertex -5.225000e+00 -2.674973e-01  2.923233e+00
     vertex -1.522500e+01 -2.674973e-01  2.923233e+00
     vertex -1.522500e+01 -2.012071e-01  2.934922e+00
   endloop
 endfacet
 facet normal  0.000000e+00  1.736482e-01 -9.848078e-01
   outer loop
     vertex -5.225000e+00 -2.674973e-01  2.923233e+00
     vertex -1.522500e+01 -2.012071e-01  2.934922e+00
     vertex -5.225000e+00 -2.012071e-01  2.934922e+00
   endloop
 endfacet
 facet normal  0.000000e+00  2.225209e-01 -9.749279e-01
   outer loop
     vertex -5.225000e+00 -3.331225e-01  2.908254e+00
     vertex -1.522500e+01 -3.331225e-01  2.908254e+00
     vertex -1.522500e+01 -2.674973e-01  2.923233e+00
   endloop
 endfacet
 facet normal  0.000000e+00  2.225209e-01 -9.749279e-01
   outer loop
     vertex -5.225000e+00 -3.331225e-01  2.908254e+00
     vertex -1.522500e+01 -2.674973e-01  2.923233e+00
     vertex -5.225000e+00 -2.674973e-01  2.923233e+00
   endloop
 endfacet
 facet normal  0.000000e+00  2.708405e-01 -9.626242e-01
   outer loop
     vertex -5.225000e+00 -3.979195e-01  2.890023e+00
     vertex -1.522500e+01 -3.979195e-01  2.890023e+00
     vertex -1.522500e+01 -3.331225e-01  2.908254e+00
   endloop
 endfacet
 facet normal  0.000000e+00  2.708405e-01 -9.626242e-01
   outer loop
     vertex -5.225000e+00 -3.979195e-01  2.890023e+00
     vertex -1.522500e+01 -3.331225e-01  2.908254e+00
     vertex -5.225000e+00 -3.331225e-01  2.908254e+00
   endloop
 endfacet
 facet normal  0.000000e+00  3.184867e-01 -9.479273e-01
   outer loop
     vertex -5.225000e+00 -4.617272e-01  2.868585e+00
     vertex -1.522500e+01 -4.617272e-01  2.868585e+00
     vertex -1.522500e+01 -3.979195e-01  2.890023e+00
   endloop
 endfacet
 facet normal  0.000000e+00  3.653410e-01 -9.308737e-01
   outer loop
     vertex -5.225000e+00 -4.617272e-01  2.868585e+00
     vertex -1.522500e+01 -5.243870e-01  2.843993e+00
     vertex -1.522500e+01 -4.617272e-01  2.868585e+00
   endloop
 endfacet
 facet normal  0.000000e+00  3.184867e-01 -9.479273e-01
   outer loop
     vertex -5.225000e+00 -4.617272e-01  2.868585e+00
     vertex -1.522500e+01 -3.979195e-01  2.890023e+00
     vertex -5.225000e+00 -3.979195e-01  2.890023e+00
   endloop
 endfacet
 facet normal  0.000000e+00  3.653410e-01 -9.308737e-01
   outer loop
     vertex -5.225000e+00 -5.243870e-01  2.843993e+00
     vertex -1.522500e+01 -5.243870e-01  2.843993e+00
     vertex -5.225000e+00 -4.617272e-01  2.868585e+00
   endloop
 endfacet
 facet normal  0.000000e+00  4.112871e-01 -9.115059e-01
   outer loop
     vertex -5.225000e+00 -5.857430e-01  2.816308e+00
     vertex -1.522500e+01 -5.857430e-01  2.816308e+00
     vertex -1.522500e+01 -5.243870e-01  2.843993e+00
   endloop
 endfacet
 facet normal  0.000000e+00  4.112871e-01 -9.115059e-01
   outer loop
     vertex -5.225000e+00 -5.857430e-01  2.816308e+00
     vertex -1.522500e+01 -5.243870e-01  2.843993e+00
     vertex -5.225000e+00 -5.243870e-01  2.843993e+00
   endloop
 endfacet
 facet normal  0.000000e+00  4.562107e-01 -8.898718e-01
   outer loop
     vertex -5.225000e+00 -6.456429e-01  2.785599e+00
     vertex -1.522500e+01 -6.456429e-01  2.785599e+00
     vertex -1.522500e+01 -5.857430e-01  2.816308e+00
   endloop
 endfacet
 facet normal  0.000000e+00  4.562107e-01 -8.898718e-01
   outer loop
     vertex -5.225000e+00 -6.456429e-01  2.785599e+00
     vertex -1.522500e+01 -5.857430e-01  2.816308e+00
     vertex -5.225000e+00 -5.857430e-01  2.816308e+00
   endloop
 endfacet
 facet normal  0.000000e+00  5.000000e-01 -8.660254e-01
   outer loop
     vertex -5.225000e+00 -7.039375e-01  2.751943e+00
     vertex -1.522500e+01 -6.456429e-01  2.785599e+00
     vertex -5.225000e+00 -6.456429e-01  2.785599e+00
   endloop
 endfacet
 facet normal  0.000000e+00  5.000000e-01 -8.660254e-01
   outer loop
     vertex -5.225000e+00 -7.039375e-01  2.751943e+00
     vertex -1.522500e+01 -7.039375e-01  2.751943e+00
     vertex -1.522500e+01 -6.456429e-01  2.785599e+00
   endloop
 endfacet
 facet normal  0.000000e+00  5.425463e-01 -8.400259e-01
   outer loop
     vertex -5.225000e+00 -7.039375e-01  2.751943e+00
     vertex -1.522500e+01 -7.604821e-01  2.715422e+00
     vertex -1.522500e+01 -7.039375e-01  2.751943e+00
   endloop
 endfacet
 facet normal  0.000000e+00  5.425463e-01 -8.400259e-01
   outer loop
     vertex -5.225000e+00 -7.604821e-01  2.715422e+00
     vertex -1.522500e+01 -7.604821e-01  2.715422e+00
     vertex -5.225000e+00 -7.039375e-01  2.751943e+00
   endloop
 endfacet
 facet normal  0.000000e+00  5.837437e-01 -8.119380e-01
   outer loop
     vertex -5.225000e+00 -8.151360e-01  2.676129e+00
     vertex -1.522500e+01 -7.604821e-01  2.715422e+00
     vertex -5.225000e+00 -7.604821e-01  2.715422e+00
   endloop
 endfacet
 facet normal  0.000000e+00  5.837437e-01 -8.119380e-01
   outer loop
     vertex -5.225000e+00 -8.151360e-01  2.676129e+00
     vertex -1.522500e+01 -8.151360e-01  2.676129e+00
     vertex -1.522500e+01 -7.604821e-01  2.715422e+00
   endloop
 endfacet
 facet normal  0.000000e+00  6.234898e-01 -7.818315e-01
   outer loop
     vertex -5.225000e+00 -8.677633e-01  2.634160e+00
     vertex -1.522500e+01 -8.151360e-01  2.676129e+00
     vertex -5.225000e+00 -8.151360e-01  2.676129e+00
   endloop
 endfacet
 facet normal  0.000000e+00  6.234898e-01 -7.818315e-01
   outer loop
     vertex -5.225000e+00 -8.677633e-01  2.634160e+00
     vertex -1.522500e+01 -8.677633e-01  2.634160e+00
     vertex -1.522500e+01 -8.151360e-01  2.676129e+00
   endloop
 endfacet
 facet normal  0.000000e+00  6.616858e-01 -7.497812e-01
   outer loop
     vertex -5.225000e+00 -9.182332e-01  2.589620e+00
     vertex -1.522500e+01 -8.677633e-01  2.634160e+00
     vertex -5.225000e+00 -8.677633e-01  2.634160e+00
   endloop
 endfacet
 facet normal  0.000000e+00  6.616858e-01 -7.497812e-01
   outer loop
     vertex -5.225000e+00 -9.182332e-01  2.589620e+00
     vertex -1.522500e+01 -9.182332e-01  2.589620e+00
     vertex -1.522500e+01 -8.677633e-01  2.634160e+00
   endloop
 endfacet
 facet normal  0.000000e+00  6.982368e-01 -7.158668e-01
   outer loop
     vertex -5.225000e+00 -9.182332e-01  2.589620e+00
     vertex -1.522500e+01 -9.664202e-01  2.542620e+00
     vertex -1.522500e+01 -9.182332e-01  2.589620e+00
   endloop
 endfacet
 facet normal  0.000000e+00  6.982368e-01 -7.158668e-01
   outer loop
     vertex -5.225000e+00 -9.664202e-01  2.542620e+00
     vertex -1.522500e+01 -9.664202e-01  2.542620e+00
     vertex -5.225000e+00 -9.182332e-01  2.589620e+00
   endloop
 endfacet
 facet normal  0.000000e+00  7.330519e-01 -6.801727e-01
   outer loop
     vertex -5.225000e+00 -1.012205e+00  2.493276e+00
     vertex -1.522500e+01 -9.664202e-01  2.542620e+00
     vertex -5.225000e+00 -9.664202e-01  2.542620e+00
   endloop
 endfacet
 facet normal  0.000000e+00  7.330519e-01 -6.801727e-01
   outer loop
     vertex -5.225000e+00 -1.012205e+00  2.493276e+00
     vertex -1.522500e+01 -1.012205e+00  2.493276e+00
     vertex -1.522500e+01 -9.664202e-01  2.542620e+00
   endloop
 endfacet
 facet normal  0.000000e+00  7.660444e-01 -6.427876e-01
   outer loop
     vertex -5.225000e+00 -1.055473e+00  2.441711e+00
     vertex -1.522500e+01 -1.012205e+00  2.493276e+00
     vertex -5.225000e+00 -1.012205e+00  2.493276e+00
   endloop
 endfacet
 facet normal  0.000000e+00  7.660444e-01 -6.427876e-01
   outer loop
     vertex -5.225000e+00 -1.055473e+00  2.441711e+00
     vertex -1.522500e+01 -1.055473e+00  2.441711e+00
     vertex -1.522500e+01 -1.012205e+00  2.493276e+00
   endloop
 endfacet
 facet normal  0.000000e+00  7.971325e-01 -6.038044e-01
   outer loop
     vertex -5.225000e+00 -1.055473e+00  2.441711e+00
     vertex -1.522500e+01 -1.096116e+00  2.388054e+00
     vertex -1.522500e+01 -1.055473e+00  2.441711e+00
   endloop
 endfacet
 facet normal  0.000000e+00  7.971325e-01 -6.038044e-01
   outer loop
     vertex -5.225000e+00 -1.096116e+00  2.388054e+00
     vertex -1.522500e+01 -1.096116e+00  2.388054e+00
     vertex -5.225000e+00 -1.055473e+00  2.441711e+00
   endloop
 endfacet
 facet normal  0.000000e+00  8.262388e-01 -5.633201e-01
   outer loop
     vertex -5.225000e+00 -1.134035e+00  2.332437e+00
     vertex -1.522500e+01 -1.096116e+00  2.388054e+00
     vertex -5.225000e+00 -1.096116e+00  2.388054e+00
   endloop
 endfacet
 facet normal  0.000000e+00  8.262388e-01 -5.633201e-01
   outer loop
     vertex -5.225000e+00 -1.134035e+00  2.332437e+00
     vertex -1.522500e+01 -1.134035e+00  2.332437e+00
     vertex -1.522500e+01 -1.096116e+00  2.388054e+00
   endloop
 endfacet
 facet normal  0.000000e+00  8.532909e-01 -5.214352e-01
   outer loop
     vertex -5.225000e+00 -1.169134e+00  2.275000e+00
     vertex -1.522500e+01 -1.134035e+00  2.332437e+00
     vertex -5.225000e+00 -1.134035e+00  2.332437e+00
   endloop
 endfacet
 facet normal  0.000000e+00  8.532909e-01 -5.214352e-01
   outer loop
     vertex -5.225000e+00 -1.169134e+00  2.275000e+00
     vertex -1.522500e+01 -1.169134e+00  2.275000e+00
     vertex -1.522500e+01 -1.134035e+00  2.332437e+00
   endloop
 endfacet
 facet normal  0.000000e+00  8.782216e-01 -4.782540e-01
   outer loop
     vertex -5.225000e+00 -1.201327e+00  2.215884e+00
     vertex -1.522500e+01 -1.169134e+00  2.275000e+00
     vertex -5.225000e+00 -1.169134e+00  2.275000e+00
   endloop
 endfacet
 facet normal  0.000000e+00  8.782216e-01 -4.782540e-01
   outer loop
     vertex -5.225000e+00 -1.201327e+00  2.215884e+00
     vertex -1.522500e+01 -1.201327e+00  2.215884e+00
     vertex -1.522500e+01 -1.169134e+00  2.275000e+00
   endloop
 endfacet
 facet normal  0.000000e+00  9.009689e-01 -4.338837e-01
   outer loop
     vertex -5.225000e+00 -1.230533e+00  2.155238e+00
     vertex -1.522500e+01 -1.230533e+00  2.155238e+00
     vertex -1.522500e+01 -1.201327e+00  2.215884e+00
   endloop
 endfacet
 facet normal  0.000000e+00  9.009689e-01 -4.338837e-01
   outer loop
     vertex -5.225000e+00 -1.230533e+00  2.155238e+00
     vertex -1.522500e+01 -1.201327e+00  2.215884e+00
     vertex -5.225000e+00 -1.201327e+00  2.215884e+00
   endloop
 endfacet
 facet normal  0.000000e+00  9.214762e-01 -3.884348e-01
   outer loop
     vertex -5.225000e+00 -1.256680e+00  2.093210e+00
     vertex -1.522500e+01 -1.256680e+00  2.093210e+00
     vertex -1.522500e+01 -1.230533e+00  2.155238e+00
   endloop
 endfacet
 facet normal  0.000000e+00  9.214762e-01 -3.884348e-01
   outer loop
     vertex -5.225000e+00 -1.256680e+00  2.093210e+00
     vertex -1.522500e+01 -1.230533e+00  2.155238e+00
     vertex -5.225000e+00 -1.230533e+00  2.155238e+00
   endloop
 endfacet
 facet normal  0.000000e+00  9.396926e-01 -3.420201e-01
   outer loop
     vertex -5.225000e+00 -1.279702e+00  2.029957e+00
     vertex -1.522500e+01 -1.279702e+00  2.029957e+00
     vertex -1.522500e+01 -1.256680e+00  2.093210e+00
   endloop
 endfacet
 facet normal  0.000000e+00  9.396926e-01 -3.420201e-01
   outer loop
     vertex -5.225000e+00 -1.279702e+00  2.029957e+00
     vertex -1.522500e+01 -1.256680e+00  2.093210e+00
     vertex -5.225000e+00 -1.256680e+00  2.093210e+00
   endloop
 endfacet
 facet normal  0.000000e+00  9.555728e-01 -2.947552e-01
   outer loop
     vertex -5.225000e+00 -1.299543e+00  1.965635e+00
     vertex -1.522500e+01 -1.299543e+00  1.965635e+00
     vertex -1.522500e+01 -1.279702e+00  2.029957e+00
   endloop
 endfacet
 facet normal  0.000000e+00  9.555728e-01 -2.947552e-01
   outer loop
     vertex -5.225000e+00 -1.299543e+00  1.965635e+00
     vertex -1.522500e+01 -1.279702e+00  2.029957e+00
     vertex -5.225000e+00 -1.279702e+00  2.029957e+00
   endloop
 endfacet
 facet normal  0.000000e+00  9.690773e-01 -2.467574e-01
   outer loop
     vertex -5.225000e+00 -1.316153e+00  1.900403e+00
     vertex -1.522500e+01 -1.316153e+00  1.900403e+00
     vertex -1.522500e+01 -1.299543e+00  1.965635e+00
   endloop
 endfacet
 facet normal  0.000000e+00  9.690773e-01 -2.467574e-01
   outer loop
     vertex -5.225000e+00 -1.316153e+00  1.900403e+00
     vertex -1.522500e+01 -1.299543e+00  1.965635e+00
     vertex -5.225000e+00 -1.299543e+00  1.965635e+00
   endloop
 endfacet
 facet normal  0.000000e+00  9.801725e-01 -1.981461e-01
   outer loop
     vertex -5.225000e+00 -1.329490e+00  1.834425e+00
     vertex -1.522500e+01 -1.329490e+00  1.834425e+00
     vertex -1.522500e+01 -1.316153e+00  1.900403e+00
   endloop
 endfacet
 facet normal  0.000000e+00  9.801725e-01 -1.981461e-01
   outer loop
     vertex -5.225000e+00 -1.329490e+00  1.834425e+00
     vertex -1.522500e+01 -1.316153e+00  1.900403e+00
     vertex -5.225000e+00 -1.316153e+00  1.900403e+00
   endloop
 endfacet
 facet normal  0.000000e+00  9.888308e-01 -1.490423e-01
   outer loop
     vertex -5.225000e+00 -1.339523e+00  1.767864e+00
     vertex -1.522500e+01 -1.339523e+00  1.767864e+00
     vertex -1.522500e+01 -1.329490e+00  1.834425e+00
   endloop
 endfacet
 facet normal  0.000000e+00  9.888308e-01 -1.490423e-01
   outer loop
     vertex -5.225000e+00 -1.339523e+00  1.767864e+00
     vertex -1.522500e+01 -1.329490e+00  1.834425e+00
     vertex -5.225000e+00 -1.329490e+00  1.834425e+00
   endloop
 endfacet
 facet normal  0.000000e+00  9.950308e-01 -9.956785e-02
   outer loop
     vertex -5.225000e+00 -1.346225e+00  1.700886e+00
     vertex -1.522500e+01 -1.346225e+00  1.700886e+00
     vertex -1.522500e+01 -1.339523e+00  1.767864e+00
   endloop
 endfacet
 facet normal  0.000000e+00  9.950308e-01 -9.956785e-02
   outer loop
     vertex -5.225000e+00 -1.346225e+00  1.700886e+00
     vertex -1.522500e+01 -1.339523e+00  1.767864e+00
     vertex -5.225000e+00 -1.339523e+00  1.767864e+00
   endloop
 endfacet
 facet normal  0.000000e+00  9.987569e-01 -4.984589e-02
   outer loop
     vertex -5.225000e+00 -1.349580e+00  1.633656e+00
     vertex -1.522500e+01 -1.349580e+00  1.633656e+00
     vertex -1.522500e+01 -1.346225e+00  1.700886e+00
   endloop
 endfacet
 facet normal  0.000000e+00  9.987569e-01 -4.984589e-02
   outer loop
     vertex -5.225000e+00 -1.349580e+00  1.633656e+00
     vertex -1.522500e+01 -1.346225e+00  1.700886e+00
     vertex -5.225000e+00 -1.346225e+00  1.700886e+00
   endloop
 endfacet
 facet normal  0.000000e+00  1.000000e+00  0.000000e+00
   outer loop
     vertex -5.225000e+00 -1.349580e+00  1.566344e+00
     vertex -1.522500e+01 -1.349580e+00  1.566344e+00
     vertex -1.522500e+01 -1.349580e+00  1.633656e+00
   endloop
 endfacet
 facet normal  0.000000e+00  1.000000e+00 -0.000000e+00
   outer loop
     vertex -5.225000e+00 -1.349580e+00  1.566344e+00
     vertex -1.522500e+01 -1.349580e+00  1.633656e+00
     vertex -5.225000e+00 -1.349580e+00  1.633656e+00
   endloop
 endfacet
 facet normal  0.000000e+00  9.987569e-01  4.984589e-02
   outer loop
     vertex -5.225000e+00 -1.346225e+00  1.499114e+00
     vertex -1.522500e+01 -1.346225e+00  1.499114e+00
     vertex -1.522500e+01 -1.349580e+00  1.566344e+00
   endloop
 endfacet
 facet normal  0.000000e+00  9.987569e-01  4.984589e-02
   outer loop
     vertex -5.225000e+00 -1.346225e+00  1.499114e+00
     vertex -1.522500e+01 -1.349580e+00  1.566344e+00
     vertex -5.225000e+00 -1.349580e+00  1.566344e+00
   endloop
 endfacet
 facet normal  0.000000e+00  9.950308e-01  9.956785e-02
   outer loop
     vertex -5.225000e+00 -1.339523e+00  1.432136e+00
     vertex -1.522500e+01 -1.339523e+00  1.432136e+00
     vertex -1.522500e+01 -1.346225e+00  1.499114e+00
   endloop
 endfacet
 facet normal  0.000000e+00  9.950308e-01  9.956785e-02
   outer loop
     vertex -5.225000e+00 -1.339523e+00  1.432136e+00
     vertex -1.522500e+01 -1.346225e+00  1.499114e+00
     vertex -5.225000e+00 -1.346225e+00  1.499114e+00
   endloop
 endfacet
 facet normal  0.000000e+00  9.888308e-01  1.490423e-01
   outer loop
     vertex -5.225000e+00 -1.329490e+00  1.365575e+00
     vertex -1.522500e+01 -1.329490e+00  1.365575e+00
     vertex -1.522500e+01 -1.339523e+00  1.432136e+00
   endloop
 endfacet
 facet normal  0.000000e+00  9.888308e-01  1.490423e-01
   outer loop
     vertex -5.225000e+00 -1.329490e+00  1.365575e+00
     vertex -1.522500e+01 -1.339523e+00  1.432136e+00
     vertex -5.225000e+00 -1.339523e+00  1.432136e+00
   endloop
 endfacet
 facet normal  0.000000e+00  9.801725e-01  1.981461e-01
   outer loop
     vertex -5.225000e+00 -1.316153e+00  1.299597e+00
     vertex -1.522500e+01 -1.316153e+00  1.299597e+00
     vertex -1.522500e+01 -1.329490e+00  1.365575e+00
   endloop
 endfacet
 facet normal  0.000000e+00  9.690773e-01  2.467574e-01
   outer loop
     vertex -5.225000e+00 -1.316153e+00  1.299597e+00
     vertex -1.522500e+01 -1.299543e+00  1.234365e+00
     vertex -1.522500e+01 -1.316153e+00  1.299597e+00
   endloop
 endfacet
 facet normal  0.000000e+00  9.801725e-01  1.981461e-01
   outer loop
     vertex -5.225000e+00 -1.316153e+00  1.299597e+00
     vertex -1.522500e+01 -1.329490e+00  1.365575e+00
     vertex -5.225000e+00 -1.329490e+00  1.365575e+00
   endloop
 endfacet
 facet normal  0.000000e+00  9.690773e-01  2.467574e-01
   outer loop
     vertex -5.225000e+00 -1.299543e+00  1.234365e+00
     vertex -1.522500e+01 -1.299543e+00  1.234365e+00
     vertex -5.225000e+00 -1.316153e+00  1.299597e+00
   endloop
 endfacet
 facet normal  0.000000e+00  9.555728e-01  2.947552e-01
   outer loop
     vertex -5.225000e+00 -1.279702e+00  1.170043e+00
     vertex -1.522500e+01 -1.299543e+00  1.234365e+00
     vertex -5.225000e+00 -1.299543e+00  1.234365e+00
   endloop
 endfacet
 facet normal  0.000000e+00  9.555728e-01  2.947552e-01
   outer loop
     vertex -5.225000e+00 -1.279702e+00  1.170043e+00
     vertex -1.522500e+01 -1.279702e+00  1.170043e+00
     vertex -1.522500e+01 -1.299543e+00  1.234365e+00
   endloop
 endfacet
 facet normal  0.000000e+00  9.396926e-01  3.420201e-01
   outer loop
     vertex -5.225000e+00 -1.279702e+00  1.170043e+00
     vertex -1.522500e+01 -1.256680e+00  1.106790e+00
     vertex -1.522500e+01 -1.279702e+00  1.170043e+00
   endloop
 endfacet
 facet normal  0.000000e+00  9.396926e-01  3.420201e-01
   outer loop
     vertex -5.225000e+00 -1.256680e+00  1.106790e+00
     vertex -1.522500e+01 -1.256680e+00  1.106790e+00
     vertex -5.225000e+00 -1.279702e+00  1.170043e+00
   endloop
 endfacet
 facet normal  0.000000e+00  9.214762e-01  3.884348e-01
   outer loop
     vertex -5.225000e+00 -1.230533e+00  1.044762e+00
     vertex -1.522500e+01 -1.256680e+00  1.106790e+00
     vertex -5.225000e+00 -1.256680e+00  1.106790e+00
   endloop
 endfacet
 facet normal  0.000000e+00  9.214762e-01  3.884348e-01
   outer loop
     vertex -5.225000e+00 -1.230533e+00  1.044762e+00
     vertex -1.522500e+01 -1.230533e+00  1.044762e+00
     vertex -1.522500e+01 -1.256680e+00  1.106790e+00
   endloop
 endfacet
 facet normal  0.000000e+00  9.009689e-01  4.338837e-01
   outer loop
     vertex -5.225000e+00 -1.230533e+00  1.044762e+00
     vertex -1.522500e+01 -1.201327e+00  9.841156e-01
     vertex -1.522500e+01 -1.230533e+00  1.044762e+00
   endloop
 endfacet
 facet normal  0.000000e+00  9.009689e-01  4.338837e-01
   outer loop
     vertex -5.225000e+00 -1.201327e+00  9.841156e-01
     vertex -1.522500e+01 -1.201327e+00  9.841156e-01
     vertex -5.225000e+00 -1.230533e+00  1.044762e+00
   endloop
 endfacet
 facet normal  0.000000e+00  8.782216e-01  4.782540e-01
   outer loop
     vertex -5.225000e+00 -1.169134e+00  9.250000e-01
     vertex -1.522500e+01 -1.201327e+00  9.841156e-01
     vertex -5.225000e+00 -1.201327e+00  9.841156e-01
   endloop
 endfacet
 facet normal  0.000000e+00  8.782216e-01  4.782540e-01
   outer loop
     vertex -5.225000e+00 -1.169134e+00  9.250000e-01
     vertex -1.522500e+01 -1.169134e+00  9.250000e-01
     vertex -1.522500e+01 -1.201327e+00  9.841156e-01
   endloop
 endfacet
 facet normal  0.000000e+00  8.532909e-01  5.214352e-01
   outer loop
     vertex -5.225000e+00 -1.134035e+00  8.675625e-01
     vertex -1.522500e+01 -1.169134e+00  9.250000e-01
     vertex -5.225000e+00 -1.169134e+00  9.250000e-01
   endloop
 endfacet
 facet normal  0.000000e+00  8.532909e-01  5.214352e-01
   outer loop
     vertex -5.225000e+00 -1.134035e+00  8.675625e-01
     vertex -1.522500e+01 -1.134035e+00  8.675625e-01
     vertex -1.522500e+01 -1.169134e+00  9.250000e-01
   endloop
 endfacet
 facet normal  0.000000e+00  8.262388e-01  5.633201e-01
   outer loop
     vertex -5.225000e+00 -1.096116e+00  8.119460e-01
     vertex -1.522500e+01 -1.134035e+00  8.675625e-01
     vertex -5.225000e+00 -1.134035e+00  8.675625e-01
   endloop
 endfacet
 facet normal  0.000000e+00  8.262388e-01  5.633201e-01
   outer loop
     vertex -5.225000e+00 -1.096116e+00  8.119460e-01
     vertex -1.522500e+01 -1.096116e+00  8.119460e-01
     vertex -1.522500e+01 -1.134035e+00  8.675625e-01
   endloop
 endfacet
 facet normal  0.000000e+00  7.971325e-01  6.038044e-01
   outer loop
     vertex -5.225000e+00 -1.055473e+00  7.582888e-01
     vertex -1.522500e+01 -1.096116e+00  8.119460e-01
     vertex -5.225000e+00 -1.096116e+00  8.119460e-01
   endloop
 endfacet
 facet normal  0.000000e+00  7.971325e-01  6.038044e-01
   outer loop
     vertex -5.225000e+00 -1.055473e+00  7.582888e-01
     vertex -1.522500e+01 -1.055473e+00  7.582888e-01
     vertex -1.522500e+01 -1.096116e+00  8.119460e-01
   endloop
 endfacet
 facet normal  0.000000e+00  7.660444e-01  6.427876e-01
   outer loop
     vertex -5.225000e+00 -1.012205e+00  7.067241e-01
     vertex -1.522500e+01 -1.055473e+00  7.582888e-01
     vertex -5.225000e+00 -1.055473e+00  7.582888e-01
   endloop
 endfacet
 facet normal  0.000000e+00  7.660444e-01  6.427876e-01
   outer loop
     vertex -5.225000e+00 -1.012205e+00  7.067241e-01
     vertex -1.522500e+01 -1.012205e+00  7.067241e-01
     vertex -1.522500e+01 -1.055473e+00  7.582888e-01
   endloop
 endfacet
 facet normal  0.000000e+00  7.330519e-01  6.801727e-01
   outer loop
     vertex -5.225000e+00 -1.012205e+00  7.067241e-01
     vertex -1.522500e+01 -9.664202e-01  6.573803e-01
     vertex -1.522500e+01 -1.012205e+00  7.067241e-01
   endloop
 endfacet
 facet normal  0.000000e+00  7.330519e-01  6.801727e-01
   outer loop
     vertex -5.225000e+00 -9.664202e-01  6.573803e-01
     vertex -1.522500e+01 -9.664202e-01  6.573803e-01
     vertex -5.225000e+00 -1.012205e+00  7.067241e-01
   endloop
 endfacet
 facet normal  0.000000e+00  6.982368e-01  7.158668e-01
   outer loop
     vertex -5.225000e+00 -9.182332e-01  6.103800e-01
     vertex -1.522500e+01 -9.664202e-01  6.573803e-01
     vertex -5.225000e+00 -9.664202e-01  6.573803e-01
   endloop
 endfacet
 facet normal  0.000000e+00  6.982368e-01  7.158668e-01
   outer loop
     vertex -5.225000e+00 -9.182332e-01  6.103800e-01
     vertex -1.522500e+01 -9.182332e-01  6.103800e-01
     vertex -1.522500e+01 -9.664202e-01  6.573803e-01
   endloop
 endfacet
 facet normal  0.000000e+00  6.616858e-01  7.497812e-01
   outer loop
     vertex -5.225000e+00 -9.182332e-01  6.103800e-01
     vertex -1.522500e+01 -8.677633e-01  5.658400e-01
     vertex -1.522500e+01 -9.182332e-01  6.103800e-01
   endloop
 endfacet
 facet normal  0.000000e+00  6.616858e-01  7.497812e-01
   outer loop
     vertex -5.225000e+00 -8.677633e-01  5.658400e-01
     vertex -1.522500e+01 -8.677633e-01  5.658400e-01
     vertex -5.225000e+00 -9.182332e-01  6.103800e-01
   endloop
 endfacet
 facet normal  0.000000e+00  6.234898e-01  7.818315e-01
   outer loop
     vertex -5.225000e+00 -8.151360e-01  5.238711e-01
     vertex -1.522500e+01 -8.677633e-01  5.658400e-01
     vertex -5.225000e+00 -8.677633e-01  5.658400e-01
   endloop
 endfacet
 facet normal  0.000000e+00  6.234898e-01  7.818315e-01
   outer loop
     vertex -5.225000e+00 -8.151360e-01  5.238711e-01
     vertex -1.522500e+01 -8.151360e-01  5.238711e-01
     vertex -1.522500e+01 -8.677633e-01  5.658400e-01
   endloop
 endfacet
 facet normal  0.000000e+00  5.837437e-01  8.119380e-01
   outer loop
     vertex -5.225000e+00 -8.151360e-01  5.238711e-01
     vertex -1.522500e+01 -7.604821e-01  4.845777e-01
     vertex -1.522500e+01 -8.151360e-01  5.238711e-01
   endloop
 endfacet
 facet normal  0.000000e+00  5.837437e-01  8.119380e-01
   outer loop
     vertex -5.225000e+00 -7.604821e-01  4.845777e-01
     vertex -1.522500e+01 -7.604821e-01  4.845777e-01
     vertex -5.225000e+00 -8.151360e-01  5.238711e-01
   endloop
 endfacet
 facet normal  0.000000e+00  5.425463e-01  8.400259e-01
   outer loop
     vertex -5.225000e+00 -7.039375e-01  4.480573e-01
     vertex -1.522500e+01 -7.604821e-01  4.845777e-01
     vertex -5.225000e+00 -7.604821e-01  4.845777e-01
   endloop
 endfacet
 facet normal  0.000000e+00  5.425463e-01  8.400259e-01
   outer loop
     vertex -5.225000e+00 -7.039375e-01  4.480573e-01
     vertex -1.522500e+01 -7.039375e-01  4.480573e-01
     vertex -1.522500e+01 -7.604821e-01  4.845777e-01
   endloop
 endfacet
 facet normal  0.000000e+00  5.000000e-01  8.660254e-01
   outer loop
     vertex -5.225000e+00 -7.039375e-01  4.480573e-01
     vertex -1.522500e+01 -6.456429e-01  4.144009e-01
     vertex -1.522500e+01 -7.039375e-01  4.480573e-01
   endloop
 endfacet
 facet normal  0.000000e+00  5.000000e-01  8.660254e-01
   outer loop
     vertex -5.225000e+00 -6.456429e-01  4.144009e-01
     vertex -1.522500e+01 -6.456429e-01  4.144009e-01
     vertex -5.225000e+00 -7.039375e-01  4.480573e-01
   endloop
 endfacet
 facet normal  0.000000e+00  4.562107e-01  8.898718e-01
   outer loop
     vertex -5.225000e+00 -5.857430e-01  3.836920e-01
     vertex -1.522500e+01 -6.456429e-01  4.144009e-01
     vertex -5.225000e+00 -6.456429e-01  4.144009e-01
   endloop
 endfacet
 facet normal  0.000000e+00  4.562107e-01  8.898718e-01
   outer loop
     vertex -5.225000e+00 -5.857430e-01  3.836920e-01
     vertex -1.522500e+01 -5.857430e-01  3.836920e-01
     vertex -1.522500e+01 -6.456429e-01  4.144009e-01
   endloop
 endfacet
 facet normal  0.000000e+00  4.112871e-01  9.115059e-01
   outer loop
     vertex -5.225000e+00 -5.243870e-01  3.560071e-01
     vertex -1.522500e+01 -5.857430e-01  3.836920e-01
     vertex -5.225000e+00 -5.857430e-01  3.836920e-01
   endloop
 endfacet
 facet normal  0.000000e+00  4.112871e-01  9.115059e-01
   outer loop
     vertex -5.225000e+00 -5.243870e-01  3.560071e-01
     vertex -1.522500e+01 -5.243870e-01  3.560071e-01
     vertex -1.522500e+01 -5.857430e-01  3.836920e-01
   endloop
 endfacet
 facet normal  0.000000e+00  3.653410e-01  9.308737e-01
   outer loop
     vertex -5.225000e+00 -5.243870e-01  3.560071e-01
     vertex -1.522500e+01 -4.617272e-01  3.314150e-01
     vertex -1.522500e+01 -5.243870e-01  3.560071e-01
   endloop
 endfacet
 facet normal  0.000000e+00  3.653410e-01  9.308737e-01
   outer loop
     vertex -5.225000e+00 -4.617272e-01  3.314150e-01
     vertex -1.522500e+01 -4.617272e-01  3.314150e-01
     vertex -5.225000e+00 -5.243870e-01  3.560071e-01
   endloop
 endfacet
 facet normal  0.000000e+00  3.184867e-01  9.479273e-01
   outer loop
     vertex -5.225000e+00 -3.979195e-01  3.099767e-01
     vertex -1.522500e+01 -4.617272e-01  3.314150e-01
     vertex -5.225000e+00 -4.617272e-01  3.314150e-01
   endloop
 endfacet
 facet normal  0.000000e+00  3.184867e-01  9.479273e-01
   outer loop
     vertex -5.225000e+00 -3.979195e-01  3.099767e-01
     vertex -1.522500e+01 -3.979195e-01  3.099767e-01
     vertex -1.522500e+01 -4.617272e-01  3.314150e-01
   endloop
 endfacet
 facet normal  0.000000e+00  2.708405e-01  9.626242e-01
   outer loop
     vertex -5.225000e+00 -3.979195e-01  3.099767e-01
     vertex -1.522500e+01 -3.331225e-01  2.917457e-01
     vertex -1.522500e+01 -3.979195e-01  3.099767e-01
   endloop
 endfacet
 facet normal  0.000000e+00  2.708405e-01  9.626242e-01
   outer loop
     vertex -5.225000e+00 -3.331225e-01  2.917457e-01
     vertex -1.522500e+01 -3.331225e-01  2.917457e-01
     vertex -5.225000e+00 -3.979195e-01  3.099767e-01
   endloop
 endfacet
 facet normal  0.000000e+00  2.225209e-01  9.749279e-01
   outer loop
     vertex -5.225000e+00 -2.674973e-01  2.767671e-01
     vertex -1.522500e+01 -2.674973e-01  2.767671e-01
     vertex -1.522500e+01 -3.331225e-01  2.917457e-01
   endloop
 endfacet
 facet normal  0.000000e+00  1.736482e-01  9.848078e-01
   outer loop
     vertex -5.225000e+00 -2.674973e-01  2.767671e-01
     vertex -1.522500e+01 -2.012071e-01  2.650784e-01
     vertex -1.522500e+01 -2.674973e-01  2.767671e-01
   endloop
 endfacet
 facet normal  0.000000e+00  2.225209e-01  9.749279e-01
   outer loop
     vertex -5.225000e+00 -2.674973e-01  2.767671e-01
     vertex -1.522500e+01 -3.331225e-01  2.917457e-01
     vertex -5.225000e+00 -3.331225e-01  2.917457e-01
   endloop
 endfacet
 facet normal  0.000000e+00  1.736482e-01  9.848078e-01
   outer loop
     vertex -5.225000e+00 -2.012071e-01  2.650784e-01
     vertex -1.522500e+01 -2.012071e-01  2.650784e-01
     vertex -5.225000e+00 -2.674973e-01  2.767671e-01
   endloop
 endfacet
 facet normal  0.000000e+00  1.243437e-01  9.922392e-01
   outer loop
     vertex -5.225000e+00 -1.344166e-01  2.567085e-01
     vertex -1.522500e+01 -1.344166e-01  2.567085e-01
     vertex -1.522500e+01 -2.012071e-01  2.650784e-01
   endloop
 endfacet
 facet normal  0.000000e+00  7.473009e-02  9.972038e-01
   outer loop
     vertex -5.225000e+00 -1.344166e-01  2.567085e-01
     vertex -1.522500e+01 -6.729195e-02  2.516782e-01
     vertex -1.522500e+01 -1.344166e-01  2.567085e-01
   endloop
 endfacet
 facet normal  0.000000e+00  1.243437e-01  9.922392e-01
   outer loop
     vertex -5.225000e+00 -1.344166e-01  2.567085e-01
     vertex -1.522500e+01 -2.012071e-01  2.650784e-01
     vertex -5.225000e+00 -2.012071e-01  2.650784e-01
   endloop
 endfacet
 facet normal  0.000000e+00  7.473009e-02  9.972038e-01
   outer loop
     vertex -5.225000e+00 -6.729195e-02  2.516782e-01
     vertex -1.522500e+01 -6.729195e-02  2.516782e-01
     vertex -5.225000e+00 -1.344166e-01  2.567085e-01
   endloop
 endfacet
 facet normal  0.000000e+00  2.493069e-02  9.996892e-01
   outer loop
     vertex -5.225000e+00  4.630836e-15  2.500000e-01
     vertex -1.522500e+01 -6.729195e-02  2.516782e-01
     vertex -5.225000e+00 -6.729195e-02  2.516782e-01
   endloop
 endfacet
 facet normal  0.000000e+00  2.493069e-02  9.996892e-01
   outer loop
     vertex -5.225000e+00  4.630836e-15  2.500000e-01
     vertex -1.522500e+01  4.630836e-15  2.500000e-01
     vertex -1.522500e+01 -6.729195e-02  2.516782e-01
   endloop
 endfacet
 facet normal  0.000000e+00 -2.493069e-02  9.996892e-01
   outer loop
     vertex -5.225000e+00  4.630836e-15  2.500000e-01
     vertex -1.522500e+01  6.729195e-02  2.516782e-01
     vertex -1.522500e+01  4.630836e-15  2.500000e-01
   endloop
 endfacet
 facet normal  0.000000e+00 -2.493069e-02  9.996892e-01
   outer loop
     vertex -5.225000e+00  6.729195e-02  2.516782e-01
     vertex -1.522500e+01  6.729195e-02  2.516782e-01
     vertex -5.225000e+00  4.630836e-15  2.500000e-01
   endloop
 endfacet
 facet normal  0.000000e+00 -7.473009e-02  9.972038e-01
   outer loop
     vertex -5.225000e+00  6.729195e-02  2.516782e-01
     vertex -1.522500e+01  1.344166e-01  2.567085e-01
     vertex -1.522500e+01  6.729195e-02  2.516782e-01
   endloop
 endfacet
 facet normal  0.000000e+00 -7.473009e-02  9.972038e-01
   outer loop
     vertex -5.225000e+00  1.344166e-01  2.567085e-01
     vertex -1.522500e+01  1.344166e-01  2.567085e-01
     vertex -5.225000e+00  6.729195e-02  2.516782e-01
   endloop
 endfacet
 facet normal  0.000000e+00 -1.243437e-01  9.922392e-01
   outer loop
     vertex -5.225000e+00  2.012071e-01  2.650784e-01
     vertex -1.522500e+01  1.344166e-01  2.567085e-01
     vertex -5.225000e+00  1.344166e-01  2.567085e-01
   endloop
 endfacet
 facet normal  0.000000e+00 -1.243437e-01  9.922392e-01
   outer loop
     vertex -5.225000e+00  2.012071e-01  2.650784e-01
     vertex -1.522500e+01  2.012071e-01  2.650784e-01
     vertex -1.522500e+01  1.344166e-01  2.567085e-01
   endloop
 endfacet
 facet normal  0.000000e+00 -1.736482e-01  9.848078e-01
   outer loop
     vertex -5.225000e+00  2.012071e-01  2.650784e-01
     vertex -1.522500e+01  2.674973e-01  2.767671e-01
     vertex -1.522500e+01  2.012071e-01  2.650784e-01
   endloop
 endfacet
 facet normal  0.000000e+00 -1.736482e-01  9.848078e-01
   outer loop
     vertex -5.225000e+00  2.674973e-01  2.767671e-01
     vertex -1.522500e+01  2.674973e-01  2.767671e-01
     vertex -5.225000e+00  2.012071e-01  2.650784e-01
   endloop
 endfacet
 facet normal  0.000000e+00 -2.225209e-01  9.749279e-01
   outer loop
     vertex -5.225000e+00  2.674973e-01  2.767671e-01
     vertex -1.522500e+01  3.331225e-01  2.917457e-01
     vertex -1.522500e+01  2.674973e-01  2.767671e-01
   endloop
 endfacet
 facet normal  0.000000e+00 -2.225209e-01  9.749279e-01
   outer loop
     vertex -5.225000e+00  3.331225e-01  2.917457e-01
     vertex -1.522500e+01  3.331225e-01  2.917457e-01
     vertex -5.225000e+00  2.674973e-01  2.767671e-01
   endloop
 endfacet
 facet normal  0.000000e+00 -2.708405e-01  9.626242e-01
   outer loop
     vertex -5.225000e+00  3.331225e-01  2.917457e-01
     vertex -1.522500e+01  3.979195e-01  3.099767e-01
     vertex -1.522500e+01  3.331225e-01  2.917457e-01
   endloop
 endfacet
 facet normal  0.000000e+00 -2.708405e-01  9.626242e-01
   outer loop
     vertex -5.225000e+00  3.979195e-01  3.099767e-01
     vertex -1.522500e+01  3.979195e-01  3.099767e-01
     vertex -5.225000e+00  3.331225e-01  2.917457e-01
   endloop
 endfacet
 facet normal  0.000000e+00 -3.184867e-01  9.479273e-01
   outer loop
     vertex -5.225000e+00  3.979195e-01  3.099767e-01
     vertex -1.522500e+01  4.617272e-01  3.314150e-01
     vertex -1.522500e+01  3.979195e-01  3.099767e-01
   endloop
 endfacet
 facet normal  0.000000e+00 -3.184867e-01  9.479273e-01
   outer loop
     vertex -5.225000e+00  4.617272e-01  3.314150e-01
     vertex -1.522500e+01  4.617272e-01  3.314150e-01
     vertex -5.225000e+00  3.979195e-01  3.099767e-01
   endloop
 endfacet
 facet normal  0.000000e+00 -3.653410e-01  9.308737e-01
   outer loop
     vertex -5.225000e+00  5.243870e-01  3.560071e-01
     vertex -1.522500e+01  4.617272e-01  3.314150e-01
     vertex -5.225000e+00  4.617272e-01  3.314150e-01
   endloop
 endfacet
 facet normal  0.000000e+00 -3.653410e-01  9.308737e-01
   outer loop
     vertex -5.225000e+00  5.243870e-01  3.560071e-01
     vertex -1.522500e+01  5.243870e-01  3.560071e-01
     vertex -1.522500e+01  4.617272e-01  3.314150e-01
   endloop
 endfacet
 facet normal  0.000000e+00 -4.112871e-01  9.115059e-01
   outer loop
     vertex -5.225000e+00  5.857430e-01  3.836920e-01
     vertex -1.522500e+01  5.243870e-01  3.560071e-01
     vertex -5.225000e+00  5.243870e-01  3.560071e-01
   endloop
 endfacet
 facet normal  0.000000e+00 -4.112871e-01  9.115059e-01
   outer loop
     vertex -5.225000e+00  5.857430e-01  3.836920e-01
     vertex -1.522500e+01  5.857430e-01  3.836920e-01
     vertex -1.522500e+01  5.243870e-01  3.560071e-01
   endloop
 endfacet
 facet normal  0.000000e+00 -4.562107e-01  8.898718e-01
   outer loop
     vertex -5.225000e+00  5.857430e-01  3.836920e-01
     vertex -1.522500e+01  6.456429e-01  4.144009e-01
     vertex -1.522500e+01  5.857430e-01  3.836920e-01
   endloop
 endfacet
 facet normal  0.000000e+00 -4.562107e-01  8.898718e-01
   outer loop
     vertex -5.225000e+00  6.456429e-01  4.144009e-01
     vertex -1.522500e+01  6.456429e-01  4.144009e-01
     vertex -5.225000e+00  5.857430e-01  3.836920e-01
   endloop
 endfacet
 facet normal  0.000000e+00 -5.000000e-01  8.660254e-01
   outer loop
     vertex -5.225000e+00  7.039375e-01  4.480573e-01
     vertex -1.522500e+01  7.039375e-01  4.480573e-01
     vertex -1.522500e+01  6.456429e-01  4.144009e-01
   endloop
 endfacet
 facet normal  0.000000e+00 -5.000000e-01  8.660254e-01
   outer loop
     vertex -5.225000e+00  7.039375e-01  4.480573e-01
     vertex -1.522500e+01  6.456429e-01  4.144009e-01
     vertex -5.225000e+00  6.456429e-01  4.144009e-01
   endloop
 endfacet
 facet normal  0.000000e+00 -5.425463e-01  8.400259e-01
   outer loop
     vertex -5.225000e+00  7.604821e-01  4.845777e-01
     vertex -1.522500e+01  7.604821e-01  4.845777e-01
     vertex -1.522500e+01  7.039375e-01  4.480573e-01
   endloop
 endfacet
 facet normal  0.000000e+00 -5.425463e-01  8.400259e-01
   outer loop
     vertex -5.225000e+00  7.604821e-01  4.845777e-01
     vertex -1.522500e+01  7.039375e-01  4.480573e-01
     vertex -5.225000e+00  7.039375e-01  4.480573e-01
   endloop
 endfacet
 facet normal  0.000000e+00 -5.837437e-01  8.119380e-01
   outer loop
     vertex -5.225000e+00  8.151360e-01  5.238711e-01
     vertex -1.522500e+01  8.151360e-01  5.238711e-01
     vertex -1.522500e+01  7.604821e-01  4.845777e-01
   endloop
 endfacet
 facet normal  0.000000e+00 -6.234898e-01  7.818315e-01
   outer loop
     vertex -5.225000e+00  8.151360e-01  5.238711e-01
     vertex -1.522500e+01  8.677633e-01  5.658400e-01
     vertex -1.522500e+01  8.151360e-01  5.238711e-01
   endloop
 endfacet
 facet normal  0.000000e+00 -5.837437e-01  8.119380e-01
   outer loop
     vertex -5.225000e+00  8.151360e-01  5.238711e-01
     vertex -1.522500e+01  7.604821e-01  4.845777e-01
     vertex -5.225000e+00  7.604821e-01  4.845777e-01
   endloop
 endfacet
 facet normal  0.000000e+00 -6.234898e-01  7.818315e-01
   outer loop
     vertex -5.225000e+00  8.677633e-01  5.658400e-01
     vertex -1.522500e+01  8.677633e-01  5.658400e-01
     vertex -5.225000e+00  8.151360e-01  5.238711e-01
   endloop
 endfacet
 facet normal  0.000000e+00 -6.616858e-01  7.497812e-01
   outer loop
     vertex -5.225000e+00  9.182332e-01  6.103800e-01
     vertex -1.522500e+01  9.182332e-01  6.103800e-01
     vertex -1.522500e+01  8.677633e-01  5.658400e-01
   endloop
 endfacet
 facet normal  0.000000e+00 -6.616858e-01  7.497812e-01
   outer loop
     vertex -5.225000e+00  9.182332e-01  6.103800e-01
     vertex -1.522500e+01  8.677633e-01  5.658400e-01
     vertex -5.225000e+00  8.677633e-01  5.658400e-01
   endloop
 endfacet
 facet normal  0.000000e+00 -6.982368e-01  7.158668e-01
   outer loop
     vertex -5.225000e+00  9.664202e-01  6.573803e-01
     vertex -1.522500e+01  9.664202e-01  6.573803e-01
     vertex -1.522500e+01  9.182332e-01  6.103800e-01
   endloop
 endfacet
 facet normal  0.000000e+00 -7.330519e-01  6.801727e-01
   outer loop
     vertex -5.225000e+00  9.664202e-01  6.573803e-01
     vertex -1.522500e+01  1.012205e+00  7.067241e-01
     vertex -1.522500e+01  9.664202e-01  6.573803e-01
   endloop
 endfacet
 facet normal  0.000000e+00 -6.982368e-01  7.158668e-01
   outer loop
     vertex -5.225000e+00  9.664202e-01  6.573803e-01
     vertex -1.522500e+01  9.182332e-01  6.103800e-01
     vertex -5.225000e+00  9.182332e-01  6.103800e-01
   endloop
 endfacet
 facet normal  0.000000e+00 -7.330519e-01  6.801727e-01
   outer loop
     vertex -5.225000e+00  1.012205e+00  7.067241e-01
     vertex -1.522500e+01  1.012205e+00  7.067241e-01
     vertex -5.225000e+00  9.664202e-01  6.573803e-01
   endloop
 endfacet
 facet normal  0.000000e+00 -7.660444e-01  6.427876e-01
   outer loop
     vertex -5.225000e+00  1.055473e+00  7.582888e-01
     vertex -1.522500e+01  1.055473e+00  7.582888e-01
     vertex -1.522500e+01  1.012205e+00  7.067241e-01
   endloop
 endfacet
 facet normal  0.000000e+00 -7.660444e-01  6.427876e-01
   outer loop
     vertex -5.225000e+00  1.055473e+00  7.582888e-01
     vertex -1.522500e+01  1.012205e+00  7.067241e-01
     vertex -5.225000e+00  1.012205e+00  7.067241e-01
   endloop
 endfacet
 facet normal  0.000000e+00 -7.971325e-01  6.038044e-01
   outer loop
     vertex -5.225000e+00  1.096116e+00  8.119460e-01
     vertex -1.522500e+01  1.096116e+00  8.119460e-01
     vertex -1.522500e+01  1.055473e+00  7.582888e-01
   endloop
 endfacet
 facet normal  0.000000e+00 -8.262388e-01  5.633201e-01
   outer loop
     vertex -5.225000e+00  1.096116e+00  8.119460e-01
     vertex -1.522500e+01  1.134035e+00  8.675625e-01
     vertex -1.522500e+01  1.096116e+00  8.119460e-01
   endloop
 endfacet
 facet normal  0.000000e+00 -7.971325e-01  6.038044e-01
   outer loop
     vertex -5.225000e+00  1.096116e+00  8.119460e-01
     vertex -1.522500e+01  1.055473e+00  7.582888e-01
     vertex -5.225000e+00  1.055473e+00  7.582888e-01
   endloop
 endfacet
 facet normal  0.000000e+00 -8.532909e-01  5.214352e-01
   outer loop
     vertex -5.225000e+00  1.134035e+00  8.675625e-01
     vertex -1.522500e+01  1.169134e+00  9.250000e-01
     vertex -1.522500e+01  1.134035e+00  8.675625e-01
   endloop
 endfacet
 facet normal  0.000000e+00 -8.262388e-01  5.633201e-01
   outer loop
     vertex -5.225000e+00  1.134035e+00  8.675625e-01
     vertex -1.522500e+01  1.134035e+00  8.675625e-01
     vertex -5.225000e+00  1.096116e+00  8.119460e-01
   endloop
 endfacet
 facet normal  0.000000e+00 -8.532909e-01  5.214352e-01
   outer loop
     vertex -5.225000e+00  1.169134e+00  9.250000e-01
     vertex -1.522500e+01  1.169134e+00  9.250000e-01
     vertex -5.225000e+00  1.134035e+00  8.675625e-01
   endloop
 endfacet
 facet normal  0.000000e+00 -8.782216e-01  4.782540e-01
   outer loop
     vertex -5.225000e+00  1.201327e+00  9.841156e-01
     vertex -1.522500e+01  1.201327e+00  9.841156e-01
     vertex -1.522500e+01  1.169134e+00  9.250000e-01
   endloop
 endfacet
 facet normal  0.000000e+00 -8.782216e-01  4.782540e-01
   outer loop
     vertex -5.225000e+00  1.201327e+00  9.841156e-01
     vertex -1.522500e+01  1.169134e+00  9.250000e-01
     vertex -5.225000e+00  1.169134e+00  9.250000e-01
   endloop
 endfacet
 facet normal  0.000000e+00 -9.009689e-01  4.338837e-01
   outer loop
     vertex -5.225000e+00  1.230533e+00  1.044762e+00
     vertex -1.522500e+01  1.230533e+00  1.044762e+00
     vertex -1.522500e+01  1.201327e+00  9.841156e-01
   endloop
 endfacet
 facet normal  0.000000e+00 -9.214762e-01  3.884348e-01
   outer loop
     vertex -5.225000e+00  1.230533e+00  1.044762e+00
     vertex -1.522500e+01  1.256680e+00  1.106790e+00
     vertex -1.522500e+01  1.230533e+00  1.044762e+00
   endloop
 endfacet
 facet normal  0.000000e+00 -9.009689e-01  4.338837e-01
   outer loop
     vertex -5.225000e+00  1.230533e+00  1.044762e+00
     vertex -1.522500e+01  1.201327e+00  9.841156e-01
     vertex -5.225000e+00  1.201327e+00  9.841156e-01
   endloop
 endfacet
 facet normal  0.000000e+00 -9.214762e-01  3.884348e-01
   outer loop
     vertex -5.225000e+00  1.256680e+00  1.106790e+00
     vertex -1.522500e+01  1.256680e+00  1.106790e+00
     vertex -5.225000e+00  1.230533e+00  1.044762e+00
   endloop
 endfacet
 facet normal  0.000000e+00 -9.396926e-01  3.420201e-01
   outer loop
     vertex -5.225000e+00  1.279702e+00  1.170043e+00
     vertex -1.522500e+01  1.256680e+00  1.106790e+00
     vertex -5.225000e+00  1.256680e+00  1.106790e+00
   endloop
 endfacet
 facet normal  0.000000e+00 -9.396926e-01  3.420201e-01
   outer loop
     vertex -5.225000e+00  1.279702e+00  1.170043e+00
     vertex -1.522500e+01  1.279702e+00  1.170043e+00
     vertex -1.522500e+01  1.256680e+00  1.106790e+00
   endloop
 endfacet
 facet normal  0.000000e+00 -9.555728e-01  2.947552e-01
   outer loop
     vertex -5.225000e+00  1.299543e+00  1.234365e+00
     vertex -1.522500e+01  1.279702e+00  1.170043e+00
     vertex -5.225000e+00  1.279702e+00  1.170043e+00
   endloop
 endfacet
 facet normal  0.000000e+00 -9.555728e-01  2.947552e-01
   outer loop
     vertex -5.225000e+00  1.299543e+00  1.234365e+00
     vertex -1.522500e+01  1.299543e+00  1.234365e+00
     vertex -1.522500e+01  1.279702e+00  1.170043e+00
   endloop
 endfacet
 facet normal  0.000000e+00 -9.690773e-01  2.467574e-01
   outer loop
     vertex -5.225000e+00  1.316153e+00  1.299597e+00
     vertex -1.522500e+01  1.299543e+00  1.234365e+00
     vertex -5.225000e+00  1.299543e+00  1.234365e+00
   endloop
 endfacet
 facet normal  0.000000e+00 -9.690773e-01  2.467574e-01
   outer loop
     vertex -5.225000e+00  1.316153e+00  1.299597e+00
     vertex -1.522500e+01  1.316153e+00  1.299597e+00
     vertex -1.522500e+01  1.299543e+00  1.234365e+00
   endloop
 endfacet
 facet normal  0.000000e+00 -9.801725e-01  1.981461e-01
   outer loop
     vertex -5.225000e+00  1.329490e+00  1.365575e+00
     vertex -1.522500e+01  1.316153e+00  1.299597e+00
     vertex -5.225000e+00  1.316153e+00  1.299597e+00
   endloop
 endfacet
 facet normal  0.000000e+00 -9.801725e-01  1.981461e-01
   outer loop
     vertex -5.225000e+00  1.329490e+00  1.365575e+00
     vertex -1.522500e+01  1.329490e+00  1.365575e+00
     vertex -1.522500e+01  1.316153e+00  1.299597e+00
   endloop
 endfacet
 facet normal  0.000000e+00 -9.888308e-01  1.490423e-01
   outer loop
     vertex -5.225000e+00  1.329490e+00  1.365575e+00
     vertex -1.522500e+01  1.339523e+00  1.432136e+00
     vertex -1.522500e+01  1.329490e+00  1.365575e+00
   endloop
 endfacet
 facet normal  0.000000e+00 -9.888308e-01  1.490423e-01
   outer loop
     vertex -5.225000e+00  1.339523e+00  1.432136e+00
     vertex -1.522500e+01  1.339523e+00  1.432136e+00
     vertex -5.225000e+00  1.329490e+00  1.365575e+00
   endloop
 endfacet
 facet normal  0.000000e+00 -9.950308e-01  9.956785e-02
   outer loop
     vertex -5.225000e+00  1.346225e+00  1.499114e+00
     vertex -1.522500e+01  1.346225e+00  1.499114e+00
     vertex -1.522500e+01  1.339523e+00  1.432136e+00
   endloop
 endfacet
 facet normal  0.000000e+00 -9.950308e-01  9.956785e-02
   outer loop
     vertex -5.225000e+00  1.346225e+00  1.499114e+00
     vertex -1.522500e+01  1.339523e+00  1.432136e+00
     vertex -5.225000e+00  1.339523e+00  1.432136e+00
   endloop
 endfacet
 facet normal  0.000000e+00 -9.987569e-01  4.984589e-02
   outer loop
     vertex -5.225000e+00  1.349580e+00  1.566344e+00
     vertex -1.522500e+01  1.349580e+00  1.566344e+00
     vertex -1.522500e+01  1.346225e+00  1.499114e+00
   endloop
 endfacet
 facet normal  0.000000e+00 -9.987569e-01  4.984589e-02
   outer loop
     vertex -5.225000e+00  1.349580e+00  1.566344e+00
     vertex -1.522500e+01  1.346225e+00  1.499114e+00
     vertex -5.225000e+00  1.346225e+00  1.499114e+00
   endloop
 endfacet
 facet normal -0.000000e+00 -1.000000e+00 -9.896084e-15
   outer loop
     vertex -5.225000e+00  1.349580e+00  1.633656e+00
     vertex -1.522500e+01  1.349580e+00  1.633656e+00
     vertex -1.522500e+01  1.349580e+00  1.566344e+00
   endloop
 endfacet
 facet normal  0.000000e+00 -1.000000e+00 -9.896084e-15
   outer loop
     vertex -5.225000e+00  1.349580e+00  1.633656e+00
     vertex -1.522500e+01  1.349580e+00  1.566344e+00
     vertex -5.225000e+00  1.349580e+00  1.566344e+00
   endloop
 endfacet
 facet normal -0.000000e+00 -9.987569e-01 -4.984589e-02
   outer loop
     vertex -5.225000e+00  1.346225e+00  1.700886e+00
     vertex -1.522500e+01  1.346225e+00  1.700886e+00
     vertex -1.522500e+01  1.349580e+00  1.633656e+00
   endloop
 endfacet
 facet normal  0.000000e+00 -9.987569e-01 -4.984589e-02
   outer loop
     vertex -5.225000e+00  1.346225e+00  1.700886e+00
     vertex -1.522500e+01  1.349580e+00  1.633656e+00
     vertex -5.225000e+00  1.349580e+00  1.633656e+00
   endloop
 endfacet
 facet normal -0.000000e+00 -9.950308e-01 -9.956785e-02
   outer loop
     vertex -5.225000e+00  1.339523e+00  1.767864e+00
     vertex -1.522500e+01  1.339523e+00  1.767864e+00
     vertex -1.522500e+01  1.346225e+00  1.700886e+00
   endloop
 endfacet
 facet normal  0.000000e+00 -9.950308e-01 -9.956785e-02
   outer loop
     vertex -5.225000e+00  1.339523e+00  1.767864e+00
     vertex -1.522500e+01  1.346225e+00  1.700886e+00
     vertex -5.225000e+00  1.346225e+00  1.700886e+00
   endloop
 endfacet
 facet normal -0.000000e+00 -9.888308e-01 -1.490423e-01
   outer loop
     vertex -5.225000e+00  1.329490e+00  1.834425e+00
     vertex -1.522500e+01  1.329490e+00  1.834425e+00
     vertex -1.522500e+01  1.339523e+00  1.767864e+00
   endloop
 endfacet
 facet normal  0.000000e+00 -9.888308e-01 -1.490423e-01
   outer loop
     vertex -5.225000e+00  1.329490e+00  1.834425e+00
     vertex -1.522500e+01  1.339523e+00  1.767864e+00
     vertex -5.225000e+00  1.339523e+00  1.767864e+00
   endloop
 endfacet
 facet normal -0.000000e+00 -9.801725e-01 -1.981461e-01
   outer loop
     vertex -5.225000e+00  1.316153e+00  1.900403e+00
     vertex -1.522500e+01  1.316153e+00  1.900403e+00
     vertex -1.522500e+01  1.329490e+00  1.834425e+00
   endloop
 endfacet
 facet normal  0.000000e+00 -9.801725e-01 -1.981461e-01
   outer loop
     vertex -5.225000e+00  1.316153e+00  1.900403e+00
     vertex -1.522500e+01  1.329490e+00  1.834425e+00
     vertex -5.225000e+00  1.329490e+00  1.834425e+00
   endloop
 endfacet
 facet normal -0.000000e+00 -9.690773e-01 -2.467574e-01
   outer loop
     vertex -5.225000e+00  1.299543e+00  1.965635e+00
     vertex -1.522500e+01  1.299543e+00  1.965635e+00
     vertex -1.522500e+01  1.316153e+00  1.900403e+00
   endloop
 endfacet
 facet normal  0.000000e+00 -9.690773e-01 -2.467574e-01
   outer loop
     vertex -5.225000e+00  1.299543e+00  1.965635e+00
     vertex -1.522500e+01  1.316153e+00  1.900403e+00
     vertex -5.225000e+00  1.316153e+00  1.900403e+00
   endloop
 endfacet
 facet normal -0.000000e+00 -9.555728e-01 -2.947552e-01
   outer loop
     vertex -5.225000e+00  1.279702e+00  2.029957e+00
     vertex -1.522500e+01  1.279702e+00  2.029957e+00
     vertex -1.522500e+01  1.299543e+00  1.965635e+00
   endloop
 endfacet
 facet normal  0.000000e+00 -9.555728e-01 -2.947552e-01
   outer loop
     vertex -5.225000e+00  1.279702e+00  2.029957e+00
     vertex -1.522500e+01  1.299543e+00  1.965635e+00
     vertex -5.225000e+00  1.299543e+00  1.965635e+00
   endloop
 endfacet
 facet normal -0.000000e+00 -9.396926e-01 -3.420201e-01
   outer loop
     vertex -5.225000e+00  1.256680e+00  2.093210e+00
     vertex -1.522500e+01  1.256680e+00  2.093210e+00
     vertex -1.522500e+01  1.279702e+00  2.029957e+00
   endloop
 endfacet
 facet normal  0.000000e+00 -9.396926e-01 -3.420201e-01
   outer loop
     vertex -5.225000e+00  1.256680e+00  2.093210e+00
     vertex -1.522500e+01  1.279702e+00  2.029957e+00
     vertex -5.225000e+00  1.279702e+00  2.029957e+00
   endloop
 endfacet
 facet normal -0.000000e+00 -9.214762e-01 -3.884348e-01
   outer loop
     vertex -5.225000e+00  1.230533e+00  2.155238e+00
     vertex -1.522500e+01  1.230533e+00  2.155238e+00
     vertex -1.522500e+01  1.256680e+00  2.093210e+00
   endloop
 endfacet
 facet normal  0.000000e+00 -9.214762e-01 -3.884348e-01
   outer loop
     vertex -5.225000e+00  1.230533e+00  2.155238e+00
     vertex -1.522500e+01  1.256680e+00  2.093210e+00
     vertex -5.225000e+00  1.256680e+00  2.093210e+00
   endloop
 endfacet
 facet normal -0.000000e+00 -9.009689e-01 -4.338837e-01
   outer loop
     vertex -5.225000e+00  1.201327e+00  2.215884e+00
     vertex -1.522500e+01  1.201327e+00  2.215884e+00
     vertex -1.522500e+01  1.230533e+00  2.155238e+00
   endloop
 endfacet
 facet normal -0.000000e+00 -8.782216e-01 -4.782540e-01
   outer loop
     vertex -5.225000e+00  1.201327e+00  2.215884e+00
     vertex -1.522500e+01  1.169134e+00  2.275000e+00
     vertex -1.522500e+01  1.201327e+00  2.215884e+00
   endloop
 endfacet
 facet normal  0.000000e+00 -9.009689e-01 -4.338837e-01
   outer loop
     vertex -5.225000e+00  1.201327e+00  2.215884e+00
     vertex -1.522500e+01  1.230533e+00  2.155238e+00
     vertex -5.225000e+00  1.230533e+00  2.155238e+00
   endloop
 endfacet
 facet normal -0.000000e+00 -8.782216e-01 -4.782540e-01
   outer loop
     vertex -5.225000e+00  1.169134e+00  2.275000e+00
     vertex -1.522500e+01  1.169134e+00  2.275000e+00
     vertex -5.225000e+00  1.201327e+00  2.215884e+00
   endloop
 endfacet
 facet normal -0.000000e+00 -8.532909e-01 -5.214352e-01
   outer loop
     vertex -5.225000e+00  1.134035e+00  2.332437e+00
     vertex -1.522500e+01  1.134035e+00  2.332437e+00
     vertex -1.522500e+01  1.169134e+00  2.275000e+00
   endloop
 endfacet
 facet normal  0.000000e+00 -8.532909e-01 -5.214352e-01
   outer loop
     vertex -5.225000e+00  1.134035e+00  2.332437e+00
     vertex -1.522500e+01  1.169134e+00  2.275000e+00
     vertex -5.225000e+00  1.169134e+00  2.275000e+00
   endloop
 endfacet
 facet normal -0.000000e+00 -8.262388e-01 -5.633201e-01
   outer loop
     vertex -5.225000e+00  1.096116e+00  2.388054e+00
     vertex -1.522500e+01  1.096116e+00  2.388054e+00
     vertex -1.522500e+01  1.134035e+00  2.332437e+00
   endloop
 endfacet
 facet normal  0.000000e+00 -8.262388e-01 -5.633201e-01
   outer loop
     vertex -5.225000e+00  1.096116e+00  2.388054e+00
     vertex -1.522500e+01  1.134035e+00  2.332437e+00
     vertex -5.225000e+00  1.134035e+00  2.332437e+00
   endloop
 endfacet
 facet normal -0.000000e+00 -7.971325e-01 -6.038044e-01
   outer loop
     vertex -5.225000e+00  1.055473e+00  2.441711e+00
     vertex -1.522500e+01  1.055473e+00  2.441711e+00
     vertex -1.522500e+01  1.096116e+00  2.388054e+00
   endloop
 endfacet
 facet normal  0.000000e+00 -7.971325e-01 -6.038044e-01
   outer loop
     vertex -5.225000e+00  1.055473e+00  2.441711e+00
     vertex -1.522500e+01  1.096116e+00  2.388054e+00
     vertex -5.225000e+00  1.096116e+00  2.388054e+00
   endloop
 endfacet
 facet normal -0.000000e+00 -7.660444e-01 -6.427876e-01
   outer loop
     vertex -5.225000e+00  1.012205e+00  2.493276e+00
     vertex -1.522500e+01  1.012205e+00  2.493276e+00
     vertex -1.522500e+01  1.055473e+00  2.441711e+00
   endloop
 endfacet
 facet normal  0.000000e+00 -7.660444e-01 -6.427876e-01
   outer loop
     vertex -5.225000e+00  1.012205e+00  2.493276e+00
     vertex -1.522500e+01  1.055473e+00  2.441711e+00
     vertex -5.225000e+00  1.055473e+00  2.441711e+00
   endloop
 endfacet
 facet normal -0.000000e+00 -7.330519e-01 -6.801727e-01
   outer loop
     vertex -5.225000e+00  9.664202e-01  2.542620e+00
     vertex -1.522500e+01  9.664202e-01  2.542620e+00
     vertex -1.522500e+01  1.012205e+00  2.493276e+00
   endloop
 endfacet
 facet normal  0.000000e+00 -7.330519e-01 -6.801727e-01
   outer loop
     vertex -5.225000e+00  9.664202e-01  2.542620e+00
     vertex -1.522500e+01  1.012205e+00  2.493276e+00
     vertex -5.225000e+00  1.012205e+00  2.493276e+00
   endloop
 endfacet
 facet normal -0.000000e+00 -6.982368e-01 -7.158668e-01
   outer loop
     vertex -5.225000e+00  9.182332e-01  2.589620e+00
     vertex -1.522500e+01  9.182332e-01  2.589620e+00
     vertex -1.522500e+01  9.664202e-01  2.542620e+00
   endloop
 endfacet
 facet normal  0.000000e+00 -6.982368e-01 -7.158668e-01
   outer loop
     vertex -5.225000e+00  9.182332e-01  2.589620e+00
     vertex -1.522500e+01  9.664202e-01  2.542620e+00
     vertex -5.225000e+00  9.664202e-01  2.542620e+00
   endloop
 endfacet
 facet normal  0.000000e+00 -6.616858e-01 -7.497812e-01
   outer loop
     vertex -5.225000e+00  8.677633e-01  2.634160e+00
     vertex -1.522500e+01  9.182332e-01  2.589620e+00
     vertex -5.225000e+00  9.182332e-01  2.589620e+00
   endloop
 endfacet
 facet normal -0.000000e+00 -6.616858e-01 -7.497812e-01
   outer loop
     vertex -5.225000e+00  8.677633e-01  2.634160e+00
     vertex -1.522500e+01  8.677633e-01  2.634160e+00
     vertex -1.522500e+01  9.182332e-01  2.589620e+00
   endloop
 endfacet
 facet normal  0.000000e+00 -6.234898e-01 -7.818315e-01
   outer loop
     vertex -5.225000e+00  8.151360e-01  2.676129e+00
     vertex -1.522500e+01  8.677633e-01  2.634160e+00
     vertex -5.225000e+00  8.677633e-01  2.634160e+00
   endloop
 endfacet
 facet normal -0.000000e+00 -6.234898e-01 -7.818315e-01
   outer loop
     vertex -5.225000e+00  8.151360e-01  2.676129e+00
     vertex -1.522500e+01  8.151360e-01  2.676129e+00
     vertex -1.522500e+01  8.677633e-01  2.634160e+00
   endloop
 endfacet
 facet normal  0.000000e+00 -5.837437e-01 -8.119380e-01
   outer loop
     vertex -5.225000e+00  7.604821e-01  2.715422e+00
     vertex -1.522500e+01  8.151360e-01  2.676129e+00
     vertex -5.225000e+00  8.151360e-01  2.676129e+00
   endloop
 endfacet
 facet normal -0.000000e+00 -5.837437e-01 -8.119380e-01
   outer loop
     vertex -5.225000e+00  7.604821e-01  2.715422e+00
     vertex -1.522500e+01  7.604821e-01  2.715422e+00
     vertex -1.522500e+01  8.151360e-01  2.676129e+00
   endloop
 endfacet
 facet normal  0.000000e+00 -5.425463e-01 -8.400259e-01
   outer loop
     vertex -5.225000e+00  7.039375e-01  2.751943e+00
     vertex -1.522500e+01  7.604821e-01  2.715422e+00
     vertex -5.225000e+00  7.604821e-01  2.715422e+00
   endloop
 endfacet
 facet normal -0.000000e+00 -5.425463e-01 -8.400259e-01
   outer loop
     vertex -5.225000e+00  7.039375e-01  2.751943e+00
     vertex -1.522500e+01  7.039375e-01  2.751943e+00
     vertex -1.522500e+01  7.604821e-01  2.715422e+00
   endloop
 endfacet
 facet normal  0.000000e+00 -5.000000e-01 -8.660254e-01
   outer loop
     vertex -5.225000e+00  6.456429e-01  2.785599e+00
     vertex -1.522500e+01  7.039375e-01  2.751943e+00
     vertex -5.225000e+00  7.039375e-01  2.751943e+00
   endloop
 endfacet
 facet normal -0.000000e+00 -5.000000e-01 -8.660254e-01
   outer loop
     vertex -5.225000e+00  6.456429e-01  2.785599e+00
     vertex -1.522500e+01  6.456429e-01  2.785599e+00
     vertex -1.522500e+01  7.039375e-01  2.751943e+00
   endloop
 endfacet
 facet normal  0.000000e+00 -4.562107e-01 -8.898718e-01
   outer loop
     vertex -5.225000e+00  5.857430e-01  2.816308e+00
     vertex -1.522500e+01  6.456429e-01  2.785599e+00
     vertex -5.225000e+00  6.456429e-01  2.785599e+00
   endloop
 endfacet
 facet normal -0.000000e+00 -4.562107e-01 -8.898718e-01
   outer loop
     vertex -5.225000e+00  5.857430e-01  2.816308e+00
     vertex -1.522500e+01  5.857430e-01  2.816308e+00
     vertex -1.522500e+01  6.456429e-01  2.785599e+00
   endloop
 endfacet
 facet normal  0.000000e+00 -4.112871e-01 -9.115059e-01
   outer loop
     vertex -5.225000e+00  5.243870e-01  2.843993e+00
     vertex -1.522500e+01  5.857430e-01  2.816308e+00
     vertex -5.225000e+00  5.857430e-01  2.816308e+00
   endloop
 endfacet
 facet normal -0.000000e+00 -4.112871e-01 -9.115059e-01
   outer loop
     vertex -5.225000e+00  5.243870e-01  2.843993e+00
     vertex -1.522500e+01  5.243870e-01  2.843993e+00
     vertex -1.522500e+01  5.857430e-01  2.816308e+00
   endloop
 endfacet
 facet normal  0.000000e+00 -3.653410e-01 -9.308737e-01
   outer loop
     vertex -5.225000e+00  4.617272e-01  2.868585e+00
     vertex -1.522500e+01  5.243870e-01  2.843993e+00
     vertex -5.225000e+00  5.243870e-01  2.843993e+00
   endloop
 endfacet
 facet normal -0.000000e+00 -3.653410e-01 -9.308737e-01
   outer loop
     vertex -5.225000e+00  4.617272e-01  2.868585e+00
     vertex -1.522500e+01  4.617272e-01  2.868585e+00
     vertex -1.522500e+01  5.243870e-01  2.843993e+00
   endloop
 endfacet
 facet normal -0.000000e+00 -3.184867e-01 -9.479273e-01
   outer loop
     vertex -5.225000e+00  4.617272e-01  2.868585e+00
     vertex -1.522500e+01  3.979195e-01  2.890023e+00
     vertex -1.522500e+01  4.617272e-01  2.868585e+00
   endloop
 endfacet
 facet normal -0.000000e+00 -3.184867e-01 -9.479273e-01
   outer loop
     vertex -5.225000e+00  3.979195e-01  2.890023e+00
     vertex -1.522500e+01  3.979195e-01  2.890023e+00
     vertex -5.225000e+00  4.617272e-01  2.868585e+00
   endloop
 endfacet
 facet normal  0.000000e+00 -2.708405e-01 -9.626242e-01
   outer loop
     vertex -5.225000e+00  3.331225e-01  2.908254e+00
     vertex -1.522500e+01  3.979195e-01  2.890023e+00
     vertex -5.225000e+00  3.979195e-01  2.890023e+00
   endloop
 endfacet
 facet normal -0.000000e+00 -2.708405e-01 -9.626242e-01
   outer loop
     vertex -5.225000e+00  3.331225e-01  2.908254e+00
     vertex -1.522500e+01  3.331225e-01  2.908254e+00
     vertex -1.522500e+01  3.979195e-01  2.890023e+00
   endloop
 endfacet
 facet normal  0.000000e+00 -2.225209e-01 -9.749279e-01
   outer loop
     vertex -5.225000e+00  2.674973e-01  2.923233e+00
     vertex -1.522500e+01  3.331225e-01  2.908254e+00
     vertex -5.225000e+00  3.331225e-01  2.908254e+00
   endloop
 endfacet
 facet normal -0.000000e+00 -2.225209e-01 -9.749279e-01
   outer loop
     vertex -5.225000e+00  2.674973e-01  2.923233e+00
     vertex -1.522500e+01  2.674973e-01  2.923233e+00
     vertex -1.522500e+01  3.331225e-01  2.908254e+00
   endloop
 endfacet
 facet normal  0.000000e+00 -1.736482e-01 -9.848078e-01
   outer loop
     vertex -5.225000e+00  2.012071e-01  2.934922e+00
     vertex -1.522500e+01  2.674973e-01  2.923233e+00
     vertex -5.225000e+00  2.674973e-01  2.923233e+00
   endloop
 endfacet
 facet normal -0.000000e+00 -1.736482e-01 -9.848078e-01
   outer loop
     vertex -5.225000e+00  2.012071e-01  2.934922e+00
     vertex -1.522500e+01  2.012071e-01  2.934922e+00
     vertex -1.522500e+01  2.674973e-01  2.923233e+00
   endloop
 endfacet
 facet normal  0.000000e+00 -1.243437e-01 -9.922392e-01
   outer loop
     vertex -5.225000e+00  1.344166e-01  2.943292e+00
     vertex -1.522500e+01  2.012071e-01  2.934922e+00
     vertex -5.225000e+00  2.012071e-01  2.934922e+00
   endloop
 endfacet
 facet normal -0.000000e+00 -1.243437e-01 -9.922392e-01
   outer loop
     vertex -5.225000e+00  1.344166e-01  2.943292e+00
     vertex -1.522500e+01  1.344166e-01  2.943292e+00
     vertex -1.522500e+01  2.012071e-01  2.934922e+00
   endloop
 endfacet
 facet normal  0.000000e+00 -7.473009e-02 -9.972038e-01
   outer loop
     vertex -5.225000e+00  6.729195e-02  2.948322e+00
     vertex -1.522500e+01  1.344166e-01  2.943292e+00
     vertex -5.225000e+00  1.344166e-01  2.943292e+00
   endloop
 endfacet
 facet normal -0.000000e+00 -7.473009e-02 -9.972038e-01
   outer loop
     vertex -5.225000e+00  6.729195e-02  2.948322e+00
     vertex -1.522500e+01  6.729195e-02  2.948322e+00
     vertex -1.522500e+01  1.344166e-01  2.943292e+00
   endloop
 endfacet
 facet normal -0.000000e+00 -2.493069e-02 -9.996892e-01
   outer loop
     vertex -5.225000e+00  6.729195e-02  2.948322e+00
     vertex -1.522500e+01  3.306546e-16  2.950000e+00
     vertex -1.522500e+01  6.729195e-02  2.948322e+00
   endloop
 endfacet
 facet normal -0.000000e+00 -2.493069e-02 -9.996892e-01
   outer loop
     vertex -5.225000e+00  3.306546e-16  2.950000e+00
     vertex -1.522500e+01  3.306546e-16  2.950000e+00
     vertex -5.225000e+00  6.729195e-02  2.948322e+00
   endloop
 endfacet
 facet normal  0.000000e+00  0.000000e+00  1.000000e+00
   outer loop
     vertex -1.202500e+01  1.910000e+01  9.400000e+00
     vertex -1.522500e+01  1.910000e+01  9.400000e+00
     vertex -1.522500e+01 -4.900000e+00  9.400000e+00
   endloop
 endfacet
 facet normal  0.000000e+00  0.000000e+00  1.000000e+00
   outer loop
     vertex -1.202500e+01  1.910000e+01  9.400000e+00
     vertex -1.522500e+01 -4.900000e+00  9.400000e+00
     vertex -1.202500e+01 -4.900000e+00  9.400000e+00
   endloop
 endfacet
 facet normal  0.000000e+00  1.000000e+00  0.000000e+00
   outer loop
     vertex -1.202500e+01  1.910000e+01  9.400000e+00
     vertex -1.202500e+01  1.910000e+01  3.200000e+00
     vertex -1.522500e+01  1.910000e+01  3.200000e+00
   endloop
 endfacet
 facet normal  0.000000e+00  1.000000e+00  0.000000e+00
   outer loop
     vertex -1.202500e+01  1.910000e+01  9.400000e+00
     vertex -1.522500e+01  1.910000e+01  3.200000e+00
     vertex -1.522500e+01  1.910000e+01  9.400000e+00
   endloop
 endfacet
 facet normal  0.000000e+00  1.000000e+00  0.000000e+00
   outer loop
     vertex  8.450000e+00  1.910000e+01  3.200000e+00
     vertex -8.450000e+00  1.910000e+01  3.200000e+00
     vertex -8.450000e+00  1.910000e+01  4.400000e+00
   endloop
 endfacet
 facet normal  0.000000e+00  1.000000e+00  0.000000e+00
   outer loop
     vertex  8.450000e+00  1.910000e+01  4.400000e+00
     vertex  8.450000e+00  1.910000e+01  3.200000e+00
     vertex -8.450000e+00  1.910000e+01  4.400000e+00
   endloop
 endfacet
 facet normal  0.000000e+00  1.000000e+00  0.000000e+00
   outer loop
     vertex  1.522500e+01  1.910000e+01  9.400000e+00
     vertex  1.522500e+01  1.910000e+01  3.200000e+00
     vertex  1.202500e+01  1.910000e+01  3.200000e+00
   endloop
 endfacet
 facet normal  0.000000e+00  1.000000e+00  0.000000e+00
   outer loop
     vertex  1.522500e+01  1.910000e+01  9.400000e+00
     vertex  1.202500e+01  1.910000e+01  3.200000e+00
     vertex  1.202500e+01  1.910000e+01  9.400000e+00
   endloop
 endfacet
 facet normal  0.000000e+00  0.000000e+00  1.000000e+00
   outer loop
     vertex  8.450000e+00  1.910000e+01  4.400000e+00
     vertex -8.450000e+00  1.910000e+01  4.400000e+00
     vertex -8.450000e+00 -4.900000e+00  4.400000e+00
   endloop
 endfacet
 facet normal  0.000000e+00  0.000000e+00  1.000000e+00
   outer loop
     vertex  8.450000e+00  1.910000e+01  4.400000e+00
     vertex -8.450000e+00 -4.900000e+00  4.400000e+00
     vertex  8.450000e+00 -4.900000e+00  4.400000e+00
   endloop
 endfacet
 facet normal  0.000000e+00  0.000000e+00  1.000000e+00
   outer loop
     vertex  1.522500e+01  1.910000e+01  9.400000e+00
     vertex  1.202500e+01  1.910000e+01  9.400000e+00
     vertex  1.202500e+01 -4.900000e+00  9.400000e+00
   endloop
 endfacet
 facet normal  0.000000e+00  0.000000e+00  1.000000e+00
   outer loop
     vertex  1.522500e+01  1.910000e+01  9.400000e+00
     vertex  1.202500e+01 -4.900000e+00  9.400000e+00
     vertex  1.522500e+01 -4.900000e+00  9.400000e+00
   endloop
 endfacet
 facet normal  1.000000e+00  0.000000e+00  0.000000e+00
   outer loop
     vertex  1.522500e+01 -4.900000e+00  9.400000e+00
     vertex  1.522500e+01 -4.900000e+00  3.200000e+00
     vertex  1.522500e+01  1.910000e+01  3.200000e+00
   endloop
 endfacet
 facet normal  1.000000e+00 -0.000000e+00  0.000000e+00
   outer loop
     vertex  1.522500e+01 -4.900000e+00  9.400000e+00
     vertex  1.522500e+01  1.910000e+01  3.200000e+00
     vertex  1.522500e+01  1.910000e+01  9.400000e+00
   endloop
 endfacet
 facet normal  0.000000e+00  2.493069e-02  9.996892e-01
   outer loop
     vertex  5.225000e+00 -6.729195e-02  2.516782e-01
     vertex  1.522500e+01  3.306546e-16  2.500000e-01
     vertex  5.225000e+00  3.306546e-16  2.500000e-01
   endloop
 endfacet
 facet normal -0.000000e+00  2.493069e-02  9.996892e-01
   outer loop
     vertex  5.225000e+00 -6.729195e-02  2.516782e-01
     vertex  1.522500e+01 -6.729195e-02  2.516782e-01
     vertex  1.522500e+01  3.306546e-16  2.500000e-01
   endloop
 endfacet
 facet normal -0.000000e+00  7.473009e-02  9.972038e-01
   outer loop
     vertex  5.225000e+00 -1.344166e-01  2.567085e-01
     vertex  1.522500e+01 -1.344166e-01  2.567085e-01
     vertex  1.522500e+01 -6.729195e-02  2.516782e-01
   endloop
 endfacet
 facet normal  0.000000e+00  7.473009e-02  9.972038e-01
   outer loop
     vertex  5.225000e+00 -1.344166e-01  2.567085e-01
     vertex  1.522500e+01 -6.729195e-02  2.516782e-01
     vertex  5.225000e+00 -6.729195e-02  2.516782e-01
   endloop
 endfacet
 facet normal -0.000000e+00  1.243437e-01  9.922392e-01
   outer loop
     vertex  5.225000e+00 -2.012071e-01  2.650784e-01
     vertex  1.522500e+01 -2.012071e-01  2.650784e-01
     vertex  1.522500e+01 -1.344166e-01  2.567085e-01
   endloop
 endfacet
 facet normal  0.000000e+00  1.243437e-01  9.922392e-01
   outer loop
     vertex  5.225000e+00 -2.012071e-01  2.650784e-01
     vertex  1.522500e+01 -1.344166e-01  2.567085e-01
     vertex  5.225000e+00 -1.344166e-01  2.567085e-01
   endloop
 endfacet
 facet normal -0.000000e+00  1.736482e-01  9.848078e-01
   outer loop
     vertex  5.225000e+00 -2.674973e-01  2.767671e-01
     vertex  1.522500e+01 -2.674973e-01  2.767671e-01
     vertex  1.522500e+01 -2.012071e-01  2.650784e-01
   endloop
 endfacet
 facet normal  0.000000e+00  1.736482e-01  9.848078e-01
   outer loop
     vertex  5.225000e+00 -2.674973e-01  2.767671e-01
     vertex  1.522500e+01 -2.012071e-01  2.650784e-01
     vertex  5.225000e+00 -2.012071e-01  2.650784e-01
   endloop
 endfacet
 facet normal -0.000000e+00  2.225209e-01  9.749279e-01
   outer loop
     vertex  5.225000e+00 -3.331225e-01  2.917457e-01
     vertex  1.522500e+01 -3.331225e-01  2.917457e-01
     vertex  1.522500e+01 -2.674973e-01  2.767671e-01
   endloop
 endfacet
 facet normal  0.000000e+00  2.225209e-01  9.749279e-01
   outer loop
     vertex  5.225000e+00 -3.331225e-01  2.917457e-01
     vertex  1.522500e+01 -2.674973e-01  2.767671e-01
     vertex  5.225000e+00 -2.674973e-01  2.767671e-01
   endloop
 endfacet
 facet normal -0.000000e+00  2.708405e-01  9.626242e-01
   outer loop
     vertex  5.225000e+00 -3.979195e-01  3.099767e-01
     vertex  1.522500e+01 -3.979195e-01  3.099767e-01
     vertex  1.522500e+01 -3.331225e-01  2.917457e-01
   endloop
 endfacet
 facet normal  0.000000e+00  2.708405e-01  9.626242e-01
   outer loop
     vertex  5.225000e+00 -3.979195e-01  3.099767e-01
     vertex  1.522500e+01 -3.331225e-01  2.917457e-01
     vertex  5.225000e+00 -3.331225e-01  2.917457e-01
   endloop
 endfacet
 facet normal -0.000000e+00  3.184867e-01  9.479273e-01
   outer loop
     vertex  5.225000e+00 -4.617272e-01  3.314150e-01
     vertex  1.522500e+01 -4.617272e-01  3.314150e-01
     vertex  1.522500e+01 -3.979195e-01  3.099767e-01
   endloop
 endfacet
 facet normal -0.000000e+00  3.653410e-01  9.308737e-01
   outer loop
     vertex  5.225000e+00 -4.617272e-01  3.314150e-01
     vertex  1.522500e+01 -5.243870e-01  3.560071e-01
     vertex  1.522500e+01 -4.617272e-01  3.314150e-01
   endloop
 endfacet
 facet normal  0.000000e+00  3.184867e-01  9.479273e-01
   outer loop
     vertex  5.225000e+00 -4.617272e-01  3.314150e-01
     vertex  1.522500e+01 -3.979195e-01  3.099767e-01
     vertex  5.225000e+00 -3.979195e-01  3.099767e-01
   endloop
 endfacet
 facet normal -0.000000e+00  3.653410e-01  9.308737e-01
   outer loop
     vertex  5.225000e+00 -5.243870e-01  3.560071e-01
     vertex  1.522500e+01 -5.243870e-01  3.560071e-01
     vertex  5.225000e+00 -4.617272e-01  3.314150e-01
   endloop
 endfacet
 facet normal -0.000000e+00  4.112871e-01  9.115059e-01
   outer loop
     vertex  5.225000e+00 -5.857430e-01  3.836920e-01
     vertex  1.522500e+01 -5.857430e-01  3.836920e-01
     vertex  1.522500e+01 -5.243870e-01  3.560071e-01
   endloop
 endfacet
 facet normal  0.000000e+00  4.112871e-01  9.115059e-01
   outer loop
     vertex  5.225000e+00 -5.857430e-01  3.836920e-01
     vertex  1.522500e+01 -5.243870e-01  3.560071e-01
     vertex  5.225000e+00 -5.243870e-01  3.560071e-01
   endloop
 endfacet
 facet normal -0.000000e+00  4.562107e-01  8.898718e-01
   outer loop
     vertex  5.225000e+00 -6.456429e-01  4.144009e-01
     vertex  1.522500e+01 -6.456429e-01  4.144009e-01
     vertex  1.522500e+01 -5.857430e-01  3.836920e-01
   endloop
 endfacet
 facet normal  0.000000e+00  4.562107e-01  8.898718e-01
   outer loop
     vertex  5.225000e+00 -6.456429e-01  4.144009e-01
     vertex  1.522500e+01 -5.857430e-01  3.836920e-01
     vertex  5.225000e+00 -5.857430e-01  3.836920e-01
   endloop
 endfacet
 facet normal  0.000000e+00  5.000000e-01  8.660254e-01
   outer loop
     vertex  5.225000e+00 -7.039375e-01  4.480573e-01
     vertex  1.522500e+01 -6.456429e-01  4.144009e-01
     vertex  5.225000e+00 -6.456429e-01  4.144009e-01
   endloop
 endfacet
 facet normal -0.000000e+00  5.000000e-01  8.660254e-01
   outer loop
     vertex  5.225000e+00 -7.039375e-01  4.480573e-01
     vertex  1.522500e+01 -7.039375e-01  4.480573e-01
     vertex  1.522500e+01 -6.456429e-01  4.144009e-01
   endloop
 endfacet
 facet normal -0.000000e+00  5.425463e-01  8.400259e-01
   outer loop
     vertex  5.225000e+00 -7.039375e-01  4.480573e-01
     vertex  1.522500e+01 -7.604821e-01  4.845777e-01
     vertex  1.522500e+01 -7.039375e-01  4.480573e-01
   endloop
 endfacet
 facet normal -0.000000e+00  5.425463e-01  8.400259e-01
   outer loop
     vertex  5.225000e+00 -7.604821e-01  4.845777e-01
     vertex  1.522500e+01 -7.604821e-01  4.845777e-01
     vertex  5.225000e+00 -7.039375e-01  4.480573e-01
   endloop
 endfacet
 facet normal  0.000000e+00  5.837437e-01  8.119380e-01
   outer loop
     vertex  5.225000e+00 -8.151360e-01  5.238711e-01
     vertex  1.522500e+01 -7.604821e-01  4.845777e-01
     vertex  5.225000e+00 -7.604821e-01  4.845777e-01
   endloop
 endfacet
 facet normal -0.000000e+00  5.837437e-01  8.119380e-01
   outer loop
     vertex  5.225000e+00 -8.151360e-01  5.238711e-01
     vertex  1.522500e+01 -8.151360e-01  5.238711e-01
     vertex  1.522500e+01 -7.604821e-01  4.845777e-01
   endloop
 endfacet
 facet normal  0.000000e+00  6.234898e-01  7.818315e-01
   outer loop
     vertex  5.225000e+00 -8.677633e-01  5.658400e-01
     vertex  1.522500e+01 -8.151360e-01  5.238711e-01
     vertex  5.225000e+00 -8.151360e-01  5.238711e-01
   endloop
 endfacet
 facet normal -0.000000e+00  6.234898e-01  7.818315e-01
   outer loop
     vertex  5.225000e+00 -8.677633e-01  5.658400e-01
     vertex  1.522500e+01 -8.677633e-01  5.658400e-01
     vertex  1.522500e+01 -8.151360e-01  5.238711e-01
   endloop
 endfacet
 facet normal  0.000000e+00  6.616858e-01  7.497812e-01
   outer loop
     vertex  5.225000e+00 -9.182332e-01  6.103800e-01
     vertex  1.522500e+01 -8.677633e-01  5.658400e-01
     vertex  5.225000e+00 -8.677633e-01  5.658400e-01
   endloop
 endfacet
 facet normal -0.000000e+00  6.616858e-01  7.497812e-01
   outer loop
     vertex  5.225000e+00 -9.182332e-01  6.103800e-01
     vertex  1.522500e+01 -9.182332e-01  6.103800e-01
     vertex  1.522500e+01 -8.677633e-01  5.658400e-01
   endloop
 endfacet
 facet normal -0.000000e+00  6.982368e-01  7.158668e-01
   outer loop
     vertex  5.225000e+00 -9.182332e-01  6.103800e-01
     vertex  1.522500e+01 -9.664202e-01  6.573803e-01
     vertex  1.522500e+01 -9.182332e-01  6.103800e-01
   endloop
 endfacet
 facet normal -0.000000e+00  6.982368e-01  7.158668e-01
   outer loop
     vertex  5.225000e+00 -9.664202e-01  6.573803e-01
     vertex  1.522500e+01 -9.664202e-01  6.573803e-01
     vertex  5.225000e+00 -9.182332e-01  6.103800e-01
   endloop
 endfacet
 facet normal  0.000000e+00  7.330519e-01  6.801727e-01
   outer loop
     vertex  5.225000e+00 -1.012205e+00  7.067241e-01
     vertex  1.522500e+01 -9.664202e-01  6.573803e-01
     vertex  5.225000e+00 -9.664202e-01  6.573803e-01
   endloop
 endfacet
 facet normal -0.000000e+00  7.330519e-01  6.801727e-01
   outer loop
     vertex  5.225000e+00 -1.012205e+00  7.067241e-01
     vertex  1.522500e+01 -1.012205e+00  7.067241e-01
     vertex  1.522500e+01 -9.664202e-01  6.573803e-01
   endloop
 endfacet
 facet normal  0.000000e+00  7.660444e-01  6.427876e-01
   outer loop
     vertex  5.225000e+00 -1.055473e+00  7.582888e-01
     vertex  1.522500e+01 -1.012205e+00  7.067241e-01
     vertex  5.225000e+00 -1.012205e+00  7.067241e-01
   endloop
 endfacet
 facet normal -0.000000e+00  7.660444e-01  6.427876e-01
   outer loop
     vertex  5.225000e+00 -1.055473e+00  7.582888e-01
     vertex  1.522500e+01 -1.055473e+00  7.582888e-01
     vertex  1.522500e+01 -1.012205e+00  7.067241e-01
   endloop
 endfacet
 facet normal -0.000000e+00  7.971325e-01  6.038044e-01
   outer loop
     vertex  5.225000e+00 -1.055473e+00  7.582888e-01
     vertex  1.522500e+01 -1.096116e+00  8.119460e-01
     vertex  1.522500e+01 -1.055473e+00  7.582888e-01
   endloop
 endfacet
 facet normal -0.000000e+00  7.971325e-01  6.038044e-01
   outer loop
     vertex  5.225000e+00 -1.096116e+00  8.119460e-01
     vertex  1.522500e+01 -1.096116e+00  8.119460e-01
     vertex  5.225000e+00 -1.055473e+00  7.582888e-01
   endloop
 endfacet
 facet normal  0.000000e+00  8.262388e-01  5.633201e-01
   outer loop
     vertex  5.225000e+00 -1.134035e+00  8.675625e-01
     vertex  1.522500e+01 -1.096116e+00  8.119460e-01
     vertex  5.225000e+00 -1.096116e+00  8.119460e-01
   endloop
 endfacet
 facet normal -0.000000e+00  8.262388e-01  5.633201e-01
   outer loop
     vertex  5.225000e+00 -1.134035e+00  8.675625e-01
     vertex  1.522500e+01 -1.134035e+00  8.675625e-01
     vertex  1.522500e+01 -1.096116e+00  8.119460e-01
   endloop
 endfacet
 facet normal  0.000000e+00  8.532909e-01  5.214352e-01
   outer loop
     vertex  5.225000e+00 -1.169134e+00  9.250000e-01
     vertex  1.522500e+01 -1.134035e+00  8.675625e-01
     vertex  5.225000e+00 -1.134035e+00  8.675625e-01
   endloop
 endfacet
 facet normal -0.000000e+00  8.532909e-01  5.214352e-01
   outer loop
     vertex  5.225000e+00 -1.169134e+00  9.250000e-01
     vertex  1.522500e+01 -1.169134e+00  9.250000e-01
     vertex  1.522500e+01 -1.134035e+00  8.675625e-01
   endloop
 endfacet
 facet normal  0.000000e+00  8.782216e-01  4.782540e-01
   outer loop
     vertex  5.225000e+00 -1.201327e+00  9.841156e-01
     vertex  1.522500e+01 -1.169134e+00  9.250000e-01
     vertex  5.225000e+00 -1.169134e+00  9.250000e-01
   endloop
 endfacet
 facet normal -0.000000e+00  8.782216e-01  4.782540e-01
   outer loop
     vertex  5.225000e+00 -1.201327e+00  9.841156e-01
     vertex  1.522500e+01 -1.201327e+00  9.841156e-01
     vertex  1.522500e+01 -1.169134e+00  9.250000e-01
   endloop
 endfacet
 facet normal -0.000000e+00  9.009689e-01  4.338837e-01
   outer loop
     vertex  5.225000e+00 -1.230533e+00  1.044762e+00
     vertex  1.522500e+01 -1.230533e+00  1.044762e+00
     vertex  1.522500e+01 -1.201327e+00  9.841156e-01
   endloop
 endfacet
 facet normal  0.000000e+00  9.009689e-01  4.338837e-01
   outer loop
     vertex  5.225000e+00 -1.230533e+00  1.044762e+00
     vertex  1.522500e+01 -1.201327e+00  9.841156e-01
     vertex  5.225000e+00 -1.201327e+00  9.841156e-01
   endloop
 endfacet
 facet normal -0.000000e+00  9.214762e-01  3.884348e-01
   outer loop
     vertex  5.225000e+00 -1.256680e+00  1.106790e+00
     vertex  1.522500e+01 -1.256680e+00  1.106790e+00
     vertex  1.522500e+01 -1.230533e+00  1.044762e+00
   endloop
 endfacet
 facet normal  0.000000e+00  9.214762e-01  3.884348e-01
   outer loop
     vertex  5.225000e+00 -1.256680e+00  1.106790e+00
     vertex  1.522500e+01 -1.230533e+00  1.044762e+00
     vertex  5.225000e+00 -1.230533e+00  1.044762e+00
   endloop
 endfacet
 facet normal -0.000000e+00  9.396926e-01  3.420201e-01
   outer loop
     vertex  5.225000e+00 -1.279702e+00  1.170043e+00
     vertex  1.522500e+01 -1.279702e+00  1.170043e+00
     vertex  1.522500e+01 -1.256680e+00  1.106790e+00
   endloop
 endfacet
 facet normal  0.000000e+00  9.396926e-01  3.420201e-01
   outer loop
     vertex  5.225000e+00 -1.279702e+00  1.170043e+00
     vertex  1.522500e+01 -1.256680e+00  1.106790e+00
     vertex  5.225000e+00 -1.256680e+00  1.106790e+00
   endloop
 endfacet
 facet normal -0.000000e+00  9.555728e-01  2.947552e-01
   outer loop
     vertex  5.225000e+00 -1.299543e+00  1.234365e+00
     vertex  1.522500e+01 -1.299543e+00  1.234365e+00
     vertex  1.522500e+01 -1.279702e+00  1.170043e+00
   endloop
 endfacet
 facet normal  0.000000e+00  9.555728e-01  2.947552e-01
   outer loop
     vertex  5.225000e+00 -1.299543e+00  1.234365e+00
     vertex  1.522500e+01 -1.279702e+00  1.170043e+00
     vertex  5.225000e+00 -1.279702e+00  1.170043e+00
   endloop
 endfacet
 facet normal -0.000000e+00  9.690773e-01  2.467574e-01
   outer loop
     vertex  5.225000e+00 -1.316153e+00  1.299597e+00
     vertex  1.522500e+01 -1.316153e+00  1.299597e+00
     vertex  1.522500e+01 -1.299543e+00  1.234365e+00
   endloop
 endfacet
 facet normal  0.000000e+00  9.690773e-01  2.467574e-01
   outer loop
     vertex  5.225000e+00 -1.316153e+00  1.299597e+00
     vertex  1.522500e+01 -1.299543e+00  1.234365e+00
     vertex  5.225000e+00 -1.299543e+00  1.234365e+00
   endloop
 endfacet
 facet normal -0.000000e+00  9.801725e-01  1.981461e-01
   outer loop
     vertex  5.225000e+00 -1.329490e+00  1.365575e+00
     vertex  1.522500e+01 -1.329490e+00  1.365575e+00
     vertex  1.522500e+01 -1.316153e+00  1.299597e+00
   endloop
 endfacet
 facet normal  0.000000e+00  9.801725e-01  1.981461e-01
   outer loop
     vertex  5.225000e+00 -1.329490e+00  1.365575e+00
     vertex  1.522500e+01 -1.316153e+00  1.299597e+00
     vertex  5.225000e+00 -1.316153e+00  1.299597e+00
   endloop
 endfacet
 facet normal -0.000000e+00  9.888308e-01  1.490423e-01
   outer loop
     vertex  5.225000e+00 -1.339523e+00  1.432136e+00
     vertex  1.522500e+01 -1.339523e+00  1.432136e+00
     vertex  1.522500e+01 -1.329490e+00  1.365575e+00
   endloop
 endfacet
 facet normal  0.000000e+00  9.888308e-01  1.490423e-01
   outer loop
     vertex  5.225000e+00 -1.339523e+00  1.432136e+00
     vertex  1.522500e+01 -1.329490e+00  1.365575e+00
     vertex  5.225000e+00 -1.329490e+00  1.365575e+00
   endloop
 endfacet
 facet normal -0.000000e+00  9.950308e-01  9.956785e-02
   outer loop
     vertex  5.225000e+00 -1.346225e+00  1.499114e+00
     vertex  1.522500e+01 -1.346225e+00  1.499114e+00
     vertex  1.522500e+01 -1.339523e+00  1.432136e+00
   endloop
 endfacet
 facet normal  0.000000e+00  9.950308e-01  9.956785e-02
   outer loop
     vertex  5.225000e+00 -1.346225e+00  1.499114e+00
     vertex  1.522500e+01 -1.339523e+00  1.432136e+00
     vertex  5.225000e+00 -1.339523e+00  1.432136e+00
   endloop
 endfacet
 facet normal -0.000000e+00  9.987569e-01  4.984589e-02
   outer loop
     vertex  5.225000e+00 -1.349580e+00  1.566344e+00
     vertex  1.522500e+01 -1.349580e+00  1.566344e+00
     vertex  1.522500e+01 -1.346225e+00  1.499114e+00
   endloop
 endfacet
 facet normal  0.000000e+00  9.987569e-01  4.984589e-02
   outer loop
     vertex  5.225000e+00 -1.349580e+00  1.566344e+00
     vertex  1.522500e+01 -1.346225e+00  1.499114e+00
     vertex  5.225000e+00 -1.346225e+00  1.499114e+00
   endloop
 endfacet
 facet normal -0.000000e+00  1.000000e+00  0.000000e+00
   outer loop
     vertex  5.225000e+00 -1.349580e+00  1.633656e+00
     vertex  1.522500e+01 -1.349580e+00  1.633656e+00
     vertex  1.522500e+01 -1.349580e+00  1.566344e+00
   endloop
 endfacet
 facet normal  0.000000e+00  1.000000e+00  0.000000e+00
   outer loop
     vertex  5.225000e+00 -1.349580e+00  1.633656e+00
     vertex  1.522500e+01 -1.349580e+00  1.566344e+00
     vertex  5.225000e+00 -1.349580e+00  1.566344e+00
   endloop
 endfacet
 facet normal  0.000000e+00  9.987569e-01 -4.984589e-02
   outer loop
     vertex  5.225000e+00 -1.346225e+00  1.700886e+00
     vertex  1.522500e+01 -1.346225e+00  1.700886e+00
     vertex  1.522500e+01 -1.349580e+00  1.633656e+00
   endloop
 endfacet
 facet normal  0.000000e+00  9.987569e-01 -4.984589e-02
   outer loop
     vertex  5.225000e+00 -1.346225e+00  1.700886e+00
     vertex  1.522500e+01 -1.349580e+00  1.633656e+00
     vertex  5.225000e+00 -1.349580e+00  1.633656e+00
   endloop
 endfacet
 facet normal  0.000000e+00  9.950308e-01 -9.956785e-02
   outer loop
     vertex  5.225000e+00 -1.339523e+00  1.767864e+00
     vertex  1.522500e+01 -1.339523e+00  1.767864e+00
     vertex  1.522500e+01 -1.346225e+00  1.700886e+00
   endloop
 endfacet
 facet normal  0.000000e+00  9.950308e-01 -9.956785e-02
   outer loop
     vertex  5.225000e+00 -1.339523e+00  1.767864e+00
     vertex  1.522500e+01 -1.346225e+00  1.700886e+00
     vertex  5.225000e+00 -1.346225e+00  1.700886e+00
   endloop
 endfacet
 facet normal  0.000000e+00  9.888308e-01 -1.490423e-01
   outer loop
     vertex  5.225000e+00 -1.329490e+00  1.834425e+00
     vertex  1.522500e+01 -1.329490e+00  1.834425e+00
     vertex  1.522500e+01 -1.339523e+00  1.767864e+00
   endloop
 endfacet
 facet normal  0.000000e+00  9.888308e-01 -1.490423e-01
   outer loop
     vertex  5.225000e+00 -1.329490e+00  1.834425e+00
     vertex  1.522500e+01 -1.339523e+00  1.767864e+00
     vertex  5.225000e+00 -1.339523e+00  1.767864e+00
   endloop
 endfacet
 facet normal  0.000000e+00  9.801725e-01 -1.981461e-01
   outer loop
     vertex  5.225000e+00 -1.316153e+00  1.900403e+00
     vertex  1.522500e+01 -1.316153e+00  1.900403e+00
     vertex  1.522500e+01 -1.329490e+00  1.834425e+00
   endloop
 endfacet
 facet normal  0.000000e+00  9.690773e-01 -2.467574e-01
   outer loop
     vertex  5.225000e+00 -1.316153e+00  1.900403e+00
     vertex  1.522500e+01 -1.299543e+00  1.965635e+00
     vertex  1.522500e+01 -1.316153e+00  1.900403e+00
   endloop
 endfacet
 facet normal  0.000000e+00  9.801725e-01 -1.981461e-01
   outer loop
     vertex  5.225000e+00 -1.316153e+00  1.900403e+00
     vertex  1.522500e+01 -1.329490e+00  1.834425e+00
     vertex  5.225000e+00 -1.329490e+00  1.834425e+00
   endloop
 endfacet
 facet normal  0.000000e+00  9.690773e-01 -2.467574e-01
   outer loop
     vertex  5.225000e+00 -1.299543e+00  1.965635e+00
     vertex  1.522500e+01 -1.299543e+00  1.965635e+00
     vertex  5.225000e+00 -1.316153e+00  1.900403e+00
   endloop
 endfacet
 facet normal  0.000000e+00  9.555728e-01 -2.947552e-01
   outer loop
     vertex  5.225000e+00 -1.279702e+00  2.029957e+00
     vertex  1.522500e+01 -1.299543e+00  1.965635e+00
     vertex  5.225000e+00 -1.299543e+00  1.965635e+00
   endloop
 endfacet
 facet normal  0.000000e+00  9.555728e-01 -2.947552e-01
   outer loop
     vertex  5.225000e+00 -1.279702e+00  2.029957e+00
     vertex  1.522500e+01 -1.279702e+00  2.029957e+00
     vertex  1.522500e+01 -1.299543e+00  1.965635e+00
   endloop
 endfacet
 facet normal  0.000000e+00  9.396926e-01 -3.420201e-01
   outer loop
     vertex  5.225000e+00 -1.279702e+00  2.029957e+00
     vertex  1.522500e+01 -1.256680e+00  2.093210e+00
     vertex  1.522500e+01 -1.279702e+00  2.029957e+00
   endloop
 endfacet
 facet normal  0.000000e+00  9.396926e-01 -3.420201e-01
   outer loop
     vertex  5.225000e+00 -1.256680e+00  2.093210e+00
     vertex  1.522500e+01 -1.256680e+00  2.093210e+00
     vertex  5.225000e+00 -1.279702e+00  2.029957e+00
   endloop
 endfacet
 facet normal  0.000000e+00  9.214762e-01 -3.884348e-01
   outer loop
     vertex  5.225000e+00 -1.230533e+00  2.155238e+00
     vertex  1.522500e+01 -1.256680e+00  2.093210e+00
     vertex  5.225000e+00 -1.256680e+00  2.093210e+00
   endloop
 endfacet
 facet normal  0.000000e+00  9.214762e-01 -3.884348e-01
   outer loop
     vertex  5.225000e+00 -1.230533e+00  2.155238e+00
     vertex  1.522500e+01 -1.230533e+00  2.155238e+00
     vertex  1.522500e+01 -1.256680e+00  2.093210e+00
   endloop
 endfacet
 facet normal  0.000000e+00  9.009689e-01 -4.338837e-01
   outer loop
     vertex  5.225000e+00 -1.230533e+00  2.155238e+00
     vertex  1.522500e+01 -1.201327e+00  2.215884e+00
     vertex  1.522500e+01 -1.230533e+00  2.155238e+00
   endloop
 endfacet
 facet normal  0.000000e+00  9.009689e-01 -4.338837e-01
   outer loop
     vertex  5.225000e+00 -1.201327e+00  2.215884e+00
     vertex  1.522500e+01 -1.201327e+00  2.215884e+00
     vertex  5.225000e+00 -1.230533e+00  2.155238e+00
   endloop
 endfacet
 facet normal  0.000000e+00  8.782216e-01 -4.782540e-01
   outer loop
     vertex  5.225000e+00 -1.169134e+00  2.275000e+00
     vertex  1.522500e+01 -1.201327e+00  2.215884e+00
     vertex  5.225000e+00 -1.201327e+00  2.215884e+00
   endloop
 endfacet
 facet normal  0.000000e+00  8.782216e-01 -4.782540e-01
   outer loop
     vertex  5.225000e+00 -1.169134e+00  2.275000e+00
     vertex  1.522500e+01 -1.169134e+00  2.275000e+00
     vertex  1.522500e+01 -1.201327e+00  2.215884e+00
   endloop
 endfacet
 facet normal  0.000000e+00  8.532909e-01 -5.214352e-01
   outer loop
     vertex  5.225000e+00 -1.134035e+00  2.332437e+00
     vertex  1.522500e+01 -1.169134e+00  2.275000e+00
     vertex  5.225000e+00 -1.169134e+00  2.275000e+00
   endloop
 endfacet
 facet normal  0.000000e+00  8.532909e-01 -5.214352e-01
   outer loop
     vertex  5.225000e+00 -1.134035e+00  2.332437e+00
     vertex  1.522500e+01 -1.134035e+00  2.332437e+00
     vertex  1.522500e+01 -1.169134e+00  2.275000e+00
   endloop
 endfacet
 facet normal  0.000000e+00  8.262388e-01 -5.633201e-01
   outer loop
     vertex  5.225000e+00 -1.096116e+00  2.388054e+00
     vertex  1.522500e+01 -1.134035e+00  2.332437e+00
     vertex  5.225000e+00 -1.134035e+00  2.332437e+00
   endloop
 endfacet
 facet normal  0.000000e+00  8.262388e-01 -5.633201e-01
   outer loop
     vertex  5.225000e+00 -1.096116e+00  2.388054e+00
     vertex  1.522500e+01 -1.096116e+00  2.388054e+00
     vertex  1.522500e+01 -1.134035e+00  2.332437e+00
   endloop
 endfacet
 facet normal  0.000000e+00  7.971325e-01 -6.038044e-01
   outer loop
     vertex  5.225000e+00 -1.055473e+00  2.441711e+00
     vertex  1.522500e+01 -1.096116e+00  2.388054e+00
     vertex  5.225000e+00 -1.096116e+00  2.388054e+00
   endloop
 endfacet
 facet normal  0.000000e+00  7.971325e-01 -6.038044e-01
   outer loop
     vertex  5.225000e+00 -1.055473e+00  2.441711e+00
     vertex  1.522500e+01 -1.055473e+00  2.441711e+00
     vertex  1.522500e+01 -1.096116e+00  2.388054e+00
   endloop
 endfacet
 facet normal  0.000000e+00  7.660444e-01 -6.427876e-01
   outer loop
     vertex  5.225000e+00 -1.012205e+00  2.493276e+00
     vertex  1.522500e+01 -1.055473e+00  2.441711e+00
     vertex  5.225000e+00 -1.055473e+00  2.441711e+00
   endloop
 endfacet
 facet normal  0.000000e+00  7.660444e-01 -6.427876e-01
   outer loop
     vertex  5.225000e+00 -1.012205e+00  2.493276e+00
     vertex  1.522500e+01 -1.012205e+00  2.493276e+00
     vertex  1.522500e+01 -1.055473e+00  2.441711e+00
   endloop
 endfacet
 facet normal  0.000000e+00  7.330519e-01 -6.801727e-01
   outer loop
     vertex  5.225000e+00 -1.012205e+00  2.493276e+00
     vertex  1.522500e+01 -9.664202e-01  2.542620e+00
     vertex  1.522500e+01 -1.012205e+00  2.493276e+00
   endloop
 endfacet
 facet normal  0.000000e+00  7.330519e-01 -6.801727e-01
   outer loop
     vertex  5.225000e+00 -9.664202e-01  2.542620e+00
     vertex  1.522500e+01 -9.664202e-01  2.542620e+00
     vertex  5.225000e+00 -1.012205e+00  2.493276e+00
   endloop
 endfacet
 facet normal  0.000000e+00  6.982368e-01 -7.158668e-01
   outer loop
     vertex  5.225000e+00 -9.182332e-01  2.589620e+00
     vertex  1.522500e+01 -9.664202e-01  2.542620e+00
     vertex  5.225000e+00 -9.664202e-01  2.542620e+00
   endloop
 endfacet
 facet normal  0.000000e+00  6.982368e-01 -7.158668e-01
   outer loop
     vertex  5.225000e+00 -9.182332e-01  2.589620e+00
     vertex  1.522500e+01 -9.182332e-01  2.589620e+00
     vertex  1.522500e+01 -9.664202e-01  2.542620e+00
   endloop
 endfacet
 facet normal  0.000000e+00  6.616858e-01 -7.497812e-01
   outer loop
     vertex  5.225000e+00 -9.182332e-01  2.589620e+00
     vertex  1.522500e+01 -8.677633e-01  2.634160e+00
     vertex  1.522500e+01 -9.182332e-01  2.589620e+00
   endloop
 endfacet
 facet normal  0.000000e+00  6.616858e-01 -7.497812e-01
   outer loop
     vertex  5.225000e+00 -8.677633e-01  2.634160e+00
     vertex  1.522500e+01 -8.677633e-01  2.634160e+00
     vertex  5.225000e+00 -9.182332e-01  2.589620e+00
   endloop
 endfacet
 facet normal  0.000000e+00  6.234898e-01 -7.818315e-01
   outer loop
     vertex  5.225000e+00 -8.151360e-01  2.676129e+00
     vertex  1.522500e+01 -8.677633e-01  2.634160e+00
     vertex  5.225000e+00 -8.677633e-01  2.634160e+00
   endloop
 endfacet
 facet normal  0.000000e+00  6.234898e-01 -7.818315e-01
   outer loop
     vertex  5.225000e+00 -8.151360e-01  2.676129e+00
     vertex  1.522500e+01 -8.151360e-01  2.676129e+00
     vertex  1.522500e+01 -8.677633e-01  2.634160e+00
   endloop
 endfacet
 facet normal  0.000000e+00  5.837437e-01 -8.119380e-01
   outer loop
     vertex  5.225000e+00 -8.151360e-01  2.676129e+00
     vertex  1.522500e+01 -7.604821e-01  2.715422e+00
     vertex  1.522500e+01 -8.151360e-01  2.676129e+00
   endloop
 endfacet
 facet normal  0.000000e+00  5.837437e-01 -8.119380e-01
   outer loop
     vertex  5.225000e+00 -7.604821e-01  2.715422e+00
     vertex  1.522500e+01 -7.604821e-01  2.715422e+00
     vertex  5.225000e+00 -8.151360e-01  2.676129e+00
   endloop
 endfacet
 facet normal  0.000000e+00  5.425463e-01 -8.400259e-01
   outer loop
     vertex  5.225000e+00 -7.039375e-01  2.751943e+00
     vertex  1.522500e+01 -7.604821e-01  2.715422e+00
     vertex  5.225000e+00 -7.604821e-01  2.715422e+00
   endloop
 endfacet
 facet normal  0.000000e+00  5.425463e-01 -8.400259e-01
   outer loop
     vertex  5.225000e+00 -7.039375e-01  2.751943e+00
     vertex  1.522500e+01 -7.039375e-01  2.751943e+00
     vertex  1.522500e+01 -7.604821e-01  2.715422e+00
   endloop
 endfacet
 facet normal  0.000000e+00  5.000000e-01 -8.660254e-01
   outer loop
     vertex  5.225000e+00 -7.039375e-01  2.751943e+00
     vertex  1.522500e+01 -6.456429e-01  2.785599e+00
     vertex  1.522500e+01 -7.039375e-01  2.751943e+00
   endloop
 endfacet
 facet normal  0.000000e+00  5.000000e-01 -8.660254e-01
   outer loop
     vertex  5.225000e+00 -6.456429e-01  2.785599e+00
     vertex  1.522500e+01 -6.456429e-01  2.785599e+00
     vertex  5.225000e+00 -7.039375e-01  2.751943e+00
   endloop
 endfacet
 facet normal  0.000000e+00  4.562107e-01 -8.898718e-01
   outer loop
     vertex  5.225000e+00 -5.857430e-01  2.816308e+00
     vertex  1.522500e+01 -6.456429e-01  2.785599e+00
     vertex  5.225000e+00 -6.456429e-01  2.785599e+00
   endloop
 endfacet
 facet normal  0.000000e+00  4.562107e-01 -8.898718e-01
   outer loop
     vertex  5.225000e+00 -5.857430e-01  2.816308e+00
     vertex  1.522500e+01 -5.857430e-01  2.816308e+00
     vertex  1.522500e+01 -6.456429e-01  2.785599e+00
   endloop
 endfacet
 facet normal  0.000000e+00  4.112871e-01 -9.115059e-01
   outer loop
     vertex  5.225000e+00 -5.243870e-01  2.843993e+00
     vertex  1.522500e+01 -5.857430e-01  2.816308e+00
     vertex  5.225000e+00 -5.857430e-01  2.816308e+00
   endloop
 endfacet
 facet normal  0.000000e+00  4.112871e-01 -9.115059e-01
   outer loop
     vertex  5.225000e+00 -5.243870e-01  2.843993e+00
     vertex  1.522500e+01 -5.243870e-01  2.843993e+00
     vertex  1.522500e+01 -5.857430e-01  2.816308e+00
   endloop
 endfacet
 facet normal  0.000000e+00  3.653410e-01 -9.308737e-01
   outer loop
     vertex  5.225000e+00 -5.243870e-01  2.843993e+00
     vertex  1.522500e+01 -4.617272e-01  2.868585e+00
     vertex  1.522500e+01 -5.243870e-01  2.843993e+00
   endloop
 endfacet
 facet normal  0.000000e+00  3.653410e-01 -9.308737e-01
   outer loop
     vertex  5.225000e+00 -4.617272e-01  2.868585e+00
     vertex  1.522500e+01 -4.617272e-01  2.868585e+00
     vertex  5.225000e+00 -5.243870e-01  2.843993e+00
   endloop
 endfacet
 facet normal  0.000000e+00  3.184867e-01 -9.479273e-01
   outer loop
     vertex  5.225000e+00 -3.979195e-01  2.890023e+00
     vertex  1.522500e+01 -4.617272e-01  2.868585e+00
     vertex  5.225000e+00 -4.617272e-01  2.868585e+00
   endloop
 endfacet
 facet normal  0.000000e+00  3.184867e-01 -9.479273e-01
   outer loop
     vertex  5.225000e+00 -3.979195e-01  2.890023e+00
     vertex  1.522500e+01 -3.979195e-01  2.890023e+00
     vertex  1.522500e+01 -4.617272e-01  2.868585e+00
   endloop
 endfacet
 facet normal  0.000000e+00  2.708405e-01 -9.626242e-01
   outer loop
     vertex  5.225000e+00 -3.979195e-01  2.890023e+00
     vertex  1.522500e+01 -3.331225e-01  2.908254e+00
     vertex  1.522500e+01 -3.979195e-01  2.890023e+00
   endloop
 endfacet
 facet normal  0.000000e+00  2.708405e-01 -9.626242e-01
   outer loop
     vertex  5.225000e+00 -3.331225e-01  2.908254e+00
     vertex  1.522500e+01 -3.331225e-01  2.908254e+00
     vertex  5.225000e+00 -3.979195e-01  2.890023e+00
   endloop
 endfacet
 facet normal  0.000000e+00  2.225209e-01 -9.749279e-01
   outer loop
     vertex  5.225000e+00 -2.674973e-01  2.923233e+00
     vertex  1.522500e+01 -2.674973e-01  2.923233e+00
     vertex  1.522500e+01 -3.331225e-01  2.908254e+00
   endloop
 endfacet
 facet normal  0.000000e+00  1.736482e-01 -9.848078e-01
   outer loop
     vertex  5.225000e+00 -2.674973e-01  2.923233e+00
     vertex  1.522500e+01 -2.012071e-01  2.934922e+00
     vertex  1.522500e+01 -2.674973e-01  2.923233e+00
   endloop
 endfacet
 facet normal  0.000000e+00  2.225209e-01 -9.749279e-01
   outer loop
     vertex  5.225000e+00 -2.674973e-01  2.923233e+00
     vertex  1.522500e+01 -3.331225e-01  2.908254e+00
     vertex  5.225000e+00 -3.331225e-01  2.908254e+00
   endloop
 endfacet
 facet normal  0.000000e+00  1.736482e-01 -9.848078e-01
   outer loop
     vertex  5.225000e+00 -2.012071e-01  2.934922e+00
     vertex  1.522500e+01 -2.012071e-01  2.934922e+00
     vertex  5.225000e+00 -2.674973e-01  2.923233e+00
   endloop
 endfacet
 facet normal  0.000000e+00  1.243437e-01 -9.922392e-01
   outer loop
     vertex  5.225000e+00 -1.344166e-01  2.943292e+00
     vertex  1.522500e+01 -1.344166e-01  2.943292e+00
     vertex  1.522500e+01 -2.012071e-01  2.934922e+00
   endloop
 endfacet
 facet normal  0.000000e+00  7.473009e-02 -9.972038e-01
   outer loop
     vertex  5.225000e+00 -1.344166e-01  2.943292e+00
     vertex  1.522500e+01 -6.729195e-02  2.948322e+00
     vertex  1.522500e+01 -1.344166e-01  2.943292e+00
   endloop
 endfacet
 facet normal  0.000000e+00  1.243437e-01 -9.922392e-01
   outer loop
     vertex  5.225000e+00 -1.344166e-01  2.943292e+00
     vertex  1.522500e+01 -2.012071e-01  2.934922e+00
     vertex  5.225000e+00 -2.012071e-01  2.934922e+00
   endloop
 endfacet
 facet normal  0.000000e+00  7.473009e-02 -9.972038e-01
   outer loop
     vertex  5.225000e+00 -6.729195e-02  2.948322e+00
     vertex  1.522500e+01 -6.729195e-02  2.948322e+00
     vertex  5.225000e+00 -1.344166e-01  2.943292e+00
   endloop
 endfacet
 facet normal  0.000000e+00  2.493069e-02 -9.996892e-01
   outer loop
     vertex  5.225000e+00  4.630836e-15  2.950000e+00
     vertex  1.522500e+01 -6.729195e-02  2.948322e+00
     vertex  5.225000e+00 -6.729195e-02  2.948322e+00
   endloop
 endfacet
 facet normal  0.000000e+00  2.493069e-02 -9.996892e-01
   outer loop
     vertex  5.225000e+00  4.630836e-15  2.950000e+00
     vertex  1.522500e+01  4.630836e-15  2.950000e+00
     vertex  1.522500e+01 -6.729195e-02  2.948322e+00
   endloop
 endfacet
 facet normal  0.000000e+00 -2.493069e-02 -9.996892e-01
   outer loop
     vertex  5.225000e+00  4.630836e-15  2.950000e+00
     vertex  1.522500e+01  6.729195e-02  2.948322e+00
     vertex  1.522500e+01  4.630836e-15  2.950000e+00
   endloop
 endfacet
 facet normal  0.000000e+00 -2.493069e-02 -9.996892e-01
   outer loop
     vertex  5.225000e+00  6.729195e-02  2.948322e+00
     vertex  1.522500e+01  6.729195e-02  2.948322e+00
     vertex  5.225000e+00  4.630836e-15  2.950000e+00
   endloop
 endfacet
 facet normal  0.000000e+00 -7.473009e-02 -9.972038e-01
   outer loop
     vertex  5.225000e+00  6.729195e-02  2.948322e+00
     vertex  1.522500e+01  1.344166e-01  2.943292e+00
     vertex  1.522500e+01  6.729195e-02  2.948322e+00
   endloop
 endfacet
 facet normal  0.000000e+00 -7.473009e-02 -9.972038e-01
   outer loop
     vertex  5.225000e+00  1.344166e-01  2.943292e+00
     vertex  1.522500e+01  1.344166e-01  2.943292e+00
     vertex  5.225000e+00  6.729195e-02  2.948322e+00
   endloop
 endfacet
 facet normal  0.000000e+00 -1.243437e-01 -9.922392e-01
   outer loop
     vertex  5.225000e+00  2.012071e-01  2.934922e+00
     vertex  1.522500e+01  1.344166e-01  2.943292e+00
     vertex  5.225000e+00  1.344166e-01  2.943292e+00
   endloop
 endfacet
 facet normal  0.000000e+00 -1.243437e-01 -9.922392e-01
   outer loop
     vertex  5.225000e+00  2.012071e-01  2.934922e+00
     vertex  1.522500e+01  2.012071e-01  2.934922e+00
     vertex  1.522500e+01  1.344166e-01  2.943292e+00
   endloop
 endfacet
 facet normal  0.000000e+00 -1.736482e-01 -9.848078e-01
   outer loop
     vertex  5.225000e+00  2.012071e-01  2.934922e+00
     vertex  1.522500e+01  2.674973e-01  2.923233e+00
     vertex  1.522500e+01  2.012071e-01  2.934922e+00
   endloop
 endfacet
 facet normal  0.000000e+00 -1.736482e-01 -9.848078e-01
   outer loop
     vertex  5.225000e+00  2.674973e-01  2.923233e+00
     vertex  1.522500e+01  2.674973e-01  2.923233e+00
     vertex  5.225000e+00  2.012071e-01  2.934922e+00
   endloop
 endfacet
 facet normal  0.000000e+00 -2.225209e-01 -9.749279e-01
   outer loop
     vertex  5.225000e+00  2.674973e-01  2.923233e+00
     vertex  1.522500e+01  3.331225e-01  2.908254e+00
     vertex  1.522500e+01  2.674973e-01  2.923233e+00
   endloop
 endfacet
 facet normal  0.000000e+00 -2.225209e-01 -9.749279e-01
   outer loop
     vertex  5.225000e+00  3.331225e-01  2.908254e+00
     vertex  1.522500e+01  3.331225e-01  2.908254e+00
     vertex  5.225000e+00  2.674973e-01  2.923233e+00
   endloop
 endfacet
 facet normal  0.000000e+00 -2.708405e-01 -9.626242e-01
   outer loop
     vertex  5.225000e+00  3.331225e-01  2.908254e+00
     vertex  1.522500e+01  3.979195e-01  2.890023e+00
     vertex  1.522500e+01  3.331225e-01  2.908254e+00
   endloop
 endfacet
 facet normal  0.000000e+00 -2.708405e-01 -9.626242e-01
   outer loop
     vertex  5.225000e+00  3.979195e-01  2.890023e+00
     vertex  1.522500e+01  3.979195e-01  2.890023e+00
     vertex  5.225000e+00  3.331225e-01  2.908254e+00
   endloop
 endfacet
 facet normal  0.000000e+00 -3.184867e-01 -9.479273e-01
   outer loop
     vertex  5.225000e+00  3.979195e-01  2.890023e+00
     vertex  1.522500e+01  4.617272e-01  2.868585e+00
     vertex  1.522500e+01  3.979195e-01  2.890023e+00
   endloop
 endfacet
 facet normal  0.000000e+00 -3.184867e-01 -9.479273e-01
   outer loop
     vertex  5.225000e+00  4.617272e-01  2.868585e+00
     vertex  1.522500e+01  4.617272e-01  2.868585e+00
     vertex  5.225000e+00  3.979195e-01  2.890023e+00
   endloop
 endfacet
 facet normal  0.000000e+00 -3.653410e-01 -9.308737e-01
   outer loop
     vertex  5.225000e+00  5.243870e-01  2.843993e+00
     vertex  1.522500e+01  4.617272e-01  2.868585e+00
     vertex  5.225000e+00  4.617272e-01  2.868585e+00
   endloop
 endfacet
 facet normal  0.000000e+00 -3.653410e-01 -9.308737e-01
   outer loop
     vertex  5.225000e+00  5.243870e-01  2.843993e+00
     vertex  1.522500e+01  5.243870e-01  2.843993e+00
     vertex  1.522500e+01  4.617272e-01  2.868585e+00
   endloop
 endfacet
 facet normal  0.000000e+00 -4.112871e-01 -9.115059e-01
   outer loop
     vertex  5.225000e+00  5.857430e-01  2.816308e+00
     vertex  1.522500e+01  5.243870e-01  2.843993e+00
     vertex  5.225000e+00  5.243870e-01  2.843993e+00
   endloop
 endfacet
 facet normal  0.000000e+00 -4.112871e-01 -9.115059e-01
   outer loop
     vertex  5.225000e+00  5.857430e-01  2.816308e+00
     vertex  1.522500e+01  5.857430e-01  2.816308e+00
     vertex  1.522500e+01  5.243870e-01  2.843993e+00
   endloop
 endfacet
 facet normal  0.000000e+00 -4.562107e-01 -8.898718e-01
   outer loop
     vertex  5.225000e+00  5.857430e-01  2.816308e+00
     vertex  1.522500e+01  6.456429e-01  2.785599e+00
     vertex  1.522500e+01  5.857430e-01  2.816308e+00
   endloop
 endfacet
 facet normal  0.000000e+00 -4.562107e-01 -8.898718e-01
   outer loop
     vertex  5.225000e+00  6.456429e-01  2.785599e+00
     vertex  1.522500e+01  6.456429e-01  2.785599e+00
     vertex  5.225000e+00  5.857430e-01  2.816308e+00
   endloop
 endfacet
 facet normal  0.000000e+00 -5.000000e-01 -8.660254e-01
   outer loop
     vertex  5.225000e+00  7.039375e-01  2.751943e+00
     vertex  1.522500e+01  7.039375e-01  2.751943e+00
     vertex  1.522500e+01  6.456429e-01  2.785599e+00
   endloop
 endfacet
 facet normal  0.000000e+00 -5.000000e-01 -8.660254e-01
   outer loop
     vertex  5.225000e+00  7.039375e-01  2.751943e+00
     vertex  1.522500e+01  6.456429e-01  2.785599e+00
     vertex  5.225000e+00  6.456429e-01  2.785599e+00
   endloop
 endfacet
 facet normal  0.000000e+00 -5.425463e-01 -8.400259e-01
   outer loop
     vertex  5.225000e+00  7.604821e-01  2.715422e+00
     vertex  1.522500e+01  7.604821e-01  2.715422e+00
     vertex  1.522500e+01  7.039375e-01  2.751943e+00
   endloop
 endfacet
 facet normal  0.000000e+00 -5.425463e-01 -8.400259e-01
   outer loop
     vertex  5.225000e+00  7.604821e-01  2.715422e+00
     vertex  1.522500e+01  7.039375e-01  2.751943e+00
     vertex  5.225000e+00  7.039375e-01  2.751943e+00
   endloop
 endfacet
 facet normal  0.000000e+00 -5.837437e-01 -8.119380e-01
   outer loop
     vertex  5.225000e+00  8.151360e-01  2.676129e+00
     vertex  1.522500e+01  8.151360e-01  2.676129e+00
     vertex  1.522500e+01  7.604821e-01  2.715422e+00
   endloop
 endfacet
 facet normal  0.000000e+00 -6.234898e-01 -7.818315e-01
   outer loop
     vertex  5.225000e+00  8.151360e-01  2.676129e+00
     vertex  1.522500e+01  8.677633e-01  2.634160e+00
     vertex  1.522500e+01  8.151360e-01  2.676129e+00
   endloop
 endfacet
 facet normal  0.000000e+00 -5.837437e-01 -8.119380e-01
   outer loop
     vertex  5.225000e+00  8.151360e-01  2.676129e+00
     vertex  1.522500e+01  7.604821e-01  2.715422e+00
     vertex  5.225000e+00  7.604821e-01  2.715422e+00
   endloop
 endfacet
 facet normal  0.000000e+00 -6.234898e-01 -7.818315e-01
   outer loop
     vertex  5.225000e+00  8.677633e-01  2.634160e+00
     vertex  1.522500e+01  8.677633e-01  2.634160e+00
     vertex  5.225000e+00  8.151360e-01  2.676129e+00
   endloop
 endfacet
 facet normal  0.000000e+00 -6.616858e-01 -7.497812e-01
   outer loop
     vertex  5.225000e+00  9.182332e-01  2.589620e+00
     vertex  1.522500e+01  9.182332e-01  2.589620e+00
     vertex  1.522500e+01  8.677633e-01  2.634160e+00
   endloop
 endfacet
 facet normal  0.000000e+00 -6.616858e-01 -7.497812e-01
   outer loop
     vertex  5.225000e+00  9.182332e-01  2.589620e+00
     vertex  1.522500e+01  8.677633e-01  2.634160e+00
     vertex  5.225000e+00  8.677633e-01  2.634160e+00
   endloop
 endfacet
 facet normal  0.000000e+00 -6.982368e-01 -7.158668e-01
   outer loop
     vertex  5.225000e+00  9.664202e-01  2.542620e+00
     vertex  1.522500e+01  9.664202e-01  2.542620e+00
     vertex  1.522500e+01  9.182332e-01  2.589620e+00
   endloop
 endfacet
 facet normal  0.000000e+00 -7.330519e-01 -6.801727e-01
   outer loop
     vertex  5.225000e+00  9.664202e-01  2.542620e+00
     vertex  1.522500e+01  1.012205e+00  2.493276e+00
     vertex  1.522500e+01  9.664202e-01  2.542620e+00
   endloop
 endfacet
 facet normal  0.000000e+00 -6.982368e-01 -7.158668e-01
   outer loop
     vertex  5.225000e+00  9.664202e-01  2.542620e+00
     vertex  1.522500e+01  9.182332e-01  2.589620e+00
     vertex  5.225000e+00  9.182332e-01  2.589620e+00
   endloop
 endfacet
 facet normal  0.000000e+00 -7.330519e-01 -6.801727e-01
   outer loop
     vertex  5.225000e+00  1.012205e+00  2.493276e+00
     vertex  1.522500e+01  1.012205e+00  2.493276e+00
     vertex  5.225000e+00  9.664202e-01  2.542620e+00
   endloop
 endfacet
 facet normal  0.000000e+00 -7.660444e-01 -6.427876e-01
   outer loop
     vertex  5.225000e+00  1.055473e+00  2.441711e+00
     vertex  1.522500e+01  1.055473e+00  2.441711e+00
     vertex  1.522500e+01  1.012205e+00  2.493276e+00
   endloop
 endfacet
 facet normal  0.000000e+00 -7.660444e-01 -6.427876e-01
   outer loop
     vertex  5.225000e+00  1.055473e+00  2.441711e+00
     vertex  1.522500e+01  1.012205e+00  2.493276e+00
     vertex  5.225000e+00  1.012205e+00  2.493276e+00
   endloop
 endfacet
 facet normal  0.000000e+00 -7.971325e-01 -6.038044e-01
   outer loop
     vertex  5.225000e+00  1.096116e+00  2.388054e+00
     vertex  1.522500e+01  1.096116e+00  2.388054e+00
     vertex  1.522500e+01  1.055473e+00  2.441711e+00
   endloop
 endfacet
 facet normal  0.000000e+00 -8.262388e-01 -5.633201e-01
   outer loop
     vertex  5.225000e+00  1.096116e+00  2.388054e+00
     vertex  1.522500e+01  1.134035e+00  2.332437e+00
     vertex  1.522500e+01  1.096116e+00  2.388054e+00
   endloop
 endfacet
 facet normal  0.000000e+00 -7.971325e-01 -6.038044e-01
   outer loop
     vertex  5.225000e+00  1.096116e+00  2.388054e+00
     vertex  1.522500e+01  1.055473e+00  2.441711e+00
     vertex  5.225000e+00  1.055473e+00  2.441711e+00
   endloop
 endfacet
 facet normal  0.000000e+00 -8.532909e-01 -5.214352e-01
   outer loop
     vertex  5.225000e+00  1.134035e+00  2.332437e+00
     vertex  1.522500e+01  1.169134e+00  2.275000e+00
     vertex  1.522500e+01  1.134035e+00  2.332437e+00
   endloop
 endfacet
 facet normal  0.000000e+00 -8.262388e-01 -5.633201e-01
   outer loop
     vertex  5.225000e+00  1.134035e+00  2.332437e+00
     vertex  1.522500e+01  1.134035e+00  2.332437e+00
     vertex  5.225000e+00  1.096116e+00  2.388054e+00
   endloop
 endfacet
 facet normal  0.000000e+00 -8.532909e-01 -5.214352e-01
   outer loop
     vertex  5.225000e+00  1.169134e+00  2.275000e+00
     vertex  1.522500e+01  1.169134e+00  2.275000e+00
     vertex  5.225000e+00  1.134035e+00  2.332437e+00
   endloop
 endfacet
 facet normal  0.000000e+00 -8.782216e-01 -4.782540e-01
   outer loop
     vertex  5.225000e+00  1.201327e+00  2.215884e+00
     vertex  1.522500e+01  1.201327e+00  2.215884e+00
     vertex  1.522500e+01  1.169134e+00  2.275000e+00
   endloop
 endfacet
 facet normal  0.000000e+00 -8.782216e-01 -4.782540e-01
   outer loop
     vertex  5.225000e+00  1.201327e+00  2.215884e+00
     vertex  1.522500e+01  1.169134e+00  2.275000e+00
     vertex  5.225000e+00  1.169134e+00  2.275000e+00
   endloop
 endfacet
 facet normal  0.000000e+00 -9.009689e-01 -4.338837e-01
   outer loop
     vertex  5.225000e+00  1.230533e+00  2.155238e+00
     vertex  1.522500e+01  1.230533e+00  2.155238e+00
     vertex  1.522500e+01  1.201327e+00  2.215884e+00
   endloop
 endfacet
 facet normal  0.000000e+00 -9.214762e-01 -3.884348e-01
   outer loop
     vertex  5.225000e+00  1.230533e+00  2.155238e+00
     vertex  1.522500e+01  1.256680e+00  2.093210e+00
     vertex  1.522500e+01  1.230533e+00  2.155238e+00
   endloop
 endfacet
 facet normal  0.000000e+00 -9.009689e-01 -4.338837e-01
   outer loop
     vertex  5.225000e+00  1.230533e+00  2.155238e+00
     vertex  1.522500e+01  1.201327e+00  2.215884e+00
     vertex  5.225000e+00  1.201327e+00  2.215884e+00
   endloop
 endfacet
 facet normal  0.000000e+00 -9.214762e-01 -3.884348e-01
   outer loop
     vertex  5.225000e+00  1.256680e+00  2.093210e+00
     vertex  1.522500e+01  1.256680e+00  2.093210e+00
     vertex  5.225000e+00  1.230533e+00  2.155238e+00
   endloop
 endfacet
 facet normal  0.000000e+00 -9.396926e-01 -3.420201e-01
   outer loop
     vertex  5.225000e+00  1.279702e+00  2.029957e+00
     vertex  1.522500e+01  1.256680e+00  2.093210e+00
     vertex  5.225000e+00  1.256680e+00  2.093210e+00
   endloop
 endfacet
 facet normal  0.000000e+00 -9.396926e-01 -3.420201e-01
   outer loop
     vertex  5.225000e+00  1.279702e+00  2.029957e+00
     vertex  1.522500e+01  1.279702e+00  2.029957e+00
     vertex  1.522500e+01  1.256680e+00  2.093210e+00
   endloop
 endfacet
 facet normal  0.000000e+00 -9.555728e-01 -2.947552e-01
   outer loop
     vertex  5.225000e+00  1.299543e+00  1.965635e+00
     vertex  1.522500e+01  1.279702e+00  2.029957e+00
     vertex  5.225000e+00  1.279702e+00  2.029957e+00
   endloop
 endfacet
 facet normal  0.000000e+00 -9.555728e-01 -2.947552e-01
   outer loop
     vertex  5.225000e+00  1.299543e+00  1.965635e+00
     vertex  1.522500e+01  1.299543e+00  1.965635e+00
     vertex  1.522500e+01  1.279702e+00  2.029957e+00
   endloop
 endfacet
 facet normal  0.000000e+00 -9.690773e-01 -2.467574e-01
   outer loop
     vertex  5.225000e+00  1.316153e+00  1.900403e+00
     vertex  1.522500e+01  1.299543e+00  1.965635e+00
     vertex  5.225000e+00  1.299543e+00  1.965635e+00
   endloop
 endfacet
 facet normal  0.000000e+00 -9.690773e-01 -2.467574e-01
   outer loop
     vertex  5.225000e+00  1.316153e+00  1.900403e+00
     vertex  1.522500e+01  1.316153e+00  1.900403e+00
     vertex  1.522500e+01  1.299543e+00  1.965635e+00
   endloop
 endfacet
 facet normal  0.000000e+00 -9.801725e-01 -1.981461e-01
   outer loop
     vertex  5.225000e+00  1.329490e+00  1.834425e+00
     vertex  1.522500e+01  1.316153e+00  1.900403e+00
     vertex  5.225000e+00  1.316153e+00  1.900403e+00
   endloop
 endfacet
 facet normal  0.000000e+00 -9.801725e-01 -1.981461e-01
   outer loop
     vertex  5.225000e+00  1.329490e+00  1.834425e+00
     vertex  1.522500e+01  1.329490e+00  1.834425e+00
     vertex  1.522500e+01  1.316153e+00  1.900403e+00
   endloop
 endfacet
 facet normal  0.000000e+00 -9.888308e-01 -1.490423e-01
   outer loop
     vertex  5.225000e+00  1.329490e+00  1.834425e+00
     vertex  1.522500e+01  1.339523e+00  1.767864e+00
     vertex  1.522500e+01  1.329490e+00  1.834425e+00
   endloop
 endfacet
 facet normal  0.000000e+00 -9.888308e-01 -1.490423e-01
   outer loop
     vertex  5.225000e+00  1.339523e+00  1.767864e+00
     vertex  1.522500e+01  1.339523e+00  1.767864e+00
     vertex  5.225000e+00  1.329490e+00  1.834425e+00
   endloop
 endfacet
 facet normal  0.000000e+00 -9.950308e-01 -9.956785e-02
   outer loop
     vertex  5.225000e+00  1.346225e+00  1.700886e+00
     vertex  1.522500e+01  1.346225e+00  1.700886e+00
     vertex  1.522500e+01  1.339523e+00  1.767864e+00
   endloop
 endfacet
 facet normal  0.000000e+00 -9.950308e-01 -9.956785e-02
   outer loop
     vertex  5.225000e+00  1.346225e+00  1.700886e+00
     vertex  1.522500e+01  1.339523e+00  1.767864e+00
     vertex  5.225000e+00  1.339523e+00  1.767864e+00
   endloop
 endfacet
 facet normal  0.000000e+00 -9.987569e-01 -4.984589e-02
   outer loop
     vertex  5.225000e+00  1.349580e+00  1.633656e+00
     vertex  1.522500e+01  1.349580e+00  1.633656e+00
     vertex  1.522500e+01  1.346225e+00  1.700886e+00
   endloop
 endfacet
 facet normal  0.000000e+00 -9.987569e-01 -4.984589e-02
   outer loop
     vertex  5.225000e+00  1.349580e+00  1.633656e+00
     vertex  1.522500e+01  1.346225e+00  1.700886e+00
     vertex  5.225000e+00  1.346225e+00  1.700886e+00
   endloop
 endfacet
 facet normal  0.000000e+00 -1.000000e+00  9.896084e-15
   outer loop
     vertex  5.225000e+00  1.349580e+00  1.566344e+00
     vertex  1.522500e+01  1.349580e+00  1.566344e+00
     vertex  1.522500e+01  1.349580e+00  1.633656e+00
   endloop
 endfacet
 facet normal  0.000000e+00 -1.000000e+00  9.896084e-15
   outer loop
     vertex  5.225000e+00  1.349580e+00  1.566344e+00
     vertex  1.522500e+01  1.349580e+00  1.633656e+00
     vertex  5.225000e+00  1.349580e+00  1.633656e+00
   endloop
 endfacet
 facet normal  0.000000e+00 -9.987569e-01  4.984589e-02
   outer loop
     vertex  5.225000e+00  1.346225e+00  1.499114e+00
     vertex  1.522500e+01  1.346225e+00  1.499114e+00
     vertex  1.522500e+01  1.349580e+00  1.566344e+00
   endloop
 endfacet
 facet normal  0.000000e+00 -9.987569e-01  4.984589e-02
   outer loop
     vertex  5.225000e+00  1.346225e+00  1.499114e+00
     vertex  1.522500e+01  1.349580e+00  1.566344e+00
     vertex  5.225000e+00  1.349580e+00  1.566344e+00
   endloop
 endfacet
 facet normal  0.000000e+00 -9.950308e-01  9.956785e-02
   outer loop
     vertex  5.225000e+00  1.339523e+00  1.432136e+00
     vertex  1.522500e+01  1.339523e+00  1.432136e+00
     vertex  1.522500e+01  1.346225e+00  1.499114e+00
   endloop
 endfacet
 facet normal  0.000000e+00 -9.950308e-01  9.956785e-02
   outer loop
     vertex  5.225000e+00  1.339523e+00  1.432136e+00
     vertex  1.522500e+01  1.346225e+00  1.499114e+00
     vertex  5.225000e+00  1.346225e+00  1.499114e+00
   endloop
 endfacet
 facet normal  0.000000e+00 -9.888308e-01  1.490423e-01
   outer loop
     vertex  5.225000e+00  1.329490e+00  1.365575e+00
     vertex  1.522500e+01  1.329490e+00  1.365575e+00
     vertex  1.522500e+01  1.339523e+00  1.432136e+00
   endloop
 endfacet
 facet normal  0.000000e+00 -9.888308e-01  1.490423e-01
   outer loop
     vertex  5.225000e+00  1.329490e+00  1.365575e+00
     vertex  1.522500e+01  1.339523e+00  1.432136e+00
     vertex  5.225000e+00  1.339523e+00  1.432136e+00
   endloop
 endfacet
 facet normal  0.000000e+00 -9.801725e-01  1.981461e-01
   outer loop
     vertex  5.225000e+00  1.316153e+00  1.299597e+00
     vertex  1.522500e+01  1.316153e+00  1.299597e+00
     vertex  1.522500e+01  1.329490e+00  1.365575e+00
   endloop
 endfacet
 facet normal  0.000000e+00 -9.801725e-01  1.981461e-01
   outer loop
     vertex  5.225000e+00  1.316153e+00  1.299597e+00
     vertex  1.522500e+01  1.329490e+00  1.365575e+00
     vertex  5.225000e+00  1.329490e+00  1.365575e+00
   endloop
 endfacet
 facet normal  0.000000e+00 -9.690773e-01  2.467574e-01
   outer loop
     vertex  5.225000e+00  1.299543e+00  1.234365e+00
     vertex  1.522500e+01  1.299543e+00  1.234365e+00
     vertex  1.522500e+01  1.316153e+00  1.299597e+00
   endloop
 endfacet
 facet normal  0.000000e+00 -9.690773e-01  2.467574e-01
   outer loop
     vertex  5.225000e+00  1.299543e+00  1.234365e+00
     vertex  1.522500e+01  1.316153e+00  1.299597e+00
     vertex  5.225000e+00  1.316153e+00  1.299597e+00
   endloop
 endfacet
 facet normal  0.000000e+00 -9.555728e-01  2.947552e-01
   outer loop
     vertex  5.225000e+00  1.279702e+00  1.170043e+00
     vertex  1.522500e+01  1.279702e+00  1.170043e+00
     vertex  1.522500e+01  1.299543e+00  1.234365e+00
   endloop
 endfacet
 facet normal  0.000000e+00 -9.555728e-01  2.947552e-01
   outer loop
     vertex  5.225000e+00  1.279702e+00  1.170043e+00
     vertex  1.522500e+01  1.299543e+00  1.234365e+00
     vertex  5.225000e+00  1.299543e+00  1.234365e+00
   endloop
 endfacet
 facet normal  0.000000e+00 -9.396926e-01  3.420201e-01
   outer loop
     vertex  5.225000e+00  1.256680e+00  1.106790e+00
     vertex  1.522500e+01  1.256680e+00  1.106790e+00
     vertex  1.522500e+01  1.279702e+00  1.170043e+00
   endloop
 endfacet
 facet normal  0.000000e+00 -9.396926e-01  3.420201e-01
   outer loop
     vertex  5.225000e+00  1.256680e+00  1.106790e+00
     vertex  1.522500e+01  1.279702e+00  1.170043e+00
     vertex  5.225000e+00  1.279702e+00  1.170043e+00
   endloop
 endfacet
 facet normal  0.000000e+00 -9.214762e-01  3.884348e-01
   outer loop
     vertex  5.225000e+00  1.230533e+00  1.044762e+00
     vertex  1.522500e+01  1.230533e+00  1.044762e+00
     vertex  1.522500e+01  1.256680e+00  1.106790e+00
   endloop
 endfacet
 facet normal  0.000000e+00 -9.214762e-01  3.884348e-01
   outer loop
     vertex  5.225000e+00  1.230533e+00  1.044762e+00
     vertex  1.522500e+01  1.256680e+00  1.106790e+00
     vertex  5.225000e+00  1.256680e+00  1.106790e+00
   endloop
 endfacet
 facet normal  0.000000e+00 -9.009689e-01  4.338837e-01
   outer loop
     vertex  5.225000e+00  1.201327e+00  9.841156e-01
     vertex  1.522500e+01  1.201327e+00  9.841156e-01
     vertex  1.522500e+01  1.230533e+00  1.044762e+00
   endloop
 endfacet
 facet normal  0.000000e+00 -8.782216e-01  4.782540e-01
   outer loop
     vertex  5.225000e+00  1.201327e+00  9.841156e-01
     vertex  1.522500e+01  1.169134e+00  9.250000e-01
     vertex  1.522500e+01  1.201327e+00  9.841156e-01
   endloop
 endfacet
 facet normal  0.000000e+00 -9.009689e-01  4.338837e-01
   outer loop
     vertex  5.225000e+00  1.201327e+00  9.841156e-01
     vertex  1.522500e+01  1.230533e+00  1.044762e+00
     vertex  5.225000e+00  1.230533e+00  1.044762e+00
   endloop
 endfacet
 facet normal  0.000000e+00 -8.782216e-01  4.782540e-01
   outer loop
     vertex  5.225000e+00  1.169134e+00  9.250000e-01
     vertex  1.522500e+01  1.169134e+00  9.250000e-01
     vertex  5.225000e+00  1.201327e+00  9.841156e-01
   endloop
 endfacet
 facet normal  0.000000e+00 -8.532909e-01  5.214352e-01
   outer loop
     vertex  5.225000e+00  1.134035e+00  8.675625e-01
     vertex  1.522500e+01  1.134035e+00  8.675625e-01
     vertex  1.522500e+01  1.169134e+00  9.250000e-01
   endloop
 endfacet
 facet normal  0.000000e+00 -8.532909e-01  5.214352e-01
   outer loop
     vertex  5.225000e+00  1.134035e+00  8.675625e-01
     vertex  1.522500e+01  1.169134e+00  9.250000e-01
     vertex  5.225000e+00  1.169134e+00  9.250000e-01
   endloop
 endfacet
 facet normal  0.000000e+00 -8.262388e-01  5.633201e-01
   outer loop
     vertex  5.225000e+00  1.096116e+00  8.119460e-01
     vertex  1.522500e+01  1.096116e+00  8.119460e-01
     vertex  1.522500e+01  1.134035e+00  8.675625e-01
   endloop
 endfacet
 facet normal  0.000000e+00 -8.262388e-01  5.633201e-01
   outer loop
     vertex  5.225000e+00  1.096116e+00  8.119460e-01
     vertex  1.522500e+01  1.134035e+00  8.675625e-01
     vertex  5.225000e+00  1.134035e+00  8.675625e-01
   endloop
 endfacet
 facet normal  0.000000e+00 -7.971325e-01  6.038044e-01
   outer loop
     vertex  5.225000e+00  1.055473e+00  7.582888e-01
     vertex  1.522500e+01  1.055473e+00  7.582888e-01
     vertex  1.522500e+01  1.096116e+00  8.119460e-01
   endloop
 endfacet
 facet normal  0.000000e+00 -7.971325e-01  6.038044e-01
   outer loop
     vertex  5.225000e+00  1.055473e+00  7.582888e-01
     vertex  1.522500e+01  1.096116e+00  8.119460e-01
     vertex  5.225000e+00  1.096116e+00  8.119460e-01
   endloop
 endfacet
 facet normal  0.000000e+00 -7.660444e-01  6.427876e-01
   outer loop
     vertex  5.225000e+00  1.012205e+00  7.067241e-01
     vertex  1.522500e+01  1.012205e+00  7.067241e-01
     vertex  1.522500e+01  1.055473e+00  7.582888e-01
   endloop
 endfacet
 facet normal  0.000000e+00 -7.660444e-01  6.427876e-01
   outer loop
     vertex  5.225000e+00  1.012205e+00  7.067241e-01
     vertex  1.522500e+01  1.055473e+00  7.582888e-01
     vertex  5.225000e+00  1.055473e+00  7.582888e-01
   endloop
 endfacet
 facet normal  0.000000e+00 -7.330519e-01  6.801727e-01
   outer loop
     vertex  5.225000e+00  9.664202e-01  6.573803e-01
     vertex  1.522500e+01  9.664202e-01  6.573803e-01
     vertex  1.522500e+01  1.012205e+00  7.067241e-01
   endloop
 endfacet
 facet normal  0.000000e+00 -7.330519e-01  6.801727e-01
   outer loop
     vertex  5.225000e+00  9.664202e-01  6.573803e-01
     vertex  1.522500e+01  1.012205e+00  7.067241e-01
     vertex  5.225000e+00  1.012205e+00  7.067241e-01
   endloop
 endfacet
 facet normal  0.000000e+00 -6.982368e-01  7.158668e-01
   outer loop
     vertex  5.225000e+00  9.182332e-01  6.103800e-01
     vertex  1.522500e+01  9.182332e-01  6.103800e-01
     vertex  1.522500e+01  9.664202e-01  6.573803e-01
   endloop
 endfacet
 facet normal  0.000000e+00 -6.982368e-01  7.158668e-01
   outer loop
     vertex  5.225000e+00  9.182332e-01  6.103800e-01
     vertex  1.522500e+01  9.664202e-01  6.573803e-01
     vertex  5.225000e+00  9.664202e-01  6.573803e-01
   endloop
 endfacet
 facet normal  0.000000e+00 -6.616858e-01  7.497812e-01
   outer loop
     vertex  5.225000e+00  8.677633e-01  5.658400e-01
     vertex  1.522500e+01  9.182332e-01  6.103800e-01
     vertex  5.225000e+00  9.182332e-01  6.103800e-01
   endloop
 endfacet
 facet normal  0.000000e+00 -6.616858e-01  7.497812e-01
   outer loop
     vertex  5.225000e+00  8.677633e-01  5.658400e-01
     vertex  1.522500e+01  8.677633e-01  5.658400e-01
     vertex  1.522500e+01  9.182332e-01  6.103800e-01
   endloop
 endfacet
 facet normal  0.000000e+00 -6.234898e-01  7.818315e-01
   outer loop
     vertex  5.225000e+00  8.151360e-01  5.238711e-01
     vertex  1.522500e+01  8.677633e-01  5.658400e-01
     vertex  5.225000e+00  8.677633e-01  5.658400e-01
   endloop
 endfacet
 facet normal  0.000000e+00 -6.234898e-01  7.818315e-01
   outer loop
     vertex  5.225000e+00  8.151360e-01  5.238711e-01
     vertex  1.522500e+01  8.151360e-01  5.238711e-01
     vertex  1.522500e+01  8.677633e-01  5.658400e-01
   endloop
 endfacet
 facet normal  0.000000e+00 -5.837437e-01  8.119380e-01
   outer loop
     vertex  5.225000e+00  7.604821e-01  4.845777e-01
     vertex  1.522500e+01  8.151360e-01  5.238711e-01
     vertex  5.225000e+00  8.151360e-01  5.238711e-01
   endloop
 endfacet
 facet normal  0.000000e+00 -5.837437e-01  8.119380e-01
   outer loop
     vertex  5.225000e+00  7.604821e-01  4.845777e-01
     vertex  1.522500e+01  7.604821e-01  4.845777e-01
     vertex  1.522500e+01  8.151360e-01  5.238711e-01
   endloop
 endfacet
 facet normal  0.000000e+00 -5.425463e-01  8.400259e-01
   outer loop
     vertex  5.225000e+00  7.039375e-01  4.480573e-01
     vertex  1.522500e+01  7.604821e-01  4.845777e-01
     vertex  5.225000e+00  7.604821e-01  4.845777e-01
   endloop
 endfacet
 facet normal  0.000000e+00 -5.425463e-01  8.400259e-01
   outer loop
     vertex  5.225000e+00  7.039375e-01  4.480573e-01
     vertex  1.522500e+01  7.039375e-01  4.480573e-01
     vertex  1.522500e+01  7.604821e-01  4.845777e-01
   endloop
 endfacet
 facet normal  0.000000e+00 -5.000000e-01  8.660254e-01
   outer loop
     vertex  5.225000e+00  6.456429e-01  4.144009e-01
     vertex  1.522500e+01  7.039375e-01  4.480573e-01
     vertex  5.225000e+00  7.039375e-01  4.480573e-01
   endloop
 endfacet
 facet normal  0.000000e+00 -5.000000e-01  8.660254e-01
   outer loop
     vertex  5.225000e+00  6.456429e-01  4.144009e-01
     vertex  1.522500e+01  6.456429e-01  4.144009e-01
     vertex  1.522500e+01  7.039375e-01  4.480573e-01
   endloop
 endfacet
 facet normal  0.000000e+00 -4.562107e-01  8.898718e-01
   outer loop
     vertex  5.225000e+00  5.857430e-01  3.836920e-01
     vertex  1.522500e+01  6.456429e-01  4.144009e-01
     vertex  5.225000e+00  6.456429e-01  4.144009e-01
   endloop
 endfacet
 facet normal  0.000000e+00 -4.562107e-01  8.898718e-01
   outer loop
     vertex  5.225000e+00  5.857430e-01  3.836920e-01
     vertex  1.522500e+01  5.857430e-01  3.836920e-01
     vertex  1.522500e+01  6.456429e-01  4.144009e-01
   endloop
 endfacet
 facet normal  0.000000e+00 -4.112871e-01  9.115059e-01
   outer loop
     vertex  5.225000e+00  5.243870e-01  3.560071e-01
     vertex  1.522500e+01  5.857430e-01  3.836920e-01
     vertex  5.225000e+00  5.857430e-01  3.836920e-01
   endloop
 endfacet
 facet normal  0.000000e+00 -4.112871e-01  9.115059e-01
   outer loop
     vertex  5.225000e+00  5.243870e-01  3.560071e-01
     vertex  1.522500e+01  5.243870e-01  3.560071e-01
     vertex  1.522500e+01  5.857430e-01  3.836920e-01
   endloop
 endfacet
 facet normal  0.000000e+00 -3.653410e-01  9.308737e-01
   outer loop
     vertex  5.225000e+00  4.617272e-01  3.314150e-01
     vertex  1.522500e+01  5.243870e-01  3.560071e-01
     vertex  5.225000e+00  5.243870e-01  3.560071e-01
   endloop
 endfacet
 facet normal  0.000000e+00 -3.653410e-01  9.308737e-01
   outer loop
     vertex  5.225000e+00  4.617272e-01  3.314150e-01
     vertex  1.522500e+01  4.617272e-01  3.314150e-01
     vertex  1.522500e+01  5.243870e-01  3.560071e-01
   endloop
 endfacet
 facet normal  0.000000e+00 -3.184867e-01  9.479273e-01
   outer loop
     vertex  5.225000e+00  4.617272e-01  3.314150e-01
     vertex  1.522500e+01  3.979195e-01  3.099767e-01
     vertex  1.522500e+01  4.617272e-01  3.314150e-01
   endloop
 endfacet
 facet normal  0.000000e+00 -3.184867e-01  9.479273e-01
   outer loop
     vertex  5.225000e+00  3.979195e-01  3.099767e-01
     vertex  1.522500e+01  3.979195e-01  3.099767e-01
     vertex  5.225000e+00  4.617272e-01  3.314150e-01
   endloop
 endfacet
 facet normal  0.000000e+00 -2.708405e-01  9.626242e-01
   outer loop
     vertex  5.225000e+00  3.331225e-01  2.917457e-01
     vertex  1.522500e+01  3.979195e-01  3.099767e-01
     vertex  5.225000e+00  3.979195e-01  3.099767e-01
   endloop
 endfacet
 facet normal  0.000000e+00 -2.708405e-01  9.626242e-01
   outer loop
     vertex  5.225000e+00  3.331225e-01  2.917457e-01
     vertex  1.522500e+01  3.331225e-01  2.917457e-01
     vertex  1.522500e+01  3.979195e-01  3.099767e-01
   endloop
 endfacet
 facet normal  0.000000e+00 -2.225209e-01  9.749279e-01
   outer loop
     vertex  5.225000e+00  2.674973e-01  2.767671e-01
     vertex  1.522500e+01  3.331225e-01  2.917457e-01
     vertex  5.225000e+00  3.331225e-01  2.917457e-01
   endloop
 endfacet
 facet normal  0.000000e+00 -2.225209e-01  9.749279e-01
   outer loop
     vertex  5.225000e+00  2.674973e-01  2.767671e-01
     vertex  1.522500e+01  2.674973e-01  2.767671e-01
     vertex  1.522500e+01  3.331225e-01  2.917457e-01
   endloop
 endfacet
 facet normal  0.000000e+00 -1.736482e-01  9.848078e-01
   outer loop
     vertex  5.225000e+00  2.012071e-01  2.650784e-01
     vertex  1.522500e+01  2.674973e-01  2.767671e-01
     vertex  5.225000e+00  2.674973e-01  2.767671e-01
   endloop
 endfacet
 facet normal  0.000000e+00 -1.736482e-01  9.848078e-01
   outer loop
     vertex  5.225000e+00  2.012071e-01  2.650784e-01
     vertex  1.522500e+01  2.012071e-01  2.650784e-01
     vertex  1.522500e+01  2.674973e-01  2.767671e-01
   endloop
 endfacet
 facet normal  0.000000e+00 -1.243437e-01  9.922392e-01
   outer loop
     vertex  5.225000e+00  1.344166e-01  2.567085e-01
     vertex  1.522500e+01  2.012071e-01  2.650784e-01
     vertex  5.225000e+00  2.012071e-01  2.650784e-01
   endloop
 endfacet
 facet normal  0.000000e+00 -1.243437e-01  9.922392e-01
   outer loop
     vertex  5.225000e+00  1.344166e-01  2.567085e-01
     vertex  1.522500e+01  1.344166e-01  2.567085e-01
     vertex  1.522500e+01  2.012071e-01  2.650784e-01
   endloop
 endfacet
 facet normal  0.000000e+00 -7.473009e-02  9.972038e-01
   outer loop
     vertex  5.225000e+00  6.729195e-02  2.516782e-01
     vertex  1.522500e+01  1.344166e-01  2.567085e-01
     vertex  5.225000e+00  1.344166e-01  2.567085e-01
   endloop
 endfacet
 facet normal  0.000000e+00 -7.473009e-02  9.972038e-01
   outer loop
     vertex  5.225000e+00  6.729195e-02  2.516782e-01
     vertex  1.522500e+01  6.729195e-02  2.516782e-01
     vertex  1.522500e+01  1.344166e-01  2.567085e-01
   endloop
 endfacet
 facet normal  0.000000e+00 -2.493069e-02  9.996892e-01
   outer loop
     vertex  5.225000e+00  6.729195e-02  2.516782e-01
     vertex  1.522500e+01  3.306546e-16  2.500000e-01
     vertex  1.522500e+01  6.729195e-02  2.516782e-01
   endloop
 endfacet
 facet normal  0.000000e+00 -2.493069e-02  9.996892e-01
   outer loop
     vertex  5.225000e+00  3.306546e-16  2.500000e-01
     vertex  1.522500e+01  3.306546e-16  2.500000e-01
     vertex  5.225000e+00  6.729195e-02  2.516782e-01
   endloop
 endfacet
 facet normal -0.000000e+00  0.000000e+00 -1.000000e+00
   outer loop
     vertex -2.665000e+00 -1.910000e+01  3.200000e+00
     vertex -1.116500e+01 -2.480500e+01  3.200000e+00
     vertex -1.116500e+01 -1.910000e+01  3.200000e+00
   endloop
 endfacet
 facet normal  0.000000e+00 -0.000000e+00 -1.000000e+00
   outer loop
     vertex -2.665000e+00 -1.910000e+01  3.200000e+00
     vertex -2.665000e+00 -2.480500e+01  3.200000e+00
     vertex -1.116500e+01 -2.480500e+01  3.200000e+00
   endloop
 endfacet
 facet normal  1.000000e+00  0.000000e+00  0.000000e+00
   outer loop
     vertex -2.665000e+00 -2.362030e+01  4.975781e+00
     vertex -2.665000e+00 -2.276788e+01  3.999510e+00
     vertex -2.665000e+00 -2.266098e+01  4.103781e+00
   endloop
 endfacet
 facet normal  1.000000e+00  0.000000e+00  0.000000e+00
   outer loop
     vertex -2.665000e+00 -2.356156e+01  5.035752e+00
     vertex -2.665000e+00 -2.266098e+01  4.103781e+00
     vertex -2.665000e+00 -2.255941e+01  4.213251e+00
   endloop
 endfacet
 facet normal  1.000000e+00  0.000000e+00  0.000000e+00
   outer loop
     vertex -2.665000e+00 -2.356156e+01  5.035752e+00
     vertex -2.665000e+00 -2.362030e+01  4.975781e+00
     vertex -2.665000e+00 -2.266098e+01  4.103781e+00
   endloop
 endfacet
 facet normal  1.000000e+00  0.000000e+00  0.000000e+00
   outer loop
     vertex -2.665000e+00 -2.368194e+01  4.918783e+00
     vertex -2.665000e+00 -2.287985e+01  3.900697e+00
     vertex -2.665000e+00 -2.276788e+01  3.999510e+00
   endloop
 endfacet
 facet normal  1.000000e+00 -0.000000e+00  0.000000e+00
   outer loop
     vertex -2.665000e+00 -2.368194e+01  4.918783e+00
     vertex -2.665000e+00 -2.276788e+01  3.999510e+00
     vertex -2.665000e+00 -2.362030e+01  4.975781e+00
   endloop
 endfacet
 facet normal  1.000000e+00  0.000000e+00  0.000000e+00
   outer loop
     vertex -2.665000e+00 -2.350585e+01  5.098549e+00
     vertex -2.665000e+00 -2.356156e+01  5.035752e+00
     vertex -2.665000e+00 -2.255941e+01  4.213251e+00
   endloop
 endfacet
 facet normal  1.000000e+00  0.000000e+00  0.000000e+00
   outer loop
     vertex -2.665000e+00 -2.350585e+01  5.098549e+00
     vertex -2.665000e+00 -2.255941e+01  4.213251e+00
     vertex -2.665000e+00 -2.246341e+01  4.327648e+00
   endloop
 endfacet
 facet normal  1.000000e+00  0.000000e+00  0.000000e+00
   outer loop
     vertex -2.665000e+00 -2.374631e+01  4.864897e+00
     vertex -2.665000e+00 -2.299661e+01  3.807588e+00
     vertex -2.665000e+00 -2.287985e+01  3.900697e+00
   endloop
 endfacet
 facet normal  1.000000e+00 -0.000000e+00  0.000000e+00
   outer loop
     vertex -2.665000e+00 -2.374631e+01  4.864897e+00
     vertex -2.665000e+00 -2.287985e+01  3.900697e+00
     vertex -2.665000e+00 -2.368194e+01  4.918783e+00
   endloop
 endfacet
 facet normal  1.000000e+00  0.000000e+00  0.000000e+00
   outer loop
     vertex -2.665000e+00 -2.345330e+01  5.164021e+00
     vertex -2.665000e+00 -2.246341e+01  4.327648e+00
     vertex -2.665000e+00 -2.237325e+01  4.446688e+00
   endloop
 endfacet
 facet normal  1.000000e+00  0.000000e+00  0.000000e+00
   outer loop
     vertex -2.665000e+00 -2.345330e+01  5.164021e+00
     vertex -2.665000e+00 -2.350585e+01  5.098549e+00
     vertex -2.665000e+00 -2.246341e+01  4.327648e+00
   endloop
 endfacet
 facet normal  1.000000e+00 -0.000000e+00  0.000000e+00
   outer loop
     vertex -2.665000e+00 -2.381326e+01  4.814255e+00
     vertex -2.665000e+00 -2.299661e+01  3.807588e+00
     vertex -2.665000e+00 -2.374631e+01  4.864897e+00
   endloop
 endfacet
 facet normal  1.000000e+00  0.000000e+00  0.000000e+00
   outer loop
     vertex -2.665000e+00 -2.381326e+01  4.814255e+00
     vertex -2.665000e+00 -2.311786e+01  3.720415e+00
     vertex -2.665000e+00 -2.299661e+01  3.807588e+00
   endloop
 endfacet
 facet normal  1.000000e+00  0.000000e+00  0.000000e+00
   outer loop
     vertex -2.665000e+00 -2.340406e+01  5.232006e+00
     vertex -2.665000e+00 -2.237325e+01  4.446688e+00
     vertex -2.665000e+00 -2.228912e+01  4.570074e+00
   endloop
 endfacet
 facet normal  1.000000e+00  0.000000e+00  0.000000e+00
   outer loop
     vertex -2.665000e+00 -2.340406e+01  5.232006e+00
     vertex -2.665000e+00 -2.345330e+01  5.164021e+00
     vertex -2.665000e+00 -2.237325e+01  4.446688e+00
   endloop
 endfacet
 facet normal  1.000000e+00 -0.000000e+00  0.000000e+00
   outer loop
     vertex -2.665000e+00 -2.388263e+01  4.766980e+00
     vertex -2.665000e+00 -2.311786e+01  3.720415e+00
     vertex -2.665000e+00 -2.381326e+01  4.814255e+00
   endloop
 endfacet
 facet normal  1.000000e+00  0.000000e+00  0.000000e+00
   outer loop
     vertex -2.665000e+00 -2.388263e+01  4.766980e+00
     vertex -2.665000e+00 -2.324330e+01  3.639394e+00
     vertex -2.665000e+00 -2.311786e+01  3.720415e+00
   endloop
 endfacet
 facet normal  1.000000e+00  0.000000e+00  0.000000e+00
   outer loop
     vertex -2.665000e+00 -2.335822e+01  5.302340e+00
     vertex -2.665000e+00 -2.228912e+01  4.570074e+00
     vertex -2.665000e+00 -2.221125e+01  4.697500e+00
   endloop
 endfacet
 facet normal  1.000000e+00  0.000000e+00  0.000000e+00
   outer loop
     vertex -2.665000e+00 -2.335822e+01  5.302340e+00
     vertex -2.665000e+00 -2.340406e+01  5.232006e+00
     vertex -2.665000e+00 -2.228912e+01  4.570074e+00
   endloop
 endfacet
 facet normal  1.000000e+00 -0.000000e+00  0.000000e+00
   outer loop
     vertex -2.665000e+00 -2.395425e+01  4.723187e+00
     vertex -2.665000e+00 -2.324330e+01  3.639394e+00
     vertex -2.665000e+00 -2.388263e+01  4.766980e+00
   endloop
 endfacet
 facet normal  1.000000e+00  0.000000e+00  0.000000e+00
   outer loop
     vertex -2.665000e+00 -2.395425e+01  4.723187e+00
     vertex -2.665000e+00 -2.337263e+01  3.564726e+00
     vertex -2.665000e+00 -2.324330e+01  3.639394e+00
   endloop
 endfacet
 facet normal  1.000000e+00  0.000000e+00  0.000000e+00
   outer loop
     vertex -2.665000e+00 -2.331592e+01  5.374851e+00
     vertex -2.665000e+00 -2.335822e+01  5.302340e+00
     vertex -2.665000e+00 -2.221125e+01  4.697500e+00
   endloop
 endfacet
 facet normal  1.000000e+00  0.000000e+00  0.000000e+00
   outer loop
     vertex -2.665000e+00 -2.331592e+01  5.374851e+00
     vertex -2.665000e+00 -2.221125e+01  4.697500e+00
     vertex -2.665000e+00 -2.213983e+01  4.828649e+00
   endloop
 endfacet
 facet normal  1.000000e+00  0.000000e+00  0.000000e+00
   outer loop
     vertex -2.665000e+00 -2.402795e+01  4.682984e+00
     vertex -2.665000e+00 -2.350552e+01  3.496598e+00
     vertex -2.665000e+00 -2.337263e+01  3.564726e+00
   endloop
 endfacet
 facet normal  1.000000e+00 -0.000000e+00  0.000000e+00
   outer loop
     vertex -2.665000e+00 -2.402795e+01  4.682984e+00
     vertex -2.665000e+00 -2.337263e+01  3.564726e+00
     vertex -2.665000e+00 -2.395425e+01  4.723187e+00
   endloop
 endfacet
 facet normal  1.000000e+00  0.000000e+00  0.000000e+00
   outer loop
     vertex -2.665000e+00 -2.327725e+01  5.449361e+00
     vertex -2.665000e+00 -2.213983e+01  4.828649e+00
     vertex -2.665000e+00 -2.207504e+01  4.963195e+00
   endloop
 endfacet
 facet normal  1.000000e+00  0.000000e+00  0.000000e+00
   outer loop
     vertex -2.665000e+00 -2.327725e+01  5.449361e+00
     vertex -2.665000e+00 -2.331592e+01  5.374851e+00
     vertex -2.665000e+00 -2.213983e+01  4.828649e+00
   endloop
 endfacet
 facet normal  1.000000e+00  0.000000e+00  0.000000e+00
   outer loop
     vertex -2.665000e+00 -2.410354e+01  4.646467e+00
     vertex -2.665000e+00 -2.364164e+01  3.435179e+00
     vertex -2.665000e+00 -2.350552e+01  3.496598e+00
   endloop
 endfacet
 facet normal  1.000000e+00 -0.000000e+00  0.000000e+00
   outer loop
     vertex -2.665000e+00 -2.410354e+01  4.646467e+00
     vertex -2.665000e+00 -2.350552e+01  3.496598e+00
     vertex -2.665000e+00 -2.402795e+01  4.682984e+00
   endloop
 endfacet
 facet normal  1.000000e+00  0.000000e+00  0.000000e+00
   outer loop
     vertex -2.665000e+00 -2.324230e+01  5.525690e+00
     vertex -2.665000e+00 -2.207504e+01  4.963195e+00
     vertex -2.665000e+00 -2.201703e+01  5.100804e+00
   endloop
 endfacet
 facet normal  1.000000e+00  0.000000e+00  0.000000e+00
   outer loop
     vertex -2.665000e+00 -2.324230e+01  5.525690e+00
     vertex -2.665000e+00 -2.327725e+01  5.449361e+00
     vertex -2.665000e+00 -2.207504e+01  4.963195e+00
   endloop
 endfacet
 facet normal  1.000000e+00 -0.000000e+00  0.000000e+00
   outer loop
     vertex -2.665000e+00 -2.418084e+01  4.613726e+00
     vertex -2.665000e+00 -2.364164e+01  3.435179e+00
     vertex -2.665000e+00 -2.410354e+01  4.646467e+00
   endloop
 endfacet
 facet normal  1.000000e+00  0.000000e+00  0.000000e+00
   outer loop
     vertex -2.665000e+00 -2.418084e+01  4.613726e+00
     vertex -2.665000e+00 -2.378065e+01  3.380621e+00
     vertex -2.665000e+00 -2.364164e+01  3.435179e+00
   endloop
 endfacet
 facet normal  1.000000e+00  0.000000e+00  0.000000e+00
   outer loop
     vertex -2.665000e+00 -2.321117e+01  5.603651e+00
     vertex -2.665000e+00 -2.201703e+01  5.100804e+00
     vertex -2.665000e+00 -2.196596e+01  5.241132e+00
   endloop
 endfacet
 facet normal  1.000000e+00  0.000000e+00  0.000000e+00
   outer loop
     vertex -2.665000e+00 -2.321117e+01  5.603651e+00
     vertex -2.665000e+00 -2.324230e+01  5.525690e+00
     vertex -2.665000e+00 -2.201703e+01  5.100804e+00
   endloop
 endfacet
 facet normal  1.000000e+00 -0.000000e+00  0.000000e+00
   outer loop
     vertex -2.665000e+00 -2.425966e+01  4.584842e+00
     vertex -2.665000e+00 -2.378065e+01  3.380621e+00
     vertex -2.665000e+00 -2.418084e+01  4.613726e+00
   endloop
 endfacet
 facet normal  1.000000e+00  0.000000e+00  0.000000e+00
   outer loop
     vertex -2.665000e+00 -2.425966e+01  4.584842e+00
     vertex -2.665000e+00 -2.392221e+01  3.333059e+00
     vertex -2.665000e+00 -2.378065e+01  3.380621e+00
   endloop
 endfacet
 facet normal  1.000000e+00  0.000000e+00  0.000000e+00
   outer loop
     vertex -2.665000e+00 -2.318392e+01  5.683054e+00
     vertex -2.665000e+00 -2.196596e+01  5.241132e+00
     vertex -2.665000e+00 -2.192194e+01  5.383833e+00
   endloop
 endfacet
 facet normal  1.000000e+00  0.000000e+00  0.000000e+00
   outer loop
     vertex -2.665000e+00 -2.318392e+01  5.683054e+00
     vertex -2.665000e+00 -2.321117e+01  5.603651e+00
     vertex -2.665000e+00 -2.196596e+01  5.241132e+00
   endloop
 endfacet
 facet normal  1.000000e+00  0.000000e+00  0.000000e+00
   outer loop
     vertex -2.665000e+00 -2.433982e+01  4.559884e+00
     vertex -2.665000e+00 -2.406596e+01  3.292614e+00
     vertex -2.665000e+00 -2.392221e+01  3.333059e+00
   endloop
 endfacet
 facet normal  1.000000e+00 -0.000000e+00  0.000000e+00
   outer loop
     vertex -2.665000e+00 -2.433982e+01  4.559884e+00
     vertex -2.665000e+00 -2.392221e+01  3.333059e+00
     vertex -2.665000e+00 -2.425966e+01  4.584842e+00
   endloop
 endfacet
 facet normal  1.000000e+00  0.000000e+00  0.000000e+00
   outer loop
     vertex -2.665000e+00 -2.316062e+01  5.763705e+00
     vertex -2.665000e+00 -2.192194e+01  5.383833e+00
     vertex -2.665000e+00 -2.188509e+01  5.528550e+00
   endloop
 endfacet
 facet normal  1.000000e+00  0.000000e+00  0.000000e+00
   outer loop
     vertex -2.665000e+00 -2.316062e+01  5.763705e+00
     vertex -2.665000e+00 -2.318392e+01  5.683054e+00
     vertex -2.665000e+00 -2.192194e+01  5.383833e+00
   endloop
 endfacet
 facet normal  1.000000e+00  0.000000e+00  0.000000e+00
   outer loop
     vertex -2.665000e+00 -2.442110e+01  4.538913e+00
     vertex -2.665000e+00 -2.421155e+01  3.259383e+00
     vertex -2.665000e+00 -2.406596e+01  3.292614e+00
   endloop
 endfacet
 facet normal  1.000000e+00 -0.000000e+00  0.000000e+00
   outer loop
     vertex -2.665000e+00 -2.442110e+01  4.538913e+00
     vertex -2.665000e+00 -2.406596e+01  3.292614e+00
     vertex -2.665000e+00 -2.433982e+01  4.559884e+00
   endloop
 endfacet
 facet normal  1.000000e+00  0.000000e+00  0.000000e+00
   outer loop
     vertex -2.665000e+00 -2.314133e+01  5.845408e+00
     vertex -2.665000e+00 -2.188509e+01  5.528550e+00
     vertex -2.665000e+00 -2.185550e+01  5.674924e+00
   endloop
 endfacet
 facet normal  1.000000e+00  0.000000e+00  0.000000e+00
   outer loop
     vertex -2.665000e+00 -2.314133e+01  5.845408e+00
     vertex -2.665000e+00 -2.316062e+01  5.763705e+00
     vertex -2.665000e+00 -2.188509e+01  5.528550e+00
   endloop
 endfacet
 facet normal  1.000000e+00  0.000000e+00  0.000000e+00
   outer loop
     vertex -2.665000e+00 -2.450333e+01  4.521981e+00
     vertex -2.665000e+00 -2.435862e+01  3.233452e+00
     vertex -2.665000e+00 -2.421155e+01  3.259383e+00
   endloop
 endfacet
 facet normal  1.000000e+00 -0.000000e+00  0.000000e+00
   outer loop
     vertex -2.665000e+00 -2.450333e+01  4.521981e+00
     vertex -2.665000e+00 -2.421155e+01  3.259383e+00
     vertex -2.665000e+00 -2.442110e+01  4.538913e+00
   endloop
 endfacet
 facet normal  1.000000e+00  0.000000e+00  0.000000e+00
   outer loop
     vertex -2.665000e+00 -2.312610e+01  5.927964e+00
     vertex -2.665000e+00 -2.185550e+01  5.674924e+00
     vertex -2.665000e+00 -2.183324e+01  5.822591e+00
   endloop
 endfacet
 facet normal  1.000000e+00  0.000000e+00  0.000000e+00
   outer loop
     vertex -2.665000e+00 -2.312610e+01  5.927964e+00
     vertex -2.665000e+00 -2.314133e+01  5.845408e+00
     vertex -2.665000e+00 -2.185550e+01  5.674924e+00
   endloop
 endfacet
 facet normal  1.000000e+00  0.000000e+00  0.000000e+00
   outer loop
     vertex -2.665000e+00 -2.458629e+01  4.509128e+00
     vertex -2.665000e+00 -2.450679e+01  3.214883e+00
     vertex -2.665000e+00 -2.435862e+01  3.233452e+00
   endloop
 endfacet
 facet normal  1.000000e+00 -0.000000e+00  0.000000e+00
   outer loop
     vertex -2.665000e+00 -2.458629e+01  4.509128e+00
     vertex -2.665000e+00 -2.435862e+01  3.233452e+00
     vertex -2.665000e+00 -2.450333e+01  4.521981e+00
   endloop
 endfacet
 facet normal  1.000000e+00  0.000000e+00  0.000000e+00
   outer loop
     vertex -2.665000e+00 -2.311497e+01  6.011171e+00
     vertex -2.665000e+00 -2.183324e+01  5.822591e+00
     vertex -2.665000e+00 -2.181837e+01  5.971183e+00
   endloop
 endfacet
 facet normal  1.000000e+00  0.000000e+00  0.000000e+00
   outer loop
     vertex -2.665000e+00 -2.311497e+01  6.011171e+00
     vertex -2.665000e+00 -2.312610e+01  5.927964e+00
     vertex -2.665000e+00 -2.183324e+01  5.822591e+00
   endloop
 endfacet
 facet normal  1.000000e+00  0.000000e+00  0.000000e+00
   outer loop
     vertex -2.665000e+00 -2.466978e+01  4.500386e+00
     vertex -2.665000e+00 -2.465571e+01  3.203723e+00
     vertex -2.665000e+00 -2.450679e+01  3.214883e+00
   endloop
 endfacet
 facet normal  1.000000e+00 -0.000000e+00  0.000000e+00
   outer loop
     vertex -2.665000e+00 -2.466978e+01  4.500386e+00
     vertex -2.665000e+00 -2.450679e+01  3.214883e+00
     vertex -2.665000e+00 -2.458629e+01  4.509128e+00
   endloop
 endfacet
 facet normal  1.000000e+00 -0.000000e+00  0.000000e+00
   outer loop
     vertex -2.665000e+00 -2.310795e+01  6.094826e+00
     vertex -2.665000e+00 -2.181837e+01  5.971183e+00
     vertex -2.665000e+00 -2.181093e+01  6.120333e+00
   endloop
 endfacet
 facet normal  1.000000e+00  0.000000e+00  0.000000e+00
   outer loop
     vertex -2.665000e+00 -2.310795e+01  6.094826e+00
     vertex -2.665000e+00 -2.311497e+01  6.011171e+00
     vertex -2.665000e+00 -2.181837e+01  5.971183e+00
   endloop
 endfacet
 facet normal  1.000000e+00  0.000000e+00  0.000000e+00
   outer loop
     vertex -2.665000e+00 -2.475360e+01  4.495777e+00
     vertex -2.665000e+00 -2.480500e+01  3.200000e+00
     vertex -2.665000e+00 -2.465571e+01  3.203723e+00
   endloop
 endfacet
 facet normal  1.000000e+00 -0.000000e+00  0.000000e+00
   outer loop
     vertex -2.665000e+00 -2.475360e+01  4.495777e+00
     vertex -2.665000e+00 -2.465571e+01  3.203723e+00
     vertex -2.665000e+00 -2.466978e+01  4.500386e+00
   endloop
 endfacet
 facet normal  1.000000e+00  0.000000e+00  0.000000e+00
   outer loop
     vertex -2.665000e+00 -2.310508e+01  6.178725e+00
     vertex -2.665000e+00 -2.310795e+01  6.094826e+00
     vertex -2.665000e+00 -2.181093e+01  6.120333e+00
   endloop
 endfacet
 facet normal  1.000000e+00 -0.000000e+00  0.000000e+00
   outer loop
     vertex -2.665000e+00 -2.310508e+01  6.178725e+00
     vertex -2.665000e+00 -2.181093e+01  6.120333e+00
     vertex -2.665000e+00 -2.181093e+01  6.269667e+00
   endloop
 endfacet
 facet normal  1.000000e+00  0.000000e+00  0.000000e+00
   outer loop
     vertex -2.665000e+00 -2.483755e+01  4.495312e+00
     vertex -2.665000e+00 -2.493839e+01  3.202972e+00
     vertex -2.665000e+00 -2.487171e+01  3.200743e+00
   endloop
 endfacet
 facet normal  1.000000e+00  0.000000e+00  0.000000e+00
   outer loop
     vertex -2.665000e+00 -2.483755e+01  4.495312e+00
     vertex -2.665000e+00 -2.487171e+01  3.200743e+00
     vertex -2.665000e+00 -2.480500e+01  3.200000e+00
   endloop
 endfacet
 facet normal  1.000000e+00 -0.000000e+00  0.000000e+00
   outer loop
     vertex -2.665000e+00 -2.483755e+01  4.495312e+00
     vertex -2.665000e+00 -2.480500e+01  3.200000e+00
     vertex -2.665000e+00 -2.475360e+01  4.495777e+00
   endloop
 endfacet
 facet normal  1.000000e+00  0.000000e+00  0.000000e+00
   outer loop
     vertex -2.665000e+00 -2.310635e+01  6.262664e+00
     vertex -2.665000e+00 -2.181093e+01  6.269667e+00
     vertex -2.665000e+00 -2.181837e+01  6.418817e+00
   endloop
 endfacet
 facet normal  1.000000e+00 -0.000000e+00  0.000000e+00
   outer loop
     vertex -2.665000e+00 -2.310635e+01  6.262664e+00
     vertex -2.665000e+00 -2.310508e+01  6.178725e+00
     vertex -2.665000e+00 -2.181093e+01  6.269667e+00
   endloop
 endfacet
 facet normal  1.000000e+00  0.000000e+00  0.000000e+00
   outer loop
     vertex -2.665000e+00 -2.492142e+01  4.498991e+00
     vertex -2.665000e+00 -2.500500e+01  3.206685e+00
     vertex -2.665000e+00 -2.493839e+01  3.202972e+00
   endloop
 endfacet
 facet normal  1.000000e+00  0.000000e+00  0.000000e+00
   outer loop
     vertex -2.665000e+00 -2.492142e+01  4.498991e+00
     vertex -2.665000e+00 -2.493839e+01  3.202972e+00
     vertex -2.665000e+00 -2.483755e+01  4.495312e+00
   endloop
 endfacet
 facet normal  1.000000e+00  0.000000e+00  0.000000e+00
   outer loop
     vertex -2.665000e+00 -2.311176e+01  6.346438e+00
     vertex -2.665000e+00 -2.181837e+01  6.418817e+00
     vertex -2.665000e+00 -2.183324e+01  6.567409e+00
   endloop
 endfacet
 facet normal  1.000000e+00 -0.000000e+00  0.000000e+00
   outer loop
     vertex -2.665000e+00 -2.311176e+01  6.346438e+00
     vertex -2.665000e+00 -2.310635e+01  6.262664e+00
     vertex -2.665000e+00 -2.181837e+01  6.418817e+00
   endloop
 endfacet
 facet normal  1.000000e+00  0.000000e+00  0.000000e+00
   outer loop
     vertex -2.665000e+00 -2.500500e+01  4.506806e+00
     vertex -2.665000e+00 -2.500500e+01  3.206685e+00
     vertex -2.665000e+00 -2.492142e+01  4.498991e+00
   endloop
 endfacet
 facet normal  1.000000e+00  0.000000e+00  0.000000e+00
   outer loop
     vertex -2.665000e+00 -2.312130e+01  6.429843e+00
     vertex -2.665000e+00 -2.183324e+01  6.567409e+00
     vertex -2.665000e+00 -2.185550e+01  6.715076e+00
   endloop
 endfacet
 facet normal  1.000000e+00 -0.000000e+00  0.000000e+00
   outer loop
     vertex -2.665000e+00 -2.312130e+01  6.429843e+00
     vertex -2.665000e+00 -2.311176e+01  6.346438e+00
     vertex -2.665000e+00 -2.183324e+01  6.567409e+00
   endloop
 endfacet
 facet normal  1.000000e+00 -0.000000e+00  0.000000e+00
   outer loop
     vertex -2.665000e+00 -2.313495e+01  6.512675e+00
     vertex -2.665000e+00 -2.312130e+01  6.429843e+00
     vertex -2.665000e+00 -2.185550e+01  6.715076e+00
   endloop
 endfacet
 facet normal  1.000000e+00  0.000000e+00  0.000000e+00
   outer loop
     vertex -2.665000e+00 -2.313495e+01  6.512675e+00
     vertex -2.665000e+00 -2.185550e+01  6.715076e+00
     vertex -2.665000e+00 -2.188509e+01  6.861450e+00
   endloop
 endfacet
 facet normal  1.000000e+00  0.000000e+00  0.000000e+00
   outer loop
     vertex -2.665000e+00 -2.315266e+01  6.594732e+00
     vertex -2.665000e+00 -2.188509e+01  6.861450e+00
     vertex -2.665000e+00 -2.192194e+01  7.006167e+00
   endloop
 endfacet
 facet normal  1.000000e+00 -0.000000e+00  0.000000e+00
   outer loop
     vertex -2.665000e+00 -2.315266e+01  6.594732e+00
     vertex -2.665000e+00 -2.313495e+01  6.512675e+00
     vertex -2.665000e+00 -2.188509e+01  6.861450e+00
   endloop
 endfacet
 facet normal  1.000000e+00  0.000000e+00  0.000000e+00
   outer loop
     vertex -2.665000e+00 -2.317441e+01  6.675815e+00
     vertex -2.665000e+00 -2.192194e+01  7.006167e+00
     vertex -2.665000e+00 -2.196596e+01  7.148868e+00
   endloop
 endfacet
 facet normal  1.000000e+00 -0.000000e+00  0.000000e+00
   outer loop
     vertex -2.665000e+00 -2.317441e+01  6.675815e+00
     vertex -2.665000e+00 -2.315266e+01  6.594732e+00
     vertex -2.665000e+00 -2.192194e+01  7.006167e+00
   endloop
 endfacet
 facet normal  1.000000e+00 -0.000000e+00  0.000000e+00
   outer loop
     vertex -2.665000e+00 -2.320014e+01  6.755725e+00
     vertex -2.665000e+00 -2.317441e+01  6.675815e+00
     vertex -2.665000e+00 -2.196596e+01  7.148868e+00
   endloop
 endfacet
 facet normal  1.000000e+00  0.000000e+00  0.000000e+00
   outer loop
     vertex -2.665000e+00 -2.320014e+01  6.755725e+00
     vertex -2.665000e+00 -2.196596e+01  7.148868e+00
     vertex -2.665000e+00 -2.201703e+01  7.289196e+00
   endloop
 endfacet
 facet normal  1.000000e+00 -0.000000e+00  0.000000e+00
   outer loop
     vertex -2.665000e+00 -2.322977e+01  6.834268e+00
     vertex -2.665000e+00 -2.320014e+01  6.755725e+00
     vertex -2.665000e+00 -2.201703e+01  7.289196e+00
   endloop
 endfacet
 facet normal  1.000000e+00  0.000000e+00  0.000000e+00
   outer loop
     vertex -2.665000e+00 -2.322977e+01  6.834268e+00
     vertex -2.665000e+00 -2.201703e+01  7.289196e+00
     vertex -2.665000e+00 -2.207504e+01  7.426805e+00
   endloop
 endfacet
 facet normal  1.000000e+00 -0.000000e+00  0.000000e+00
   outer loop
     vertex -2.665000e+00 -2.326325e+01  6.911252e+00
     vertex -2.665000e+00 -2.322977e+01  6.834268e+00
     vertex -2.665000e+00 -2.207504e+01  7.426805e+00
   endloop
 endfacet
 facet normal  1.000000e+00  0.000000e+00  0.000000e+00
   outer loop
     vertex -2.665000e+00 -2.326325e+01  6.911252e+00
     vertex -2.665000e+00 -2.207504e+01  7.426805e+00
     vertex -2.665000e+00 -2.213983e+01  7.561351e+00
   endloop
 endfacet
 facet normal  1.000000e+00  0.000000e+00  0.000000e+00
   outer loop
     vertex -2.665000e+00 -2.330049e+01  6.986489e+00
     vertex -2.665000e+00 -2.213983e+01  7.561351e+00
     vertex -2.665000e+00 -2.221125e+01  7.692500e+00
   endloop
 endfacet
 facet normal  1.000000e+00 -0.000000e+00  0.000000e+00
   outer loop
     vertex -2.665000e+00 -2.330049e+01  6.986489e+00
     vertex -2.665000e+00 -2.326325e+01  6.911252e+00
     vertex -2.665000e+00 -2.213983e+01  7.561351e+00
   endloop
 endfacet
 facet normal  1.000000e+00 -0.000000e+00  0.000000e+00
   outer loop
     vertex -2.665000e+00 -2.334140e+01  7.059797e+00
     vertex -2.665000e+00 -2.330049e+01  6.986489e+00
     vertex -2.665000e+00 -2.221125e+01  7.692500e+00
   endloop
 endfacet
 facet normal  1.000000e+00  0.000000e+00  0.000000e+00
   outer loop
     vertex -2.665000e+00 -2.334140e+01  7.059797e+00
     vertex -2.665000e+00 -2.221125e+01  7.692500e+00
     vertex -2.665000e+00 -2.228912e+01  7.819926e+00
   endloop
 endfacet
 facet normal  1.000000e+00 -0.000000e+00  0.000000e+00
   outer loop
     vertex -2.665000e+00 -2.338588e+01  7.130995e+00
     vertex -2.665000e+00 -2.334140e+01  7.059797e+00
     vertex -2.665000e+00 -2.228912e+01  7.819926e+00
   endloop
 endfacet
 facet normal  1.000000e+00  0.000000e+00  0.000000e+00
   outer loop
     vertex -2.665000e+00 -2.338588e+01  7.130995e+00
     vertex -2.665000e+00 -2.228912e+01  7.819926e+00
     vertex -2.665000e+00 -2.237325e+01  7.943312e+00
   endloop
 endfacet
 facet normal  1.000000e+00 -0.000000e+00  0.000000e+00
   outer loop
     vertex -2.665000e+00 -2.343381e+01  7.199911e+00
     vertex -2.665000e+00 -2.338588e+01  7.130995e+00
     vertex -2.665000e+00 -2.237325e+01  7.943312e+00
   endloop
 endfacet
 facet normal  1.000000e+00  0.000000e+00  0.000000e+00
   outer loop
     vertex -2.665000e+00 -2.343381e+01  7.199911e+00
     vertex -2.665000e+00 -2.237325e+01  7.943312e+00
     vertex -2.665000e+00 -2.246341e+01  8.062352e+00
   endloop
 endfacet
 facet normal  1.000000e+00 -0.000000e+00  0.000000e+00
   outer loop
     vertex -2.665000e+00 -2.348509e+01  7.266376e+00
     vertex -2.665000e+00 -2.343381e+01  7.199911e+00
     vertex -2.665000e+00 -2.246341e+01  8.062352e+00
   endloop
 endfacet
 facet normal  1.000000e+00  0.000000e+00  0.000000e+00
   outer loop
     vertex -2.665000e+00 -2.348509e+01  7.266376e+00
     vertex -2.665000e+00 -2.246341e+01  8.062352e+00
     vertex -2.665000e+00 -2.255941e+01  8.176749e+00
   endloop
 endfacet
 facet normal  1.000000e+00 -0.000000e+00  0.000000e+00
   outer loop
     vertex -2.665000e+00 -2.353959e+01  7.330229e+00
     vertex -2.665000e+00 -2.348509e+01  7.266376e+00
     vertex -2.665000e+00 -2.255941e+01  8.176749e+00
   endloop
 endfacet
 facet normal  1.000000e+00  0.000000e+00  0.000000e+00
   outer loop
     vertex -2.665000e+00 -2.266098e+01  8.286219e+00
     vertex -2.665000e+00 -2.353959e+01  7.330229e+00
     vertex -2.665000e+00 -2.255941e+01  8.176749e+00
   endloop
 endfacet
 facet normal  1.000000e+00 -0.000000e+00  0.000000e+00
   outer loop
     vertex -2.665000e+00 -2.359718e+01  7.391314e+00
     vertex -2.665000e+00 -2.353959e+01  7.330229e+00
     vertex -2.665000e+00 -2.266098e+01  8.286219e+00
   endloop
 endfacet
 facet normal  1.000000e+00  0.000000e+00  0.000000e+00
   outer loop
     vertex -2.665000e+00 -2.276788e+01  8.390490e+00
     vertex -2.665000e+00 -2.365771e+01  7.449481e+00
     vertex -2.665000e+00 -2.359718e+01  7.391314e+00
   endloop
 endfacet
 facet normal  1.000000e+00  0.000000e+00  0.000000e+00
   outer loop
     vertex -2.665000e+00 -2.276788e+01  8.390490e+00
     vertex -2.665000e+00 -2.359718e+01  7.391314e+00
     vertex -2.665000e+00 -2.266098e+01  8.286219e+00
   endloop
 endfacet
 facet normal  1.000000e+00  0.000000e+00  0.000000e+00
   outer loop
     vertex -2.665000e+00 -2.287985e+01  8.489303e+00
     vertex -2.665000e+00 -2.372104e+01  7.504589e+00
     vertex -2.665000e+00 -2.365771e+01  7.449481e+00
   endloop
 endfacet
 facet normal  1.000000e+00  0.000000e+00  0.000000e+00
   outer loop
     vertex -2.665000e+00 -2.287985e+01  8.489303e+00
     vertex -2.665000e+00 -2.365771e+01  7.449481e+00
     vertex -2.665000e+00 -2.276788e+01  8.390490e+00
   endloop
 endfacet
 facet normal  1.000000e+00  0.000000e+00  0.000000e+00
   outer loop
     vertex -2.665000e+00 -2.299661e+01  8.582412e+00
     vertex -2.665000e+00 -2.378701e+01  7.556504e+00
     vertex -2.665000e+00 -2.372104e+01  7.504589e+00
   endloop
 endfacet
 facet normal  1.000000e+00  0.000000e+00  0.000000e+00
   outer loop
     vertex -2.665000e+00 -2.299661e+01  8.582412e+00
     vertex -2.665000e+00 -2.372104e+01  7.504589e+00
     vertex -2.665000e+00 -2.287985e+01  8.489303e+00
   endloop
 endfacet
 facet normal  1.000000e+00  0.000000e+00  0.000000e+00
   outer loop
     vertex -2.665000e+00 -2.311786e+01  8.669585e+00
     vertex -2.665000e+00 -2.385546e+01  7.605099e+00
     vertex -2.665000e+00 -2.378701e+01  7.556504e+00
   endloop
 endfacet
 facet normal  1.000000e+00  0.000000e+00  0.000000e+00
   outer loop
     vertex -2.665000e+00 -2.311786e+01  8.669585e+00
     vertex -2.665000e+00 -2.378701e+01  7.556504e+00
     vertex -2.665000e+00 -2.299661e+01  8.582412e+00
   endloop
 endfacet
 facet normal  1.000000e+00  0.000000e+00  0.000000e+00
   outer loop
     vertex -2.665000e+00 -2.324330e+01  8.750606e+00
     vertex -2.665000e+00 -2.392623e+01  7.650255e+00
     vertex -2.665000e+00 -2.385546e+01  7.605099e+00
   endloop
 endfacet
 facet normal  1.000000e+00  0.000000e+00  0.000000e+00
   outer loop
     vertex -2.665000e+00 -2.324330e+01  8.750606e+00
     vertex -2.665000e+00 -2.385546e+01  7.605099e+00
     vertex -2.665000e+00 -2.311786e+01  8.669585e+00
   endloop
 endfacet
 facet normal  1.000000e+00  0.000000e+00  0.000000e+00
   outer loop
     vertex -2.665000e+00 -2.337263e+01  8.825274e+00
     vertex -2.665000e+00 -2.399914e+01  7.691862e+00
     vertex -2.665000e+00 -2.392623e+01  7.650255e+00
   endloop
 endfacet
 facet normal  1.000000e+00  0.000000e+00  0.000000e+00
   outer loop
     vertex -2.665000e+00 -2.337263e+01  8.825274e+00
     vertex -2.665000e+00 -2.392623e+01  7.650255e+00
     vertex -2.665000e+00 -2.324330e+01  8.750606e+00
   endloop
 endfacet
 facet normal  1.000000e+00  0.000000e+00  0.000000e+00
   outer loop
     vertex -2.665000e+00 -2.350552e+01  8.893402e+00
     vertex -2.665000e+00 -2.407402e+01  7.729819e+00
     vertex -2.665000e+00 -2.399914e+01  7.691862e+00
   endloop
 endfacet
 facet normal  1.000000e+00  0.000000e+00  0.000000e+00
   outer loop
     vertex -2.665000e+00 -2.350552e+01  8.893402e+00
     vertex -2.665000e+00 -2.399914e+01  7.691862e+00
     vertex -2.665000e+00 -2.337263e+01  8.825274e+00
   endloop
 endfacet
 facet normal  1.000000e+00  0.000000e+00  0.000000e+00
   outer loop
     vertex -2.665000e+00 -2.364164e+01  8.954821e+00
     vertex -2.665000e+00 -2.415068e+01  7.764034e+00
     vertex -2.665000e+00 -2.407402e+01  7.729819e+00
   endloop
 endfacet
 facet normal  1.000000e+00  0.000000e+00  0.000000e+00
   outer loop
     vertex -2.665000e+00 -2.364164e+01  8.954821e+00
     vertex -2.665000e+00 -2.407402e+01  7.729819e+00
     vertex -2.665000e+00 -2.350552e+01  8.893402e+00
   endloop
 endfacet
 facet normal  1.000000e+00  0.000000e+00  0.000000e+00
   outer loop
     vertex -2.665000e+00 -2.378065e+01  9.009379e+00
     vertex -2.665000e+00 -2.422894e+01  7.794422e+00
     vertex -2.665000e+00 -2.415068e+01  7.764034e+00
   endloop
 endfacet
 facet normal  1.000000e+00  0.000000e+00  0.000000e+00
   outer loop
     vertex -2.665000e+00 -2.378065e+01  9.009379e+00
     vertex -2.665000e+00 -2.415068e+01  7.764034e+00
     vertex -2.665000e+00 -2.364164e+01  8.954821e+00
   endloop
 endfacet
 facet normal  1.000000e+00  0.000000e+00  0.000000e+00
   outer loop
     vertex -2.665000e+00 -2.392221e+01  9.056941e+00
     vertex -2.665000e+00 -2.430860e+01  7.820910e+00
     vertex -2.665000e+00 -2.422894e+01  7.794422e+00
   endloop
 endfacet
 facet normal  1.000000e+00  0.000000e+00  0.000000e+00
   outer loop
     vertex -2.665000e+00 -2.392221e+01  9.056941e+00
     vertex -2.665000e+00 -2.422894e+01  7.794422e+00
     vertex -2.665000e+00 -2.378065e+01  9.009379e+00
   endloop
 endfacet
 facet normal  1.000000e+00  0.000000e+00  0.000000e+00
   outer loop
     vertex -2.665000e+00 -2.406596e+01  9.097386e+00
     vertex -2.665000e+00 -2.438947e+01  7.843433e+00
     vertex -2.665000e+00 -2.430860e+01  7.820910e+00
   endloop
 endfacet
 facet normal  1.000000e+00  0.000000e+00  0.000000e+00
   outer loop
     vertex -2.665000e+00 -2.406596e+01  9.097386e+00
     vertex -2.665000e+00 -2.430860e+01  7.820910e+00
     vertex -2.665000e+00 -2.392221e+01  9.056941e+00
   endloop
 endfacet
 facet normal  1.000000e+00  0.000000e+00  0.000000e+00
   outer loop
     vertex -2.665000e+00 -2.421155e+01  9.130617e+00
     vertex -2.665000e+00 -2.438947e+01  7.843433e+00
     vertex -2.665000e+00 -2.406596e+01  9.097386e+00
   endloop
 endfacet
 facet normal  1.000000e+00  0.000000e+00  0.000000e+00
   outer loop
     vertex -2.665000e+00 -2.421155e+01  9.130617e+00
     vertex -2.665000e+00 -2.447135e+01  7.861937e+00
     vertex -2.665000e+00 -2.438947e+01  7.843433e+00
   endloop
 endfacet
 facet normal  1.000000e+00  0.000000e+00  0.000000e+00
   outer loop
     vertex -2.665000e+00 -2.435862e+01  9.156548e+00
     vertex -2.665000e+00 -2.447135e+01  7.861937e+00
     vertex -2.665000e+00 -2.421155e+01  9.130617e+00
   endloop
 endfacet
 facet normal  1.000000e+00  0.000000e+00  0.000000e+00
   outer loop
     vertex -2.665000e+00 -2.435862e+01  9.156548e+00
     vertex -2.665000e+00 -2.455405e+01  7.876376e+00
     vertex -2.665000e+00 -2.447135e+01  7.861937e+00
   endloop
 endfacet
 facet normal  1.000000e+00  0.000000e+00  0.000000e+00
   outer loop
     vertex -2.665000e+00 -2.450679e+01  9.175117e+00
     vertex -2.665000e+00 -2.455405e+01  7.876376e+00
     vertex -2.665000e+00 -2.435862e+01  9.156548e+00
   endloop
 endfacet
 facet normal  1.000000e+00  0.000000e+00  0.000000e+00
   outer loop
     vertex -2.665000e+00 -2.450679e+01  9.175117e+00
     vertex -2.665000e+00 -2.463736e+01  7.886714e+00
     vertex -2.665000e+00 -2.455405e+01  7.876376e+00
   endloop
 endfacet
 facet normal  1.000000e+00  0.000000e+00  0.000000e+00
   outer loop
     vertex -2.665000e+00 -2.465571e+01  9.186277e+00
     vertex -2.665000e+00 -2.463736e+01  7.886714e+00
     vertex -2.665000e+00 -2.450679e+01  9.175117e+00
   endloop
 endfacet
 facet normal  1.000000e+00  0.000000e+00  0.000000e+00
   outer loop
     vertex -2.665000e+00 -2.465571e+01  9.186277e+00
     vertex -2.665000e+00 -2.472108e+01  7.892927e+00
     vertex -2.665000e+00 -2.463736e+01  7.886714e+00
   endloop
 endfacet
 facet normal  1.000000e+00  0.000000e+00  0.000000e+00
   outer loop
     vertex -2.665000e+00 -2.480500e+01  9.190000e+00
     vertex -2.665000e+00 -2.472108e+01  7.892927e+00
     vertex -2.665000e+00 -2.465571e+01  9.186277e+00
   endloop
 endfacet
 facet normal  1.000000e+00  0.000000e+00  0.000000e+00
   outer loop
     vertex -2.665000e+00 -2.480500e+01  9.190000e+00
     vertex -2.665000e+00 -2.480500e+01  7.895000e+00
     vertex -2.665000e+00 -2.472108e+01  7.892927e+00
   endloop
 endfacet
 facet normal  1.000000e+00 -0.000000e+00  0.000000e+00
   outer loop
     vertex -2.665000e+00 -2.487171e+01  9.189257e+00
     vertex -2.665000e+00 -2.480500e+01  7.895000e+00
     vertex -2.665000e+00 -2.480500e+01  9.190000e+00
   endloop
 endfacet
 facet normal  1.000000e+00  0.000000e+00  0.000000e+00
   outer loop
     vertex -2.665000e+00 -2.487171e+01  9.189257e+00
     vertex -2.665000e+00 -2.487180e+01  7.893687e+00
     vertex -2.665000e+00 -2.480500e+01  7.895000e+00
   endloop
 endfacet
 facet normal  1.000000e+00 -0.000000e+00  0.000000e+00
   outer loop
     vertex -2.665000e+00 -2.493839e+01  9.187028e+00
     vertex -2.665000e+00 -2.487180e+01  7.893687e+00
     vertex -2.665000e+00 -2.487171e+01  9.189257e+00
   endloop
 endfacet
 facet normal  1.000000e+00 -0.000000e+00  0.000000e+00
   outer loop
     vertex -2.665000e+00 -2.500500e+01  9.183315e+00
     vertex -2.665000e+00 -2.487180e+01  7.893687e+00
     vertex -2.665000e+00 -2.493839e+01  9.187028e+00
   endloop
 endfacet
 facet normal  1.000000e+00  0.000000e+00  0.000000e+00
   outer loop
     vertex -2.665000e+00 -2.500500e+01  9.183315e+00
     vertex -2.665000e+00 -2.493851e+01  7.889750e+00
     vertex -2.665000e+00 -2.487180e+01  7.893687e+00
   endloop
 endfacet
 facet normal  1.000000e+00  0.000000e+00  0.000000e+00
   outer loop
     vertex -2.665000e+00 -2.500500e+01  9.183315e+00
     vertex -2.665000e+00 -2.500500e+01  7.883194e+00
     vertex -2.665000e+00 -2.493851e+01  7.889750e+00
   endloop
 endfacet
 facet normal  0.000000e+00  0.000000e+00  1.000000e+00
   outer loop
     vertex -2.665000e+00 -1.810000e+01  9.190000e+00
     vertex -1.116500e+01 -1.810000e+01  9.190000e+00
     vertex -1.116500e+01 -2.480500e+01  9.190000e+00
   endloop
 endfacet
 facet normal  0.000000e+00  0.000000e+00  1.000000e+00
   outer loop
     vertex -2.665000e+00 -1.810000e+01  9.190000e+00
     vertex -1.116500e+01 -2.480500e+01  9.190000e+00
     vertex -2.665000e+00 -2.480500e+01  9.190000e+00
   endloop
 endfacet
 facet normal -1.000000e+00  0.000000e+00  0.000000e+00
   outer loop
     vertex -1.116500e+01 -2.362030e+01  4.975781e+00
     vertex -1.116500e+01 -2.266098e+01  4.103781e+00
     vertex -1.116500e+01 -2.276788e+01  3.999510e+00
   endloop
 endfacet
 facet normal -1.000000e+00  0.000000e+00  0.000000e+00
   outer loop
     vertex -1.116500e+01 -2.356156e+01  5.035752e+00
     vertex -1.116500e+01 -2.255941e+01  4.213251e+00
     vertex -1.116500e+01 -2.266098e+01  4.103781e+00
   endloop
 endfacet
 facet normal -1.000000e+00  0.000000e+00 -0.000000e+00
   outer loop
     vertex -1.116500e+01 -2.356156e+01  5.035752e+00
     vertex -1.116500e+01 -2.266098e+01  4.103781e+00
     vertex -1.116500e+01 -2.362030e+01  4.975781e+00
   endloop
 endfacet
 facet normal -1.000000e+00  0.000000e+00  0.000000e+00
   outer loop
     vertex -1.116500e+01 -2.368194e+01  4.918783e+00
     vertex -1.116500e+01 -2.276788e+01  3.999510e+00
     vertex -1.116500e+01 -2.287985e+01  3.900697e+00
   endloop
 endfacet
 facet normal -1.000000e+00  0.000000e+00  0.000000e+00
   outer loop
     vertex -1.116500e+01 -2.368194e+01  4.918783e+00
     vertex -1.116500e+01 -2.362030e+01  4.975781e+00
     vertex -1.116500e+01 -2.276788e+01  3.999510e+00
   endloop
 endfacet
 facet normal -1.000000e+00  0.000000e+00 -0.000000e+00
   outer loop
     vertex -1.116500e+01 -2.350585e+01  5.098549e+00
     vertex -1.116500e+01 -2.255941e+01  4.213251e+00
     vertex -1.116500e+01 -2.356156e+01  5.035752e+00
   endloop
 endfacet
 facet normal -1.000000e+00  0.000000e+00  0.000000e+00
   outer loop
     vertex -1.116500e+01 -2.350585e+01  5.098549e+00
     vertex -1.116500e+01 -2.246341e+01  4.327648e+00
     vertex -1.116500e+01 -2.255941e+01  4.213251e+00
   endloop
 endfacet
 facet normal -1.000000e+00  0.000000e+00  0.000000e+00
   outer loop
     vertex -1.116500e+01 -2.374631e+01  4.864897e+00
     vertex -1.116500e+01 -2.287985e+01  3.900697e+00
     vertex -1.116500e+01 -2.299661e+01  3.807588e+00
   endloop
 endfacet
 facet normal -1.000000e+00  0.000000e+00  0.000000e+00
   outer loop
     vertex -1.116500e+01 -2.374631e+01  4.864897e+00
     vertex -1.116500e+01 -2.368194e+01  4.918783e+00
     vertex -1.116500e+01 -2.287985e+01  3.900697e+00
   endloop
 endfacet
 facet normal -1.000000e+00  0.000000e+00  0.000000e+00
   outer loop
     vertex -1.116500e+01 -2.345330e+01  5.164021e+00
     vertex -1.116500e+01 -2.237325e+01  4.446688e+00
     vertex -1.116500e+01 -2.246341e+01  4.327648e+00
   endloop
 endfacet
 facet normal -1.000000e+00  0.000000e+00 -0.000000e+00
   outer loop
     vertex -1.116500e+01 -2.345330e+01  5.164021e+00
     vertex -1.116500e+01 -2.246341e+01  4.327648e+00
     vertex -1.116500e+01 -2.350585e+01  5.098549e+00
   endloop
 endfacet
 facet normal -1.000000e+00  0.000000e+00  0.000000e+00
   outer loop
     vertex -1.116500e+01 -2.381326e+01  4.814255e+00
     vertex -1.116500e+01 -2.374631e+01  4.864897e+00
     vertex -1.116500e+01 -2.299661e+01  3.807588e+00
   endloop
 endfacet
 facet normal -1.000000e+00  0.000000e+00  0.000000e+00
   outer loop
     vertex -1.116500e+01 -2.381326e+01  4.814255e+00
     vertex -1.116500e+01 -2.299661e+01  3.807588e+00
     vertex -1.116500e+01 -2.311786e+01  3.720415e+00
   endloop
 endfacet
 facet normal -1.000000e+00  0.000000e+00  0.000000e+00
   outer loop
     vertex -1.116500e+01 -2.340406e+01  5.232006e+00
     vertex -1.116500e+01 -2.228912e+01  4.570074e+00
     vertex -1.116500e+01 -2.237325e+01  4.446688e+00
   endloop
 endfacet
 facet normal -1.000000e+00  0.000000e+00 -0.000000e+00
   outer loop
     vertex -1.116500e+01 -2.340406e+01  5.232006e+00
     vertex -1.116500e+01 -2.237325e+01  4.446688e+00
     vertex -1.116500e+01 -2.345330e+01  5.164021e+00
   endloop
 endfacet
 facet normal -1.000000e+00  0.000000e+00  0.000000e+00
   outer loop
     vertex -1.116500e+01 -2.388263e+01  4.766980e+00
     vertex -1.116500e+01 -2.381326e+01  4.814255e+00
     vertex -1.116500e+01 -2.311786e+01  3.720415e+00
   endloop
 endfacet
 facet normal -1.000000e+00  0.000000e+00  0.000000e+00
   outer loop
     vertex -1.116500e+01 -2.388263e+01  4.766980e+00
     vertex -1.116500e+01 -2.311786e+01  3.720415e+00
     vertex -1.116500e+01 -2.324330e+01  3.639394e+00
   endloop
 endfacet
 facet normal -1.000000e+00  0.000000e+00  0.000000e+00
   outer loop
     vertex -1.116500e+01 -2.335822e+01  5.302340e+00
     vertex -1.116500e+01 -2.221125e+01  4.697500e+00
     vertex -1.116500e+01 -2.228912e+01  4.570074e+00
   endloop
 endfacet
 facet normal -1.000000e+00  0.000000e+00 -0.000000e+00
   outer loop
     vertex -1.116500e+01 -2.335822e+01  5.302340e+00
     vertex -1.116500e+01 -2.228912e+01  4.570074e+00
     vertex -1.116500e+01 -2.340406e+01  5.232006e+00
   endloop
 endfacet
 facet normal -1.000000e+00  0.000000e+00  0.000000e+00
   outer loop
     vertex -1.116500e+01 -2.395425e+01  4.723187e+00
     vertex -1.116500e+01 -2.388263e+01  4.766980e+00
     vertex -1.116500e+01 -2.324330e+01  3.639394e+00
   endloop
 endfacet
 facet normal -1.000000e+00  0.000000e+00  0.000000e+00
   outer loop
     vertex -1.116500e+01 -2.395425e+01  4.723187e+00
     vertex -1.116500e+01 -2.324330e+01  3.639394e+00
     vertex -1.116500e+01 -2.337263e+01  3.564726e+00
   endloop
 endfacet
 facet normal -1.000000e+00  0.000000e+00 -0.000000e+00
   outer loop
     vertex -1.116500e+01 -2.331592e+01  5.374851e+00
     vertex -1.116500e+01 -2.221125e+01  4.697500e+00
     vertex -1.116500e+01 -2.335822e+01  5.302340e+00
   endloop
 endfacet
 facet normal -1.000000e+00  0.000000e+00  0.000000e+00
   outer loop
     vertex -1.116500e+01 -2.331592e+01  5.374851e+00
     vertex -1.116500e+01 -2.213983e+01  4.828649e+00
     vertex -1.116500e+01 -2.221125e+01  4.697500e+00
   endloop
 endfacet
 facet normal -1.000000e+00  0.000000e+00  0.000000e+00
   outer loop
     vertex -1.116500e+01 -2.402795e+01  4.682984e+00
     vertex -1.116500e+01 -2.337263e+01  3.564726e+00
     vertex -1.116500e+01 -2.350552e+01  3.496598e+00
   endloop
 endfacet
 facet normal -1.000000e+00  0.000000e+00  0.000000e+00
   outer loop
     vertex -1.116500e+01 -2.402795e+01  4.682984e+00
     vertex -1.116500e+01 -2.395425e+01  4.723187e+00
     vertex -1.116500e+01 -2.337263e+01  3.564726e+00
   endloop
 endfacet
 facet normal -1.000000e+00  0.000000e+00  0.000000e+00
   outer loop
     vertex -1.116500e+01 -2.327725e+01  5.449361e+00
     vertex -1.116500e+01 -2.207504e+01  4.963195e+00
     vertex -1.116500e+01 -2.213983e+01  4.828649e+00
   endloop
 endfacet
 facet normal -1.000000e+00  0.000000e+00 -0.000000e+00
   outer loop
     vertex -1.116500e+01 -2.327725e+01  5.449361e+00
     vertex -1.116500e+01 -2.213983e+01  4.828649e+00
     vertex -1.116500e+01 -2.331592e+01  5.374851e+00
   endloop
 endfacet
 facet normal -1.000000e+00  0.000000e+00  0.000000e+00
   outer loop
     vertex -1.116500e+01 -2.410354e+01  4.646467e+00
     vertex -1.116500e+01 -2.350552e+01  3.496598e+00
     vertex -1.116500e+01 -2.364164e+01  3.435179e+00
   endloop
 endfacet
 facet normal -1.000000e+00  0.000000e+00  0.000000e+00
   outer loop
     vertex -1.116500e+01 -2.410354e+01  4.646467e+00
     vertex -1.116500e+01 -2.402795e+01  4.682984e+00
     vertex -1.116500e+01 -2.350552e+01  3.496598e+00
   endloop
 endfacet
 facet normal -1.000000e+00  0.000000e+00  0.000000e+00
   outer loop
     vertex -1.116500e+01 -2.324230e+01  5.525690e+00
     vertex -1.116500e+01 -2.201703e+01  5.100804e+00
     vertex -1.116500e+01 -2.207504e+01  4.963195e+00
   endloop
 endfacet
 facet normal -1.000000e+00  0.000000e+00 -0.000000e+00
   outer loop
     vertex -1.116500e+01 -2.324230e+01  5.525690e+00
     vertex -1.116500e+01 -2.207504e+01  4.963195e+00
     vertex -1.116500e+01 -2.327725e+01  5.449361e+00
   endloop
 endfacet
 facet normal -1.000000e+00  0.000000e+00  0.000000e+00
   outer loop
     vertex -1.116500e+01 -2.418084e+01  4.613726e+00
     vertex -1.116500e+01 -2.410354e+01  4.646467e+00
     vertex -1.116500e+01 -2.364164e+01  3.435179e+00
   endloop
 endfacet
 facet normal -1.000000e+00  0.000000e+00  0.000000e+00
   outer loop
     vertex -1.116500e+01 -2.418084e+01  4.613726e+00
     vertex -1.116500e+01 -2.364164e+01  3.435179e+00
     vertex -1.116500e+01 -2.378065e+01  3.380621e+00
   endloop
 endfacet
 facet normal -1.000000e+00  0.000000e+00  0.000000e+00
   outer loop
     vertex -1.116500e+01 -2.321117e+01  5.603651e+00
     vertex -1.116500e+01 -2.196596e+01  5.241132e+00
     vertex -1.116500e+01 -2.201703e+01  5.100804e+00
   endloop
 endfacet
 facet normal -1.000000e+00  0.000000e+00 -0.000000e+00
   outer loop
     vertex -1.116500e+01 -2.321117e+01  5.603651e+00
     vertex -1.116500e+01 -2.201703e+01  5.100804e+00
     vertex -1.116500e+01 -2.324230e+01  5.525690e+00
   endloop
 endfacet
 facet normal -1.000000e+00  0.000000e+00  0.000000e+00
   outer loop
     vertex -1.116500e+01 -2.425966e+01  4.584842e+00
     vertex -1.116500e+01 -2.418084e+01  4.613726e+00
     vertex -1.116500e+01 -2.378065e+01  3.380621e+00
   endloop
 endfacet
 facet normal -1.000000e+00  0.000000e+00  0.000000e+00
   outer loop
     vertex -1.116500e+01 -2.425966e+01  4.584842e+00
     vertex -1.116500e+01 -2.378065e+01  3.380621e+00
     vertex -1.116500e+01 -2.392221e+01  3.333059e+00
   endloop
 endfacet
 facet normal -1.000000e+00  0.000000e+00  0.000000e+00
   outer loop
     vertex -1.116500e+01 -2.318392e+01  5.683054e+00
     vertex -1.116500e+01 -2.192194e+01  5.383833e+00
     vertex -1.116500e+01 -2.196596e+01  5.241132e+00
   endloop
 endfacet
 facet normal -1.000000e+00  0.000000e+00 -0.000000e+00
   outer loop
     vertex -1.116500e+01 -2.318392e+01  5.683054e+00
     vertex -1.116500e+01 -2.196596e+01  5.241132e+00
     vertex -1.116500e+01 -2.321117e+01  5.603651e+00
   endloop
 endfacet
 facet normal -1.000000e+00  0.000000e+00  0.000000e+00
   outer loop
     vertex -1.116500e+01 -2.433982e+01  4.559884e+00
     vertex -1.116500e+01 -2.392221e+01  3.333059e+00
     vertex -1.116500e+01 -2.406596e+01  3.292614e+00
   endloop
 endfacet
 facet normal -1.000000e+00  0.000000e+00  0.000000e+00
   outer loop
     vertex -1.116500e+01 -2.433982e+01  4.559884e+00
     vertex -1.116500e+01 -2.425966e+01  4.584842e+00
     vertex -1.116500e+01 -2.392221e+01  3.333059e+00
   endloop
 endfacet
 facet normal -1.000000e+00  0.000000e+00  0.000000e+00
   outer loop
     vertex -1.116500e+01 -2.316062e+01  5.763705e+00
     vertex -1.116500e+01 -2.188509e+01  5.528550e+00
     vertex -1.116500e+01 -2.192194e+01  5.383833e+00
   endloop
 endfacet
 facet normal -1.000000e+00  0.000000e+00 -0.000000e+00
   outer loop
     vertex -1.116500e+01 -2.316062e+01  5.763705e+00
     vertex -1.116500e+01 -2.192194e+01  5.383833e+00
     vertex -1.116500e+01 -2.318392e+01  5.683054e+00
   endloop
 endfacet
 facet normal -1.000000e+00  0.000000e+00  0.000000e+00
   outer loop
     vertex -1.116500e+01 -2.442110e+01  4.538913e+00
     vertex -1.116500e+01 -2.406596e+01  3.292614e+00
     vertex -1.116500e+01 -2.421155e+01  3.259383e+00
   endloop
 endfacet
 facet normal -1.000000e+00  0.000000e+00  0.000000e+00
   outer loop
     vertex -1.116500e+01 -2.442110e+01  4.538913e+00
     vertex -1.116500e+01 -2.433982e+01  4.559884e+00
     vertex -1.116500e+01 -2.406596e+01  3.292614e+00
   endloop
 endfacet
 facet normal -1.000000e+00  0.000000e+00  0.000000e+00
   outer loop
     vertex -1.116500e+01 -2.314133e+01  5.845408e+00
     vertex -1.116500e+01 -2.185550e+01  5.674924e+00
     vertex -1.116500e+01 -2.188509e+01  5.528550e+00
   endloop
 endfacet
 facet normal -1.000000e+00  0.000000e+00 -0.000000e+00
   outer loop
     vertex -1.116500e+01 -2.314133e+01  5.845408e+00
     vertex -1.116500e+01 -2.188509e+01  5.528550e+00
     vertex -1.116500e+01 -2.316062e+01  5.763705e+00
   endloop
 endfacet
 facet normal -1.000000e+00  0.000000e+00  0.000000e+00
   outer loop
     vertex -1.116500e+01 -2.450333e+01  4.521981e+00
     vertex -1.116500e+01 -2.421155e+01  3.259383e+00
     vertex -1.116500e+01 -2.435862e+01  3.233452e+00
   endloop
 endfacet
 facet normal -1.000000e+00  0.000000e+00  0.000000e+00
   outer loop
     vertex -1.116500e+01 -2.450333e+01  4.521981e+00
     vertex -1.116500e+01 -2.442110e+01  4.538913e+00
     vertex -1.116500e+01 -2.421155e+01  3.259383e+00
   endloop
 endfacet
 facet normal -1.000000e+00  0.000000e+00  0.000000e+00
   outer loop
     vertex -1.116500e+01 -2.312610e+01  5.927964e+00
     vertex -1.116500e+01 -2.183324e+01  5.822591e+00
     vertex -1.116500e+01 -2.185550e+01  5.674924e+00
   endloop
 endfacet
 facet normal -1.000000e+00  0.000000e+00 -0.000000e+00
   outer loop
     vertex -1.116500e+01 -2.312610e+01  5.927964e+00
     vertex -1.116500e+01 -2.185550e+01  5.674924e+00
     vertex -1.116500e+01 -2.314133e+01  5.845408e+00
   endloop
 endfacet
 facet normal -1.000000e+00  0.000000e+00  0.000000e+00
   outer loop
     vertex -1.116500e+01 -2.458629e+01  4.509128e+00
     vertex -1.116500e+01 -2.435862e+01  3.233452e+00
     vertex -1.116500e+01 -2.450679e+01  3.214883e+00
   endloop
 endfacet
 facet normal -1.000000e+00  0.000000e+00  0.000000e+00
   outer loop
     vertex -1.116500e+01 -2.458629e+01  4.509128e+00
     vertex -1.116500e+01 -2.450333e+01  4.521981e+00
     vertex -1.116500e+01 -2.435862e+01  3.233452e+00
   endloop
 endfacet
 facet normal -1.000000e+00  0.000000e+00  0.000000e+00
   outer loop
     vertex -1.116500e+01 -2.311497e+01  6.011171e+00
     vertex -1.116500e+01 -2.181837e+01  5.971183e+00
     vertex -1.116500e+01 -2.183324e+01  5.822591e+00
   endloop
 endfacet
 facet normal -1.000000e+00  0.000000e+00 -0.000000e+00
   outer loop
     vertex -1.116500e+01 -2.311497e+01  6.011171e+00
     vertex -1.116500e+01 -2.183324e+01  5.822591e+00
     vertex -1.116500e+01 -2.312610e+01  5.927964e+00
   endloop
 endfacet
 facet normal -1.000000e+00  0.000000e+00  0.000000e+00
   outer loop
     vertex -1.116500e+01 -2.466978e+01  4.500386e+00
     vertex -1.116500e+01 -2.450679e+01  3.214883e+00
     vertex -1.116500e+01 -2.465571e+01  3.203723e+00
   endloop
 endfacet
 facet normal -1.000000e+00  0.000000e+00  0.000000e+00
   outer loop
     vertex -1.116500e+01 -2.466978e+01  4.500386e+00
     vertex -1.116500e+01 -2.458629e+01  4.509128e+00
     vertex -1.116500e+01 -2.450679e+01  3.214883e+00
   endloop
 endfacet
 facet normal -1.000000e+00  0.000000e+00  0.000000e+00
   outer loop
     vertex -1.116500e+01 -2.310795e+01  6.094826e+00
     vertex -1.116500e+01 -2.181093e+01  6.120333e+00
     vertex -1.116500e+01 -2.181837e+01  5.971183e+00
   endloop
 endfacet
 facet normal -1.000000e+00  0.000000e+00 -0.000000e+00
   outer loop
     vertex -1.116500e+01 -2.310795e+01  6.094826e+00
     vertex -1.116500e+01 -2.181837e+01  5.971183e+00
     vertex -1.116500e+01 -2.311497e+01  6.011171e+00
   endloop
 endfacet
 facet normal -1.000000e+00  0.000000e+00 -0.000000e+00
   outer loop
     vertex -1.116500e+01 -2.475360e+01  4.495777e+00
     vertex -1.116500e+01 -2.465571e+01  3.203723e+00
     vertex -1.116500e+01 -2.480500e+01  3.200000e+00
   endloop
 endfacet
 facet normal -1.000000e+00  0.000000e+00  0.000000e+00
   outer loop
     vertex -1.116500e+01 -2.475360e+01  4.495777e+00
     vertex -1.116500e+01 -2.466978e+01  4.500386e+00
     vertex -1.116500e+01 -2.465571e+01  3.203723e+00
   endloop
 endfacet
 facet normal -1.000000e+00  0.000000e+00 -0.000000e+00
   outer loop
     vertex -1.116500e+01 -2.310508e+01  6.178725e+00
     vertex -1.116500e+01 -2.181093e+01  6.120333e+00
     vertex -1.116500e+01 -2.310795e+01  6.094826e+00
   endloop
 endfacet
 facet normal -1.000000e+00  0.000000e+00  0.000000e+00
   outer loop
     vertex -1.116500e+01 -2.310508e+01  6.178725e+00
     vertex -1.116500e+01 -2.181093e+01  6.269667e+00
     vertex -1.116500e+01 -2.181093e+01  6.120333e+00
   endloop
 endfacet
 facet normal -1.000000e+00  0.000000e+00  0.000000e+00
   outer loop
     vertex -1.116500e+01 -2.483755e+01  4.495312e+00
     vertex -1.116500e+01 -2.487171e+01  3.200743e+00
     vertex -1.116500e+01 -2.493839e+01  3.202972e+00
   endloop
 endfacet
 facet normal -1.000000e+00  0.000000e+00 -0.000000e+00
   outer loop
     vertex -1.116500e+01 -2.483755e+01  4.495312e+00
     vertex -1.116500e+01 -2.480500e+01  3.200000e+00
     vertex -1.116500e+01 -2.487171e+01  3.200743e+00
   endloop
 endfacet
 facet normal -1.000000e+00  0.000000e+00  0.000000e+00
   outer loop
     vertex -1.116500e+01 -2.483755e+01  4.495312e+00
     vertex -1.116500e+01 -2.475360e+01  4.495777e+00
     vertex -1.116500e+01 -2.480500e+01  3.200000e+00
   endloop
 endfacet
 facet normal -1.000000e+00  0.000000e+00  0.000000e+00
   outer loop
     vertex -1.116500e+01 -2.310635e+01  6.262664e+00
     vertex -1.116500e+01 -2.181837e+01  6.418817e+00
     vertex -1.116500e+01 -2.181093e+01  6.269667e+00
   endloop
 endfacet
 facet normal -1.000000e+00  0.000000e+00  0.000000e+00
   outer loop
     vertex -1.116500e+01 -2.310635e+01  6.262664e+00
     vertex -1.116500e+01 -2.181093e+01  6.269667e+00
     vertex -1.116500e+01 -2.310508e+01  6.178725e+00
   endloop
 endfacet
 facet normal -1.000000e+00  0.000000e+00  0.000000e+00
   outer loop
     vertex -1.116500e+01 -2.492142e+01  4.498991e+00
     vertex -1.116500e+01 -2.493839e+01  3.202972e+00
     vertex -1.116500e+01 -2.500500e+01  3.206685e+00
   endloop
 endfacet
 facet normal -1.000000e+00  0.000000e+00 -0.000000e+00
   outer loop
     vertex -1.116500e+01 -2.492142e+01  4.498991e+00
     vertex -1.116500e+01 -2.483755e+01  4.495312e+00
     vertex -1.116500e+01 -2.493839e+01  3.202972e+00
   endloop
 endfacet
 facet normal -1.000000e+00  0.000000e+00  0.000000e+00
   outer loop
     vertex -1.116500e+01 -2.311176e+01  6.346438e+00
     vertex -1.116500e+01 -2.183324e+01  6.567409e+00
     vertex -1.116500e+01 -2.181837e+01  6.418817e+00
   endloop
 endfacet
 facet normal -1.000000e+00  0.000000e+00  0.000000e+00
   outer loop
     vertex -1.116500e+01 -2.311176e+01  6.346438e+00
     vertex -1.116500e+01 -2.181837e+01  6.418817e+00
     vertex -1.116500e+01 -2.310635e+01  6.262664e+00
   endloop
 endfacet
 facet normal -1.000000e+00  0.000000e+00  0.000000e+00
   outer loop
     vertex -1.116500e+01 -2.500500e+01  4.506806e+00
     vertex -1.116500e+01 -2.492142e+01  4.498991e+00
     vertex -1.116500e+01 -2.500500e+01  3.206685e+00
   endloop
 endfacet
 facet normal -1.000000e+00  0.000000e+00  0.000000e+00
   outer loop
     vertex -1.116500e+01 -2.312130e+01  6.429843e+00
     vertex -1.116500e+01 -2.185550e+01  6.715076e+00
     vertex -1.116500e+01 -2.183324e+01  6.567409e+00
   endloop
 endfacet
 facet normal -1.000000e+00  0.000000e+00  0.000000e+00
   outer loop
     vertex -1.116500e+01 -2.312130e+01  6.429843e+00
     vertex -1.116500e+01 -2.183324e+01  6.567409e+00
     vertex -1.116500e+01 -2.311176e+01  6.346438e+00
   endloop
 endfacet
 facet normal -1.000000e+00  0.000000e+00  0.000000e+00
   outer loop
     vertex -1.116500e+01 -2.313495e+01  6.512675e+00
     vertex -1.116500e+01 -2.185550e+01  6.715076e+00
     vertex -1.116500e+01 -2.312130e+01  6.429843e+00
   endloop
 endfacet
 facet normal -1.000000e+00  0.000000e+00  0.000000e+00
   outer loop
     vertex -1.116500e+01 -2.313495e+01  6.512675e+00
     vertex -1.116500e+01 -2.188509e+01  6.861450e+00
     vertex -1.116500e+01 -2.185550e+01  6.715076e+00
   endloop
 endfacet
 facet normal -1.000000e+00  0.000000e+00  0.000000e+00
   outer loop
     vertex -1.116500e+01 -2.315266e+01  6.594732e+00
     vertex -1.116500e+01 -2.192194e+01  7.006167e+00
     vertex -1.116500e+01 -2.188509e+01  6.861450e+00
   endloop
 endfacet
 facet normal -1.000000e+00  0.000000e+00  0.000000e+00
   outer loop
     vertex -1.116500e+01 -2.315266e+01  6.594732e+00
     vertex -1.116500e+01 -2.188509e+01  6.861450e+00
     vertex -1.116500e+01 -2.313495e+01  6.512675e+00
   endloop
 endfacet
 facet normal -1.000000e+00  0.000000e+00  0.000000e+00
   outer loop
     vertex -1.116500e+01 -2.317441e+01  6.675815e+00
     vertex -1.116500e+01 -2.196596e+01  7.148868e+00
     vertex -1.116500e+01 -2.192194e+01  7.006167e+00
   endloop
 endfacet
 facet normal -1.000000e+00  0.000000e+00  0.000000e+00
   outer loop
     vertex -1.116500e+01 -2.317441e+01  6.675815e+00
     vertex -1.116500e+01 -2.192194e+01  7.006167e+00
     vertex -1.116500e+01 -2.315266e+01  6.594732e+00
   endloop
 endfacet
 facet normal -1.000000e+00  0.000000e+00  0.000000e+00
   outer loop
     vertex -1.116500e+01 -2.320014e+01  6.755725e+00
     vertex -1.116500e+01 -2.196596e+01  7.148868e+00
     vertex -1.116500e+01 -2.317441e+01  6.675815e+00
   endloop
 endfacet
 facet normal -1.000000e+00  0.000000e+00  0.000000e+00
   outer loop
     vertex -1.116500e+01 -2.320014e+01  6.755725e+00
     vertex -1.116500e+01 -2.201703e+01  7.289196e+00
     vertex -1.116500e+01 -2.196596e+01  7.148868e+00
   endloop
 endfacet
 facet normal -1.000000e+00  0.000000e+00  0.000000e+00
   outer loop
     vertex -1.116500e+01 -2.322977e+01  6.834268e+00
     vertex -1.116500e+01 -2.201703e+01  7.289196e+00
     vertex -1.116500e+01 -2.320014e+01  6.755725e+00
   endloop
 endfacet
 facet normal -1.000000e+00  0.000000e+00  0.000000e+00
   outer loop
     vertex -1.116500e+01 -2.322977e+01  6.834268e+00
     vertex -1.116500e+01 -2.207504e+01  7.426805e+00
     vertex -1.116500e+01 -2.201703e+01  7.289196e+00
   endloop
 endfacet
 facet normal -1.000000e+00  0.000000e+00  0.000000e+00
   outer loop
     vertex -1.116500e+01 -2.326325e+01  6.911252e+00
     vertex -1.116500e+01 -2.207504e+01  7.426805e+00
     vertex -1.116500e+01 -2.322977e+01  6.834268e+00
   endloop
 endfacet
 facet normal -1.000000e+00  0.000000e+00  0.000000e+00
   outer loop
     vertex -1.116500e+01 -2.326325e+01  6.911252e+00
     vertex -1.116500e+01 -2.213983e+01  7.561351e+00
     vertex -1.116500e+01 -2.207504e+01  7.426805e+00
   endloop
 endfacet
 facet normal -1.000000e+00  0.000000e+00  0.000000e+00
   outer loop
     vertex -1.116500e+01 -2.330049e+01  6.986489e+00
     vertex -1.116500e+01 -2.221125e+01  7.692500e+00
     vertex -1.116500e+01 -2.213983e+01  7.561351e+00
   endloop
 endfacet
 facet normal -1.000000e+00  0.000000e+00  0.000000e+00
   outer loop
     vertex -1.116500e+01 -2.330049e+01  6.986489e+00
     vertex -1.116500e+01 -2.213983e+01  7.561351e+00
     vertex -1.116500e+01 -2.326325e+01  6.911252e+00
   endloop
 endfacet
 facet normal -1.000000e+00  0.000000e+00  0.000000e+00
   outer loop
     vertex -1.116500e+01 -2.334140e+01  7.059797e+00
     vertex -1.116500e+01 -2.221125e+01  7.692500e+00
     vertex -1.116500e+01 -2.330049e+01  6.986489e+00
   endloop
 endfacet
 facet normal -1.000000e+00  0.000000e+00  0.000000e+00
   outer loop
     vertex -1.116500e+01 -2.334140e+01  7.059797e+00
     vertex -1.116500e+01 -2.228912e+01  7.819926e+00
     vertex -1.116500e+01 -2.221125e+01  7.692500e+00
   endloop
 endfacet
 facet normal -1.000000e+00  0.000000e+00  0.000000e+00
   outer loop
     vertex -1.116500e+01 -2.338588e+01  7.130995e+00
     vertex -1.116500e+01 -2.228912e+01  7.819926e+00
     vertex -1.116500e+01 -2.334140e+01  7.059797e+00
   endloop
 endfacet
 facet normal -1.000000e+00  0.000000e+00  0.000000e+00
   outer loop
     vertex -1.116500e+01 -2.338588e+01  7.130995e+00
     vertex -1.116500e+01 -2.237325e+01  7.943312e+00
     vertex -1.116500e+01 -2.228912e+01  7.819926e+00
   endloop
 endfacet
 facet normal -1.000000e+00  0.000000e+00  0.000000e+00
   outer loop
     vertex -1.116500e+01 -2.343381e+01  7.199911e+00
     vertex -1.116500e+01 -2.237325e+01  7.943312e+00
     vertex -1.116500e+01 -2.338588e+01  7.130995e+00
   endloop
 endfacet
 facet normal -1.000000e+00  0.000000e+00  0.000000e+00
   outer loop
     vertex -1.116500e+01 -2.343381e+01  7.199911e+00
     vertex -1.116500e+01 -2.246341e+01  8.062352e+00
     vertex -1.116500e+01 -2.237325e+01  7.943312e+00
   endloop
 endfacet
 facet normal -1.000000e+00  0.000000e+00  0.000000e+00
   outer loop
     vertex -1.116500e+01 -2.348509e+01  7.266376e+00
     vertex -1.116500e+01 -2.246341e+01  8.062352e+00
     vertex -1.116500e+01 -2.343381e+01  7.199911e+00
   endloop
 endfacet
 facet normal -1.000000e+00  0.000000e+00  0.000000e+00
   outer loop
     vertex -1.116500e+01 -2.348509e+01  7.266376e+00
     vertex -1.116500e+01 -2.255941e+01  8.176749e+00
     vertex -1.116500e+01 -2.246341e+01  8.062352e+00
   endloop
 endfacet
 facet normal -1.000000e+00  0.000000e+00  0.000000e+00
   outer loop
     vertex -1.116500e+01 -2.353959e+01  7.330229e+00
     vertex -1.116500e+01 -2.255941e+01  8.176749e+00
     vertex -1.116500e+01 -2.348509e+01  7.266376e+00
   endloop
 endfacet
 facet normal -1.000000e+00  0.000000e+00 -0.000000e+00
   outer loop
     vertex -1.116500e+01 -2.266098e+01  8.286219e+00
     vertex -1.116500e+01 -2.255941e+01  8.176749e+00
     vertex -1.116500e+01 -2.353959e+01  7.330229e+00
   endloop
 endfacet
 facet normal -1.000000e+00  0.000000e+00  0.000000e+00
   outer loop
     vertex -1.116500e+01 -2.359718e+01  7.391314e+00
     vertex -1.116500e+01 -2.266098e+01  8.286219e+00
     vertex -1.116500e+01 -2.353959e+01  7.330229e+00
   endloop
 endfacet
 facet normal -1.000000e+00  0.000000e+00  0.000000e+00
   outer loop
     vertex -1.116500e+01 -2.276788e+01  8.390490e+00
     vertex -1.116500e+01 -2.359718e+01  7.391314e+00
     vertex -1.116500e+01 -2.365771e+01  7.449481e+00
   endloop
 endfacet
 facet normal -1.000000e+00  0.000000e+00 -0.000000e+00
   outer loop
     vertex -1.116500e+01 -2.276788e+01  8.390490e+00
     vertex -1.116500e+01 -2.266098e+01  8.286219e+00
     vertex -1.116500e+01 -2.359718e+01  7.391314e+00
   endloop
 endfacet
 facet normal -1.000000e+00  0.000000e+00  0.000000e+00
   outer loop
     vertex -1.116500e+01 -2.287985e+01  8.489303e+00
     vertex -1.116500e+01 -2.365771e+01  7.449481e+00
     vertex -1.116500e+01 -2.372104e+01  7.504589e+00
   endloop
 endfacet
 facet normal -1.000000e+00  0.000000e+00 -0.000000e+00
   outer loop
     vertex -1.116500e+01 -2.287985e+01  8.489303e+00
     vertex -1.116500e+01 -2.276788e+01  8.390490e+00
     vertex -1.116500e+01 -2.365771e+01  7.449481e+00
   endloop
 endfacet
 facet normal -1.000000e+00  0.000000e+00  0.000000e+00
   outer loop
     vertex -1.116500e+01 -2.299661e+01  8.582412e+00
     vertex -1.116500e+01 -2.372104e+01  7.504589e+00
     vertex -1.116500e+01 -2.378701e+01  7.556504e+00
   endloop
 endfacet
 facet normal -1.000000e+00  0.000000e+00 -0.000000e+00
   outer loop
     vertex -1.116500e+01 -2.299661e+01  8.582412e+00
     vertex -1.116500e+01 -2.287985e+01  8.489303e+00
     vertex -1.116500e+01 -2.372104e+01  7.504589e+00
   endloop
 endfacet
 facet normal -1.000000e+00  0.000000e+00  0.000000e+00
   outer loop
     vertex -1.116500e+01 -2.311786e+01  8.669585e+00
     vertex -1.116500e+01 -2.378701e+01  7.556504e+00
     vertex -1.116500e+01 -2.385546e+01  7.605099e+00
   endloop
 endfacet
 facet normal -1.000000e+00  0.000000e+00 -0.000000e+00
   outer loop
     vertex -1.116500e+01 -2.311786e+01  8.669585e+00
     vertex -1.116500e+01 -2.299661e+01  8.582412e+00
     vertex -1.116500e+01 -2.378701e+01  7.556504e+00
   endloop
 endfacet
 facet normal -1.000000e+00  0.000000e+00  0.000000e+00
   outer loop
     vertex -1.116500e+01 -2.324330e+01  8.750606e+00
     vertex -1.116500e+01 -2.385546e+01  7.605099e+00
     vertex -1.116500e+01 -2.392623e+01  7.650255e+00
   endloop
 endfacet
 facet normal -1.000000e+00  0.000000e+00 -0.000000e+00
   outer loop
     vertex -1.116500e+01 -2.324330e+01  8.750606e+00
     vertex -1.116500e+01 -2.311786e+01  8.669585e+00
     vertex -1.116500e+01 -2.385546e+01  7.605099e+00
   endloop
 endfacet
 facet normal -1.000000e+00  0.000000e+00  0.000000e+00
   outer loop
     vertex -1.116500e+01 -2.337263e+01  8.825274e+00
     vertex -1.116500e+01 -2.392623e+01  7.650255e+00
     vertex -1.116500e+01 -2.399914e+01  7.691862e+00
   endloop
 endfacet
 facet normal -1.000000e+00  0.000000e+00 -0.000000e+00
   outer loop
     vertex -1.116500e+01 -2.337263e+01  8.825274e+00
     vertex -1.116500e+01 -2.324330e+01  8.750606e+00
     vertex -1.116500e+01 -2.392623e+01  7.650255e+00
   endloop
 endfacet
 facet normal -1.000000e+00  0.000000e+00  0.000000e+00
   outer loop
     vertex -1.116500e+01 -2.350552e+01  8.893402e+00
     vertex -1.116500e+01 -2.399914e+01  7.691862e+00
     vertex -1.116500e+01 -2.407402e+01  7.729819e+00
   endloop
 endfacet
 facet normal -1.000000e+00  0.000000e+00 -0.000000e+00
   outer loop
     vertex -1.116500e+01 -2.350552e+01  8.893402e+00
     vertex -1.116500e+01 -2.337263e+01  8.825274e+00
     vertex -1.116500e+01 -2.399914e+01  7.691862e+00
   endloop
 endfacet
 facet normal -1.000000e+00  0.000000e+00  0.000000e+00
   outer loop
     vertex -1.116500e+01 -2.364164e+01  8.954821e+00
     vertex -1.116500e+01 -2.407402e+01  7.729819e+00
     vertex -1.116500e+01 -2.415068e+01  7.764034e+00
   endloop
 endfacet
 facet normal -1.000000e+00  0.000000e+00 -0.000000e+00
   outer loop
     vertex -1.116500e+01 -2.364164e+01  8.954821e+00
     vertex -1.116500e+01 -2.350552e+01  8.893402e+00
     vertex -1.116500e+01 -2.407402e+01  7.729819e+00
   endloop
 endfacet
 facet normal -1.000000e+00  0.000000e+00  0.000000e+00
   outer loop
     vertex -1.116500e+01 -2.378065e+01  9.009379e+00
     vertex -1.116500e+01 -2.415068e+01  7.764034e+00
     vertex -1.116500e+01 -2.422894e+01  7.794422e+00
   endloop
 endfacet
 facet normal -1.000000e+00  0.000000e+00 -0.000000e+00
   outer loop
     vertex -1.116500e+01 -2.378065e+01  9.009379e+00
     vertex -1.116500e+01 -2.364164e+01  8.954821e+00
     vertex -1.116500e+01 -2.415068e+01  7.764034e+00
   endloop
 endfacet
 facet normal -1.000000e+00  0.000000e+00  0.000000e+00
   outer loop
     vertex -1.116500e+01 -2.392221e+01  9.056941e+00
     vertex -1.116500e+01 -2.422894e+01  7.794422e+00
     vertex -1.116500e+01 -2.430860e+01  7.820910e+00
   endloop
 endfacet
 facet normal -1.000000e+00  0.000000e+00 -0.000000e+00
   outer loop
     vertex -1.116500e+01 -2.392221e+01  9.056941e+00
     vertex -1.116500e+01 -2.378065e+01  9.009379e+00
     vertex -1.116500e+01 -2.422894e+01  7.794422e+00
   endloop
 endfacet
 facet normal -1.000000e+00  0.000000e+00  0.000000e+00
   outer loop
     vertex -1.116500e+01 -2.406596e+01  9.097386e+00
     vertex -1.116500e+01 -2.430860e+01  7.820910e+00
     vertex -1.116500e+01 -2.438947e+01  7.843433e+00
   endloop
 endfacet
 facet normal -1.000000e+00  0.000000e+00 -0.000000e+00
   outer loop
     vertex -1.116500e+01 -2.406596e+01  9.097386e+00
     vertex -1.116500e+01 -2.392221e+01  9.056941e+00
     vertex -1.116500e+01 -2.430860e+01  7.820910e+00
   endloop
 endfacet
 facet normal -1.000000e+00  0.000000e+00 -0.000000e+00
   outer loop
     vertex -1.116500e+01 -2.421155e+01  9.130617e+00
     vertex -1.116500e+01 -2.406596e+01  9.097386e+00
     vertex -1.116500e+01 -2.438947e+01  7.843433e+00
   endloop
 endfacet
 facet normal -1.000000e+00  0.000000e+00  0.000000e+00
   outer loop
     vertex -1.116500e+01 -2.421155e+01  9.130617e+00
     vertex -1.116500e+01 -2.438947e+01  7.843433e+00
     vertex -1.116500e+01 -2.447135e+01  7.861937e+00
   endloop
 endfacet
 facet normal -1.000000e+00  0.000000e+00 -0.000000e+00
   outer loop
     vertex -1.116500e+01 -2.435862e+01  9.156548e+00
     vertex -1.116500e+01 -2.421155e+01  9.130617e+00
     vertex -1.116500e+01 -2.447135e+01  7.861937e+00
   endloop
 endfacet
 facet normal -1.000000e+00  0.000000e+00  0.000000e+00
   outer loop
     vertex -1.116500e+01 -2.435862e+01  9.156548e+00
     vertex -1.116500e+01 -2.447135e+01  7.861937e+00
     vertex -1.116500e+01 -2.455405e+01  7.876376e+00
   endloop
 endfacet
 facet normal -1.000000e+00  0.000000e+00 -0.000000e+00
   outer loop
     vertex -1.116500e+01 -2.450679e+01  9.175117e+00
     vertex -1.116500e+01 -2.435862e+01  9.156548e+00
     vertex -1.116500e+01 -2.455405e+01  7.876376e+00
   endloop
 endfacet
 facet normal -1.000000e+00  0.000000e+00  0.000000e+00
   outer loop
     vertex -1.116500e+01 -2.450679e+01  9.175117e+00
     vertex -1.116500e+01 -2.455405e+01  7.876376e+00
     vertex -1.116500e+01 -2.463736e+01  7.886714e+00
   endloop
 endfacet
 facet normal -1.000000e+00  0.000000e+00  0.000000e+00
   outer loop
     vertex -1.116500e+01 -2.465571e+01  9.186277e+00
     vertex -1.116500e+01 -2.450679e+01  9.175117e+00
     vertex -1.116500e+01 -2.463736e+01  7.886714e+00
   endloop
 endfacet
 facet normal -1.000000e+00  0.000000e+00 -0.000000e+00
   outer loop
     vertex -1.116500e+01 -2.465571e+01  9.186277e+00
     vertex -1.116500e+01 -2.463736e+01  7.886714e+00
     vertex -1.116500e+01 -2.472108e+01  7.892927e+00
   endloop
 endfacet
 facet normal -1.000000e+00  0.000000e+00  0.000000e+00
   outer loop
     vertex -1.116500e+01 -2.480500e+01  9.190000e+00
     vertex -1.116500e+01 -2.465571e+01  9.186277e+00
     vertex -1.116500e+01 -2.472108e+01  7.892927e+00
   endloop
 endfacet
 facet normal -1.000000e+00  0.000000e+00  0.000000e+00
   outer loop
     vertex -1.116500e+01 -2.480500e+01  9.190000e+00
     vertex -1.116500e+01 -2.472108e+01  7.892927e+00
     vertex -1.116500e+01 -2.480500e+01  7.895000e+00
   endloop
 endfacet
 facet normal -1.000000e+00  0.000000e+00  0.000000e+00
   outer loop
     vertex -1.116500e+01 -2.487171e+01  9.189257e+00
     vertex -1.116500e+01 -2.480500e+01  9.190000e+00
     vertex -1.116500e+01 -2.480500e+01  7.895000e+00
   endloop
 endfacet
 facet normal -1.000000e+00  0.000000e+00 -0.000000e+00
   outer loop
     vertex -1.116500e+01 -2.487171e+01  9.189257e+00
     vertex -1.116500e+01 -2.480500e+01  7.895000e+00
     vertex -1.116500e+01 -2.487180e+01  7.893687e+00
   endloop
 endfacet
 facet normal -1.000000e+00  0.000000e+00  0.000000e+00
   outer loop
     vertex -1.116500e+01 -2.493839e+01  9.187028e+00
     vertex -1.116500e+01 -2.487171e+01  9.189257e+00
     vertex -1.116500e+01 -2.487180e+01  7.893687e+00
   endloop
 endfacet
 facet normal -1.000000e+00  0.000000e+00  0.000000e+00
   outer loop
     vertex -1.116500e+01 -2.500500e+01  9.183315e+00
     vertex -1.116500e+01 -2.493839e+01  9.187028e+00
     vertex -1.116500e+01 -2.487180e+01  7.893687e+00
   endloop
 endfacet
 facet normal -1.000000e+00  0.000000e+00  0.000000e+00
   outer loop
     vertex -1.116500e+01 -2.500500e+01  9.183315e+00
     vertex -1.116500e+01 -2.487180e+01  7.893687e+00
     vertex -1.116500e+01 -2.493851e+01  7.889750e+00
   endloop
 endfacet
 facet normal -1.000000e+00  0.000000e+00  0.000000e+00
   outer loop
     vertex -1.116500e+01 -2.500500e+01  9.183315e+00
     vertex -1.116500e+01 -2.493851e+01  7.889750e+00
     vertex -1.116500e+01 -2.500500e+01  7.883194e+00
   endloop
 endfacet
 facet normal -1.000000e+00  0.000000e+00  0.000000e+00
   outer loop
     vertex -5.225000e+00  8.151360e-01  5.238711e-01
     vertex -5.225000e+00  9.182332e-01  6.103800e-01
     vertex -5.225000e+00  8.677633e-01  5.658400e-01
   endloop
 endfacet
 facet normal -1.000000e+00  0.000000e+00  0.000000e+00
   outer loop
     vertex -5.225000e+00  1.134035e+00  8.675625e-01
     vertex -5.225000e+00  1.096116e+00  8.119460e-01
     vertex -5.225000e+00  1.055473e+00  7.582888e-01
   endloop
 endfacet
 facet normal -1.000000e+00  0.000000e+00  0.000000e+00
   outer loop
     vertex -5.225000e+00  6.456429e-01  4.144009e-01
     vertex -5.225000e+00  7.604821e-01  4.845777e-01
     vertex -5.225000e+00  7.039375e-01  4.480573e-01
   endloop
 endfacet
 facet normal -1.000000e+00  0.000000e+00  0.000000e+00
   outer loop
     vertex -5.225000e+00  6.456429e-01  4.144009e-01
     vertex -5.225000e+00  8.151360e-01  5.238711e-01
     vertex -5.225000e+00  7.604821e-01  4.845777e-01
   endloop
 endfacet
 facet normal -1.000000e+00  0.000000e+00  0.000000e+00
   outer loop
     vertex -5.225000e+00  1.230533e+00  1.044762e+00
     vertex -5.225000e+00  1.201327e+00  9.841156e-01
     vertex -5.225000e+00  1.169134e+00  9.250000e-01
   endloop
 endfacet
 facet normal -1.000000e+00  0.000000e+00  0.000000e+00
   outer loop
     vertex -5.225000e+00  1.279702e+00  1.170043e+00
     vertex -5.225000e+00  1.256680e+00  1.106790e+00
     vertex -5.225000e+00  1.230533e+00  1.044762e+00
   endloop
 endfacet
 facet normal -1.000000e+00  0.000000e+00  0.000000e+00
   outer loop
     vertex -5.225000e+00  1.316153e+00  1.299597e+00
     vertex -5.225000e+00  1.279702e+00  1.170043e+00
     vertex -5.225000e+00  1.230533e+00  1.044762e+00
   endloop
 endfacet
 facet normal -1.000000e+00  0.000000e+00  0.000000e+00
   outer loop
     vertex -5.225000e+00  1.316153e+00  1.299597e+00
     vertex -5.225000e+00  1.299543e+00  1.234365e+00
     vertex -5.225000e+00  1.279702e+00  1.170043e+00
   endloop
 endfacet
 facet normal -1.000000e+00  0.000000e+00  0.000000e+00
   outer loop
     vertex -5.225000e+00  2.012071e-01  2.650784e-01
     vertex -5.225000e+00  3.331225e-01  2.917457e-01
     vertex -5.225000e+00  2.674973e-01  2.767671e-01
   endloop
 endfacet
 facet normal -1.000000e+00  0.000000e+00  0.000000e+00
   outer loop
     vertex -5.225000e+00  1.339523e+00  1.432136e+00
     vertex -5.225000e+00  1.329490e+00  1.365575e+00
     vertex -5.225000e+00  1.316153e+00  1.299597e+00
   endloop
 endfacet
 facet normal -1.000000e+00  0.000000e+00  0.000000e+00
   outer loop
     vertex -5.225000e+00  1.346225e+00  1.499114e+00
     vertex -5.225000e+00  1.339523e+00  1.432136e+00
     vertex -5.225000e+00  1.316153e+00  1.299597e+00
   endloop
 endfacet
 facet normal -1.000000e+00  0.000000e+00  0.000000e+00
   outer loop
     vertex -5.225000e+00  1.339523e+00  1.767864e+00
     vertex -5.225000e+00  1.349580e+00  1.633656e+00
     vertex -5.225000e+00  1.349580e+00  1.566344e+00
   endloop
 endfacet
 facet normal -1.000000e+00  0.000000e+00  0.000000e+00
   outer loop
     vertex -5.225000e+00  1.339523e+00  1.767864e+00
     vertex -5.225000e+00  1.346225e+00  1.700886e+00
     vertex -5.225000e+00  1.349580e+00  1.633656e+00
   endloop
 endfacet
 facet normal -1.000000e+00  0.000000e+00  0.000000e+00
   outer loop
     vertex -5.225000e+00  1.316153e+00  1.900403e+00
     vertex -5.225000e+00  1.329490e+00  1.834425e+00
     vertex -5.225000e+00  1.339523e+00  1.767864e+00
   endloop
 endfacet
 facet normal -1.000000e+00  0.000000e+00  0.000000e+00
   outer loop
     vertex -5.225000e+00  1.279702e+00  2.029957e+00
     vertex -5.225000e+00  1.299543e+00  1.965635e+00
     vertex -5.225000e+00  1.316153e+00  1.900403e+00
   endloop
 endfacet
 facet normal -1.000000e+00  0.000000e+00  0.000000e+00
   outer loop
     vertex -5.225000e+00 -4.617272e-01  3.314150e-01
     vertex -5.225000e+00 -3.331225e-01  2.917457e-01
     vertex -5.225000e+00 -3.979195e-01  3.099767e-01
   endloop
 endfacet
 facet normal -1.000000e+00  0.000000e+00  0.000000e+00
   outer loop
     vertex -5.225000e+00 -4.617272e-01  3.314150e-01
     vertex -5.225000e+00 -2.674973e-01  2.767671e-01
     vertex -5.225000e+00 -3.331225e-01  2.917457e-01
   endloop
 endfacet
 facet normal -1.000000e+00  0.000000e+00  0.000000e+00
   outer loop
     vertex -5.225000e+00 -5.243870e-01  3.560071e-01
     vertex -5.225000e+00 -2.012071e-01  2.650784e-01
     vertex -5.225000e+00 -2.674973e-01  2.767671e-01
   endloop
 endfacet
 facet normal -1.000000e+00  0.000000e+00  0.000000e+00
   outer loop
     vertex -5.225000e+00 -5.243870e-01  3.560071e-01
     vertex -5.225000e+00 -1.344166e-01  2.567085e-01
     vertex -5.225000e+00 -2.012071e-01  2.650784e-01
   endloop
 endfacet
 facet normal -1.000000e+00  0.000000e+00  0.000000e+00
   outer loop
     vertex -5.225000e+00 -5.243870e-01  3.560071e-01
     vertex -5.225000e+00 -2.674973e-01  2.767671e-01
     vertex -5.225000e+00 -4.617272e-01  3.314150e-01
   endloop
 endfacet
 facet normal -1.000000e+00  0.000000e+00  0.000000e+00
   outer loop
     vertex -5.225000e+00  1.230533e+00  2.155238e+00
     vertex -5.225000e+00  1.256680e+00  2.093210e+00
     vertex -5.225000e+00  1.279702e+00  2.029957e+00
   endloop
 endfacet
 facet normal -1.000000e+00  0.000000e+00  0.000000e+00
   outer loop
     vertex -5.225000e+00 -6.456429e-01  4.144009e-01
     vertex -5.225000e+00 -5.243870e-01  3.560071e-01
     vertex -5.225000e+00 -5.857430e-01  3.836920e-01
   endloop
 endfacet
 facet normal -1.000000e+00  0.000000e+00  0.000000e+00
   outer loop
     vertex -5.225000e+00  1.169134e+00  2.275000e+00
     vertex -5.225000e+00  1.201327e+00  2.215884e+00
     vertex -5.225000e+00  1.230533e+00  2.155238e+00
   endloop
 endfacet
 facet normal -1.000000e+00  0.000000e+00  0.000000e+00
   outer loop
     vertex -5.225000e+00  1.169134e+00  2.275000e+00
     vertex -5.225000e+00  1.230533e+00  2.155238e+00
     vertex -5.225000e+00  1.279702e+00  2.029957e+00
   endloop
 endfacet
 facet normal -1.000000e+00  0.000000e+00  0.000000e+00
   outer loop
     vertex -5.225000e+00  1.134035e+00  2.332437e+00
     vertex -5.225000e+00  1.279702e+00  2.029957e+00
     vertex -5.225000e+00  1.316153e+00  1.900403e+00
   endloop
 endfacet
 facet normal -1.000000e+00  0.000000e+00  0.000000e+00
   outer loop
     vertex -5.225000e+00  1.134035e+00  2.332437e+00
     vertex -5.225000e+00  1.169134e+00  2.275000e+00
     vertex -5.225000e+00  1.279702e+00  2.029957e+00
   endloop
 endfacet
 facet normal -1.000000e+00  0.000000e+00  0.000000e+00
   outer loop
     vertex -5.225000e+00 -7.604821e-01  4.845777e-01
     vertex -5.225000e+00 -6.456429e-01  4.144009e-01
     vertex -5.225000e+00 -7.039375e-01  4.480573e-01
   endloop
 endfacet
 facet normal -1.000000e+00  0.000000e+00  0.000000e+00
   outer loop
     vertex -5.225000e+00  1.055473e+00  2.441711e+00
     vertex -5.225000e+00  1.096116e+00  2.388054e+00
     vertex -5.225000e+00  1.134035e+00  2.332437e+00
   endloop
 endfacet
 facet normal -1.000000e+00  0.000000e+00  0.000000e+00
   outer loop
     vertex -5.225000e+00 -8.677633e-01  5.658400e-01
     vertex -5.225000e+00 -1.344166e-01  2.567085e-01
     vertex -5.225000e+00 -5.243870e-01  3.560071e-01
   endloop
 endfacet
 facet normal -1.000000e+00  0.000000e+00  0.000000e+00
   outer loop
     vertex -5.225000e+00 -8.677633e-01  5.658400e-01
     vertex -5.225000e+00 -5.243870e-01  3.560071e-01
     vertex -5.225000e+00 -6.456429e-01  4.144009e-01
   endloop
 endfacet
 facet normal -1.000000e+00  0.000000e+00  0.000000e+00
   outer loop
     vertex -5.225000e+00 -8.677633e-01  5.658400e-01
     vertex -5.225000e+00 -6.456429e-01  4.144009e-01
     vertex -5.225000e+00 -7.604821e-01  4.845777e-01
   endloop
 endfacet
 facet normal -1.000000e+00  0.000000e+00  0.000000e+00
   outer loop
     vertex -5.225000e+00 -8.677633e-01  5.658400e-01
     vertex -5.225000e+00 -7.604821e-01  4.845777e-01
     vertex -5.225000e+00 -8.151360e-01  5.238711e-01
   endloop
 endfacet
 facet normal -1.000000e+00  0.000000e+00  0.000000e+00
   outer loop
     vertex -5.225000e+00 -8.677633e-01  5.658400e-01
     vertex -5.225000e+00 -6.729195e-02  2.516782e-01
     vertex -5.225000e+00 -1.344166e-01  2.567085e-01
   endloop
 endfacet
 facet normal -1.000000e+00  0.000000e+00  0.000000e+00
   outer loop
     vertex -5.225000e+00  1.012205e+00  2.493276e+00
     vertex -5.225000e+00  1.055473e+00  2.441711e+00
     vertex -5.225000e+00  1.134035e+00  2.332437e+00
   endloop
 endfacet
 facet normal -1.000000e+00  0.000000e+00  0.000000e+00
   outer loop
     vertex -5.225000e+00  9.664202e-01  2.542620e+00
     vertex -5.225000e+00  1.012205e+00  2.493276e+00
     vertex -5.225000e+00  1.134035e+00  2.332437e+00
   endloop
 endfacet
 facet normal -1.000000e+00  0.000000e+00  0.000000e+00
   outer loop
     vertex -5.225000e+00 -9.664202e-01  6.573803e-01
     vertex -5.225000e+00 -8.677633e-01  5.658400e-01
     vertex -5.225000e+00 -9.182332e-01  6.103800e-01
   endloop
 endfacet
 facet normal -1.000000e+00  0.000000e+00  0.000000e+00
   outer loop
     vertex -5.225000e+00  8.677633e-01  2.634160e+00
     vertex -5.225000e+00  9.182332e-01  2.589620e+00
     vertex -5.225000e+00  9.664202e-01  2.542620e+00
   endloop
 endfacet
 facet normal -1.000000e+00  0.000000e+00  0.000000e+00
   outer loop
     vertex -5.225000e+00  8.677633e-01  2.634160e+00
     vertex -5.225000e+00  9.664202e-01  2.542620e+00
     vertex -5.225000e+00  1.134035e+00  2.332437e+00
   endloop
 endfacet
 facet normal -1.000000e+00  0.000000e+00  0.000000e+00
   outer loop
     vertex -5.225000e+00 -1.055473e+00  7.582888e-01
     vertex -5.225000e+00 -9.664202e-01  6.573803e-01
     vertex -5.225000e+00 -1.012205e+00  7.067241e-01
   endloop
 endfacet
 facet normal -1.000000e+00  0.000000e+00  0.000000e+00
   outer loop
     vertex -5.225000e+00 -1.096116e+00  8.119460e-01
     vertex -5.225000e+00 -8.677633e-01  5.658400e-01
     vertex -5.225000e+00 -9.664202e-01  6.573803e-01
   endloop
 endfacet
 facet normal -1.000000e+00  0.000000e+00  0.000000e+00
   outer loop
     vertex -5.225000e+00 -1.096116e+00  8.119460e-01
     vertex -5.225000e+00 -9.664202e-01  6.573803e-01
     vertex -5.225000e+00 -1.055473e+00  7.582888e-01
   endloop
 endfacet
 facet normal -1.000000e+00  0.000000e+00  0.000000e+00
   outer loop
     vertex -5.225000e+00 -1.134035e+00  8.675625e-01
     vertex -5.225000e+00 -8.677633e-01  5.658400e-01
     vertex -5.225000e+00 -1.096116e+00  8.119460e-01
   endloop
 endfacet
 facet normal -1.000000e+00  0.000000e+00  0.000000e+00
   outer loop
     vertex -5.225000e+00 -1.230533e+00  1.044762e+00
     vertex -5.225000e+00 -1.169134e+00  9.250000e-01
     vertex -5.225000e+00 -1.201327e+00  9.841156e-01
   endloop
 endfacet
 facet normal -1.000000e+00  0.000000e+00  0.000000e+00
   outer loop
     vertex -5.225000e+00 -1.230533e+00  1.044762e+00
     vertex -5.225000e+00 -1.134035e+00  8.675625e-01
     vertex -5.225000e+00 -1.169134e+00  9.250000e-01
   endloop
 endfacet
 facet normal -1.000000e+00  0.000000e+00  0.000000e+00
   outer loop
     vertex -5.225000e+00 -1.230533e+00  1.044762e+00
     vertex -5.225000e+00  4.630836e-15  2.500000e-01
     vertex -5.225000e+00 -6.729195e-02  2.516782e-01
   endloop
 endfacet
 facet normal -1.000000e+00  0.000000e+00  0.000000e+00
   outer loop
     vertex -5.225000e+00 -1.230533e+00  1.044762e+00
     vertex -5.225000e+00 -8.677633e-01  5.658400e-01
     vertex -5.225000e+00 -1.134035e+00  8.675625e-01
   endloop
 endfacet
 facet normal -1.000000e+00  0.000000e+00  0.000000e+00
   outer loop
     vertex -5.225000e+00 -1.230533e+00  1.044762e+00
     vertex -5.225000e+00  6.729195e-02  2.516782e-01
     vertex -5.225000e+00  4.630836e-15  2.500000e-01
   endloop
 endfacet
 facet normal -1.000000e+00  0.000000e+00  0.000000e+00
   outer loop
     vertex -5.225000e+00 -1.230533e+00  1.044762e+00
     vertex -5.225000e+00  1.344166e-01  2.567085e-01
     vertex -5.225000e+00  6.729195e-02  2.516782e-01
   endloop
 endfacet
 facet normal -1.000000e+00  0.000000e+00  0.000000e+00
   outer loop
     vertex -5.225000e+00 -1.230533e+00  1.044762e+00
     vertex -5.225000e+00  2.012071e-01  2.650784e-01
     vertex -5.225000e+00  1.344166e-01  2.567085e-01
   endloop
 endfacet
 facet normal -1.000000e+00  0.000000e+00  0.000000e+00
   outer loop
     vertex -5.225000e+00 -1.230533e+00  1.044762e+00
     vertex -5.225000e+00 -6.729195e-02  2.516782e-01
     vertex -5.225000e+00 -8.677633e-01  5.658400e-01
   endloop
 endfacet
 facet normal -1.000000e+00  0.000000e+00  0.000000e+00
   outer loop
     vertex -5.225000e+00  5.243870e-01  2.843993e+00
     vertex -5.225000e+00  7.604821e-01  2.715422e+00
     vertex -5.225000e+00  8.151360e-01  2.676129e+00
   endloop
 endfacet
 facet normal -1.000000e+00  0.000000e+00  0.000000e+00
   outer loop
     vertex -5.225000e+00  5.243870e-01  2.843993e+00
     vertex -5.225000e+00  7.039375e-01  2.751943e+00
     vertex -5.225000e+00  7.604821e-01  2.715422e+00
   endloop
 endfacet
 facet normal -1.000000e+00  0.000000e+00  0.000000e+00
   outer loop
     vertex -5.225000e+00  5.243870e-01  2.843993e+00
     vertex -5.225000e+00  6.456429e-01  2.785599e+00
     vertex -5.225000e+00  7.039375e-01  2.751943e+00
   endloop
 endfacet
 facet normal -1.000000e+00  0.000000e+00  0.000000e+00
   outer loop
     vertex -5.225000e+00  5.243870e-01  2.843993e+00
     vertex -5.225000e+00  5.857430e-01  2.816308e+00
     vertex -5.225000e+00  6.456429e-01  2.785599e+00
   endloop
 endfacet
 facet normal -1.000000e+00  0.000000e+00  0.000000e+00
   outer loop
     vertex -5.225000e+00  4.617272e-01  2.868585e+00
     vertex -5.225000e+00  8.151360e-01  2.676129e+00
     vertex -5.225000e+00  8.677633e-01  2.634160e+00
   endloop
 endfacet
 facet normal -1.000000e+00  0.000000e+00  0.000000e+00
   outer loop
     vertex -5.225000e+00  4.617272e-01  2.868585e+00
     vertex -5.225000e+00  5.243870e-01  2.843993e+00
     vertex -5.225000e+00  8.151360e-01  2.676129e+00
   endloop
 endfacet
 facet normal -1.000000e+00  0.000000e+00  0.000000e+00
   outer loop
     vertex -5.225000e+00 -1.279702e+00  1.170043e+00
     vertex -5.225000e+00 -1.230533e+00  1.044762e+00
     vertex -5.225000e+00 -1.256680e+00  1.106790e+00
   endloop
 endfacet
 facet normal -1.000000e+00  0.000000e+00  0.000000e+00
   outer loop
     vertex -5.225000e+00  3.979195e-01  2.890023e+00
     vertex -5.225000e+00  1.339523e+00  1.767864e+00
     vertex -5.225000e+00  1.349580e+00  1.566344e+00
   endloop
 endfacet
 facet normal -1.000000e+00  0.000000e+00  0.000000e+00
   outer loop
     vertex -5.225000e+00  3.979195e-01  2.890023e+00
     vertex -5.225000e+00  1.316153e+00  1.900403e+00
     vertex -5.225000e+00  1.339523e+00  1.767864e+00
   endloop
 endfacet
 facet normal -1.000000e+00  0.000000e+00  0.000000e+00
   outer loop
     vertex -5.225000e+00  3.979195e-01  2.890023e+00
     vertex -5.225000e+00  1.134035e+00  2.332437e+00
     vertex -5.225000e+00  1.316153e+00  1.900403e+00
   endloop
 endfacet
 facet normal -1.000000e+00  0.000000e+00  0.000000e+00
   outer loop
     vertex -5.225000e+00  3.979195e-01  2.890023e+00
     vertex -5.225000e+00  8.677633e-01  2.634160e+00
     vertex -5.225000e+00  1.134035e+00  2.332437e+00
   endloop
 endfacet
 facet normal -1.000000e+00  0.000000e+00  0.000000e+00
   outer loop
     vertex -5.225000e+00  3.979195e-01  2.890023e+00
     vertex -5.225000e+00  4.617272e-01  2.868585e+00
     vertex -5.225000e+00  8.677633e-01  2.634160e+00
   endloop
 endfacet
 facet normal -1.000000e+00  0.000000e+00  0.000000e+00
   outer loop
     vertex -5.225000e+00  3.979195e-01  2.890023e+00
     vertex -5.225000e+00  1.349580e+00  1.566344e+00
     vertex -5.225000e+00  1.346225e+00  1.499114e+00
   endloop
 endfacet
 facet normal -1.000000e+00  0.000000e+00  0.000000e+00
   outer loop
     vertex -5.225000e+00 -1.329490e+00  1.365575e+00
     vertex -5.225000e+00 -1.299543e+00  1.234365e+00
     vertex -5.225000e+00 -1.316153e+00  1.299597e+00
   endloop
 endfacet
 facet normal -1.000000e+00  0.000000e+00  0.000000e+00
   outer loop
     vertex -5.225000e+00  2.012071e-01  2.934922e+00
     vertex -5.225000e+00  3.331225e-01  2.908254e+00
     vertex -5.225000e+00  3.979195e-01  2.890023e+00
   endloop
 endfacet
 facet normal -1.000000e+00  0.000000e+00  0.000000e+00
   outer loop
     vertex -5.225000e+00  2.012071e-01  2.934922e+00
     vertex -5.225000e+00  2.674973e-01  2.923233e+00
     vertex -5.225000e+00  3.331225e-01  2.908254e+00
   endloop
 endfacet
 facet normal -1.000000e+00  0.000000e+00  0.000000e+00
   outer loop
     vertex -5.225000e+00  1.344166e-01  2.943292e+00
     vertex -5.225000e+00  2.012071e-01  2.934922e+00
     vertex -5.225000e+00  3.979195e-01  2.890023e+00
   endloop
 endfacet
 facet normal -1.000000e+00  0.000000e+00  0.000000e+00
   outer loop
     vertex -5.225000e+00 -1.346225e+00  1.499114e+00
     vertex -5.225000e+00 -1.329490e+00  1.365575e+00
     vertex -5.225000e+00 -1.339523e+00  1.432136e+00
   endloop
 endfacet
 facet normal -1.000000e+00  0.000000e+00  0.000000e+00
   outer loop
     vertex -5.225000e+00 -1.349580e+00  1.566344e+00
     vertex -5.225000e+00 -1.299543e+00  1.234365e+00
     vertex -5.225000e+00 -1.329490e+00  1.365575e+00
   endloop
 endfacet
 facet normal -1.000000e+00  0.000000e+00  0.000000e+00
   outer loop
     vertex -5.225000e+00 -1.349580e+00  1.566344e+00
     vertex -5.225000e+00 -1.329490e+00  1.365575e+00
     vertex -5.225000e+00 -1.346225e+00  1.499114e+00
   endloop
 endfacet
 facet normal -1.000000e+00  0.000000e+00  0.000000e+00
   outer loop
     vertex -5.225000e+00  3.306546e-16  2.950000e+00
     vertex -5.225000e+00  1.344166e-01  2.943292e+00
     vertex -5.225000e+00  3.979195e-01  2.890023e+00
   endloop
 endfacet
 facet normal -1.000000e+00  0.000000e+00  0.000000e+00
   outer loop
     vertex -5.225000e+00  3.306546e-16  2.950000e+00
     vertex -5.225000e+00  6.729195e-02  2.948322e+00
     vertex -5.225000e+00  1.344166e-01  2.943292e+00
   endloop
 endfacet
 facet normal -1.000000e+00  0.000000e+00  0.000000e+00
   outer loop
     vertex -5.225000e+00 -1.346225e+00  1.700886e+00
     vertex -5.225000e+00 -1.349580e+00  1.566344e+00
     vertex -5.225000e+00 -1.349580e+00  1.633656e+00
   endloop
 endfacet
 facet normal -1.000000e+00  0.000000e+00  0.000000e+00
   outer loop
     vertex -5.225000e+00 -2.012071e-01  2.934922e+00
     vertex -5.225000e+00 -6.729195e-02  2.948322e+00
     vertex -5.225000e+00  3.306546e-16  2.950000e+00
   endloop
 endfacet
 facet normal -1.000000e+00  0.000000e+00  0.000000e+00
   outer loop
     vertex -5.225000e+00 -2.012071e-01  2.934922e+00
     vertex -5.225000e+00 -1.344166e-01  2.943292e+00
     vertex -5.225000e+00 -6.729195e-02  2.948322e+00
   endloop
 endfacet
 facet normal -1.000000e+00  0.000000e+00  0.000000e+00
   outer loop
     vertex -5.225000e+00 -1.329490e+00  1.834425e+00
     vertex -5.225000e+00 -1.349580e+00  1.566344e+00
     vertex -5.225000e+00 -1.346225e+00  1.700886e+00
   endloop
 endfacet
 facet normal -1.000000e+00  0.000000e+00  0.000000e+00
   outer loop
     vertex -5.225000e+00 -1.329490e+00  1.834425e+00
     vertex -5.225000e+00 -1.346225e+00  1.700886e+00
     vertex -5.225000e+00 -1.339523e+00  1.767864e+00
   endloop
 endfacet
 facet normal -1.000000e+00  0.000000e+00  0.000000e+00
   outer loop
     vertex -5.225000e+00 -2.674973e-01  2.923233e+00
     vertex -5.225000e+00 -2.012071e-01  2.934922e+00
     vertex -5.225000e+00  3.306546e-16  2.950000e+00
   endloop
 endfacet
 facet normal -1.000000e+00  0.000000e+00  0.000000e+00
   outer loop
     vertex -5.225000e+00 -1.299543e+00  1.965635e+00
     vertex -5.225000e+00 -1.329490e+00  1.834425e+00
     vertex -5.225000e+00 -1.316153e+00  1.900403e+00
   endloop
 endfacet
 facet normal -1.000000e+00  0.000000e+00  0.000000e+00
   outer loop
     vertex -5.225000e+00 -3.979195e-01  2.890023e+00
     vertex -5.225000e+00 -3.331225e-01  2.908254e+00
     vertex -5.225000e+00 -2.674973e-01  2.923233e+00
   endloop
 endfacet
 facet normal -1.000000e+00  0.000000e+00  0.000000e+00
   outer loop
     vertex -5.225000e+00 -3.979195e-01  2.890023e+00
     vertex -5.225000e+00 -2.674973e-01  2.923233e+00
     vertex -5.225000e+00  3.306546e-16  2.950000e+00
   endloop
 endfacet
 facet normal -1.000000e+00  0.000000e+00  0.000000e+00
   outer loop
     vertex -5.225000e+00 -4.617272e-01  2.868585e+00
     vertex -5.225000e+00  3.306546e-16  2.950000e+00
     vertex -5.225000e+00  3.979195e-01  2.890023e+00
   endloop
 endfacet
 facet normal -1.000000e+00  0.000000e+00  0.000000e+00
   outer loop
     vertex -5.225000e+00 -4.617272e-01  2.868585e+00
     vertex -5.225000e+00  9.182332e-01  6.103800e-01
     vertex -5.225000e+00  8.151360e-01  5.238711e-01
   endloop
 endfacet
 facet normal -1.000000e+00  0.000000e+00  0.000000e+00
   outer loop
     vertex -5.225000e+00 -4.617272e-01  2.868585e+00
     vertex -5.225000e+00  1.134035e+00  8.675625e-01
     vertex -5.225000e+00  1.055473e+00  7.582888e-01
   endloop
 endfacet
 facet normal -1.000000e+00  0.000000e+00  0.000000e+00
   outer loop
     vertex -5.225000e+00 -4.617272e-01  2.868585e+00
     vertex -5.225000e+00  8.151360e-01  5.238711e-01
     vertex -5.225000e+00  6.456429e-01  4.144009e-01
   endloop
 endfacet
 facet normal -1.000000e+00  0.000000e+00  0.000000e+00
   outer loop
     vertex -5.225000e+00 -4.617272e-01  2.868585e+00
     vertex -5.225000e+00  1.230533e+00  1.044762e+00
     vertex -5.225000e+00  1.169134e+00  9.250000e-01
   endloop
 endfacet
 facet normal -1.000000e+00  0.000000e+00  0.000000e+00
   outer loop
     vertex -5.225000e+00 -4.617272e-01  2.868585e+00
     vertex -5.225000e+00  1.316153e+00  1.299597e+00
     vertex -5.225000e+00  1.230533e+00  1.044762e+00
   endloop
 endfacet
 facet normal -1.000000e+00  0.000000e+00  0.000000e+00
   outer loop
     vertex -5.225000e+00 -4.617272e-01  2.868585e+00
     vertex -5.225000e+00 -3.979195e-01  2.890023e+00
     vertex -5.225000e+00  3.306546e-16  2.950000e+00
   endloop
 endfacet
 facet normal -1.000000e+00  0.000000e+00  0.000000e+00
   outer loop
     vertex -5.225000e+00 -4.617272e-01  2.868585e+00
     vertex -5.225000e+00  5.857430e-01  3.836920e-01
     vertex -5.225000e+00  5.243870e-01  3.560071e-01
   endloop
 endfacet
 facet normal -1.000000e+00  0.000000e+00  0.000000e+00
   outer loop
     vertex -5.225000e+00 -4.617272e-01  2.868585e+00
     vertex -5.225000e+00  6.456429e-01  4.144009e-01
     vertex -5.225000e+00  5.857430e-01  3.836920e-01
   endloop
 endfacet
 facet normal -1.000000e+00  0.000000e+00  0.000000e+00
   outer loop
     vertex -5.225000e+00 -4.617272e-01  2.868585e+00
     vertex -5.225000e+00  9.664202e-01  6.573803e-01
     vertex -5.225000e+00  9.182332e-01  6.103800e-01
   endloop
 endfacet
 facet normal -1.000000e+00  0.000000e+00  0.000000e+00
   outer loop
     vertex -5.225000e+00 -4.617272e-01  2.868585e+00
     vertex -5.225000e+00  1.346225e+00  1.499114e+00
     vertex -5.225000e+00  1.316153e+00  1.299597e+00
   endloop
 endfacet
 facet normal -1.000000e+00  0.000000e+00  0.000000e+00
   outer loop
     vertex -5.225000e+00 -4.617272e-01  2.868585e+00
     vertex -5.225000e+00  1.012205e+00  7.067241e-01
     vertex -5.225000e+00  9.664202e-01  6.573803e-01
   endloop
 endfacet
 facet normal -1.000000e+00  0.000000e+00  0.000000e+00
   outer loop
     vertex -5.225000e+00 -4.617272e-01  2.868585e+00
     vertex -5.225000e+00  1.055473e+00  7.582888e-01
     vertex -5.225000e+00  1.012205e+00  7.067241e-01
   endloop
 endfacet
 facet normal -1.000000e+00  0.000000e+00  0.000000e+00
   outer loop
     vertex -5.225000e+00 -4.617272e-01  2.868585e+00
     vertex -5.225000e+00  1.169134e+00  9.250000e-01
     vertex -5.225000e+00  1.134035e+00  8.675625e-01
   endloop
 endfacet
 facet normal -1.000000e+00  0.000000e+00  0.000000e+00
   outer loop
     vertex -5.225000e+00 -4.617272e-01  2.868585e+00
     vertex -5.225000e+00  3.979195e-01  2.890023e+00
     vertex -5.225000e+00  1.346225e+00  1.499114e+00
   endloop
 endfacet
 facet normal -1.000000e+00  0.000000e+00  0.000000e+00
   outer loop
     vertex -5.225000e+00 -1.256680e+00  2.093210e+00
     vertex -5.225000e+00 -1.299543e+00  1.965635e+00
     vertex -5.225000e+00 -1.279702e+00  2.029957e+00
   endloop
 endfacet
 facet normal -1.000000e+00  0.000000e+00  0.000000e+00
   outer loop
     vertex -5.225000e+00 -1.230533e+00  2.155238e+00
     vertex -5.225000e+00 -1.299543e+00  1.965635e+00
     vertex -5.225000e+00 -1.256680e+00  2.093210e+00
   endloop
 endfacet
 facet normal -1.000000e+00  0.000000e+00  0.000000e+00
   outer loop
     vertex -5.225000e+00 -1.230533e+00  2.155238e+00
     vertex -5.225000e+00 -1.329490e+00  1.834425e+00
     vertex -5.225000e+00 -1.299543e+00  1.965635e+00
   endloop
 endfacet
 facet normal -1.000000e+00  0.000000e+00  0.000000e+00
   outer loop
     vertex -5.225000e+00 -5.857430e-01  2.816308e+00
     vertex -5.225000e+00 -5.243870e-01  2.843993e+00
     vertex -5.225000e+00 -4.617272e-01  2.868585e+00
   endloop
 endfacet
 facet normal -1.000000e+00  0.000000e+00  0.000000e+00
   outer loop
     vertex -5.225000e+00 -7.039375e-01  2.751943e+00
     vertex -5.225000e+00 -6.456429e-01  2.785599e+00
     vertex -5.225000e+00 -5.857430e-01  2.816308e+00
   endloop
 endfacet
 facet normal -1.000000e+00  0.000000e+00  0.000000e+00
   outer loop
     vertex -5.225000e+00 -7.039375e-01  2.751943e+00
     vertex -5.225000e+00 -5.857430e-01  2.816308e+00
     vertex -5.225000e+00 -4.617272e-01  2.868585e+00
   endloop
 endfacet
 facet normal -1.000000e+00  0.000000e+00  0.000000e+00
   outer loop
     vertex -5.225000e+00 -1.134035e+00  2.332437e+00
     vertex -5.225000e+00 -1.201327e+00  2.215884e+00
     vertex -5.225000e+00 -1.169134e+00  2.275000e+00
   endloop
 endfacet
 facet normal -1.000000e+00  0.000000e+00  0.000000e+00
   outer loop
     vertex -5.225000e+00 -1.134035e+00  2.332437e+00
     vertex -5.225000e+00 -1.230533e+00  2.155238e+00
     vertex -5.225000e+00 -1.201327e+00  2.215884e+00
   endloop
 endfacet
 facet normal -1.000000e+00  0.000000e+00  0.000000e+00
   outer loop
     vertex -5.225000e+00 -1.096116e+00  2.388054e+00
     vertex -5.225000e+00 -1.299543e+00  1.234365e+00
     vertex -5.225000e+00 -1.349580e+00  1.566344e+00
   endloop
 endfacet
 facet normal -1.000000e+00  0.000000e+00  0.000000e+00
   outer loop
     vertex -5.225000e+00 -1.096116e+00  2.388054e+00
     vertex -5.225000e+00 -1.230533e+00  1.044762e+00
     vertex -5.225000e+00 -1.279702e+00  1.170043e+00
   endloop
 endfacet
 facet normal -1.000000e+00  0.000000e+00  0.000000e+00
   outer loop
     vertex -5.225000e+00 -1.096116e+00  2.388054e+00
     vertex -5.225000e+00 -1.279702e+00  1.170043e+00
     vertex -5.225000e+00 -1.299543e+00  1.234365e+00
   endloop
 endfacet
 facet normal -1.000000e+00  0.000000e+00  0.000000e+00
   outer loop
     vertex -5.225000e+00 -1.096116e+00  2.388054e+00
     vertex -5.225000e+00 -1.329490e+00  1.834425e+00
     vertex -5.225000e+00 -1.230533e+00  2.155238e+00
   endloop
 endfacet
 facet normal -1.000000e+00  0.000000e+00  0.000000e+00
   outer loop
     vertex -5.225000e+00 -1.096116e+00  2.388054e+00
     vertex -5.225000e+00 -1.230533e+00  2.155238e+00
     vertex -5.225000e+00 -1.134035e+00  2.332437e+00
   endloop
 endfacet
 facet normal -1.000000e+00  0.000000e+00  0.000000e+00
   outer loop
     vertex -5.225000e+00 -1.096116e+00  2.388054e+00
     vertex -5.225000e+00  3.331225e-01  2.917457e-01
     vertex -5.225000e+00  2.012071e-01  2.650784e-01
   endloop
 endfacet
 facet normal -1.000000e+00  0.000000e+00  0.000000e+00
   outer loop
     vertex -5.225000e+00 -1.096116e+00  2.388054e+00
     vertex -5.225000e+00  3.979195e-01  3.099767e-01
     vertex -5.225000e+00  3.331225e-01  2.917457e-01
   endloop
 endfacet
 facet normal -1.000000e+00  0.000000e+00  0.000000e+00
   outer loop
     vertex -5.225000e+00 -1.096116e+00  2.388054e+00
     vertex -5.225000e+00  4.617272e-01  3.314150e-01
     vertex -5.225000e+00  3.979195e-01  3.099767e-01
   endloop
 endfacet
 facet normal -1.000000e+00  0.000000e+00  0.000000e+00
   outer loop
     vertex -5.225000e+00 -1.096116e+00  2.388054e+00
     vertex -5.225000e+00  5.243870e-01  3.560071e-01
     vertex -5.225000e+00  4.617272e-01  3.314150e-01
   endloop
 endfacet
 facet normal -1.000000e+00  0.000000e+00 -0.000000e+00
   outer loop
     vertex -5.225000e+00 -1.096116e+00  2.388054e+00
     vertex -5.225000e+00  2.012071e-01  2.650784e-01
     vertex -5.225000e+00 -1.230533e+00  1.044762e+00
   endloop
 endfacet
 facet normal -1.000000e+00  0.000000e+00  0.000000e+00
   outer loop
     vertex -5.225000e+00 -1.096116e+00  2.388054e+00
     vertex -5.225000e+00 -1.349580e+00  1.566344e+00
     vertex -5.225000e+00 -1.329490e+00  1.834425e+00
   endloop
 endfacet
 facet normal -1.000000e+00  0.000000e+00  0.000000e+00
   outer loop
     vertex -5.225000e+00 -8.677633e-01  2.634160e+00
     vertex -5.225000e+00 -8.151360e-01  2.676129e+00
     vertex -5.225000e+00 -7.604821e-01  2.715422e+00
   endloop
 endfacet
 facet normal -1.000000e+00  0.000000e+00  0.000000e+00
   outer loop
     vertex -5.225000e+00 -9.182332e-01  2.589620e+00
     vertex -5.225000e+00 -7.604821e-01  2.715422e+00
     vertex -5.225000e+00 -7.039375e-01  2.751943e+00
   endloop
 endfacet
 facet normal -1.000000e+00  0.000000e+00  0.000000e+00
   outer loop
     vertex -5.225000e+00 -9.182332e-01  2.589620e+00
     vertex -5.225000e+00 -8.677633e-01  2.634160e+00
     vertex -5.225000e+00 -7.604821e-01  2.715422e+00
   endloop
 endfacet
 facet normal -1.000000e+00  0.000000e+00  0.000000e+00
   outer loop
     vertex -5.225000e+00 -9.664202e-01  2.542620e+00
     vertex -5.225000e+00 -1.055473e+00  2.441711e+00
     vertex -5.225000e+00 -1.012205e+00  2.493276e+00
   endloop
 endfacet
 facet normal -1.000000e+00  0.000000e+00  0.000000e+00
   outer loop
     vertex -5.225000e+00 -9.664202e-01  2.542620e+00
     vertex -5.225000e+00 -1.096116e+00  2.388054e+00
     vertex -5.225000e+00 -1.055473e+00  2.441711e+00
   endloop
 endfacet
 facet normal -1.000000e+00  0.000000e+00 -0.000000e+00
   outer loop
     vertex -5.225000e+00 -9.664202e-01  2.542620e+00
     vertex -5.225000e+00  5.243870e-01  3.560071e-01
     vertex -5.225000e+00 -1.096116e+00  2.388054e+00
   endloop
 endfacet
 facet normal -1.000000e+00  0.000000e+00  0.000000e+00
   outer loop
     vertex -5.225000e+00 -9.664202e-01  2.542620e+00
     vertex -5.225000e+00 -7.039375e-01  2.751943e+00
     vertex -5.225000e+00 -4.617272e-01  2.868585e+00
   endloop
 endfacet
 facet normal -1.000000e+00  0.000000e+00  0.000000e+00
   outer loop
     vertex -5.225000e+00 -9.664202e-01  2.542620e+00
     vertex -5.225000e+00 -4.617272e-01  2.868585e+00
     vertex -5.225000e+00  5.243870e-01  3.560071e-01
   endloop
 endfacet
 facet normal -1.000000e+00  0.000000e+00  0.000000e+00
   outer loop
     vertex -5.225000e+00 -9.664202e-01  2.542620e+00
     vertex -5.225000e+00 -9.182332e-01  2.589620e+00
     vertex -5.225000e+00 -7.039375e-01  2.751943e+00
   endloop
 endfacet
 facet normal  1.000000e+00  0.000000e+00  0.000000e+00
   outer loop
     vertex  5.225000e+00  8.151360e-01  2.676129e+00
     vertex  5.225000e+00  9.182332e-01  2.589620e+00
     vertex  5.225000e+00  8.677633e-01  2.634160e+00
   endloop
 endfacet
 facet normal  1.000000e+00  0.000000e+00  0.000000e+00
   outer loop
     vertex  5.225000e+00  1.134035e+00  2.332437e+00
     vertex  5.225000e+00  1.096116e+00  2.388054e+00
     vertex  5.225000e+00  1.055473e+00  2.441711e+00
   endloop
 endfacet
 facet normal  1.000000e+00  0.000000e+00  0.000000e+00
   outer loop
     vertex  5.225000e+00  6.456429e-01  2.785599e+00
     vertex  5.225000e+00  7.604821e-01  2.715422e+00
     vertex  5.225000e+00  7.039375e-01  2.751943e+00
   endloop
 endfacet
 facet normal  1.000000e+00  0.000000e+00  0.000000e+00
   outer loop
     vertex  5.225000e+00  6.456429e-01  2.785599e+00
     vertex  5.225000e+00  8.151360e-01  2.676129e+00
     vertex  5.225000e+00  7.604821e-01  2.715422e+00
   endloop
 endfacet
 facet normal  1.000000e+00  0.000000e+00  0.000000e+00
   outer loop
     vertex  5.225000e+00  1.230533e+00  2.155238e+00
     vertex  5.225000e+00  1.201327e+00  2.215884e+00
     vertex  5.225000e+00  1.169134e+00  2.275000e+00
   endloop
 endfacet
 facet normal  1.000000e+00  0.000000e+00  0.000000e+00
   outer loop
     vertex  5.225000e+00  1.279702e+00  2.029957e+00
     vertex  5.225000e+00  1.256680e+00  2.093210e+00
     vertex  5.225000e+00  1.230533e+00  2.155238e+00
   endloop
 endfacet
 facet normal  1.000000e+00  0.000000e+00  0.000000e+00
   outer loop
     vertex  5.225000e+00  1.316153e+00  1.900403e+00
     vertex  5.225000e+00  1.279702e+00  2.029957e+00
     vertex  5.225000e+00  1.230533e+00  2.155238e+00
   endloop
 endfacet
 facet normal  1.000000e+00  0.000000e+00  0.000000e+00
   outer loop
     vertex  5.225000e+00  1.316153e+00  1.900403e+00
     vertex  5.225000e+00  1.299543e+00  1.965635e+00
     vertex  5.225000e+00  1.279702e+00  2.029957e+00
   endloop
 endfacet
 facet normal  1.000000e+00  0.000000e+00  0.000000e+00
   outer loop
     vertex  5.225000e+00  2.012071e-01  2.934922e+00
     vertex  5.225000e+00  3.331225e-01  2.908254e+00
     vertex  5.225000e+00  2.674973e-01  2.923233e+00
   endloop
 endfacet
 facet normal  1.000000e+00  0.000000e+00  0.000000e+00
   outer loop
     vertex  5.225000e+00  1.339523e+00  1.767864e+00
     vertex  5.225000e+00  1.329490e+00  1.834425e+00
     vertex  5.225000e+00  1.316153e+00  1.900403e+00
   endloop
 endfacet
 facet normal  1.000000e+00  0.000000e+00  0.000000e+00
   outer loop
     vertex  5.225000e+00  1.346225e+00  1.700886e+00
     vertex  5.225000e+00  1.339523e+00  1.767864e+00
     vertex  5.225000e+00  1.316153e+00  1.900403e+00
   endloop
 endfacet
 facet normal  1.000000e+00  0.000000e+00  0.000000e+00
   outer loop
     vertex  5.225000e+00  1.339523e+00  1.432136e+00
     vertex  5.225000e+00  1.349580e+00  1.566344e+00
     vertex  5.225000e+00  1.349580e+00  1.633656e+00
   endloop
 endfacet
 facet normal  1.000000e+00  0.000000e+00  0.000000e+00
   outer loop
     vertex  5.225000e+00  1.339523e+00  1.432136e+00
     vertex  5.225000e+00  1.346225e+00  1.499114e+00
     vertex  5.225000e+00  1.349580e+00  1.566344e+00
   endloop
 endfacet
 facet normal  1.000000e+00  0.000000e+00  0.000000e+00
   outer loop
     vertex  5.225000e+00  1.316153e+00  1.299597e+00
     vertex  5.225000e+00  1.329490e+00  1.365575e+00
     vertex  5.225000e+00  1.339523e+00  1.432136e+00
   endloop
 endfacet
 facet normal  1.000000e+00  0.000000e+00  0.000000e+00
   outer loop
     vertex  5.225000e+00  1.279702e+00  1.170043e+00
     vertex  5.225000e+00  1.299543e+00  1.234365e+00
     vertex  5.225000e+00  1.316153e+00  1.299597e+00
   endloop
 endfacet
 facet normal  1.000000e+00  0.000000e+00  0.000000e+00
   outer loop
     vertex  5.225000e+00 -4.617272e-01  2.868585e+00
     vertex  5.225000e+00 -3.331225e-01  2.908254e+00
     vertex  5.225000e+00 -3.979195e-01  2.890023e+00
   endloop
 endfacet
 facet normal  1.000000e+00  0.000000e+00  0.000000e+00
   outer loop
     vertex  5.225000e+00 -4.617272e-01  2.868585e+00
     vertex  5.225000e+00 -2.674973e-01  2.923233e+00
     vertex  5.225000e+00 -3.331225e-01  2.908254e+00
   endloop
 endfacet
 facet normal  1.000000e+00  0.000000e+00  0.000000e+00
   outer loop
     vertex  5.225000e+00 -5.243870e-01  2.843993e+00
     vertex  5.225000e+00 -2.012071e-01  2.934922e+00
     vertex  5.225000e+00 -2.674973e-01  2.923233e+00
   endloop
 endfacet
 facet normal  1.000000e+00  0.000000e+00  0.000000e+00
   outer loop
     vertex  5.225000e+00 -5.243870e-01  2.843993e+00
     vertex  5.225000e+00 -1.344166e-01  2.943292e+00
     vertex  5.225000e+00 -2.012071e-01  2.934922e+00
   endloop
 endfacet
 facet normal  1.000000e+00  0.000000e+00  0.000000e+00
   outer loop
     vertex  5.225000e+00 -5.243870e-01  2.843993e+00
     vertex  5.225000e+00 -2.674973e-01  2.923233e+00
     vertex  5.225000e+00 -4.617272e-01  2.868585e+00
   endloop
 endfacet
 facet normal  1.000000e+00  0.000000e+00  0.000000e+00
   outer loop
     vertex  5.225000e+00  1.230533e+00  1.044762e+00
     vertex  5.225000e+00  1.256680e+00  1.106790e+00
     vertex  5.225000e+00  1.279702e+00  1.170043e+00
   endloop
 endfacet
 facet normal  1.000000e+00  0.000000e+00  0.000000e+00
   outer loop
     vertex  5.225000e+00 -6.456429e-01  2.785599e+00
     vertex  5.225000e+00 -5.243870e-01  2.843993e+00
     vertex  5.225000e+00 -5.857430e-01  2.816308e+00
   endloop
 endfacet
 facet normal  1.000000e+00  0.000000e+00  0.000000e+00
   outer loop
     vertex  5.225000e+00  1.169134e+00  9.250000e-01
     vertex  5.225000e+00  1.201327e+00  9.841156e-01
     vertex  5.225000e+00  1.230533e+00  1.044762e+00
   endloop
 endfacet
 facet normal  1.000000e+00  0.000000e+00  0.000000e+00
   outer loop
     vertex  5.225000e+00  1.169134e+00  9.250000e-01
     vertex  5.225000e+00  1.230533e+00  1.044762e+00
     vertex  5.225000e+00  1.279702e+00  1.170043e+00
   endloop
 endfacet
 facet normal  1.000000e+00  0.000000e+00  0.000000e+00
   outer loop
     vertex  5.225000e+00  1.134035e+00  8.675625e-01
     vertex  5.225000e+00  1.279702e+00  1.170043e+00
     vertex  5.225000e+00  1.316153e+00  1.299597e+00
   endloop
 endfacet
 facet normal  1.000000e+00  0.000000e+00  0.000000e+00
   outer loop
     vertex  5.225000e+00  1.134035e+00  8.675625e-01
     vertex  5.225000e+00  1.169134e+00  9.250000e-01
     vertex  5.225000e+00  1.279702e+00  1.170043e+00
   endloop
 endfacet
 facet normal  1.000000e+00  0.000000e+00  0.000000e+00
   outer loop
     vertex  5.225000e+00 -7.604821e-01  2.715422e+00
     vertex  5.225000e+00 -6.456429e-01  2.785599e+00
     vertex  5.225000e+00 -7.039375e-01  2.751943e+00
   endloop
 endfacet
 facet normal  1.000000e+00  0.000000e+00  0.000000e+00
   outer loop
     vertex  5.225000e+00  1.055473e+00  7.582888e-01
     vertex  5.225000e+00  1.096116e+00  8.119460e-01
     vertex  5.225000e+00  1.134035e+00  8.675625e-01
   endloop
 endfacet
 facet normal  1.000000e+00  0.000000e+00  0.000000e+00
   outer loop
     vertex  5.225000e+00 -8.677633e-01  2.634160e+00
     vertex  5.225000e+00 -1.344166e-01  2.943292e+00
     vertex  5.225000e+00 -5.243870e-01  2.843993e+00
   endloop
 endfacet
 facet normal  1.000000e+00  0.000000e+00  0.000000e+00
   outer loop
     vertex  5.225000e+00 -8.677633e-01  2.634160e+00
     vertex  5.225000e+00 -5.243870e-01  2.843993e+00
     vertex  5.225000e+00 -6.456429e-01  2.785599e+00
   endloop
 endfacet
 facet normal  1.000000e+00  0.000000e+00  0.000000e+00
   outer loop
     vertex  5.225000e+00 -8.677633e-01  2.634160e+00
     vertex  5.225000e+00 -6.456429e-01  2.785599e+00
     vertex  5.225000e+00 -7.604821e-01  2.715422e+00
   endloop
 endfacet
 facet normal  1.000000e+00  0.000000e+00  0.000000e+00
   outer loop
     vertex  5.225000e+00 -8.677633e-01  2.634160e+00
     vertex  5.225000e+00 -7.604821e-01  2.715422e+00
     vertex  5.225000e+00 -8.151360e-01  2.676129e+00
   endloop
 endfacet
 facet normal  1.000000e+00  0.000000e+00  0.000000e+00
   outer loop
     vertex  5.225000e+00 -8.677633e-01  2.634160e+00
     vertex  5.225000e+00 -6.729195e-02  2.948322e+00
     vertex  5.225000e+00 -1.344166e-01  2.943292e+00
   endloop
 endfacet
 facet normal  1.000000e+00  0.000000e+00  0.000000e+00
   outer loop
     vertex  5.225000e+00  1.012205e+00  7.067241e-01
     vertex  5.225000e+00  1.055473e+00  7.582888e-01
     vertex  5.225000e+00  1.134035e+00  8.675625e-01
   endloop
 endfacet
 facet normal  1.000000e+00  0.000000e+00  0.000000e+00
   outer loop
     vertex  5.225000e+00  9.664202e-01  6.573803e-01
     vertex  5.225000e+00  1.012205e+00  7.067241e-01
     vertex  5.225000e+00  1.134035e+00  8.675625e-01
   endloop
 endfacet
 facet normal  1.000000e+00  0.000000e+00  0.000000e+00
   outer loop
     vertex  5.225000e+00 -9.664202e-01  2.542620e+00
     vertex  5.225000e+00 -8.677633e-01  2.634160e+00
     vertex  5.225000e+00 -9.182332e-01  2.589620e+00
   endloop
 endfacet
 facet normal  1.000000e+00  0.000000e+00  0.000000e+00
   outer loop
     vertex  5.225000e+00  8.677633e-01  5.658400e-01
     vertex  5.225000e+00  9.182332e-01  6.103800e-01
     vertex  5.225000e+00  9.664202e-01  6.573803e-01
   endloop
 endfacet
 facet normal  1.000000e+00  0.000000e+00  0.000000e+00
   outer loop
     vertex  5.225000e+00  8.677633e-01  5.658400e-01
     vertex  5.225000e+00  9.664202e-01  6.573803e-01
     vertex  5.225000e+00  1.134035e+00  8.675625e-01
   endloop
 endfacet
 facet normal  1.000000e+00  0.000000e+00  0.000000e+00
   outer loop
     vertex  5.225000e+00 -1.055473e+00  2.441711e+00
     vertex  5.225000e+00 -9.664202e-01  2.542620e+00
     vertex  5.225000e+00 -1.012205e+00  2.493276e+00
   endloop
 endfacet
 facet normal  1.000000e+00  0.000000e+00  0.000000e+00
   outer loop
     vertex  5.225000e+00 -1.096116e+00  2.388054e+00
     vertex  5.225000e+00 -8.677633e-01  2.634160e+00
     vertex  5.225000e+00 -9.664202e-01  2.542620e+00
   endloop
 endfacet
 facet normal  1.000000e+00  0.000000e+00  0.000000e+00
   outer loop
     vertex  5.225000e+00 -1.096116e+00  2.388054e+00
     vertex  5.225000e+00 -9.664202e-01  2.542620e+00
     vertex  5.225000e+00 -1.055473e+00  2.441711e+00
   endloop
 endfacet
 facet normal  1.000000e+00  0.000000e+00  0.000000e+00
   outer loop
     vertex  5.225000e+00 -1.134035e+00  2.332437e+00
     vertex  5.225000e+00 -8.677633e-01  2.634160e+00
     vertex  5.225000e+00 -1.096116e+00  2.388054e+00
   endloop
 endfacet
 facet normal  1.000000e+00  0.000000e+00  0.000000e+00
   outer loop
     vertex  5.225000e+00 -1.230533e+00  2.155238e+00
     vertex  5.225000e+00 -1.169134e+00  2.275000e+00
     vertex  5.225000e+00 -1.201327e+00  2.215884e+00
   endloop
 endfacet
 facet normal  1.000000e+00  0.000000e+00  0.000000e+00
   outer loop
     vertex  5.225000e+00 -1.230533e+00  2.155238e+00
     vertex  5.225000e+00 -1.134035e+00  2.332437e+00
     vertex  5.225000e+00 -1.169134e+00  2.275000e+00
   endloop
 endfacet
 facet normal  1.000000e+00  0.000000e+00  0.000000e+00
   outer loop
     vertex  5.225000e+00 -1.230533e+00  2.155238e+00
     vertex  5.225000e+00  4.630836e-15  2.950000e+00
     vertex  5.225000e+00 -6.729195e-02  2.948322e+00
   endloop
 endfacet
 facet normal  1.000000e+00  0.000000e+00  0.000000e+00
   outer loop
     vertex  5.225000e+00 -1.230533e+00  2.155238e+00
     vertex  5.225000e+00 -8.677633e-01  2.634160e+00
     vertex  5.225000e+00 -1.134035e+00  2.332437e+00
   endloop
 endfacet
 facet normal  1.000000e+00  0.000000e+00  0.000000e+00
   outer loop
     vertex  5.225000e+00 -1.230533e+00  2.155238e+00
     vertex  5.225000e+00  6.729195e-02  2.948322e+00
     vertex  5.225000e+00  4.630836e-15  2.950000e+00
   endloop
 endfacet
 facet normal  1.000000e+00  0.000000e+00  0.000000e+00
   outer loop
     vertex  5.225000e+00 -1.230533e+00  2.155238e+00
     vertex  5.225000e+00  1.344166e-01  2.943292e+00
     vertex  5.225000e+00  6.729195e-02  2.948322e+00
   endloop
 endfacet
 facet normal  1.000000e+00  0.000000e+00  0.000000e+00
   outer loop
     vertex  5.225000e+00 -1.230533e+00  2.155238e+00
     vertex  5.225000e+00  2.012071e-01  2.934922e+00
     vertex  5.225000e+00  1.344166e-01  2.943292e+00
   endloop
 endfacet
 facet normal  1.000000e+00  0.000000e+00  0.000000e+00
   outer loop
     vertex  5.225000e+00 -1.230533e+00  2.155238e+00
     vertex  5.225000e+00 -6.729195e-02  2.948322e+00
     vertex  5.225000e+00 -8.677633e-01  2.634160e+00
   endloop
 endfacet
 facet normal  1.000000e+00  0.000000e+00  0.000000e+00
   outer loop
     vertex  5.225000e+00  5.243870e-01  3.560071e-01
     vertex  5.225000e+00  7.604821e-01  4.845777e-01
     vertex  5.225000e+00  8.151360e-01  5.238711e-01
   endloop
 endfacet
 facet normal  1.000000e+00  0.000000e+00  0.000000e+00
   outer loop
     vertex  5.225000e+00  5.243870e-01  3.560071e-01
     vertex  5.225000e+00  7.039375e-01  4.480573e-01
     vertex  5.225000e+00  7.604821e-01  4.845777e-01
   endloop
 endfacet
 facet normal  1.000000e+00  0.000000e+00  0.000000e+00
   outer loop
     vertex  5.225000e+00  5.243870e-01  3.560071e-01
     vertex  5.225000e+00  6.456429e-01  4.144009e-01
     vertex  5.225000e+00  7.039375e-01  4.480573e-01
   endloop
 endfacet
 facet normal  1.000000e+00  0.000000e+00  0.000000e+00
   outer loop
     vertex  5.225000e+00  5.243870e-01  3.560071e-01
     vertex  5.225000e+00  5.857430e-01  3.836920e-01
     vertex  5.225000e+00  6.456429e-01  4.144009e-01
   endloop
 endfacet
 facet normal  1.000000e+00  0.000000e+00  0.000000e+00
   outer loop
     vertex  5.225000e+00  4.617272e-01  3.314150e-01
     vertex  5.225000e+00  8.151360e-01  5.238711e-01
     vertex  5.225000e+00  8.677633e-01  5.658400e-01
   endloop
 endfacet
 facet normal  1.000000e+00  0.000000e+00  0.000000e+00
   outer loop
     vertex  5.225000e+00  4.617272e-01  3.314150e-01
     vertex  5.225000e+00  5.243870e-01  3.560071e-01
     vertex  5.225000e+00  8.151360e-01  5.238711e-01
   endloop
 endfacet
 facet normal  1.000000e+00  0.000000e+00  0.000000e+00
   outer loop
     vertex  5.225000e+00 -1.279702e+00  2.029957e+00
     vertex  5.225000e+00 -1.230533e+00  2.155238e+00
     vertex  5.225000e+00 -1.256680e+00  2.093210e+00
   endloop
 endfacet
 facet normal  1.000000e+00  0.000000e+00  0.000000e+00
   outer loop
     vertex  5.225000e+00  3.979195e-01  3.099767e-01
     vertex  5.225000e+00  1.339523e+00  1.432136e+00
     vertex  5.225000e+00  1.349580e+00  1.633656e+00
   endloop
 endfacet
 facet normal  1.000000e+00  0.000000e+00  0.000000e+00
   outer loop
     vertex  5.225000e+00  3.979195e-01  3.099767e-01
     vertex  5.225000e+00  1.316153e+00  1.299597e+00
     vertex  5.225000e+00  1.339523e+00  1.432136e+00
   endloop
 endfacet
 facet normal  1.000000e+00  0.000000e+00  0.000000e+00
   outer loop
     vertex  5.225000e+00  3.979195e-01  3.099767e-01
     vertex  5.225000e+00  1.134035e+00  8.675625e-01
     vertex  5.225000e+00  1.316153e+00  1.299597e+00
   endloop
 endfacet
 facet normal  1.000000e+00  0.000000e+00  0.000000e+00
   outer loop
     vertex  5.225000e+00  3.979195e-01  3.099767e-01
     vertex  5.225000e+00  8.677633e-01  5.658400e-01
     vertex  5.225000e+00  1.134035e+00  8.675625e-01
   endloop
 endfacet
 facet normal  1.000000e+00  0.000000e+00  0.000000e+00
   outer loop
     vertex  5.225000e+00  3.979195e-01  3.099767e-01
     vertex  5.225000e+00  4.617272e-01  3.314150e-01
     vertex  5.225000e+00  8.677633e-01  5.658400e-01
   endloop
 endfacet
 facet normal  1.000000e+00  0.000000e+00  0.000000e+00
   outer loop
     vertex  5.225000e+00  3.979195e-01  3.099767e-01
     vertex  5.225000e+00  1.349580e+00  1.633656e+00
     vertex  5.225000e+00  1.346225e+00  1.700886e+00
   endloop
 endfacet
 facet normal  1.000000e+00  0.000000e+00  0.000000e+00
   outer loop
     vertex  5.225000e+00 -1.329490e+00  1.834425e+00
     vertex  5.225000e+00 -1.299543e+00  1.965635e+00
     vertex  5.225000e+00 -1.316153e+00  1.900403e+00
   endloop
 endfacet
 facet normal  1.000000e+00  0.000000e+00  0.000000e+00
   outer loop
     vertex  5.225000e+00  2.012071e-01  2.650784e-01
     vertex  5.225000e+00  3.331225e-01  2.917457e-01
     vertex  5.225000e+00  3.979195e-01  3.099767e-01
   endloop
 endfacet
 facet normal  1.000000e+00  0.000000e+00  0.000000e+00
   outer loop
     vertex  5.225000e+00  2.012071e-01  2.650784e-01
     vertex  5.225000e+00  2.674973e-01  2.767671e-01
     vertex  5.225000e+00  3.331225e-01  2.917457e-01
   endloop
 endfacet
 facet normal  1.000000e+00  0.000000e+00  0.000000e+00
   outer loop
     vertex  5.225000e+00  1.344166e-01  2.567085e-01
     vertex  5.225000e+00  2.012071e-01  2.650784e-01
     vertex  5.225000e+00  3.979195e-01  3.099767e-01
   endloop
 endfacet
 facet normal  1.000000e+00  0.000000e+00  0.000000e+00
   outer loop
     vertex  5.225000e+00 -1.346225e+00  1.700886e+00
     vertex  5.225000e+00 -1.329490e+00  1.834425e+00
     vertex  5.225000e+00 -1.339523e+00  1.767864e+00
   endloop
 endfacet
 facet normal  1.000000e+00  0.000000e+00  0.000000e+00
   outer loop
     vertex  5.225000e+00 -1.349580e+00  1.633656e+00
     vertex  5.225000e+00 -1.299543e+00  1.965635e+00
     vertex  5.225000e+00 -1.329490e+00  1.834425e+00
   endloop
 endfacet
 facet normal  1.000000e+00  0.000000e+00  0.000000e+00
   outer loop
     vertex  5.225000e+00 -1.349580e+00  1.633656e+00
     vertex  5.225000e+00 -1.329490e+00  1.834425e+00
     vertex  5.225000e+00 -1.346225e+00  1.700886e+00
   endloop
 endfacet
 facet normal  1.000000e+00  0.000000e+00  0.000000e+00
   outer loop
     vertex  5.225000e+00  3.306546e-16  2.500000e-01
     vertex  5.225000e+00  1.344166e-01  2.567085e-01
     vertex  5.225000e+00  3.979195e-01  3.099767e-01
   endloop
 endfacet
 facet normal  1.000000e+00  0.000000e+00  0.000000e+00
   outer loop
     vertex  5.225000e+00  3.306546e-16  2.500000e-01
     vertex  5.225000e+00  6.729195e-02  2.516782e-01
     vertex  5.225000e+00  1.344166e-01  2.567085e-01
   endloop
 endfacet
 facet normal  1.000000e+00  0.000000e+00  0.000000e+00
   outer loop
     vertex  5.225000e+00 -1.346225e+00  1.499114e+00
     vertex  5.225000e+00 -1.349580e+00  1.633656e+00
     vertex  5.225000e+00 -1.349580e+00  1.566344e+00
   endloop
 endfacet
 facet normal  1.000000e+00  0.000000e+00  0.000000e+00
   outer loop
     vertex  5.225000e+00 -2.012071e-01  2.650784e-01
     vertex  5.225000e+00 -6.729195e-02  2.516782e-01
     vertex  5.225000e+00  3.306546e-16  2.500000e-01
   endloop
 endfacet
 facet normal  1.000000e+00  0.000000e+00  0.000000e+00
   outer loop
     vertex  5.225000e+00 -2.012071e-01  2.650784e-01
     vertex  5.225000e+00 -1.344166e-01  2.567085e-01
     vertex  5.225000e+00 -6.729195e-02  2.516782e-01
   endloop
 endfacet
 facet normal  1.000000e+00  0.000000e+00  0.000000e+00
   outer loop
     vertex  5.225000e+00 -1.329490e+00  1.365575e+00
     vertex  5.225000e+00 -1.349580e+00  1.633656e+00
     vertex  5.225000e+00 -1.346225e+00  1.499114e+00
   endloop
 endfacet
 facet normal  1.000000e+00  0.000000e+00  0.000000e+00
   outer loop
     vertex  5.225000e+00 -1.329490e+00  1.365575e+00
     vertex  5.225000e+00 -1.346225e+00  1.499114e+00
     vertex  5.225000e+00 -1.339523e+00  1.432136e+00
   endloop
 endfacet
 facet normal  1.000000e+00  0.000000e+00  0.000000e+00
   outer loop
     vertex  5.225000e+00 -2.674973e-01  2.767671e-01
     vertex  5.225000e+00 -2.012071e-01  2.650784e-01
     vertex  5.225000e+00  3.306546e-16  2.500000e-01
   endloop
 endfacet
 facet normal  1.000000e+00  0.000000e+00  0.000000e+00
   outer loop
     vertex  5.225000e+00 -1.299543e+00  1.234365e+00
     vertex  5.225000e+00 -1.329490e+00  1.365575e+00
     vertex  5.225000e+00 -1.316153e+00  1.299597e+00
   endloop
 endfacet
 facet normal  1.000000e+00  0.000000e+00  0.000000e+00
   outer loop
     vertex  5.225000e+00 -3.979195e-01  3.099767e-01
     vertex  5.225000e+00 -3.331225e-01  2.917457e-01
     vertex  5.225000e+00 -2.674973e-01  2.767671e-01
   endloop
 endfacet
 facet normal  1.000000e+00  0.000000e+00  0.000000e+00
   outer loop
     vertex  5.225000e+00 -3.979195e-01  3.099767e-01
     vertex  5.225000e+00 -2.674973e-01  2.767671e-01
     vertex  5.225000e+00  3.306546e-16  2.500000e-01
   endloop
 endfacet
 facet normal  1.000000e+00  0.000000e+00  0.000000e+00
   outer loop
     vertex  5.225000e+00 -4.617272e-01  3.314150e-01
     vertex  5.225000e+00  3.306546e-16  2.500000e-01
     vertex  5.225000e+00  3.979195e-01  3.099767e-01
   endloop
 endfacet
 facet normal  1.000000e+00  0.000000e+00  0.000000e+00
   outer loop
     vertex  5.225000e+00 -4.617272e-01  3.314150e-01
     vertex  5.225000e+00  9.182332e-01  2.589620e+00
     vertex  5.225000e+00  8.151360e-01  2.676129e+00
   endloop
 endfacet
 facet normal  1.000000e+00  0.000000e+00  0.000000e+00
   outer loop
     vertex  5.225000e+00 -4.617272e-01  3.314150e-01
     vertex  5.225000e+00  1.134035e+00  2.332437e+00
     vertex  5.225000e+00  1.055473e+00  2.441711e+00
   endloop
 endfacet
 facet normal  1.000000e+00  0.000000e+00  0.000000e+00
   outer loop
     vertex  5.225000e+00 -4.617272e-01  3.314150e-01
     vertex  5.225000e+00  8.151360e-01  2.676129e+00
     vertex  5.225000e+00  6.456429e-01  2.785599e+00
   endloop
 endfacet
 facet normal  1.000000e+00  0.000000e+00  0.000000e+00
   outer loop
     vertex  5.225000e+00 -4.617272e-01  3.314150e-01
     vertex  5.225000e+00  1.230533e+00  2.155238e+00
     vertex  5.225000e+00  1.169134e+00  2.275000e+00
   endloop
 endfacet
 facet normal  1.000000e+00  0.000000e+00  0.000000e+00
   outer loop
     vertex  5.225000e+00 -4.617272e-01  3.314150e-01
     vertex  5.225000e+00  1.316153e+00  1.900403e+00
     vertex  5.225000e+00  1.230533e+00  2.155238e+00
   endloop
 endfacet
 facet normal  1.000000e+00  0.000000e+00  0.000000e+00
   outer loop
     vertex  5.225000e+00 -4.617272e-01  3.314150e-01
     vertex  5.225000e+00 -3.979195e-01  3.099767e-01
     vertex  5.225000e+00  3.306546e-16  2.500000e-01
   endloop
 endfacet
 facet normal  1.000000e+00  0.000000e+00  0.000000e+00
   outer loop
     vertex  5.225000e+00 -4.617272e-01  3.314150e-01
     vertex  5.225000e+00  5.857430e-01  2.816308e+00
     vertex  5.225000e+00  5.243870e-01  2.843993e+00
   endloop
 endfacet
 facet normal  1.000000e+00  0.000000e+00  0.000000e+00
   outer loop
     vertex  5.225000e+00 -4.617272e-01  3.314150e-01
     vertex  5.225000e+00  6.456429e-01  2.785599e+00
     vertex  5.225000e+00  5.857430e-01  2.816308e+00
   endloop
 endfacet
 facet normal  1.000000e+00  0.000000e+00  0.000000e+00
   outer loop
     vertex  5.225000e+00 -4.617272e-01  3.314150e-01
     vertex  5.225000e+00  9.664202e-01  2.542620e+00
     vertex  5.225000e+00  9.182332e-01  2.589620e+00
   endloop
 endfacet
 facet normal  1.000000e+00  0.000000e+00  0.000000e+00
   outer loop
     vertex  5.225000e+00 -4.617272e-01  3.314150e-01
     vertex  5.225000e+00  1.346225e+00  1.700886e+00
     vertex  5.225000e+00  1.316153e+00  1.900403e+00
   endloop
 endfacet
 facet normal  1.000000e+00  0.000000e+00  0.000000e+00
   outer loop
     vertex  5.225000e+00 -4.617272e-01  3.314150e-01
     vertex  5.225000e+00  1.012205e+00  2.493276e+00
     vertex  5.225000e+00  9.664202e-01  2.542620e+00
   endloop
 endfacet
 facet normal  1.000000e+00  0.000000e+00  0.000000e+00
   outer loop
     vertex  5.225000e+00 -4.617272e-01  3.314150e-01
     vertex  5.225000e+00  1.055473e+00  2.441711e+00
     vertex  5.225000e+00  1.012205e+00  2.493276e+00
   endloop
 endfacet
 facet normal  1.000000e+00  0.000000e+00  0.000000e+00
   outer loop
     vertex  5.225000e+00 -4.617272e-01  3.314150e-01
     vertex  5.225000e+00  1.169134e+00  2.275000e+00
     vertex  5.225000e+00  1.134035e+00  2.332437e+00
   endloop
 endfacet
 facet normal  1.000000e+00 -0.000000e+00  0.000000e+00
   outer loop
     vertex  5.225000e+00 -4.617272e-01  3.314150e-01
     vertex  5.225000e+00  3.979195e-01  3.099767e-01
     vertex  5.225000e+00  1.346225e+00  1.700886e+00
   endloop
 endfacet
 facet normal  1.000000e+00  0.000000e+00  0.000000e+00
   outer loop
     vertex  5.225000e+00 -1.256680e+00  1.106790e+00
     vertex  5.225000e+00 -1.299543e+00  1.234365e+00
     vertex  5.225000e+00 -1.279702e+00  1.170043e+00
   endloop
 endfacet
 facet normal  1.000000e+00  0.000000e+00  0.000000e+00
   outer loop
     vertex  5.225000e+00 -1.230533e+00  1.044762e+00
     vertex  5.225000e+00 -1.299543e+00  1.234365e+00
     vertex  5.225000e+00 -1.256680e+00  1.106790e+00
   endloop
 endfacet
 facet normal  1.000000e+00  0.000000e+00  0.000000e+00
   outer loop
     vertex  5.225000e+00 -1.230533e+00  1.044762e+00
     vertex  5.225000e+00 -1.329490e+00  1.365575e+00
     vertex  5.225000e+00 -1.299543e+00  1.234365e+00
   endloop
 endfacet
 facet normal  1.000000e+00  0.000000e+00  0.000000e+00
   outer loop
     vertex  5.225000e+00 -5.857430e-01  3.836920e-01
     vertex  5.225000e+00 -5.243870e-01  3.560071e-01
     vertex  5.225000e+00 -4.617272e-01  3.314150e-01
   endloop
 endfacet
 facet normal  1.000000e+00  0.000000e+00  0.000000e+00
   outer loop
     vertex  5.225000e+00 -7.039375e-01  4.480573e-01
     vertex  5.225000e+00 -6.456429e-01  4.144009e-01
     vertex  5.225000e+00 -5.857430e-01  3.836920e-01
   endloop
 endfacet
 facet normal  1.000000e+00  0.000000e+00  0.000000e+00
   outer loop
     vertex  5.225000e+00 -7.039375e-01  4.480573e-01
     vertex  5.225000e+00 -5.857430e-01  3.836920e-01
     vertex  5.225000e+00 -4.617272e-01  3.314150e-01
   endloop
 endfacet
 facet normal  1.000000e+00  0.000000e+00  0.000000e+00
   outer loop
     vertex  5.225000e+00 -1.134035e+00  8.675625e-01
     vertex  5.225000e+00 -1.201327e+00  9.841156e-01
     vertex  5.225000e+00 -1.169134e+00  9.250000e-01
   endloop
 endfacet
 facet normal  1.000000e+00  0.000000e+00  0.000000e+00
   outer loop
     vertex  5.225000e+00 -1.134035e+00  8.675625e-01
     vertex  5.225000e+00 -1.230533e+00  1.044762e+00
     vertex  5.225000e+00 -1.201327e+00  9.841156e-01
   endloop
 endfacet
 facet normal  1.000000e+00  0.000000e+00  0.000000e+00
   outer loop
     vertex  5.225000e+00 -1.096116e+00  8.119460e-01
     vertex  5.225000e+00 -1.299543e+00  1.965635e+00
     vertex  5.225000e+00 -1.349580e+00  1.633656e+00
   endloop
 endfacet
 facet normal  1.000000e+00  0.000000e+00  0.000000e+00
   outer loop
     vertex  5.225000e+00 -1.096116e+00  8.119460e-01
     vertex  5.225000e+00 -1.230533e+00  2.155238e+00
     vertex  5.225000e+00 -1.279702e+00  2.029957e+00
   endloop
 endfacet
 facet normal  1.000000e+00  0.000000e+00  0.000000e+00
   outer loop
     vertex  5.225000e+00 -1.096116e+00  8.119460e-01
     vertex  5.225000e+00 -1.279702e+00  2.029957e+00
     vertex  5.225000e+00 -1.299543e+00  1.965635e+00
   endloop
 endfacet
 facet normal  1.000000e+00  0.000000e+00  0.000000e+00
   outer loop
     vertex  5.225000e+00 -1.096116e+00  8.119460e-01
     vertex  5.225000e+00 -1.329490e+00  1.365575e+00
     vertex  5.225000e+00 -1.230533e+00  1.044762e+00
   endloop
 endfacet
 facet normal  1.000000e+00  0.000000e+00  0.000000e+00
   outer loop
     vertex  5.225000e+00 -1.096116e+00  8.119460e-01
     vertex  5.225000e+00 -1.230533e+00  1.044762e+00
     vertex  5.225000e+00 -1.134035e+00  8.675625e-01
   endloop
 endfacet
 facet normal  1.000000e+00  0.000000e+00  0.000000e+00
   outer loop
     vertex  5.225000e+00 -1.096116e+00  8.119460e-01
     vertex  5.225000e+00  3.331225e-01  2.908254e+00
     vertex  5.225000e+00  2.012071e-01  2.934922e+00
   endloop
 endfacet
 facet normal  1.000000e+00  0.000000e+00  0.000000e+00
   outer loop
     vertex  5.225000e+00 -1.096116e+00  8.119460e-01
     vertex  5.225000e+00  3.979195e-01  2.890023e+00
     vertex  5.225000e+00  3.331225e-01  2.908254e+00
   endloop
 endfacet
 facet normal  1.000000e+00  0.000000e+00  0.000000e+00
   outer loop
     vertex  5.225000e+00 -1.096116e+00  8.119460e-01
     vertex  5.225000e+00  4.617272e-01  2.868585e+00
     vertex  5.225000e+00  3.979195e-01  2.890023e+00
   endloop
 endfacet
 facet normal  1.000000e+00  0.000000e+00  0.000000e+00
   outer loop
     vertex  5.225000e+00 -1.096116e+00  8.119460e-01
     vertex  5.225000e+00  5.243870e-01  2.843993e+00
     vertex  5.225000e+00  4.617272e-01  2.868585e+00
   endloop
 endfacet
 facet normal  1.000000e+00  0.000000e+00 -0.000000e+00
   outer loop
     vertex  5.225000e+00 -1.096116e+00  8.119460e-01
     vertex  5.225000e+00  2.012071e-01  2.934922e+00
     vertex  5.225000e+00 -1.230533e+00  2.155238e+00
   endloop
 endfacet
 facet normal  1.000000e+00  0.000000e+00  0.000000e+00
   outer loop
     vertex  5.225000e+00 -1.096116e+00  8.119460e-01
     vertex  5.225000e+00 -1.349580e+00  1.633656e+00
     vertex  5.225000e+00 -1.329490e+00  1.365575e+00
   endloop
 endfacet
 facet normal  1.000000e+00  0.000000e+00  0.000000e+00
   outer loop
     vertex  5.225000e+00 -8.677633e-01  5.658400e-01
     vertex  5.225000e+00 -8.151360e-01  5.238711e-01
     vertex  5.225000e+00 -7.604821e-01  4.845777e-01
   endloop
 endfacet
 facet normal  1.000000e+00  0.000000e+00  0.000000e+00
   outer loop
     vertex  5.225000e+00 -9.182332e-01  6.103800e-01
     vertex  5.225000e+00 -7.604821e-01  4.845777e-01
     vertex  5.225000e+00 -7.039375e-01  4.480573e-01
   endloop
 endfacet
 facet normal  1.000000e+00  0.000000e+00  0.000000e+00
   outer loop
     vertex  5.225000e+00 -9.182332e-01  6.103800e-01
     vertex  5.225000e+00 -8.677633e-01  5.658400e-01
     vertex  5.225000e+00 -7.604821e-01  4.845777e-01
   endloop
 endfacet
 facet normal  1.000000e+00  0.000000e+00  0.000000e+00
   outer loop
     vertex  5.225000e+00 -9.664202e-01  6.573803e-01
     vertex  5.225000e+00 -1.055473e+00  7.582888e-01
     vertex  5.225000e+00 -1.012205e+00  7.067241e-01
   endloop
 endfacet
 facet normal  1.000000e+00  0.000000e+00  0.000000e+00
   outer loop
     vertex  5.225000e+00 -9.664202e-01  6.573803e-01
     vertex  5.225000e+00 -1.096116e+00  8.119460e-01
     vertex  5.225000e+00 -1.055473e+00  7.582888e-01
   endloop
 endfacet
 facet normal  1.000000e+00  0.000000e+00 -0.000000e+00
   outer loop
     vertex  5.225000e+00 -9.664202e-01  6.573803e-01
     vertex  5.225000e+00  5.243870e-01  2.843993e+00
     vertex  5.225000e+00 -1.096116e+00  8.119460e-01
   endloop
 endfacet
 facet normal  1.000000e+00  0.000000e+00  0.000000e+00
   outer loop
     vertex  5.225000e+00 -9.664202e-01  6.573803e-01
     vertex  5.225000e+00 -7.039375e-01  4.480573e-01
     vertex  5.225000e+00 -4.617272e-01  3.314150e-01
   endloop
 endfacet
 facet normal  1.000000e+00 -0.000000e+00  0.000000e+00
   outer loop
     vertex  5.225000e+00 -9.664202e-01  6.573803e-01
     vertex  5.225000e+00 -4.617272e-01  3.314150e-01
     vertex  5.225000e+00  5.243870e-01  2.843993e+00
   endloop
 endfacet
 facet normal  1.000000e+00  0.000000e+00  0.000000e+00
   outer loop
     vertex  5.225000e+00 -9.664202e-01  6.573803e-01
     vertex  5.225000e+00 -9.182332e-01  6.103800e-01
     vertex  5.225000e+00 -7.039375e-01  4.480573e-01
   endloop
 endfacet
 facet normal  0.000000e+00  0.000000e+00 -1.000000e+00
   outer loop
     vertex -2.665000e+00 -2.500500e+01  3.200000e+00
     vertex -1.116500e+01 -2.500500e+01  3.200000e+00
     vertex -1.116500e+01 -2.480500e+01  3.200000e+00
   endloop
 endfacet
 facet normal -0.000000e+00 -0.000000e+00 -1.000000e+00
   outer loop
     vertex -2.665000e+00 -2.480500e+01  3.200000e+00
     vertex -2.665000e+00 -2.500500e+01  3.200000e+00
     vertex -1.116500e+01 -2.480500e+01  3.200000e+00
   endloop
 endfacet
 facet normal  1.000000e+00  0.000000e+00  0.000000e+00
   outer loop
     vertex -2.665000e+00 -2.500500e+01  4.506806e+00
     vertex -2.665000e+00 -2.529826e+01  3.240898e+00
     vertex -2.665000e+00 -2.515205e+01  3.220176e+00
   endloop
 endfacet
 facet normal  1.000000e+00  0.000000e+00  0.000000e+00
   outer loop
     vertex -2.665000e+00 -2.500500e+01  4.506806e+00
     vertex -2.665000e+00 -2.515205e+01  3.220176e+00
     vertex -2.665000e+00 -2.500500e+01  3.206685e+00
   endloop
 endfacet
 facet normal  1.000000e+00  0.000000e+00  0.000000e+00
   outer loop
     vertex -2.665000e+00 -2.508787e+01  4.518699e+00
     vertex -2.665000e+00 -2.529826e+01  3.240898e+00
     vertex -2.665000e+00 -2.500500e+01  4.506806e+00
   endloop
 endfacet
 facet normal  1.000000e+00  0.000000e+00  0.000000e+00
   outer loop
     vertex -2.665000e+00 -2.508787e+01  4.518699e+00
     vertex -2.665000e+00 -2.544327e+01  3.268802e+00
     vertex -2.665000e+00 -2.529826e+01  3.240898e+00
   endloop
 endfacet
 facet normal  1.000000e+00  0.000000e+00  0.000000e+00
   outer loop
     vertex -2.665000e+00 -2.517005e+01  4.534657e+00
     vertex -2.665000e+00 -2.544327e+01  3.268802e+00
     vertex -2.665000e+00 -2.508787e+01  4.518699e+00
   endloop
 endfacet
 facet normal  1.000000e+00  0.000000e+00  0.000000e+00
   outer loop
     vertex -2.665000e+00 -2.517005e+01  4.534657e+00
     vertex -2.665000e+00 -2.558673e+01  3.303819e+00
     vertex -2.665000e+00 -2.544327e+01  3.268802e+00
   endloop
 endfacet
 facet normal  1.000000e+00  0.000000e+00  0.000000e+00
   outer loop
     vertex -2.665000e+00 -2.525135e+01  4.554642e+00
     vertex -2.665000e+00 -2.558673e+01  3.303819e+00
     vertex -2.665000e+00 -2.517005e+01  4.534657e+00
   endloop
 endfacet
 facet normal  1.000000e+00  0.000000e+00  0.000000e+00
   outer loop
     vertex -2.665000e+00 -2.525135e+01  4.554642e+00
     vertex -2.665000e+00 -2.572829e+01  3.345865e+00
     vertex -2.665000e+00 -2.558673e+01  3.303819e+00
   endloop
 endfacet
 facet normal  1.000000e+00  0.000000e+00  0.000000e+00
   outer loop
     vertex -2.665000e+00 -2.533156e+01  4.578604e+00
     vertex -2.665000e+00 -2.572829e+01  3.345865e+00
     vertex -2.665000e+00 -2.525135e+01  4.554642e+00
   endloop
 endfacet
 facet normal  1.000000e+00  0.000000e+00  0.000000e+00
   outer loop
     vertex -2.665000e+00 -2.533156e+01  4.578604e+00
     vertex -2.665000e+00 -2.586760e+01  3.394838e+00
     vertex -2.665000e+00 -2.572829e+01  3.345865e+00
   endloop
 endfacet
 facet normal  1.000000e+00  0.000000e+00  0.000000e+00
   outer loop
     vertex -2.665000e+00 -2.541050e+01  4.606487e+00
     vertex -2.665000e+00 -2.586760e+01  3.394838e+00
     vertex -2.665000e+00 -2.533156e+01  4.578604e+00
   endloop
 endfacet
 facet normal  1.000000e+00  0.000000e+00  0.000000e+00
   outer loop
     vertex -2.665000e+00 -2.541050e+01  4.606487e+00
     vertex -2.665000e+00 -2.600433e+01  3.450617e+00
     vertex -2.665000e+00 -2.586760e+01  3.394838e+00
   endloop
 endfacet
 facet normal  1.000000e+00  0.000000e+00  0.000000e+00
   outer loop
     vertex -2.665000e+00 -2.548796e+01  4.638221e+00
     vertex -2.665000e+00 -2.613814e+01  3.513069e+00
     vertex -2.665000e+00 -2.600433e+01  3.450617e+00
   endloop
 endfacet
 facet normal  1.000000e+00  0.000000e+00  0.000000e+00
   outer loop
     vertex -2.665000e+00 -2.548796e+01  4.638221e+00
     vertex -2.665000e+00 -2.600433e+01  3.450617e+00
     vertex -2.665000e+00 -2.541050e+01  4.606487e+00
   endloop
 endfacet
 facet normal  1.000000e+00  0.000000e+00  0.000000e+00
   outer loop
     vertex -2.665000e+00 -2.556378e+01  4.673732e+00
     vertex -2.665000e+00 -2.626872e+01  3.582040e+00
     vertex -2.665000e+00 -2.613814e+01  3.513069e+00
   endloop
 endfacet
 facet normal  1.000000e+00  0.000000e+00  0.000000e+00
   outer loop
     vertex -2.665000e+00 -2.556378e+01  4.673732e+00
     vertex -2.665000e+00 -2.613814e+01  3.513069e+00
     vertex -2.665000e+00 -2.548796e+01  4.638221e+00
   endloop
 endfacet
 facet normal  1.000000e+00  0.000000e+00  0.000000e+00
   outer loop
     vertex -2.665000e+00 -2.563775e+01  4.712931e+00
     vertex -2.665000e+00 -2.639573e+01  3.657363e+00
     vertex -2.665000e+00 -2.626872e+01  3.582040e+00
   endloop
 endfacet
 facet normal  1.000000e+00  0.000000e+00  0.000000e+00
   outer loop
     vertex -2.665000e+00 -2.563775e+01  4.712931e+00
     vertex -2.665000e+00 -2.626872e+01  3.582040e+00
     vertex -2.665000e+00 -2.556378e+01  4.673732e+00
   endloop
 endfacet
 facet normal  1.000000e+00  0.000000e+00  0.000000e+00
   outer loop
     vertex -2.665000e+00 -2.570970e+01  4.755724e+00
     vertex -2.665000e+00 -2.651888e+01  3.738855e+00
     vertex -2.665000e+00 -2.639573e+01  3.657363e+00
   endloop
 endfacet
 facet normal  1.000000e+00  0.000000e+00  0.000000e+00
   outer loop
     vertex -2.665000e+00 -2.570970e+01  4.755724e+00
     vertex -2.665000e+00 -2.639573e+01  3.657363e+00
     vertex -2.665000e+00 -2.563775e+01  4.712931e+00
   endloop
 endfacet
 facet normal  1.000000e+00  0.000000e+00  0.000000e+00
   outer loop
     vertex -2.665000e+00 -2.577946e+01  4.802008e+00
     vertex -2.665000e+00 -2.663786e+01  3.826319e+00
     vertex -2.665000e+00 -2.651888e+01  3.738855e+00
   endloop
 endfacet
 facet normal  1.000000e+00  0.000000e+00  0.000000e+00
   outer loop
     vertex -2.665000e+00 -2.577946e+01  4.802008e+00
     vertex -2.665000e+00 -2.651888e+01  3.738855e+00
     vertex -2.665000e+00 -2.570970e+01  4.755724e+00
   endloop
 endfacet
 facet normal  1.000000e+00  0.000000e+00  0.000000e+00
   outer loop
     vertex -2.665000e+00 -2.584686e+01  4.851670e+00
     vertex -2.665000e+00 -2.675239e+01  3.919540e+00
     vertex -2.665000e+00 -2.663786e+01  3.826319e+00
   endloop
 endfacet
 facet normal  1.000000e+00  0.000000e+00  0.000000e+00
   outer loop
     vertex -2.665000e+00 -2.584686e+01  4.851670e+00
     vertex -2.665000e+00 -2.663786e+01  3.826319e+00
     vertex -2.665000e+00 -2.577946e+01  4.802008e+00
   endloop
 endfacet
 facet normal  1.000000e+00  0.000000e+00  0.000000e+00
   outer loop
     vertex -2.665000e+00 -2.591173e+01  4.904589e+00
     vertex -2.665000e+00 -2.675239e+01  3.919540e+00
     vertex -2.665000e+00 -2.584686e+01  4.851670e+00
   endloop
 endfacet
 facet normal  1.000000e+00 -0.000000e+00  0.000000e+00
   outer loop
     vertex -2.665000e+00 -2.686218e+01  4.018294e+00
     vertex -2.665000e+00 -2.675239e+01  3.919540e+00
     vertex -2.665000e+00 -2.591173e+01  4.904589e+00
   endloop
 endfacet
 facet normal  1.000000e+00  0.000000e+00  0.000000e+00
   outer loop
     vertex -2.665000e+00 -2.597391e+01  4.960638e+00
     vertex -2.665000e+00 -2.686218e+01  4.018294e+00
     vertex -2.665000e+00 -2.591173e+01  4.904589e+00
   endloop
 endfacet
 facet normal  1.000000e+00  0.000000e+00  0.000000e+00
   outer loop
     vertex -2.665000e+00 -2.696697e+01  4.122339e+00
     vertex -2.665000e+00 -2.597391e+01  4.960638e+00
     vertex -2.665000e+00 -2.603326e+01  5.019681e+00
   endloop
 endfacet
 facet normal  1.000000e+00 -0.000000e+00  0.000000e+00
   outer loop
     vertex -2.665000e+00 -2.696697e+01  4.122339e+00
     vertex -2.665000e+00 -2.686218e+01  4.018294e+00
     vertex -2.665000e+00 -2.597391e+01  4.960638e+00
   endloop
 endfacet
 facet normal  1.000000e+00  0.000000e+00  0.000000e+00
   outer loop
     vertex -2.665000e+00 -2.706650e+01  4.231422e+00
     vertex -2.665000e+00 -2.603326e+01  5.019681e+00
     vertex -2.665000e+00 -2.608963e+01  5.081573e+00
   endloop
 endfacet
 facet normal  1.000000e+00 -0.000000e+00  0.000000e+00
   outer loop
     vertex -2.665000e+00 -2.706650e+01  4.231422e+00
     vertex -2.665000e+00 -2.696697e+01  4.122339e+00
     vertex -2.665000e+00 -2.603326e+01  5.019681e+00
   endloop
 endfacet
 facet normal  1.000000e+00  0.000000e+00  0.000000e+00
   outer loop
     vertex -2.665000e+00 -2.716054e+01  4.345280e+00
     vertex -2.665000e+00 -2.608963e+01  5.081573e+00
     vertex -2.665000e+00 -2.614289e+01  5.146166e+00
   endloop
 endfacet
 facet normal  1.000000e+00 -0.000000e+00  0.000000e+00
   outer loop
     vertex -2.665000e+00 -2.716054e+01  4.345280e+00
     vertex -2.665000e+00 -2.706650e+01  4.231422e+00
     vertex -2.665000e+00 -2.608963e+01  5.081573e+00
   endloop
 endfacet
 facet normal  1.000000e+00  0.000000e+00  0.000000e+00
   outer loop
     vertex -2.665000e+00 -2.724885e+01  4.463634e+00
     vertex -2.665000e+00 -2.614289e+01  5.146166e+00
     vertex -2.665000e+00 -2.619290e+01  5.213302e+00
   endloop
 endfacet
 facet normal  1.000000e+00 -0.000000e+00  0.000000e+00
   outer loop
     vertex -2.665000e+00 -2.724885e+01  4.463634e+00
     vertex -2.665000e+00 -2.716054e+01  4.345280e+00
     vertex -2.665000e+00 -2.614289e+01  5.146166e+00
   endloop
 endfacet
 facet normal  1.000000e+00  0.000000e+00  0.000000e+00
   outer loop
     vertex -2.665000e+00 -2.733122e+01  4.586197e+00
     vertex -2.665000e+00 -2.619290e+01  5.213302e+00
     vertex -2.665000e+00 -2.623955e+01  5.282819e+00
   endloop
 endfacet
 facet normal  1.000000e+00 -0.000000e+00  0.000000e+00
   outer loop
     vertex -2.665000e+00 -2.733122e+01  4.586197e+00
     vertex -2.665000e+00 -2.724885e+01  4.463634e+00
     vertex -2.665000e+00 -2.619290e+01  5.213302e+00
   endloop
 endfacet
 facet normal  1.000000e+00 -0.000000e+00  0.000000e+00
   outer loop
     vertex -2.665000e+00 -2.740745e+01  4.712671e+00
     vertex -2.665000e+00 -2.733122e+01  4.586197e+00
     vertex -2.665000e+00 -2.623955e+01  5.282819e+00
   endloop
 endfacet
 facet normal  1.000000e+00  0.000000e+00  0.000000e+00
   outer loop
     vertex -2.665000e+00 -2.740745e+01  4.712671e+00
     vertex -2.665000e+00 -2.623955e+01  5.282819e+00
     vertex -2.665000e+00 -2.628271e+01  5.354548e+00
   endloop
 endfacet
 facet normal  1.000000e+00  0.000000e+00  0.000000e+00
   outer loop
     vertex -2.665000e+00 -2.747735e+01  4.842748e+00
     vertex -2.665000e+00 -2.628271e+01  5.354548e+00
     vertex -2.665000e+00 -2.632230e+01  5.428315e+00
   endloop
 endfacet
 facet normal  1.000000e+00 -0.000000e+00  0.000000e+00
   outer loop
     vertex -2.665000e+00 -2.747735e+01  4.842748e+00
     vertex -2.665000e+00 -2.740745e+01  4.712671e+00
     vertex -2.665000e+00 -2.628271e+01  5.354548e+00
   endloop
 endfacet
 facet normal  1.000000e+00  0.000000e+00  0.000000e+00
   outer loop
     vertex -2.665000e+00 -2.754075e+01  4.976113e+00
     vertex -2.665000e+00 -2.632230e+01  5.428315e+00
     vertex -2.665000e+00 -2.635820e+01  5.503942e+00
   endloop
 endfacet
 facet normal  1.000000e+00 -0.000000e+00  0.000000e+00
   outer loop
     vertex -2.665000e+00 -2.754075e+01  4.976113e+00
     vertex -2.665000e+00 -2.747735e+01  4.842748e+00
     vertex -2.665000e+00 -2.632230e+01  5.428315e+00
   endloop
 endfacet
 facet normal  1.000000e+00 -0.000000e+00  0.000000e+00
   outer loop
     vertex -2.665000e+00 -2.759751e+01  5.112441e+00
     vertex -2.665000e+00 -2.754075e+01  4.976113e+00
     vertex -2.665000e+00 -2.635820e+01  5.503942e+00
   endloop
 endfacet
 facet normal  1.000000e+00  0.000000e+00  0.000000e+00
   outer loop
     vertex -2.665000e+00 -2.759751e+01  5.112441e+00
     vertex -2.665000e+00 -2.635820e+01  5.503942e+00
     vertex -2.665000e+00 -2.639034e+01  5.581244e+00
   endloop
 endfacet
 facet normal  1.000000e+00 -0.000000e+00  0.000000e+00
   outer loop
     vertex -2.665000e+00 -2.764747e+01  5.251401e+00
     vertex -2.665000e+00 -2.759751e+01  5.112441e+00
     vertex -2.665000e+00 -2.639034e+01  5.581244e+00
   endloop
 endfacet
 facet normal  1.000000e+00  0.000000e+00  0.000000e+00
   outer loop
     vertex -2.665000e+00 -2.764747e+01  5.251401e+00
     vertex -2.665000e+00 -2.639034e+01  5.581244e+00
     vertex -2.665000e+00 -2.641863e+01  5.660035e+00
   endloop
 endfacet
 facet normal  1.000000e+00 -0.000000e+00  0.000000e+00
   outer loop
     vertex -2.665000e+00 -2.769053e+01  5.392655e+00
     vertex -2.665000e+00 -2.764747e+01  5.251401e+00
     vertex -2.665000e+00 -2.641863e+01  5.660035e+00
   endloop
 endfacet
 facet normal  1.000000e+00  0.000000e+00  0.000000e+00
   outer loop
     vertex -2.665000e+00 -2.769053e+01  5.392655e+00
     vertex -2.665000e+00 -2.641863e+01  5.660035e+00
     vertex -2.665000e+00 -2.644301e+01  5.740123e+00
   endloop
 endfacet
 facet normal  1.000000e+00 -0.000000e+00  0.000000e+00
   outer loop
     vertex -2.665000e+00 -2.772657e+01  5.535859e+00
     vertex -2.665000e+00 -2.769053e+01  5.392655e+00
     vertex -2.665000e+00 -2.644301e+01  5.740123e+00
   endloop
 endfacet
 facet normal  1.000000e+00  0.000000e+00  0.000000e+00
   outer loop
     vertex -2.665000e+00 -2.772657e+01  5.535859e+00
     vertex -2.665000e+00 -2.644301e+01  5.740123e+00
     vertex -2.665000e+00 -2.646342e+01  5.821314e+00
   endloop
 endfacet
 facet normal  1.000000e+00 -0.000000e+00  0.000000e+00
   outer loop
     vertex -2.665000e+00 -2.775551e+01  5.680665e+00
     vertex -2.665000e+00 -2.772657e+01  5.535859e+00
     vertex -2.665000e+00 -2.646342e+01  5.821314e+00
   endloop
 endfacet
 facet normal  1.000000e+00  0.000000e+00  0.000000e+00
   outer loop
     vertex -2.665000e+00 -2.775551e+01  5.680665e+00
     vertex -2.665000e+00 -2.646342e+01  5.821314e+00
     vertex -2.665000e+00 -2.647981e+01  5.903411e+00
   endloop
 endfacet
 facet normal  1.000000e+00  0.000000e+00  0.000000e+00
   outer loop
     vertex -2.665000e+00 -2.777727e+01  5.826722e+00
     vertex -2.665000e+00 -2.647981e+01  5.903411e+00
     vertex -2.665000e+00 -2.649213e+01  5.986216e+00
   endloop
 endfacet
 facet normal  1.000000e+00 -0.000000e+00  0.000000e+00
   outer loop
     vertex -2.665000e+00 -2.777727e+01  5.826722e+00
     vertex -2.665000e+00 -2.775551e+01  5.680665e+00
     vertex -2.665000e+00 -2.647981e+01  5.903411e+00
   endloop
 endfacet
 facet normal  1.000000e+00 -0.000000e+00  0.000000e+00
   outer loop
     vertex -2.665000e+00 -2.779181e+01  5.973675e+00
     vertex -2.665000e+00 -2.777727e+01  5.826722e+00
     vertex -2.665000e+00 -2.649213e+01  5.986216e+00
   endloop
 endfacet
 facet normal  1.000000e+00  0.000000e+00  0.000000e+00
   outer loop
     vertex -2.665000e+00 -2.779181e+01  5.973675e+00
     vertex -2.665000e+00 -2.649213e+01  5.986216e+00
     vertex -2.665000e+00 -2.650036e+01  6.069527e+00
   endloop
 endfacet
 facet normal  1.000000e+00  0.000000e+00  0.000000e+00
   outer loop
     vertex -2.665000e+00 -2.779909e+01  6.121165e+00
     vertex -2.665000e+00 -2.779181e+01  5.973675e+00
     vertex -2.665000e+00 -2.650036e+01  6.069527e+00
   endloop
 endfacet
 facet normal  1.000000e+00 -0.000000e+00  0.000000e+00
   outer loop
     vertex -2.665000e+00 -2.779909e+01  6.121165e+00
     vertex -2.665000e+00 -2.650036e+01  6.069527e+00
     vertex -2.665000e+00 -2.650448e+01  6.153142e+00
   endloop
 endfacet
 facet normal  1.000000e+00  0.000000e+00  0.000000e+00
   outer loop
     vertex -2.665000e+00 -2.779909e+01  6.268835e+00
     vertex -2.665000e+00 -2.779909e+01  6.121165e+00
     vertex -2.665000e+00 -2.650448e+01  6.153142e+00
   endloop
 endfacet
 facet normal  1.000000e+00 -0.000000e+00  0.000000e+00
   outer loop
     vertex -2.665000e+00 -2.779909e+01  6.268835e+00
     vertex -2.665000e+00 -2.650448e+01  6.236858e+00
     vertex -2.665000e+00 -2.650036e+01  6.320473e+00
   endloop
 endfacet
 facet normal  1.000000e+00  0.000000e+00  0.000000e+00
   outer loop
     vertex -2.665000e+00 -2.779909e+01  6.268835e+00
     vertex -2.665000e+00 -2.650448e+01  6.153142e+00
     vertex -2.665000e+00 -2.650448e+01  6.236858e+00
   endloop
 endfacet
 facet normal  1.000000e+00  0.000000e+00  0.000000e+00
   outer loop
     vertex -2.665000e+00 -2.779181e+01  6.416325e+00
     vertex -2.665000e+00 -2.779909e+01  6.268835e+00
     vertex -2.665000e+00 -2.650036e+01  6.320473e+00
   endloop
 endfacet
 facet normal  1.000000e+00  0.000000e+00  0.000000e+00
   outer loop
     vertex -2.665000e+00 -2.779181e+01  6.416325e+00
     vertex -2.665000e+00 -2.650036e+01  6.320473e+00
     vertex -2.665000e+00 -2.649213e+01  6.403784e+00
   endloop
 endfacet
 facet normal  1.000000e+00 -0.000000e+00  0.000000e+00
   outer loop
     vertex -2.665000e+00 -2.515205e+01  9.169824e+00
     vertex -2.665000e+00 -2.500500e+01  7.883194e+00
     vertex -2.665000e+00 -2.500500e+01  9.183315e+00
   endloop
 endfacet
 facet normal  1.000000e+00  0.000000e+00  0.000000e+00
   outer loop
     vertex -2.665000e+00 -2.777727e+01  6.563278e+00
     vertex -2.665000e+00 -2.779181e+01  6.416325e+00
     vertex -2.665000e+00 -2.649213e+01  6.403784e+00
   endloop
 endfacet
 facet normal  1.000000e+00  0.000000e+00  0.000000e+00
   outer loop
     vertex -2.665000e+00 -2.777727e+01  6.563278e+00
     vertex -2.665000e+00 -2.649213e+01  6.403784e+00
     vertex -2.665000e+00 -2.647981e+01  6.486589e+00
   endloop
 endfacet
 facet normal  1.000000e+00 -0.000000e+00  0.000000e+00
   outer loop
     vertex -2.665000e+00 -2.529826e+01  9.149102e+00
     vertex -2.665000e+00 -2.500500e+01  7.883194e+00
     vertex -2.665000e+00 -2.515205e+01  9.169824e+00
   endloop
 endfacet
 facet normal  1.000000e+00  0.000000e+00  0.000000e+00
   outer loop
     vertex -2.665000e+00 -2.529826e+01  9.149102e+00
     vertex -2.665000e+00 -2.508787e+01  7.871301e+00
     vertex -2.665000e+00 -2.500500e+01  7.883194e+00
   endloop
 endfacet
 facet normal  1.000000e+00  0.000000e+00  0.000000e+00
   outer loop
     vertex -2.665000e+00 -2.775551e+01  6.709335e+00
     vertex -2.665000e+00 -2.777727e+01  6.563278e+00
     vertex -2.665000e+00 -2.647981e+01  6.486589e+00
   endloop
 endfacet
 facet normal  1.000000e+00  0.000000e+00  0.000000e+00
   outer loop
     vertex -2.665000e+00 -2.775551e+01  6.709335e+00
     vertex -2.665000e+00 -2.647981e+01  6.486589e+00
     vertex -2.665000e+00 -2.646342e+01  6.568686e+00
   endloop
 endfacet
 facet normal  1.000000e+00  0.000000e+00  0.000000e+00
   outer loop
     vertex -2.665000e+00 -2.544327e+01  9.121198e+00
     vertex -2.665000e+00 -2.517005e+01  7.855343e+00
     vertex -2.665000e+00 -2.508787e+01  7.871301e+00
   endloop
 endfacet
 facet normal  1.000000e+00 -0.000000e+00  0.000000e+00
   outer loop
     vertex -2.665000e+00 -2.544327e+01  9.121198e+00
     vertex -2.665000e+00 -2.508787e+01  7.871301e+00
     vertex -2.665000e+00 -2.529826e+01  9.149102e+00
   endloop
 endfacet
 facet normal  1.000000e+00  0.000000e+00  0.000000e+00
   outer loop
     vertex -2.665000e+00 -2.772657e+01  6.854141e+00
     vertex -2.665000e+00 -2.775551e+01  6.709335e+00
     vertex -2.665000e+00 -2.646342e+01  6.568686e+00
   endloop
 endfacet
 facet normal  1.000000e+00  0.000000e+00  0.000000e+00
   outer loop
     vertex -2.665000e+00 -2.772657e+01  6.854141e+00
     vertex -2.665000e+00 -2.646342e+01  6.568686e+00
     vertex -2.665000e+00 -2.644301e+01  6.649877e+00
   endloop
 endfacet
 facet normal  1.000000e+00 -0.000000e+00  0.000000e+00
   outer loop
     vertex -2.665000e+00 -2.558673e+01  9.086181e+00
     vertex -2.665000e+00 -2.517005e+01  7.855343e+00
     vertex -2.665000e+00 -2.544327e+01  9.121198e+00
   endloop
 endfacet
 facet normal  1.000000e+00  0.000000e+00  0.000000e+00
   outer loop
     vertex -2.665000e+00 -2.558673e+01  9.086181e+00
     vertex -2.665000e+00 -2.525135e+01  7.835358e+00
     vertex -2.665000e+00 -2.517005e+01  7.855343e+00
   endloop
 endfacet
 facet normal  1.000000e+00  0.000000e+00  0.000000e+00
   outer loop
     vertex -2.665000e+00 -2.769053e+01  6.997345e+00
     vertex -2.665000e+00 -2.772657e+01  6.854141e+00
     vertex -2.665000e+00 -2.644301e+01  6.649877e+00
   endloop
 endfacet
 facet normal  1.000000e+00  0.000000e+00  0.000000e+00
   outer loop
     vertex -2.665000e+00 -2.769053e+01  6.997345e+00
     vertex -2.665000e+00 -2.644301e+01  6.649877e+00
     vertex -2.665000e+00 -2.641863e+01  6.729965e+00
   endloop
 endfacet
 facet normal  1.000000e+00 -0.000000e+00  0.000000e+00
   outer loop
     vertex -2.665000e+00 -2.572829e+01  9.044135e+00
     vertex -2.665000e+00 -2.525135e+01  7.835358e+00
     vertex -2.665000e+00 -2.558673e+01  9.086181e+00
   endloop
 endfacet
 facet normal  1.000000e+00  0.000000e+00  0.000000e+00
   outer loop
     vertex -2.665000e+00 -2.572829e+01  9.044135e+00
     vertex -2.665000e+00 -2.533156e+01  7.811396e+00
     vertex -2.665000e+00 -2.525135e+01  7.835358e+00
   endloop
 endfacet
 facet normal  1.000000e+00  0.000000e+00  0.000000e+00
   outer loop
     vertex -2.665000e+00 -2.764747e+01  7.138599e+00
     vertex -2.665000e+00 -2.769053e+01  6.997345e+00
     vertex -2.665000e+00 -2.641863e+01  6.729965e+00
   endloop
 endfacet
 facet normal  1.000000e+00  0.000000e+00  0.000000e+00
   outer loop
     vertex -2.665000e+00 -2.764747e+01  7.138599e+00
     vertex -2.665000e+00 -2.641863e+01  6.729965e+00
     vertex -2.665000e+00 -2.639034e+01  6.808756e+00
   endloop
 endfacet
 facet normal  1.000000e+00 -0.000000e+00  0.000000e+00
   outer loop
     vertex -2.665000e+00 -2.586760e+01  8.995162e+00
     vertex -2.665000e+00 -2.533156e+01  7.811396e+00
     vertex -2.665000e+00 -2.572829e+01  9.044135e+00
   endloop
 endfacet
 facet normal  1.000000e+00  0.000000e+00  0.000000e+00
   outer loop
     vertex -2.665000e+00 -2.586760e+01  8.995162e+00
     vertex -2.665000e+00 -2.541050e+01  7.783513e+00
     vertex -2.665000e+00 -2.533156e+01  7.811396e+00
   endloop
 endfacet
 facet normal  1.000000e+00  0.000000e+00  0.000000e+00
   outer loop
     vertex -2.665000e+00 -2.759751e+01  7.277559e+00
     vertex -2.665000e+00 -2.764747e+01  7.138599e+00
     vertex -2.665000e+00 -2.639034e+01  6.808756e+00
   endloop
 endfacet
 facet normal  1.000000e+00  0.000000e+00  0.000000e+00
   outer loop
     vertex -2.665000e+00 -2.759751e+01  7.277559e+00
     vertex -2.665000e+00 -2.639034e+01  6.808756e+00
     vertex -2.665000e+00 -2.635820e+01  6.886058e+00
   endloop
 endfacet
 facet normal  1.000000e+00  0.000000e+00  0.000000e+00
   outer loop
     vertex -2.665000e+00 -2.600433e+01  8.939383e+00
     vertex -2.665000e+00 -2.548796e+01  7.751779e+00
     vertex -2.665000e+00 -2.541050e+01  7.783513e+00
   endloop
 endfacet
 facet normal  1.000000e+00 -0.000000e+00  0.000000e+00
   outer loop
     vertex -2.665000e+00 -2.600433e+01  8.939383e+00
     vertex -2.665000e+00 -2.541050e+01  7.783513e+00
     vertex -2.665000e+00 -2.586760e+01  8.995162e+00
   endloop
 endfacet
 facet normal  1.000000e+00  0.000000e+00  0.000000e+00
   outer loop
     vertex -2.665000e+00 -2.754075e+01  7.413887e+00
     vertex -2.665000e+00 -2.759751e+01  7.277559e+00
     vertex -2.665000e+00 -2.635820e+01  6.886058e+00
   endloop
 endfacet
 facet normal  1.000000e+00  0.000000e+00  0.000000e+00
   outer loop
     vertex -2.665000e+00 -2.754075e+01  7.413887e+00
     vertex -2.665000e+00 -2.635820e+01  6.886058e+00
     vertex -2.665000e+00 -2.632230e+01  6.961685e+00
   endloop
 endfacet
 facet normal  1.000000e+00 -0.000000e+00  0.000000e+00
   outer loop
     vertex -2.665000e+00 -2.613814e+01  8.876931e+00
     vertex -2.665000e+00 -2.548796e+01  7.751779e+00
     vertex -2.665000e+00 -2.600433e+01  8.939383e+00
   endloop
 endfacet
 facet normal  1.000000e+00  0.000000e+00  0.000000e+00
   outer loop
     vertex -2.665000e+00 -2.613814e+01  8.876931e+00
     vertex -2.665000e+00 -2.556378e+01  7.716268e+00
     vertex -2.665000e+00 -2.548796e+01  7.751779e+00
   endloop
 endfacet
 facet normal  1.000000e+00  0.000000e+00  0.000000e+00
   outer loop
     vertex -2.665000e+00 -2.747735e+01  7.547252e+00
     vertex -2.665000e+00 -2.754075e+01  7.413887e+00
     vertex -2.665000e+00 -2.632230e+01  6.961685e+00
   endloop
 endfacet
 facet normal  1.000000e+00  0.000000e+00  0.000000e+00
   outer loop
     vertex -2.665000e+00 -2.747735e+01  7.547252e+00
     vertex -2.665000e+00 -2.632230e+01  6.961685e+00
     vertex -2.665000e+00 -2.628271e+01  7.035452e+00
   endloop
 endfacet
 facet normal  1.000000e+00 -0.000000e+00  0.000000e+00
   outer loop
     vertex -2.665000e+00 -2.626872e+01  8.807960e+00
     vertex -2.665000e+00 -2.556378e+01  7.716268e+00
     vertex -2.665000e+00 -2.613814e+01  8.876931e+00
   endloop
 endfacet
 facet normal  1.000000e+00  0.000000e+00  0.000000e+00
   outer loop
     vertex -2.665000e+00 -2.626872e+01  8.807960e+00
     vertex -2.665000e+00 -2.563775e+01  7.677069e+00
     vertex -2.665000e+00 -2.556378e+01  7.716268e+00
   endloop
 endfacet
 facet normal  1.000000e+00  0.000000e+00  0.000000e+00
   outer loop
     vertex -2.665000e+00 -2.740745e+01  7.677329e+00
     vertex -2.665000e+00 -2.747735e+01  7.547252e+00
     vertex -2.665000e+00 -2.628271e+01  7.035452e+00
   endloop
 endfacet
 facet normal  1.000000e+00  0.000000e+00  0.000000e+00
   outer loop
     vertex -2.665000e+00 -2.740745e+01  7.677329e+00
     vertex -2.665000e+00 -2.628271e+01  7.035452e+00
     vertex -2.665000e+00 -2.623955e+01  7.107181e+00
   endloop
 endfacet
 facet normal  1.000000e+00 -0.000000e+00  0.000000e+00
   outer loop
     vertex -2.665000e+00 -2.639573e+01  8.732637e+00
     vertex -2.665000e+00 -2.563775e+01  7.677069e+00
     vertex -2.665000e+00 -2.626872e+01  8.807960e+00
   endloop
 endfacet
 facet normal  1.000000e+00  0.000000e+00  0.000000e+00
   outer loop
     vertex -2.665000e+00 -2.639573e+01  8.732637e+00
     vertex -2.665000e+00 -2.570970e+01  7.634276e+00
     vertex -2.665000e+00 -2.563775e+01  7.677069e+00
   endloop
 endfacet
 facet normal  1.000000e+00  0.000000e+00  0.000000e+00
   outer loop
     vertex -2.665000e+00 -2.733122e+01  7.803803e+00
     vertex -2.665000e+00 -2.740745e+01  7.677329e+00
     vertex -2.665000e+00 -2.623955e+01  7.107181e+00
   endloop
 endfacet
 facet normal  1.000000e+00  0.000000e+00  0.000000e+00
   outer loop
     vertex -2.665000e+00 -2.733122e+01  7.803803e+00
     vertex -2.665000e+00 -2.623955e+01  7.107181e+00
     vertex -2.665000e+00 -2.619290e+01  7.176698e+00
   endloop
 endfacet
 facet normal  1.000000e+00 -0.000000e+00  0.000000e+00
   outer loop
     vertex -2.665000e+00 -2.651888e+01  8.651145e+00
     vertex -2.665000e+00 -2.570970e+01  7.634276e+00
     vertex -2.665000e+00 -2.639573e+01  8.732637e+00
   endloop
 endfacet
 facet normal  1.000000e+00  0.000000e+00  0.000000e+00
   outer loop
     vertex -2.665000e+00 -2.651888e+01  8.651145e+00
     vertex -2.665000e+00 -2.577946e+01  7.587992e+00
     vertex -2.665000e+00 -2.570970e+01  7.634276e+00
   endloop
 endfacet
 facet normal  1.000000e+00  0.000000e+00  0.000000e+00
   outer loop
     vertex -2.665000e+00 -2.724885e+01  7.926366e+00
     vertex -2.665000e+00 -2.733122e+01  7.803803e+00
     vertex -2.665000e+00 -2.619290e+01  7.176698e+00
   endloop
 endfacet
 facet normal  1.000000e+00  0.000000e+00  0.000000e+00
   outer loop
     vertex -2.665000e+00 -2.724885e+01  7.926366e+00
     vertex -2.665000e+00 -2.619290e+01  7.176698e+00
     vertex -2.665000e+00 -2.614289e+01  7.243834e+00
   endloop
 endfacet
 facet normal  1.000000e+00 -0.000000e+00  0.000000e+00
   outer loop
     vertex -2.665000e+00 -2.663786e+01  8.563681e+00
     vertex -2.665000e+00 -2.577946e+01  7.587992e+00
     vertex -2.665000e+00 -2.651888e+01  8.651145e+00
   endloop
 endfacet
 facet normal  1.000000e+00  0.000000e+00  0.000000e+00
   outer loop
     vertex -2.665000e+00 -2.663786e+01  8.563681e+00
     vertex -2.665000e+00 -2.584686e+01  7.538330e+00
     vertex -2.665000e+00 -2.577946e+01  7.587992e+00
   endloop
 endfacet
 facet normal  1.000000e+00  0.000000e+00  0.000000e+00
   outer loop
     vertex -2.665000e+00 -2.716054e+01  8.044720e+00
     vertex -2.665000e+00 -2.724885e+01  7.926366e+00
     vertex -2.665000e+00 -2.614289e+01  7.243834e+00
   endloop
 endfacet
 facet normal  1.000000e+00  0.000000e+00  0.000000e+00
   outer loop
     vertex -2.665000e+00 -2.716054e+01  8.044720e+00
     vertex -2.665000e+00 -2.614289e+01  7.243834e+00
     vertex -2.665000e+00 -2.608963e+01  7.308427e+00
   endloop
 endfacet
 facet normal  1.000000e+00 -0.000000e+00  0.000000e+00
   outer loop
     vertex -2.665000e+00 -2.675239e+01  8.470460e+00
     vertex -2.665000e+00 -2.584686e+01  7.538330e+00
     vertex -2.665000e+00 -2.663786e+01  8.563681e+00
   endloop
 endfacet
 facet normal  1.000000e+00  0.000000e+00  0.000000e+00
   outer loop
     vertex -2.665000e+00 -2.675239e+01  8.470460e+00
     vertex -2.665000e+00 -2.591173e+01  7.485411e+00
     vertex -2.665000e+00 -2.584686e+01  7.538330e+00
   endloop
 endfacet
 facet normal  1.000000e+00  0.000000e+00  0.000000e+00
   outer loop
     vertex -2.665000e+00 -2.706650e+01  8.158578e+00
     vertex -2.665000e+00 -2.716054e+01  8.044720e+00
     vertex -2.665000e+00 -2.608963e+01  7.308427e+00
   endloop
 endfacet
 facet normal  1.000000e+00  0.000000e+00  0.000000e+00
   outer loop
     vertex -2.665000e+00 -2.706650e+01  8.158578e+00
     vertex -2.665000e+00 -2.608963e+01  7.308427e+00
     vertex -2.665000e+00 -2.603326e+01  7.370319e+00
   endloop
 endfacet
 facet normal  1.000000e+00 -0.000000e+00  0.000000e+00
   outer loop
     vertex -2.665000e+00 -2.686218e+01  8.371706e+00
     vertex -2.665000e+00 -2.591173e+01  7.485411e+00
     vertex -2.665000e+00 -2.675239e+01  8.470460e+00
   endloop
 endfacet
 facet normal  1.000000e+00  0.000000e+00  0.000000e+00
   outer loop
     vertex -2.665000e+00 -2.686218e+01  8.371706e+00
     vertex -2.665000e+00 -2.597391e+01  7.429362e+00
     vertex -2.665000e+00 -2.591173e+01  7.485411e+00
   endloop
 endfacet
 facet normal  1.000000e+00  0.000000e+00  0.000000e+00
   outer loop
     vertex -2.665000e+00 -2.696697e+01  8.267661e+00
     vertex -2.665000e+00 -2.706650e+01  8.158578e+00
     vertex -2.665000e+00 -2.603326e+01  7.370319e+00
   endloop
 endfacet
 facet normal  1.000000e+00 -0.000000e+00  0.000000e+00
   outer loop
     vertex -2.665000e+00 -2.696697e+01  8.267661e+00
     vertex -2.665000e+00 -2.597391e+01  7.429362e+00
     vertex -2.665000e+00 -2.686218e+01  8.371706e+00
   endloop
 endfacet
 facet normal  1.000000e+00  0.000000e+00  0.000000e+00
   outer loop
     vertex -2.665000e+00 -2.696697e+01  8.267661e+00
     vertex -2.665000e+00 -2.603326e+01  7.370319e+00
     vertex -2.665000e+00 -2.597391e+01  7.429362e+00
   endloop
 endfacet
 facet normal  0.000000e+00  1.965209e-02 -9.998069e-01
   outer loop
     vertex -2.665000e+00 -2.487180e+01  7.893687e+00
     vertex -1.116500e+01 -2.480500e+01  7.895000e+00
     vertex -2.665000e+00 -2.480500e+01  7.895000e+00
   endloop
 endfacet
 facet normal  0.000000e+00  1.965209e-02 -9.998069e-01
   outer loop
     vertex -2.665000e+00 -2.487180e+01  7.893687e+00
     vertex -1.116500e+01 -2.487180e+01  7.893687e+00
     vertex -1.116500e+01 -2.480500e+01  7.895000e+00
   endloop
 endfacet
 facet normal  0.000000e+00  5.892592e-02 -9.982624e-01
   outer loop
     vertex -2.665000e+00 -2.493851e+01  7.889750e+00
     vertex -1.116500e+01 -2.493851e+01  7.889750e+00
     vertex -1.116500e+01 -2.487180e+01  7.893687e+00
   endloop
 endfacet
 facet normal  0.000000e+00  5.892592e-02 -9.982624e-01
   outer loop
     vertex -2.665000e+00 -2.493851e+01  7.889750e+00
     vertex -1.116500e+01 -2.487180e+01  7.893687e+00
     vertex -2.665000e+00 -2.487180e+01  7.893687e+00
   endloop
 endfacet
 facet normal  0.000000e+00  9.810872e-02 -9.951757e-01
   outer loop
     vertex -2.665000e+00 -2.500500e+01  7.883194e+00
     vertex -1.116500e+01 -2.500500e+01  7.883194e+00
     vertex -1.116500e+01 -2.493851e+01  7.889750e+00
   endloop
 endfacet
 facet normal  0.000000e+00  9.810872e-02 -9.951757e-01
   outer loop
     vertex -2.665000e+00 -2.500500e+01  7.883194e+00
     vertex -1.116500e+01 -2.493851e+01  7.889750e+00
     vertex -2.665000e+00 -2.493851e+01  7.889750e+00
   endloop
 endfacet
 facet normal  0.000000e+00  1.420629e-01 -9.898576e-01
   outer loop
     vertex -2.665000e+00 -2.508787e+01  7.871301e+00
     vertex -1.116500e+01 -2.508787e+01  7.871301e+00
     vertex -1.116500e+01 -2.500500e+01  7.883194e+00
   endloop
 endfacet
 facet normal  0.000000e+00  1.420629e-01 -9.898576e-01
   outer loop
     vertex -2.665000e+00 -2.508787e+01  7.871301e+00
     vertex -1.116500e+01 -2.500500e+01  7.883194e+00
     vertex -2.665000e+00 -2.500500e+01  7.883194e+00
   endloop
 endfacet
 facet normal  0.000000e+00  1.906215e-01 -9.816636e-01
   outer loop
     vertex -2.665000e+00 -2.517005e+01  7.855343e+00
     vertex -1.116500e+01 -2.517005e+01  7.855343e+00
     vertex -1.116500e+01 -2.508787e+01  7.871301e+00
   endloop
 endfacet
 facet normal  0.000000e+00  2.387178e-01 -9.710890e-01
   outer loop
     vertex -2.665000e+00 -2.517005e+01  7.855343e+00
     vertex -1.116500e+01 -2.525135e+01  7.835358e+00
     vertex -1.116500e+01 -2.517005e+01  7.855343e+00
   endloop
 endfacet
 facet normal  0.000000e+00  1.906215e-01 -9.816636e-01
   outer loop
     vertex -2.665000e+00 -2.517005e+01  7.855343e+00
     vertex -1.116500e+01 -2.508787e+01  7.871301e+00
     vertex -2.665000e+00 -2.508787e+01  7.871301e+00
   endloop
 endfacet
 facet normal  0.000000e+00  2.387178e-01 -9.710890e-01
   outer loop
     vertex -2.665000e+00 -2.525135e+01  7.835358e+00
     vertex -1.116500e+01 -2.525135e+01  7.835358e+00
     vertex -2.665000e+00 -2.517005e+01  7.855343e+00
   endloop
 endfacet
 facet normal  0.000000e+00  2.862352e-01 -9.581594e-01
   outer loop
     vertex -2.665000e+00 -2.533156e+01  7.811396e+00
     vertex -1.116500e+01 -2.533156e+01  7.811396e+00
     vertex -1.116500e+01 -2.525135e+01  7.835358e+00
   endloop
 endfacet
 facet normal  0.000000e+00  3.330584e-01 -9.429062e-01
   outer loop
     vertex -2.665000e+00 -2.533156e+01  7.811396e+00
     vertex -1.116500e+01 -2.541050e+01  7.783513e+00
     vertex -1.116500e+01 -2.533156e+01  7.811396e+00
   endloop
 endfacet
 facet normal  0.000000e+00  2.862352e-01 -9.581594e-01
   outer loop
     vertex -2.665000e+00 -2.533156e+01  7.811396e+00
     vertex -1.116500e+01 -2.525135e+01  7.835358e+00
     vertex -2.665000e+00 -2.525135e+01  7.835358e+00
   endloop
 endfacet
 facet normal  0.000000e+00  3.330584e-01 -9.429062e-01
   outer loop
     vertex -2.665000e+00 -2.541050e+01  7.783513e+00
     vertex -1.116500e+01 -2.541050e+01  7.783513e+00
     vertex -2.665000e+00 -2.533156e+01  7.811396e+00
   endloop
 endfacet
 facet normal  0.000000e+00  3.790740e-01 -9.253664e-01
   outer loop
     vertex -2.665000e+00 -2.548796e+01  7.751779e+00
     vertex -1.116500e+01 -2.548796e+01  7.751779e+00
     vertex -1.116500e+01 -2.541050e+01  7.783513e+00
   endloop
 endfacet
 facet normal  0.000000e+00  3.790740e-01 -9.253664e-01
   outer loop
     vertex -2.665000e+00 -2.548796e+01  7.751779e+00
     vertex -1.116500e+01 -2.541050e+01  7.783513e+00
     vertex -2.665000e+00 -2.541050e+01  7.783513e+00
   endloop
 endfacet
 facet normal  0.000000e+00  4.241702e-01 -9.055825e-01
   outer loop
     vertex -2.665000e+00 -2.556378e+01  7.716268e+00
     vertex -1.116500e+01 -2.548796e+01  7.751779e+00
     vertex -2.665000e+00 -2.548796e+01  7.751779e+00
   endloop
 endfacet
 facet normal  0.000000e+00  4.241702e-01 -9.055825e-01
   outer loop
     vertex -2.665000e+00 -2.556378e+01  7.716268e+00
     vertex -1.116500e+01 -2.556378e+01  7.716268e+00
     vertex -1.116500e+01 -2.548796e+01  7.751779e+00
   endloop
 endfacet
 facet normal  0.000000e+00  4.682379e-01 -8.836025e-01
   outer loop
     vertex -2.665000e+00 -2.556378e+01  7.716268e+00
     vertex -1.116500e+01 -2.563775e+01  7.677069e+00
     vertex -1.116500e+01 -2.556378e+01  7.716268e+00
   endloop
 endfacet
 facet normal  0.000000e+00  4.682379e-01 -8.836025e-01
   outer loop
     vertex -2.665000e+00 -2.563775e+01  7.677069e+00
     vertex -1.116500e+01 -2.563775e+01  7.677069e+00
     vertex -2.665000e+00 -2.556378e+01  7.716268e+00
   endloop
 endfacet
 facet normal  0.000000e+00  5.111700e-01 -8.594796e-01
   outer loop
     vertex -2.665000e+00 -2.570970e+01  7.634276e+00
     vertex -1.116500e+01 -2.563775e+01  7.677069e+00
     vertex -2.665000e+00 -2.563775e+01  7.677069e+00
   endloop
 endfacet
 facet normal  0.000000e+00  5.111700e-01 -8.594796e-01
   outer loop
     vertex -2.665000e+00 -2.570970e+01  7.634276e+00
     vertex -1.116500e+01 -2.570970e+01  7.634276e+00
     vertex -1.116500e+01 -2.563775e+01  7.677069e+00
   endloop
 endfacet
 facet normal  0.000000e+00  5.528625e-01 -8.332725e-01
   outer loop
     vertex -2.665000e+00 -2.577946e+01  7.587992e+00
     vertex -1.116500e+01 -2.570970e+01  7.634276e+00
     vertex -2.665000e+00 -2.570970e+01  7.634276e+00
   endloop
 endfacet
 facet normal  0.000000e+00  5.528625e-01 -8.332725e-01
   outer loop
     vertex -2.665000e+00 -2.577946e+01  7.587992e+00
     vertex -1.116500e+01 -2.577946e+01  7.587992e+00
     vertex -1.116500e+01 -2.570970e+01  7.634276e+00
   endloop
 endfacet
 facet normal  0.000000e+00  5.932142e-01 -8.050447e-01
   outer loop
     vertex -2.665000e+00 -2.584686e+01  7.538330e+00
     vertex -1.116500e+01 -2.584686e+01  7.538330e+00
     vertex -1.116500e+01 -2.577946e+01  7.587992e+00
   endloop
 endfacet
 facet normal  0.000000e+00  5.932142e-01 -8.050447e-01
   outer loop
     vertex -2.665000e+00 -2.584686e+01  7.538330e+00
     vertex -1.116500e+01 -2.577946e+01  7.587992e+00
     vertex -2.665000e+00 -2.577946e+01  7.587992e+00
   endloop
 endfacet
 facet normal  0.000000e+00  6.321274e-01 -7.748645e-01
   outer loop
     vertex -2.665000e+00 -2.591173e+01  7.485411e+00
     vertex -1.116500e+01 -2.591173e+01  7.485411e+00
     vertex -1.116500e+01 -2.584686e+01  7.538330e+00
   endloop
 endfacet
 facet normal  0.000000e+00  6.321274e-01 -7.748645e-01
   outer loop
     vertex -2.665000e+00 -2.591173e+01  7.485411e+00
     vertex -1.116500e+01 -2.584686e+01  7.538330e+00
     vertex -2.665000e+00 -2.584686e+01  7.538330e+00
   endloop
 endfacet
 facet normal  0.000000e+00  6.695076e-01 -7.428052e-01
   outer loop
     vertex -2.665000e+00 -2.597391e+01  7.429362e+00
     vertex -1.116500e+01 -2.597391e+01  7.429362e+00
     vertex -1.116500e+01 -2.591173e+01  7.485411e+00
   endloop
 endfacet
 facet normal  0.000000e+00  6.695076e-01 -7.428052e-01
   outer loop
     vertex -2.665000e+00 -2.597391e+01  7.429362e+00
     vertex -1.116500e+01 -2.591173e+01  7.485411e+00
     vertex -2.665000e+00 -2.591173e+01  7.485411e+00
   endloop
 endfacet
 facet normal  0.000000e+00  7.052642e-01 -7.089446e-01
   outer loop
     vertex -2.665000e+00 -2.603326e+01  7.370319e+00
     vertex -1.116500e+01 -2.603326e+01  7.370319e+00
     vertex -1.116500e+01 -2.597391e+01  7.429362e+00
   endloop
 endfacet
 facet normal  0.000000e+00  7.052642e-01 -7.089446e-01
   outer loop
     vertex -2.665000e+00 -2.603326e+01  7.370319e+00
     vertex -1.116500e+01 -2.597391e+01  7.429362e+00
     vertex -2.665000e+00 -2.597391e+01  7.429362e+00
   endloop
 endfacet
 facet normal  0.000000e+00  7.393104e-01 -6.733647e-01
   outer loop
     vertex -2.665000e+00 -2.608963e+01  7.308427e+00
     vertex -1.116500e+01 -2.608963e+01  7.308427e+00
     vertex -1.116500e+01 -2.603326e+01  7.370319e+00
   endloop
 endfacet
 facet normal  0.000000e+00  7.393104e-01 -6.733647e-01
   outer loop
     vertex -2.665000e+00 -2.608963e+01  7.308427e+00
     vertex -1.116500e+01 -2.603326e+01  7.370319e+00
     vertex -2.665000e+00 -2.603326e+01  7.370319e+00
   endloop
 endfacet
 facet normal  0.000000e+00  7.715638e-01 -6.361519e-01
   outer loop
     vertex -2.665000e+00 -2.614289e+01  7.243834e+00
     vertex -1.116500e+01 -2.614289e+01  7.243834e+00
     vertex -1.116500e+01 -2.608963e+01  7.308427e+00
   endloop
 endfacet
 facet normal  0.000000e+00  7.715638e-01 -6.361519e-01
   outer loop
     vertex -2.665000e+00 -2.614289e+01  7.243834e+00
     vertex -1.116500e+01 -2.608963e+01  7.308427e+00
     vertex -2.665000e+00 -2.608963e+01  7.308427e+00
   endloop
 endfacet
 facet normal  0.000000e+00  8.019461e-01 -5.973964e-01
   outer loop
     vertex -2.665000e+00 -2.619290e+01  7.176698e+00
     vertex -1.116500e+01 -2.619290e+01  7.176698e+00
     vertex -1.116500e+01 -2.614289e+01  7.243834e+00
   endloop
 endfacet
 facet normal  0.000000e+00  8.019461e-01 -5.973964e-01
   outer loop
     vertex -2.665000e+00 -2.619290e+01  7.176698e+00
     vertex -1.116500e+01 -2.614289e+01  7.243834e+00
     vertex -2.665000e+00 -2.614289e+01  7.243834e+00
   endloop
 endfacet
 facet normal  0.000000e+00  8.303836e-01 -5.571921e-01
   outer loop
     vertex -2.665000e+00 -2.623955e+01  7.107181e+00
     vertex -1.116500e+01 -2.623955e+01  7.107181e+00
     vertex -1.116500e+01 -2.619290e+01  7.176698e+00
   endloop
 endfacet
 facet normal  0.000000e+00  8.568074e-01 -5.156366e-01
   outer loop
     vertex -2.665000e+00 -2.623955e+01  7.107181e+00
     vertex -1.116500e+01 -2.628271e+01  7.035452e+00
     vertex -1.116500e+01 -2.623955e+01  7.107181e+00
   endloop
 endfacet
 facet normal  0.000000e+00  8.303836e-01 -5.571921e-01
   outer loop
     vertex -2.665000e+00 -2.623955e+01  7.107181e+00
     vertex -1.116500e+01 -2.619290e+01  7.176698e+00
     vertex -2.665000e+00 -2.619290e+01  7.176698e+00
   endloop
 endfacet
 facet normal  0.000000e+00  8.568074e-01 -5.156366e-01
   outer loop
     vertex -2.665000e+00 -2.628271e+01  7.035452e+00
     vertex -1.116500e+01 -2.628271e+01  7.035452e+00
     vertex -2.665000e+00 -2.623955e+01  7.107181e+00
   endloop
 endfacet
 facet normal  0.000000e+00  8.811533e-01 -4.728306e-01
   outer loop
     vertex -2.665000e+00 -2.632230e+01  6.961685e+00
     vertex -1.116500e+01 -2.632230e+01  6.961685e+00
     vertex -1.116500e+01 -2.628271e+01  7.035452e+00
   endloop
 endfacet
 facet normal  0.000000e+00  8.811533e-01 -4.728306e-01
   outer loop
     vertex -2.665000e+00 -2.632230e+01  6.961685e+00
     vertex -1.116500e+01 -2.628271e+01  7.035452e+00
     vertex -2.665000e+00 -2.628271e+01  7.035452e+00
   endloop
 endfacet
 facet normal  0.000000e+00  9.033624e-01 -4.288780e-01
   outer loop
     vertex -2.665000e+00 -2.635820e+01  6.886058e+00
     vertex -1.116500e+01 -2.635820e+01  6.886058e+00
     vertex -1.116500e+01 -2.632230e+01  6.961685e+00
   endloop
 endfacet
 facet normal  0.000000e+00  9.033624e-01 -4.288780e-01
   outer loop
     vertex -2.665000e+00 -2.635820e+01  6.886058e+00
     vertex -1.116500e+01 -2.632230e+01  6.961685e+00
     vertex -2.665000e+00 -2.632230e+01  6.961685e+00
   endloop
 endfacet
 facet normal  0.000000e+00  9.233808e-01 -3.838853e-01
   outer loop
     vertex -2.665000e+00 -2.639034e+01  6.808756e+00
     vertex -1.116500e+01 -2.639034e+01  6.808756e+00
     vertex -1.116500e+01 -2.635820e+01  6.886058e+00
   endloop
 endfacet
 facet normal  0.000000e+00  9.233808e-01 -3.838853e-01
   outer loop
     vertex -2.665000e+00 -2.639034e+01  6.808756e+00
     vertex -1.116500e+01 -2.635820e+01  6.886058e+00
     vertex -2.665000e+00 -2.635820e+01  6.886058e+00
   endloop
 endfacet
 facet normal  0.000000e+00  9.411599e-01 -3.379617e-01
   outer loop
     vertex -2.665000e+00 -2.641863e+01  6.729965e+00
     vertex -1.116500e+01 -2.641863e+01  6.729965e+00
     vertex -1.116500e+01 -2.639034e+01  6.808756e+00
   endloop
 endfacet
 facet normal  0.000000e+00  9.566566e-01 -2.912184e-01
   outer loop
     vertex -2.665000e+00 -2.641863e+01  6.729965e+00
     vertex -1.116500e+01 -2.644301e+01  6.649877e+00
     vertex -1.116500e+01 -2.641863e+01  6.729965e+00
   endloop
 endfacet
 facet normal  0.000000e+00  9.411599e-01 -3.379617e-01
   outer loop
     vertex -2.665000e+00 -2.641863e+01  6.729965e+00
     vertex -1.116500e+01 -2.639034e+01  6.808756e+00
     vertex -2.665000e+00 -2.639034e+01  6.808756e+00
   endloop
 endfacet
 facet normal  0.000000e+00  9.566566e-01 -2.912184e-01
   outer loop
     vertex -2.665000e+00 -2.644301e+01  6.649877e+00
     vertex -1.116500e+01 -2.644301e+01  6.649877e+00
     vertex -2.665000e+00 -2.641863e+01  6.729965e+00
   endloop
 endfacet
 facet normal  0.000000e+00  9.698333e-01 -2.437690e-01
   outer loop
     vertex -2.665000e+00 -2.646342e+01  6.568686e+00
     vertex -1.116500e+01 -2.646342e+01  6.568686e+00
     vertex -1.116500e+01 -2.644301e+01  6.649877e+00
   endloop
 endfacet
 facet normal  0.000000e+00  9.698333e-01 -2.437690e-01
   outer loop
     vertex -2.665000e+00 -2.646342e+01  6.568686e+00
     vertex -1.116500e+01 -2.644301e+01  6.649877e+00
     vertex -2.665000e+00 -2.644301e+01  6.649877e+00
   endloop
 endfacet
 facet normal  0.000000e+00  9.806581e-01 -1.957284e-01
   outer loop
     vertex -2.665000e+00 -2.647981e+01  6.486589e+00
     vertex -1.116500e+01 -2.647981e+01  6.486589e+00
     vertex -1.116500e+01 -2.646342e+01  6.568686e+00
   endloop
 endfacet
 facet normal  0.000000e+00  9.806581e-01 -1.957284e-01
   outer loop
     vertex -2.665000e+00 -2.647981e+01  6.486589e+00
     vertex -1.116500e+01 -2.646342e+01  6.568686e+00
     vertex -2.665000e+00 -2.646342e+01  6.568686e+00
   endloop
 endfacet
 facet normal  0.000000e+00  9.891048e-01 -1.472131e-01
   outer loop
     vertex -2.665000e+00 -2.649213e+01  6.403784e+00
     vertex -1.116500e+01 -2.649213e+01  6.403784e+00
     vertex -1.116500e+01 -2.647981e+01  6.486589e+00
   endloop
 endfacet
 facet normal  0.000000e+00  9.891048e-01 -1.472131e-01
   outer loop
     vertex -2.665000e+00 -2.649213e+01  6.403784e+00
     vertex -1.116500e+01 -2.647981e+01  6.486589e+00
     vertex -2.665000e+00 -2.647981e+01  6.486589e+00
   endloop
 endfacet
 facet normal  0.000000e+00  9.951528e-01 -9.834088e-02
   outer loop
     vertex -2.665000e+00 -2.650036e+01  6.320473e+00
     vertex -1.116500e+01 -2.650036e+01  6.320473e+00
     vertex -1.116500e+01 -2.649213e+01  6.403784e+00
   endloop
 endfacet
 facet normal  0.000000e+00  9.951528e-01 -9.834088e-02
   outer loop
     vertex -2.665000e+00 -2.650036e+01  6.320473e+00
     vertex -1.116500e+01 -2.649213e+01  6.403784e+00
     vertex -2.665000e+00 -2.649213e+01  6.403784e+00
   endloop
 endfacet
 facet normal  0.000000e+00  9.987875e-01 -4.923013e-02
   outer loop
     vertex -2.665000e+00 -2.650448e+01  6.236858e+00
     vertex -1.116500e+01 -2.650448e+01  6.236858e+00
     vertex -1.116500e+01 -2.650036e+01  6.320473e+00
   endloop
 endfacet
 facet normal  0.000000e+00  9.987875e-01 -4.923013e-02
   outer loop
     vertex -2.665000e+00 -2.650448e+01  6.236858e+00
     vertex -1.116500e+01 -2.650036e+01  6.320473e+00
     vertex -2.665000e+00 -2.650036e+01  6.320473e+00
   endloop
 endfacet
 facet normal  0.000000e+00  1.000000e+00  0.000000e+00
   outer loop
     vertex -2.665000e+00 -2.650448e+01  6.153142e+00
     vertex -1.116500e+01 -2.650448e+01  6.153142e+00
     vertex -1.116500e+01 -2.650448e+01  6.236858e+00
   endloop
 endfacet
 facet normal  0.000000e+00  1.000000e+00 -0.000000e+00
   outer loop
     vertex -2.665000e+00 -2.650448e+01  6.153142e+00
     vertex -1.116500e+01 -2.650448e+01  6.236858e+00
     vertex -2.665000e+00 -2.650448e+01  6.236858e+00
   endloop
 endfacet
 facet normal  0.000000e+00  9.987875e-01  4.923013e-02
   outer loop
     vertex -2.665000e+00 -2.650036e+01  6.069527e+00
     vertex -1.116500e+01 -2.650036e+01  6.069527e+00
     vertex -1.116500e+01 -2.650448e+01  6.153142e+00
   endloop
 endfacet
 facet normal  0.000000e+00  9.987875e-01  4.923013e-02
   outer loop
     vertex -2.665000e+00 -2.650036e+01  6.069527e+00
     vertex -1.116500e+01 -2.650448e+01  6.153142e+00
     vertex -2.665000e+00 -2.650448e+01  6.153142e+00
   endloop
 endfacet
 facet normal  0.000000e+00  9.951528e-01  9.834088e-02
   outer loop
     vertex -2.665000e+00 -2.649213e+01  5.986216e+00
     vertex -1.116500e+01 -2.649213e+01  5.986216e+00
     vertex -1.116500e+01 -2.650036e+01  6.069527e+00
   endloop
 endfacet
 facet normal  0.000000e+00  9.891048e-01  1.472131e-01
   outer loop
     vertex -2.665000e+00 -2.649213e+01  5.986216e+00
     vertex -1.116500e+01 -2.647981e+01  5.903411e+00
     vertex -1.116500e+01 -2.649213e+01  5.986216e+00
   endloop
 endfacet
 facet normal  0.000000e+00  9.951528e-01  9.834088e-02
   outer loop
     vertex -2.665000e+00 -2.649213e+01  5.986216e+00
     vertex -1.116500e+01 -2.650036e+01  6.069527e+00
     vertex -2.665000e+00 -2.650036e+01  6.069527e+00
   endloop
 endfacet
 facet normal  0.000000e+00  9.891048e-01  1.472131e-01
   outer loop
     vertex -2.665000e+00 -2.647981e+01  5.903411e+00
     vertex -1.116500e+01 -2.647981e+01  5.903411e+00
     vertex -2.665000e+00 -2.649213e+01  5.986216e+00
   endloop
 endfacet
 facet normal  0.000000e+00  9.806581e-01  1.957284e-01
   outer loop
     vertex -2.665000e+00 -2.646342e+01  5.821314e+00
     vertex -1.116500e+01 -2.647981e+01  5.903411e+00
     vertex -2.665000e+00 -2.647981e+01  5.903411e+00
   endloop
 endfacet
 facet normal  0.000000e+00  9.806581e-01  1.957284e-01
   outer loop
     vertex -2.665000e+00 -2.646342e+01  5.821314e+00
     vertex -1.116500e+01 -2.646342e+01  5.821314e+00
     vertex -1.116500e+01 -2.647981e+01  5.903411e+00
   endloop
 endfacet
 facet normal  0.000000e+00  9.698333e-01  2.437690e-01
   outer loop
     vertex -2.665000e+00 -2.644301e+01  5.740123e+00
     vertex -1.116500e+01 -2.646342e+01  5.821314e+00
     vertex -2.665000e+00 -2.646342e+01  5.821314e+00
   endloop
 endfacet
 facet normal  0.000000e+00  9.698333e-01  2.437690e-01
   outer loop
     vertex -2.665000e+00 -2.644301e+01  5.740123e+00
     vertex -1.116500e+01 -2.644301e+01  5.740123e+00
     vertex -1.116500e+01 -2.646342e+01  5.821314e+00
   endloop
 endfacet
 facet normal  0.000000e+00  9.566566e-01  2.912184e-01
   outer loop
     vertex -2.665000e+00 -2.641863e+01  5.660035e+00
     vertex -1.116500e+01 -2.644301e+01  5.740123e+00
     vertex -2.665000e+00 -2.644301e+01  5.740123e+00
   endloop
 endfacet
 facet normal  0.000000e+00  9.566566e-01  2.912184e-01
   outer loop
     vertex -2.665000e+00 -2.641863e+01  5.660035e+00
     vertex -1.116500e+01 -2.641863e+01  5.660035e+00
     vertex -1.116500e+01 -2.644301e+01  5.740123e+00
   endloop
 endfacet
 facet normal  0.000000e+00  9.411599e-01  3.379617e-01
   outer loop
     vertex -2.665000e+00 -2.639034e+01  5.581244e+00
     vertex -1.116500e+01 -2.641863e+01  5.660035e+00
     vertex -2.665000e+00 -2.641863e+01  5.660035e+00
   endloop
 endfacet
 facet normal  0.000000e+00  9.411599e-01  3.379617e-01
   outer loop
     vertex -2.665000e+00 -2.639034e+01  5.581244e+00
     vertex -1.116500e+01 -2.639034e+01  5.581244e+00
     vertex -1.116500e+01 -2.641863e+01  5.660035e+00
   endloop
 endfacet
 facet normal  0.000000e+00  9.233808e-01  3.838853e-01
   outer loop
     vertex -2.665000e+00 -2.635820e+01  5.503942e+00
     vertex -1.116500e+01 -2.639034e+01  5.581244e+00
     vertex -2.665000e+00 -2.639034e+01  5.581244e+00
   endloop
 endfacet
 facet normal  0.000000e+00  9.233808e-01  3.838853e-01
   outer loop
     vertex -2.665000e+00 -2.635820e+01  5.503942e+00
     vertex -1.116500e+01 -2.635820e+01  5.503942e+00
     vertex -1.116500e+01 -2.639034e+01  5.581244e+00
   endloop
 endfacet
 facet normal  0.000000e+00  9.033624e-01  4.288780e-01
   outer loop
     vertex -2.665000e+00 -2.632230e+01  5.428315e+00
     vertex -1.116500e+01 -2.635820e+01  5.503942e+00
     vertex -2.665000e+00 -2.635820e+01  5.503942e+00
   endloop
 endfacet
 facet normal  0.000000e+00  9.033624e-01  4.288780e-01
   outer loop
     vertex -2.665000e+00 -2.632230e+01  5.428315e+00
     vertex -1.116500e+01 -2.632230e+01  5.428315e+00
     vertex -1.116500e+01 -2.635820e+01  5.503942e+00
   endloop
 endfacet
 facet normal  0.000000e+00  8.811533e-01  4.728306e-01
   outer loop
     vertex -2.665000e+00 -2.628271e+01  5.354548e+00
     vertex -1.116500e+01 -2.632230e+01  5.428315e+00
     vertex -2.665000e+00 -2.632230e+01  5.428315e+00
   endloop
 endfacet
 facet normal  0.000000e+00  8.811533e-01  4.728306e-01
   outer loop
     vertex -2.665000e+00 -2.628271e+01  5.354548e+00
     vertex -1.116500e+01 -2.628271e+01  5.354548e+00
     vertex -1.116500e+01 -2.632230e+01  5.428315e+00
   endloop
 endfacet
 facet normal  0.000000e+00  8.568074e-01  5.156366e-01
   outer loop
     vertex -2.665000e+00 -2.623955e+01  5.282819e+00
     vertex -1.116500e+01 -2.628271e+01  5.354548e+00
     vertex -2.665000e+00 -2.628271e+01  5.354548e+00
   endloop
 endfacet
 facet normal  0.000000e+00  8.568074e-01  5.156366e-01
   outer loop
     vertex -2.665000e+00 -2.623955e+01  5.282819e+00
     vertex -1.116500e+01 -2.623955e+01  5.282819e+00
     vertex -1.116500e+01 -2.628271e+01  5.354548e+00
   endloop
 endfacet
 facet normal  0.000000e+00  8.303836e-01  5.571921e-01
   outer loop
     vertex -2.665000e+00 -2.619290e+01  5.213302e+00
     vertex -1.116500e+01 -2.623955e+01  5.282819e+00
     vertex -2.665000e+00 -2.623955e+01  5.282819e+00
   endloop
 endfacet
 facet normal  0.000000e+00  8.303836e-01  5.571921e-01
   outer loop
     vertex -2.665000e+00 -2.619290e+01  5.213302e+00
     vertex -1.116500e+01 -2.619290e+01  5.213302e+00
     vertex -1.116500e+01 -2.623955e+01  5.282819e+00
   endloop
 endfacet
 facet normal  0.000000e+00  8.019461e-01  5.973964e-01
   outer loop
     vertex -2.665000e+00 -2.614289e+01  5.146166e+00
     vertex -1.116500e+01 -2.619290e+01  5.213302e+00
     vertex -2.665000e+00 -2.619290e+01  5.213302e+00
   endloop
 endfacet
 facet normal  0.000000e+00  8.019461e-01  5.973964e-01
   outer loop
     vertex -2.665000e+00 -2.614289e+01  5.146166e+00
     vertex -1.116500e+01 -2.614289e+01  5.146166e+00
     vertex -1.116500e+01 -2.619290e+01  5.213302e+00
   endloop
 endfacet
 facet normal  0.000000e+00  7.715638e-01  6.361519e-01
   outer loop
     vertex -2.665000e+00 -2.608963e+01  5.081573e+00
     vertex -1.116500e+01 -2.614289e+01  5.146166e+00
     vertex -2.665000e+00 -2.614289e+01  5.146166e+00
   endloop
 endfacet
 facet normal  0.000000e+00  7.715638e-01  6.361519e-01
   outer loop
     vertex -2.665000e+00 -2.608963e+01  5.081573e+00
     vertex -1.116500e+01 -2.608963e+01  5.081573e+00
     vertex -1.116500e+01 -2.614289e+01  5.146166e+00
   endloop
 endfacet
 facet normal  0.000000e+00  7.393104e-01  6.733647e-01
   outer loop
     vertex -2.665000e+00 -2.603326e+01  5.019681e+00
     vertex -1.116500e+01 -2.603326e+01  5.019681e+00
     vertex -1.116500e+01 -2.608963e+01  5.081573e+00
   endloop
 endfacet
 facet normal  0.000000e+00  7.393104e-01  6.733647e-01
   outer loop
     vertex -2.665000e+00 -2.603326e+01  5.019681e+00
     vertex -1.116500e+01 -2.608963e+01  5.081573e+00
     vertex -2.665000e+00 -2.608963e+01  5.081573e+00
   endloop
 endfacet
 facet normal  0.000000e+00  7.052642e-01  7.089446e-01
   outer loop
     vertex -2.665000e+00 -2.597391e+01  4.960638e+00
     vertex -1.116500e+01 -2.597391e+01  4.960638e+00
     vertex -1.116500e+01 -2.603326e+01  5.019681e+00
   endloop
 endfacet
 facet normal  0.000000e+00  7.052642e-01  7.089446e-01
   outer loop
     vertex -2.665000e+00 -2.597391e+01  4.960638e+00
     vertex -1.116500e+01 -2.603326e+01  5.019681e+00
     vertex -2.665000e+00 -2.603326e+01  5.019681e+00
   endloop
 endfacet
 facet normal  0.000000e+00  6.695076e-01  7.428052e-01
   outer loop
     vertex -2.665000e+00 -2.591173e+01  4.904589e+00
     vertex -1.116500e+01 -2.591173e+01  4.904589e+00
     vertex -1.116500e+01 -2.597391e+01  4.960638e+00
   endloop
 endfacet
 facet normal  0.000000e+00  6.695076e-01  7.428052e-01
   outer loop
     vertex -2.665000e+00 -2.591173e+01  4.904589e+00
     vertex -1.116500e+01 -2.597391e+01  4.960638e+00
     vertex -2.665000e+00 -2.597391e+01  4.960638e+00
   endloop
 endfacet
 facet normal  0.000000e+00  6.321274e-01  7.748645e-01
   outer loop
     vertex -2.665000e+00 -2.584686e+01  4.851670e+00
     vertex -1.116500e+01 -2.584686e+01  4.851670e+00
     vertex -1.116500e+01 -2.591173e+01  4.904589e+00
   endloop
 endfacet
 facet normal  0.000000e+00  6.321274e-01  7.748645e-01
   outer loop
     vertex -2.665000e+00 -2.584686e+01  4.851670e+00
     vertex -1.116500e+01 -2.591173e+01  4.904589e+00
     vertex -2.665000e+00 -2.591173e+01  4.904589e+00
   endloop
 endfacet
 facet normal  0.000000e+00  5.932142e-01  8.050447e-01
   outer loop
     vertex -2.665000e+00 -2.577946e+01  4.802008e+00
     vertex -1.116500e+01 -2.577946e+01  4.802008e+00
     vertex -1.116500e+01 -2.584686e+01  4.851670e+00
   endloop
 endfacet
 facet normal  0.000000e+00  5.932142e-01  8.050447e-01
   outer loop
     vertex -2.665000e+00 -2.577946e+01  4.802008e+00
     vertex -1.116500e+01 -2.584686e+01  4.851670e+00
     vertex -2.665000e+00 -2.584686e+01  4.851670e+00
   endloop
 endfacet
 facet normal  0.000000e+00  5.528625e-01  8.332725e-01
   outer loop
     vertex -2.665000e+00 -2.570970e+01  4.755724e+00
     vertex -1.116500e+01 -2.570970e+01  4.755724e+00
     vertex -1.116500e+01 -2.577946e+01  4.802008e+00
   endloop
 endfacet
 facet normal  0.000000e+00  5.528625e-01  8.332725e-01
   outer loop
     vertex -2.665000e+00 -2.570970e+01  4.755724e+00
     vertex -1.116500e+01 -2.577946e+01  4.802008e+00
     vertex -2.665000e+00 -2.577946e+01  4.802008e+00
   endloop
 endfacet
 facet normal  0.000000e+00  5.111700e-01  8.594796e-01
   outer loop
     vertex -2.665000e+00 -2.563775e+01  4.712931e+00
     vertex -1.116500e+01 -2.563775e+01  4.712931e+00
     vertex -1.116500e+01 -2.570970e+01  4.755724e+00
   endloop
 endfacet
 facet normal  0.000000e+00  5.111700e-01  8.594796e-01
   outer loop
     vertex -2.665000e+00 -2.563775e+01  4.712931e+00
     vertex -1.116500e+01 -2.570970e+01  4.755724e+00
     vertex -2.665000e+00 -2.570970e+01  4.755724e+00
   endloop
 endfacet
 facet normal  0.000000e+00  4.682379e-01  8.836025e-01
   outer loop
     vertex -2.665000e+00 -2.556378e+01  4.673732e+00
     vertex -1.116500e+01 -2.556378e+01  4.673732e+00
     vertex -1.116500e+01 -2.563775e+01  4.712931e+00
   endloop
 endfacet
 facet normal  0.000000e+00  4.682379e-01  8.836025e-01
   outer loop
     vertex -2.665000e+00 -2.556378e+01  4.673732e+00
     vertex -1.116500e+01 -2.563775e+01  4.712931e+00
     vertex -2.665000e+00 -2.563775e+01  4.712931e+00
   endloop
 endfacet
 facet normal  0.000000e+00  4.241702e-01  9.055825e-01
   outer loop
     vertex -2.665000e+00 -2.548796e+01  4.638221e+00
     vertex -1.116500e+01 -2.548796e+01  4.638221e+00
     vertex -1.116500e+01 -2.556378e+01  4.673732e+00
   endloop
 endfacet
 facet normal  0.000000e+00  4.241702e-01  9.055825e-01
   outer loop
     vertex -2.665000e+00 -2.548796e+01  4.638221e+00
     vertex -1.116500e+01 -2.556378e+01  4.673732e+00
     vertex -2.665000e+00 -2.556378e+01  4.673732e+00
   endloop
 endfacet
 facet normal  0.000000e+00  3.790740e-01  9.253664e-01
   outer loop
     vertex -2.665000e+00 -2.541050e+01  4.606487e+00
     vertex -1.116500e+01 -2.541050e+01  4.606487e+00
     vertex -1.116500e+01 -2.548796e+01  4.638221e+00
   endloop
 endfacet
 facet normal  0.000000e+00  3.790740e-01  9.253664e-01
   outer loop
     vertex -2.665000e+00 -2.541050e+01  4.606487e+00
     vertex -1.116500e+01 -2.548796e+01  4.638221e+00
     vertex -2.665000e+00 -2.548796e+01  4.638221e+00
   endloop
 endfacet
 facet normal  0.000000e+00  3.330584e-01  9.429062e-01
   outer loop
     vertex -2.665000e+00 -2.533156e+01  4.578604e+00
     vertex -1.116500e+01 -2.533156e+01  4.578604e+00
     vertex -1.116500e+01 -2.541050e+01  4.606487e+00
   endloop
 endfacet
 facet normal  0.000000e+00  3.330584e-01  9.429062e-01
   outer loop
     vertex -2.665000e+00 -2.533156e+01  4.578604e+00
     vertex -1.116500e+01 -2.541050e+01  4.606487e+00
     vertex -2.665000e+00 -2.541050e+01  4.606487e+00
   endloop
 endfacet
 facet normal  0.000000e+00  2.862352e-01  9.581594e-01
   outer loop
     vertex -2.665000e+00 -2.525135e+01  4.554642e+00
     vertex -1.116500e+01 -2.525135e+01  4.554642e+00
     vertex -1.116500e+01 -2.533156e+01  4.578604e+00
   endloop
 endfacet
 facet normal  0.000000e+00  2.862352e-01  9.581594e-01
   outer loop
     vertex -2.665000e+00 -2.525135e+01  4.554642e+00
     vertex -1.116500e+01 -2.533156e+01  4.578604e+00
     vertex -2.665000e+00 -2.533156e+01  4.578604e+00
   endloop
 endfacet
 facet normal  0.000000e+00  2.387178e-01  9.710890e-01
   outer loop
     vertex -2.665000e+00 -2.517005e+01  4.534657e+00
     vertex -1.116500e+01 -2.517005e+01  4.534657e+00
     vertex -1.116500e+01 -2.525135e+01  4.554642e+00
   endloop
 endfacet
 facet normal  0.000000e+00  2.387178e-01  9.710890e-01
   outer loop
     vertex -2.665000e+00 -2.517005e+01  4.534657e+00
     vertex -1.116500e+01 -2.525135e+01  4.554642e+00
     vertex -2.665000e+00 -2.525135e+01  4.554642e+00
   endloop
 endfacet
 facet normal  0.000000e+00  1.906215e-01  9.816636e-01
   outer loop
     vertex -2.665000e+00 -2.508787e+01  4.518699e+00
     vertex -1.116500e+01 -2.508787e+01  4.518699e+00
     vertex -1.116500e+01 -2.517005e+01  4.534657e+00
   endloop
 endfacet
 facet normal  0.000000e+00  1.906215e-01  9.816636e-01
   outer loop
     vertex -2.665000e+00 -2.508787e+01  4.518699e+00
     vertex -1.116500e+01 -2.517005e+01  4.534657e+00
     vertex -2.665000e+00 -2.517005e+01  4.534657e+00
   endloop
 endfacet
 facet normal  0.000000e+00  1.420629e-01  9.898576e-01
   outer loop
     vertex -2.665000e+00 -2.500500e+01  4.506806e+00
     vertex -1.116500e+01 -2.508787e+01  4.518699e+00
     vertex -2.665000e+00 -2.508787e+01  4.518699e+00
   endloop
 endfacet
 facet normal  0.000000e+00  1.420629e-01  9.898576e-01
   outer loop
     vertex -2.665000e+00 -2.500500e+01  4.506806e+00
     vertex -1.116500e+01 -2.500500e+01  4.506806e+00
     vertex -1.116500e+01 -2.508787e+01  4.518699e+00
   endloop
 endfacet
 facet normal  0.000000e+00  9.309189e-02  9.956575e-01
   outer loop
     vertex -2.665000e+00 -2.492142e+01  4.498991e+00
     vertex -1.116500e+01 -2.500500e+01  4.506806e+00
     vertex -2.665000e+00 -2.500500e+01  4.506806e+00
   endloop
 endfacet
 facet normal  0.000000e+00  9.309189e-02  9.956575e-01
   outer loop
     vertex -2.665000e+00 -2.492142e+01  4.498991e+00
     vertex -1.116500e+01 -2.492142e+01  4.498991e+00
     vertex -1.116500e+01 -2.500500e+01  4.506806e+00
   endloop
 endfacet
 facet normal  0.000000e+00  4.382627e-02  9.990392e-01
   outer loop
     vertex -2.665000e+00 -2.483755e+01  4.495312e+00
     vertex -1.116500e+01 -2.492142e+01  4.498991e+00
     vertex -2.665000e+00 -2.492142e+01  4.498991e+00
   endloop
 endfacet
 facet normal  0.000000e+00  4.382627e-02  9.990392e-01
   outer loop
     vertex -2.665000e+00 -2.483755e+01  4.495312e+00
     vertex -1.116500e+01 -2.483755e+01  4.495312e+00
     vertex -1.116500e+01 -2.492142e+01  4.498991e+00
   endloop
 endfacet
 facet normal  0.000000e+00 -5.546214e-03  9.999846e-01
   outer loop
     vertex -2.665000e+00 -2.475360e+01  4.495777e+00
     vertex -1.116500e+01 -2.483755e+01  4.495312e+00
     vertex -2.665000e+00 -2.483755e+01  4.495312e+00
   endloop
 endfacet
 facet normal  0.000000e+00 -5.546214e-03  9.999846e-01
   outer loop
     vertex -2.665000e+00 -2.475360e+01  4.495777e+00
     vertex -1.116500e+01 -2.475360e+01  4.495777e+00
     vertex -1.116500e+01 -2.483755e+01  4.495312e+00
   endloop
 endfacet
 facet normal  0.000000e+00 -5.490518e-02  9.984916e-01
   outer loop
     vertex -2.665000e+00 -2.466978e+01  4.500386e+00
     vertex -1.116500e+01 -2.475360e+01  4.495777e+00
     vertex -2.665000e+00 -2.475360e+01  4.495777e+00
   endloop
 endfacet
 facet normal  0.000000e+00 -5.490518e-02  9.984916e-01
   outer loop
     vertex -2.665000e+00 -2.466978e+01  4.500386e+00
     vertex -1.116500e+01 -2.466978e+01  4.500386e+00
     vertex -1.116500e+01 -2.475360e+01  4.495777e+00
   endloop
 endfacet
 facet normal  0.000000e+00 -1.041303e-01  9.945637e-01
   outer loop
     vertex -2.665000e+00 -2.458629e+01  4.509128e+00
     vertex -1.116500e+01 -2.466978e+01  4.500386e+00
     vertex -2.665000e+00 -2.466978e+01  4.500386e+00
   endloop
 endfacet
 facet normal  0.000000e+00 -1.041303e-01  9.945637e-01
   outer loop
     vertex -2.665000e+00 -2.458629e+01  4.509128e+00
     vertex -1.116500e+01 -2.458629e+01  4.509128e+00
     vertex -1.116500e+01 -2.466978e+01  4.500386e+00
   endloop
 endfacet
 facet normal  0.000000e+00 -1.531014e-01  9.882105e-01
   outer loop
     vertex -2.665000e+00 -2.450333e+01  4.521981e+00
     vertex -1.116500e+01 -2.458629e+01  4.509128e+00
     vertex -2.665000e+00 -2.458629e+01  4.509128e+00
   endloop
 endfacet
 facet normal  0.000000e+00 -1.531014e-01  9.882105e-01
   outer loop
     vertex -2.665000e+00 -2.450333e+01  4.521981e+00
     vertex -1.116500e+01 -2.450333e+01  4.521981e+00
     vertex -1.116500e+01 -2.458629e+01  4.509128e+00
   endloop
 endfacet
 facet normal  0.000000e+00 -2.016992e-01  9.794475e-01
   outer loop
     vertex -2.665000e+00 -2.442110e+01  4.538913e+00
     vertex -1.116500e+01 -2.450333e+01  4.521981e+00
     vertex -2.665000e+00 -2.450333e+01  4.521981e+00
   endloop
 endfacet
 facet normal  0.000000e+00 -2.016992e-01  9.794475e-01
   outer loop
     vertex -2.665000e+00 -2.442110e+01  4.538913e+00
     vertex -1.116500e+01 -2.442110e+01  4.538913e+00
     vertex -1.116500e+01 -2.450333e+01  4.521981e+00
   endloop
 endfacet
 facet normal  0.000000e+00 -2.498052e-01  9.682961e-01
   outer loop
     vertex -2.665000e+00 -2.433982e+01  4.559884e+00
     vertex -1.116500e+01 -2.442110e+01  4.538913e+00
     vertex -2.665000e+00 -2.442110e+01  4.538913e+00
   endloop
 endfacet
 facet normal  0.000000e+00 -2.498052e-01  9.682961e-01
   outer loop
     vertex -2.665000e+00 -2.433982e+01  4.559884e+00
     vertex -1.116500e+01 -2.433982e+01  4.559884e+00
     vertex -1.116500e+01 -2.442110e+01  4.538913e+00
   endloop
 endfacet
 facet normal  0.000000e+00 -2.973020e-01  9.547835e-01
   outer loop
     vertex -2.665000e+00 -2.425966e+01  4.584842e+00
     vertex -1.116500e+01 -2.433982e+01  4.559884e+00
     vertex -2.665000e+00 -2.433982e+01  4.559884e+00
   endloop
 endfacet
 facet normal  0.000000e+00 -2.973020e-01  9.547835e-01
   outer loop
     vertex -2.665000e+00 -2.425966e+01  4.584842e+00
     vertex -1.116500e+01 -2.425966e+01  4.584842e+00
     vertex -1.116500e+01 -2.433982e+01  4.559884e+00
   endloop
 endfacet
 facet normal  0.000000e+00 -3.440738e-01  9.389426e-01
   outer loop
     vertex -2.665000e+00 -2.418084e+01  4.613726e+00
     vertex -1.116500e+01 -2.425966e+01  4.584842e+00
     vertex -2.665000e+00 -2.425966e+01  4.584842e+00
   endloop
 endfacet
 facet normal  0.000000e+00 -3.440738e-01  9.389426e-01
   outer loop
     vertex -2.665000e+00 -2.418084e+01  4.613726e+00
     vertex -1.116500e+01 -2.418084e+01  4.613726e+00
     vertex -1.116500e+01 -2.425966e+01  4.584842e+00
   endloop
 endfacet
 facet normal  0.000000e+00 -3.900065e-01  9.208121e-01
   outer loop
     vertex -2.665000e+00 -2.418084e+01  4.613726e+00
     vertex -1.116500e+01 -2.410354e+01  4.646467e+00
     vertex -1.116500e+01 -2.418084e+01  4.613726e+00
   endloop
 endfacet
 facet normal  0.000000e+00 -3.900065e-01  9.208121e-01
   outer loop
     vertex -2.665000e+00 -2.410354e+01  4.646467e+00
     vertex -1.116500e+01 -2.410354e+01  4.646467e+00
     vertex -2.665000e+00 -2.418084e+01  4.613726e+00
   endloop
 endfacet
 facet normal  0.000000e+00 -4.349883e-01  9.004361e-01
   outer loop
     vertex -2.665000e+00 -2.402795e+01  4.682984e+00
     vertex -1.116500e+01 -2.410354e+01  4.646467e+00
     vertex -2.665000e+00 -2.410354e+01  4.646467e+00
   endloop
 endfacet
 facet normal  0.000000e+00 -4.349883e-01  9.004361e-01
   outer loop
     vertex -2.665000e+00 -2.402795e+01  4.682984e+00
     vertex -1.116500e+01 -2.402795e+01  4.682984e+00
     vertex -1.116500e+01 -2.410354e+01  4.646467e+00
   endloop
 endfacet
 facet normal  0.000000e+00 -4.789093e-01  8.778644e-01
   outer loop
     vertex -2.665000e+00 -2.395425e+01  4.723187e+00
     vertex -1.116500e+01 -2.402795e+01  4.682984e+00
     vertex -2.665000e+00 -2.402795e+01  4.682984e+00
   endloop
 endfacet
 facet normal  0.000000e+00 -4.789093e-01  8.778644e-01
   outer loop
     vertex -2.665000e+00 -2.395425e+01  4.723187e+00
     vertex -1.116500e+01 -2.395425e+01  4.723187e+00
     vertex -1.116500e+01 -2.402795e+01  4.682984e+00
   endloop
 endfacet
 facet normal  0.000000e+00 -5.216624e-01  8.531520e-01
   outer loop
     vertex -2.665000e+00 -2.388263e+01  4.766980e+00
     vertex -1.116500e+01 -2.395425e+01  4.723187e+00
     vertex -2.665000e+00 -2.395425e+01  4.723187e+00
   endloop
 endfacet
 facet normal  0.000000e+00 -5.216624e-01  8.531520e-01
   outer loop
     vertex -2.665000e+00 -2.388263e+01  4.766980e+00
     vertex -1.116500e+01 -2.388263e+01  4.766980e+00
     vertex -1.116500e+01 -2.395425e+01  4.723187e+00
   endloop
 endfacet
 facet normal  0.000000e+00 -5.631435e-01  8.263591e-01
   outer loop
     vertex -2.665000e+00 -2.381326e+01  4.814255e+00
     vertex -1.116500e+01 -2.388263e+01  4.766980e+00
     vertex -2.665000e+00 -2.388263e+01  4.766980e+00
   endloop
 endfacet
 facet normal  0.000000e+00 -5.631435e-01  8.263591e-01
   outer loop
     vertex -2.665000e+00 -2.381326e+01  4.814255e+00
     vertex -1.116500e+01 -2.381326e+01  4.814255e+00
     vertex -1.116500e+01 -2.388263e+01  4.766980e+00
   endloop
 endfacet
 facet normal  0.000000e+00 -6.032513e-01  7.975511e-01
   outer loop
     vertex -2.665000e+00 -2.374631e+01  4.864897e+00
     vertex -1.116500e+01 -2.381326e+01  4.814255e+00
     vertex -2.665000e+00 -2.381326e+01  4.814255e+00
   endloop
 endfacet
 facet normal  0.000000e+00 -6.032513e-01  7.975511e-01
   outer loop
     vertex -2.665000e+00 -2.374631e+01  4.864897e+00
     vertex -1.116500e+01 -2.374631e+01  4.864897e+00
     vertex -1.116500e+01 -2.381326e+01  4.814255e+00
   endloop
 endfacet
 facet normal  0.000000e+00 -6.418881e-01  7.667983e-01
   outer loop
     vertex -2.665000e+00 -2.374631e+01  4.864897e+00
     vertex -1.116500e+01 -2.368194e+01  4.918783e+00
     vertex -1.116500e+01 -2.374631e+01  4.864897e+00
   endloop
 endfacet
 facet normal  0.000000e+00 -6.418881e-01  7.667983e-01
   outer loop
     vertex -2.665000e+00 -2.368194e+01  4.918783e+00
     vertex -1.116500e+01 -2.368194e+01  4.918783e+00
     vertex -2.665000e+00 -2.374631e+01  4.864897e+00
   endloop
 endfacet
 facet normal  0.000000e+00 -6.789596e-01  7.341756e-01
   outer loop
     vertex -2.665000e+00 -2.362030e+01  4.975781e+00
     vertex -1.116500e+01 -2.368194e+01  4.918783e+00
     vertex -2.665000e+00 -2.368194e+01  4.918783e+00
   endloop
 endfacet
 facet normal  0.000000e+00 -6.789596e-01  7.341756e-01
   outer loop
     vertex -2.665000e+00 -2.362030e+01  4.975781e+00
     vertex -1.116500e+01 -2.362030e+01  4.975781e+00
     vertex -1.116500e+01 -2.368194e+01  4.918783e+00
   endloop
 endfacet
 facet normal  0.000000e+00 -7.143754e-01  6.997626e-01
   outer loop
     vertex -2.665000e+00 -2.356156e+01  5.035752e+00
     vertex -1.116500e+01 -2.362030e+01  4.975781e+00
     vertex -2.665000e+00 -2.362030e+01  4.975781e+00
   endloop
 endfacet
 facet normal  0.000000e+00 -7.143754e-01  6.997626e-01
   outer loop
     vertex -2.665000e+00 -2.356156e+01  5.035752e+00
     vertex -1.116500e+01 -2.356156e+01  5.035752e+00
     vertex -1.116500e+01 -2.362030e+01  4.975781e+00
   endloop
 endfacet
 facet normal  0.000000e+00 -7.480492e-01  6.636432e-01
   outer loop
     vertex -2.665000e+00 -2.356156e+01  5.035752e+00
     vertex -1.116500e+01 -2.350585e+01  5.098549e+00
     vertex -1.116500e+01 -2.356156e+01  5.035752e+00
   endloop
 endfacet
 facet normal  0.000000e+00 -7.480492e-01  6.636432e-01
   outer loop
     vertex -2.665000e+00 -2.350585e+01  5.098549e+00
     vertex -1.116500e+01 -2.350585e+01  5.098549e+00
     vertex -2.665000e+00 -2.356156e+01  5.035752e+00
   endloop
 endfacet
 facet normal  0.000000e+00 -7.798989e-01  6.259055e-01
   outer loop
     vertex -2.665000e+00 -2.345330e+01  5.164021e+00
     vertex -1.116500e+01 -2.345330e+01  5.164021e+00
     vertex -1.116500e+01 -2.350585e+01  5.098549e+00
   endloop
 endfacet
 facet normal  0.000000e+00 -7.798989e-01  6.259055e-01
   outer loop
     vertex -2.665000e+00 -2.345330e+01  5.164021e+00
     vertex -1.116500e+01 -2.350585e+01  5.098549e+00
     vertex -2.665000e+00 -2.350585e+01  5.098549e+00
   endloop
 endfacet
 facet normal  0.000000e+00 -8.098468e-01  5.866415e-01
   outer loop
     vertex -2.665000e+00 -2.340406e+01  5.232006e+00
     vertex -1.116500e+01 -2.340406e+01  5.232006e+00
     vertex -1.116500e+01 -2.345330e+01  5.164021e+00
   endloop
 endfacet
 facet normal  0.000000e+00 -8.098468e-01  5.866415e-01
   outer loop
     vertex -2.665000e+00 -2.340406e+01  5.232006e+00
     vertex -1.116500e+01 -2.345330e+01  5.164021e+00
     vertex -2.665000e+00 -2.345330e+01  5.164021e+00
   endloop
 endfacet
 facet normal  0.000000e+00 -8.378198e-01  5.459469e-01
   outer loop
     vertex -2.665000e+00 -2.335822e+01  5.302340e+00
     vertex -1.116500e+01 -2.335822e+01  5.302340e+00
     vertex -1.116500e+01 -2.340406e+01  5.232006e+00
   endloop
 endfacet
 facet normal  0.000000e+00 -8.378198e-01  5.459469e-01
   outer loop
     vertex -2.665000e+00 -2.335822e+01  5.302340e+00
     vertex -1.116500e+01 -2.340406e+01  5.232006e+00
     vertex -2.665000e+00 -2.340406e+01  5.232006e+00
   endloop
 endfacet
 facet normal  0.000000e+00 -8.637497e-01  5.039211e-01
   outer loop
     vertex -2.665000e+00 -2.331592e+01  5.374851e+00
     vertex -1.116500e+01 -2.335822e+01  5.302340e+00
     vertex -2.665000e+00 -2.335822e+01  5.302340e+00
   endloop
 endfacet
 facet normal  0.000000e+00 -8.637497e-01  5.039211e-01
   outer loop
     vertex -2.665000e+00 -2.331592e+01  5.374851e+00
     vertex -1.116500e+01 -2.331592e+01  5.374851e+00
     vertex -1.116500e+01 -2.335822e+01  5.302340e+00
   endloop
 endfacet
 facet normal  0.000000e+00 -8.875734e-01  4.606664e-01
   outer loop
     vertex -2.665000e+00 -2.327725e+01  5.449361e+00
     vertex -1.116500e+01 -2.331592e+01  5.374851e+00
     vertex -2.665000e+00 -2.331592e+01  5.374851e+00
   endloop
 endfacet
 facet normal  0.000000e+00 -8.875734e-01  4.606664e-01
   outer loop
     vertex -2.665000e+00 -2.327725e+01  5.449361e+00
     vertex -1.116500e+01 -2.327725e+01  5.449361e+00
     vertex -1.116500e+01 -2.331592e+01  5.374851e+00
   endloop
 endfacet
 facet normal  0.000000e+00 -9.092327e-01  4.162883e-01
   outer loop
     vertex -2.665000e+00 -2.324230e+01  5.525690e+00
     vertex -1.116500e+01 -2.327725e+01  5.449361e+00
     vertex -2.665000e+00 -2.327725e+01  5.449361e+00
   endloop
 endfacet
 facet normal  0.000000e+00 -9.092327e-01  4.162883e-01
   outer loop
     vertex -2.665000e+00 -2.324230e+01  5.525690e+00
     vertex -1.116500e+01 -2.324230e+01  5.525690e+00
     vertex -1.116500e+01 -2.327725e+01  5.449361e+00
   endloop
 endfacet
 facet normal  0.000000e+00 -9.286748e-01  3.708951e-01
   outer loop
     vertex -2.665000e+00 -2.321117e+01  5.603651e+00
     vertex -1.116500e+01 -2.324230e+01  5.525690e+00
     vertex -2.665000e+00 -2.324230e+01  5.525690e+00
   endloop
 endfacet
 facet normal  0.000000e+00 -9.286748e-01  3.708951e-01
   outer loop
     vertex -2.665000e+00 -2.321117e+01  5.603651e+00
     vertex -1.116500e+01 -2.321117e+01  5.603651e+00
     vertex -1.116500e+01 -2.324230e+01  5.525690e+00
   endloop
 endfacet
 facet normal  0.000000e+00 -9.458522e-01  3.245975e-01
   outer loop
     vertex -2.665000e+00 -2.318392e+01  5.683054e+00
     vertex -1.116500e+01 -2.321117e+01  5.603651e+00
     vertex -2.665000e+00 -2.321117e+01  5.603651e+00
   endloop
 endfacet
 facet normal  0.000000e+00 -9.458522e-01  3.245975e-01
   outer loop
     vertex -2.665000e+00 -2.318392e+01  5.683054e+00
     vertex -1.116500e+01 -2.318392e+01  5.683054e+00
     vertex -1.116500e+01 -2.321117e+01  5.603651e+00
   endloop
 endfacet
 facet normal  0.000000e+00 -9.607232e-01  2.775083e-01
   outer loop
     vertex -2.665000e+00 -2.316062e+01  5.763705e+00
     vertex -1.116500e+01 -2.318392e+01  5.683054e+00
     vertex -2.665000e+00 -2.318392e+01  5.683054e+00
   endloop
 endfacet
 facet normal  0.000000e+00 -9.607232e-01  2.775083e-01
   outer loop
     vertex -2.665000e+00 -2.316062e+01  5.763705e+00
     vertex -1.116500e+01 -2.316062e+01  5.763705e+00
     vertex -1.116500e+01 -2.318392e+01  5.683054e+00
   endloop
 endfacet
 facet normal  0.000000e+00 -9.732515e-01  2.297424e-01
   outer loop
     vertex -2.665000e+00 -2.314133e+01  5.845408e+00
     vertex -1.116500e+01 -2.316062e+01  5.763705e+00
     vertex -2.665000e+00 -2.316062e+01  5.763705e+00
   endloop
 endfacet
 facet normal  0.000000e+00 -9.732515e-01  2.297424e-01
   outer loop
     vertex -2.665000e+00 -2.314133e+01  5.845408e+00
     vertex -1.116500e+01 -2.314133e+01  5.845408e+00
     vertex -1.116500e+01 -2.316062e+01  5.763705e+00
   endloop
 endfacet
 facet normal  0.000000e+00 -9.834064e-01  1.814163e-01
   outer loop
     vertex -2.665000e+00 -2.312610e+01  5.927964e+00
     vertex -1.116500e+01 -2.314133e+01  5.845408e+00
     vertex -2.665000e+00 -2.314133e+01  5.845408e+00
   endloop
 endfacet
 facet normal  0.000000e+00 -9.834064e-01  1.814163e-01
   outer loop
     vertex -2.665000e+00 -2.312610e+01  5.927964e+00
     vertex -1.116500e+01 -2.312610e+01  5.927964e+00
     vertex -1.116500e+01 -2.314133e+01  5.845408e+00
   endloop
 endfacet
 facet normal  0.000000e+00 -9.911632e-01  1.326478e-01
   outer loop
     vertex -2.665000e+00 -2.311497e+01  6.011171e+00
     vertex -1.116500e+01 -2.312610e+01  5.927964e+00
     vertex -2.665000e+00 -2.312610e+01  5.927964e+00
   endloop
 endfacet
 facet normal  0.000000e+00 -9.911632e-01  1.326478e-01
   outer loop
     vertex -2.665000e+00 -2.311497e+01  6.011171e+00
     vertex -1.116500e+01 -2.311497e+01  6.011171e+00
     vertex -1.116500e+01 -2.312610e+01  5.927964e+00
   endloop
 endfacet
 facet normal  0.000000e+00 -9.965031e-01  8.355582e-02
   outer loop
     vertex -2.665000e+00 -2.310795e+01  6.094826e+00
     vertex -1.116500e+01 -2.311497e+01  6.011171e+00
     vertex -2.665000e+00 -2.311497e+01  6.011171e+00
   endloop
 endfacet
 facet normal  0.000000e+00 -9.965031e-01  8.355582e-02
   outer loop
     vertex -2.665000e+00 -2.310795e+01  6.094826e+00
     vertex -1.116500e+01 -2.310795e+01  6.094826e+00
     vertex -1.116500e+01 -2.311497e+01  6.011171e+00
   endloop
 endfacet
 facet normal  0.000000e+00 -9.994130e-01  3.426009e-02
   outer loop
     vertex -2.665000e+00 -2.310508e+01  6.178725e+00
     vertex -1.116500e+01 -2.310795e+01  6.094826e+00
     vertex -2.665000e+00 -2.310795e+01  6.094826e+00
   endloop
 endfacet
 facet normal  0.000000e+00 -9.994130e-01  3.426009e-02
   outer loop
     vertex -2.665000e+00 -2.310508e+01  6.178725e+00
     vertex -1.116500e+01 -2.310508e+01  6.178725e+00
     vertex -1.116500e+01 -2.310795e+01  6.094826e+00
   endloop
 endfacet
 facet normal -0.000000e+00 -9.998857e-01 -1.511918e-02
   outer loop
     vertex -2.665000e+00 -2.310635e+01  6.262664e+00
     vertex -1.116500e+01 -2.310635e+01  6.262664e+00
     vertex -1.116500e+01 -2.310508e+01  6.178725e+00
   endloop
 endfacet
 facet normal -0.000000e+00 -9.979202e-01 -6.446159e-02
   outer loop
     vertex -2.665000e+00 -2.310635e+01  6.262664e+00
     vertex -1.116500e+01 -2.311176e+01  6.346438e+00
     vertex -1.116500e+01 -2.310635e+01  6.262664e+00
   endloop
 endfacet
 facet normal  0.000000e+00 -9.998857e-01 -1.511918e-02
   outer loop
     vertex -2.665000e+00 -2.310635e+01  6.262664e+00
     vertex -1.116500e+01 -2.310508e+01  6.178725e+00
     vertex -2.665000e+00 -2.310508e+01  6.178725e+00
   endloop
 endfacet
 facet normal -0.000000e+00 -9.979202e-01 -6.446159e-02
   outer loop
     vertex -2.665000e+00 -2.311176e+01  6.346438e+00
     vertex -1.116500e+01 -2.311176e+01  6.346438e+00
     vertex -2.665000e+00 -2.310635e+01  6.262664e+00
   endloop
 endfacet
 facet normal -0.000000e+00 -9.935212e-01 -1.136468e-01
   outer loop
     vertex -2.665000e+00 -2.312130e+01  6.429843e+00
     vertex -1.116500e+01 -2.312130e+01  6.429843e+00
     vertex -1.116500e+01 -2.311176e+01  6.346438e+00
   endloop
 endfacet
 facet normal  0.000000e+00 -9.935212e-01 -1.136468e-01
   outer loop
     vertex -2.665000e+00 -2.312130e+01  6.429843e+00
     vertex -1.116500e+01 -2.311176e+01  6.346438e+00
     vertex -2.665000e+00 -2.311176e+01  6.346438e+00
   endloop
 endfacet
 facet normal -0.000000e+00 -9.866995e-01 -1.625549e-01
   outer loop
     vertex -2.665000e+00 -2.313495e+01  6.512675e+00
     vertex -1.116500e+01 -2.313495e+01  6.512675e+00
     vertex -1.116500e+01 -2.312130e+01  6.429843e+00
   endloop
 endfacet
 facet normal  0.000000e+00 -9.866995e-01 -1.625549e-01
   outer loop
     vertex -2.665000e+00 -2.313495e+01  6.512675e+00
     vertex -1.116500e+01 -2.312130e+01  6.429843e+00
     vertex -2.665000e+00 -2.312130e+01  6.429843e+00
   endloop
 endfacet
 facet normal -0.000000e+00 -9.774717e-01 -2.110666e-01
   outer loop
     vertex -2.665000e+00 -2.315266e+01  6.594732e+00
     vertex -1.116500e+01 -2.315266e+01  6.594732e+00
     vertex -1.116500e+01 -2.313495e+01  6.512675e+00
   endloop
 endfacet
 facet normal  0.000000e+00 -9.774717e-01 -2.110666e-01
   outer loop
     vertex -2.665000e+00 -2.315266e+01  6.594732e+00
     vertex -1.116500e+01 -2.313495e+01  6.512675e+00
     vertex -2.665000e+00 -2.313495e+01  6.512675e+00
   endloop
 endfacet
 facet normal -0.000000e+00 -9.658603e-01 -2.590636e-01
   outer loop
     vertex -2.665000e+00 -2.317441e+01  6.675815e+00
     vertex -1.116500e+01 -2.317441e+01  6.675815e+00
     vertex -1.116500e+01 -2.315266e+01  6.594732e+00
   endloop
 endfacet
 facet normal  0.000000e+00 -9.658603e-01 -2.590636e-01
   outer loop
     vertex -2.665000e+00 -2.317441e+01  6.675815e+00
     vertex -1.116500e+01 -2.315266e+01  6.594732e+00
     vertex -2.665000e+00 -2.315266e+01  6.594732e+00
   endloop
 endfacet
 facet normal -0.000000e+00 -9.518936e-01 -3.064288e-01
   outer loop
     vertex -2.665000e+00 -2.320014e+01  6.755725e+00
     vertex -1.116500e+01 -2.320014e+01  6.755725e+00
     vertex -1.116500e+01 -2.317441e+01  6.675815e+00
   endloop
 endfacet
 facet normal  0.000000e+00 -9.518936e-01 -3.064288e-01
   outer loop
     vertex -2.665000e+00 -2.320014e+01  6.755725e+00
     vertex -1.116500e+01 -2.317441e+01  6.675815e+00
     vertex -2.665000e+00 -2.317441e+01  6.675815e+00
   endloop
 endfacet
 facet normal -0.000000e+00 -9.356056e-01 -3.530468e-01
   outer loop
     vertex -2.665000e+00 -2.322977e+01  6.834268e+00
     vertex -1.116500e+01 -2.322977e+01  6.834268e+00
     vertex -1.116500e+01 -2.320014e+01  6.755725e+00
   endloop
 endfacet
 facet normal  0.000000e+00 -9.356056e-01 -3.530468e-01
   outer loop
     vertex -2.665000e+00 -2.322977e+01  6.834268e+00
     vertex -1.116500e+01 -2.320014e+01  6.755725e+00
     vertex -2.665000e+00 -2.320014e+01  6.755725e+00
   endloop
 endfacet
 facet normal -0.000000e+00 -9.170362e-01 -3.988040e-01
   outer loop
     vertex -2.665000e+00 -2.326325e+01  6.911252e+00
     vertex -1.116500e+01 -2.326325e+01  6.911252e+00
     vertex -1.116500e+01 -2.322977e+01  6.834268e+00
   endloop
 endfacet
 facet normal -0.000000e+00 -8.962305e-01 -4.435886e-01
   outer loop
     vertex -2.665000e+00 -2.326325e+01  6.911252e+00
     vertex -1.116500e+01 -2.330049e+01  6.986489e+00
     vertex -1.116500e+01 -2.326325e+01  6.911252e+00
   endloop
 endfacet
 facet normal  0.000000e+00 -9.170362e-01 -3.988040e-01
   outer loop
     vertex -2.665000e+00 -2.326325e+01  6.911252e+00
     vertex -1.116500e+01 -2.322977e+01  6.834268e+00
     vertex -2.665000e+00 -2.322977e+01  6.834268e+00
   endloop
 endfacet
 facet normal -0.000000e+00 -8.962305e-01 -4.435886e-01
   outer loop
     vertex -2.665000e+00 -2.330049e+01  6.986489e+00
     vertex -1.116500e+01 -2.330049e+01  6.986489e+00
     vertex -2.665000e+00 -2.326325e+01  6.911252e+00
   endloop
 endfacet
 facet normal -0.000000e+00 -8.732394e-01 -4.872915e-01
   outer loop
     vertex -2.665000e+00 -2.334140e+01  7.059797e+00
     vertex -1.116500e+01 -2.334140e+01  7.059797e+00
     vertex -1.116500e+01 -2.330049e+01  6.986489e+00
   endloop
 endfacet
 facet normal  0.000000e+00 -8.732394e-01 -4.872915e-01
   outer loop
     vertex -2.665000e+00 -2.334140e+01  7.059797e+00
     vertex -1.116500e+01 -2.330049e+01  6.986489e+00
     vertex -2.665000e+00 -2.330049e+01  6.986489e+00
   endloop
 endfacet
 facet normal -0.000000e+00 -8.481188e-01 -5.298061e-01
   outer loop
     vertex -2.665000e+00 -2.338588e+01  7.130995e+00
     vertex -1.116500e+01 -2.338588e+01  7.130995e+00
     vertex -1.116500e+01 -2.334140e+01  7.059797e+00
   endloop
 endfacet
 facet normal  0.000000e+00 -8.481188e-01 -5.298061e-01
   outer loop
     vertex -2.665000e+00 -2.338588e+01  7.130995e+00
     vertex -1.116500e+01 -2.334140e+01  7.059797e+00
     vertex -2.665000e+00 -2.334140e+01  7.059797e+00
   endloop
 endfacet
 facet normal -0.000000e+00 -8.209301e-01 -5.710287e-01
   outer loop
     vertex -2.665000e+00 -2.343381e+01  7.199911e+00
     vertex -1.116500e+01 -2.343381e+01  7.199911e+00
     vertex -1.116500e+01 -2.338588e+01  7.130995e+00
   endloop
 endfacet
 facet normal  0.000000e+00 -8.209301e-01 -5.710287e-01
   outer loop
     vertex -2.665000e+00 -2.343381e+01  7.199911e+00
     vertex -1.116500e+01 -2.338588e+01  7.130995e+00
     vertex -2.665000e+00 -2.338588e+01  7.130995e+00
   endloop
 endfacet
 facet normal -0.000000e+00 -7.917395e-01 -6.108589e-01
   outer loop
     vertex -2.665000e+00 -2.348509e+01  7.266376e+00
     vertex -1.116500e+01 -2.348509e+01  7.266376e+00
     vertex -1.116500e+01 -2.343381e+01  7.199911e+00
   endloop
 endfacet
 facet normal  0.000000e+00 -7.917395e-01 -6.108589e-01
   outer loop
     vertex -2.665000e+00 -2.348509e+01  7.266376e+00
     vertex -1.116500e+01 -2.343381e+01  7.199911e+00
     vertex -2.665000e+00 -2.343381e+01  7.199911e+00
   endloop
 endfacet
 facet normal  0.000000e+00 -7.606182e-01 -6.491995e-01
   outer loop
     vertex -2.665000e+00 -2.353959e+01  7.330229e+00
     vertex -1.116500e+01 -2.348509e+01  7.266376e+00
     vertex -2.665000e+00 -2.348509e+01  7.266376e+00
   endloop
 endfacet
 facet normal -0.000000e+00 -7.606182e-01 -6.491995e-01
   outer loop
     vertex -2.665000e+00 -2.353959e+01  7.330229e+00
     vertex -1.116500e+01 -2.353959e+01  7.330229e+00
     vertex -1.116500e+01 -2.348509e+01  7.266376e+00
   endloop
 endfacet
 facet normal  0.000000e+00 -7.276421e-01 -6.859570e-01
   outer loop
     vertex -2.665000e+00 -2.359718e+01  7.391314e+00
     vertex -1.116500e+01 -2.353959e+01  7.330229e+00
     vertex -2.665000e+00 -2.353959e+01  7.330229e+00
   endloop
 endfacet
 facet normal -0.000000e+00 -7.276421e-01 -6.859570e-01
   outer loop
     vertex -2.665000e+00 -2.359718e+01  7.391314e+00
     vertex -1.116500e+01 -2.359718e+01  7.391314e+00
     vertex -1.116500e+01 -2.353959e+01  7.330229e+00
   endloop
 endfacet
 facet normal  0.000000e+00 -6.928916e-01 -7.210418e-01
   outer loop
     vertex -2.665000e+00 -2.365771e+01  7.449481e+00
     vertex -1.116500e+01 -2.359718e+01  7.391314e+00
     vertex -2.665000e+00 -2.359718e+01  7.391314e+00
   endloop
 endfacet
 facet normal -0.000000e+00 -6.928916e-01 -7.210418e-01
   outer loop
     vertex -2.665000e+00 -2.365771e+01  7.449481e+00
     vertex -1.116500e+01 -2.365771e+01  7.449481e+00
     vertex -1.116500e+01 -2.359718e+01  7.391314e+00
   endloop
 endfacet
 facet normal  0.000000e+00 -6.564515e-01 -7.543683e-01
   outer loop
     vertex -2.665000e+00 -2.372104e+01  7.504589e+00
     vertex -1.116500e+01 -2.365771e+01  7.449481e+00
     vertex -2.665000e+00 -2.365771e+01  7.449481e+00
   endloop
 endfacet
 facet normal -0.000000e+00 -6.564515e-01 -7.543683e-01
   outer loop
     vertex -2.665000e+00 -2.372104e+01  7.504589e+00
     vertex -1.116500e+01 -2.372104e+01  7.504589e+00
     vertex -1.116500e+01 -2.365771e+01  7.449481e+00
   endloop
 endfacet
 facet normal -0.000000e+00 -6.184106e-01 -7.858552e-01
   outer loop
     vertex -2.665000e+00 -2.378701e+01  7.556504e+00
     vertex -1.116500e+01 -2.378701e+01  7.556504e+00
     vertex -1.116500e+01 -2.372104e+01  7.504589e+00
   endloop
 endfacet
 facet normal  0.000000e+00 -6.184106e-01 -7.858552e-01
   outer loop
     vertex -2.665000e+00 -2.378701e+01  7.556504e+00
     vertex -1.116500e+01 -2.372104e+01  7.504589e+00
     vertex -2.665000e+00 -2.372104e+01  7.504589e+00
   endloop
 endfacet
 facet normal -0.000000e+00 -5.788616e-01 -8.154258e-01
   outer loop
     vertex -2.665000e+00 -2.385546e+01  7.605099e+00
     vertex -1.116500e+01 -2.385546e+01  7.605099e+00
     vertex -1.116500e+01 -2.378701e+01  7.556504e+00
   endloop
 endfacet
 facet normal  0.000000e+00 -5.788616e-01 -8.154258e-01
   outer loop
     vertex -2.665000e+00 -2.385546e+01  7.605099e+00
     vertex -1.116500e+01 -2.378701e+01  7.556504e+00
     vertex -2.665000e+00 -2.378701e+01  7.556504e+00
   endloop
 endfacet
 facet normal -0.000000e+00 -5.379012e-01 -8.430079e-01
   outer loop
     vertex -2.665000e+00 -2.392623e+01  7.650255e+00
     vertex -1.116500e+01 -2.392623e+01  7.650255e+00
     vertex -1.116500e+01 -2.385546e+01  7.605099e+00
   endloop
 endfacet
 facet normal  0.000000e+00 -5.379012e-01 -8.430079e-01
   outer loop
     vertex -2.665000e+00 -2.392623e+01  7.650255e+00
     vertex -1.116500e+01 -2.385546e+01  7.605099e+00
     vertex -2.665000e+00 -2.385546e+01  7.605099e+00
   endloop
 endfacet
 facet normal -0.000000e+00 -4.956290e-01 -8.685344e-01
   outer loop
     vertex -2.665000e+00 -2.399914e+01  7.691862e+00
     vertex -1.116500e+01 -2.399914e+01  7.691862e+00
     vertex -1.116500e+01 -2.392623e+01  7.650255e+00
   endloop
 endfacet
 facet normal  0.000000e+00 -4.956290e-01 -8.685344e-01
   outer loop
     vertex -2.665000e+00 -2.399914e+01  7.691862e+00
     vertex -1.116500e+01 -2.392623e+01  7.650255e+00
     vertex -2.665000e+00 -2.392623e+01  7.650255e+00
   endloop
 endfacet
 facet normal -0.000000e+00 -4.521482e-01 -8.919428e-01
   outer loop
     vertex -2.665000e+00 -2.407402e+01  7.729819e+00
     vertex -1.116500e+01 -2.407402e+01  7.729819e+00
     vertex -1.116500e+01 -2.399914e+01  7.691862e+00
   endloop
 endfacet
 facet normal  0.000000e+00 -4.521482e-01 -8.919428e-01
   outer loop
     vertex -2.665000e+00 -2.407402e+01  7.729819e+00
     vertex -1.116500e+01 -2.399914e+01  7.691862e+00
     vertex -2.665000e+00 -2.399914e+01  7.691862e+00
   endloop
 endfacet
 facet normal -0.000000e+00 -4.075648e-01 -9.131763e-01
   outer loop
     vertex -2.665000e+00 -2.415068e+01  7.764034e+00
     vertex -1.116500e+01 -2.415068e+01  7.764034e+00
     vertex -1.116500e+01 -2.407402e+01  7.729819e+00
   endloop
 endfacet
 facet normal  0.000000e+00 -4.075648e-01 -9.131763e-01
   outer loop
     vertex -2.665000e+00 -2.415068e+01  7.764034e+00
     vertex -1.116500e+01 -2.407402e+01  7.729819e+00
     vertex -2.665000e+00 -2.407402e+01  7.729819e+00
   endloop
 endfacet
 facet normal -0.000000e+00 -3.619876e-01 -9.321829e-01
   outer loop
     vertex -2.665000e+00 -2.422894e+01  7.794422e+00
     vertex -1.116500e+01 -2.422894e+01  7.794422e+00
     vertex -1.116500e+01 -2.415068e+01  7.764034e+00
   endloop
 endfacet
 facet normal  0.000000e+00 -3.619876e-01 -9.321829e-01
   outer loop
     vertex -2.665000e+00 -2.422894e+01  7.794422e+00
     vertex -1.116500e+01 -2.415068e+01  7.764034e+00
     vertex -2.665000e+00 -2.415068e+01  7.764034e+00
   endloop
 endfacet
 facet normal -0.000000e+00 -3.155276e-01 -9.489164e-01
   outer loop
     vertex -2.665000e+00 -2.430860e+01  7.820910e+00
     vertex -1.116500e+01 -2.430860e+01  7.820910e+00
     vertex -1.116500e+01 -2.422894e+01  7.794422e+00
   endloop
 endfacet
 facet normal  0.000000e+00 -3.155276e-01 -9.489164e-01
   outer loop
     vertex -2.665000e+00 -2.430860e+01  7.820910e+00
     vertex -1.116500e+01 -2.422894e+01  7.794422e+00
     vertex -2.665000e+00 -2.422894e+01  7.794422e+00
   endloop
 endfacet
 facet normal -0.000000e+00 -2.682982e-01 -9.633359e-01
   outer loop
     vertex -2.665000e+00 -2.438947e+01  7.843433e+00
     vertex -1.116500e+01 -2.438947e+01  7.843433e+00
     vertex -1.116500e+01 -2.430860e+01  7.820910e+00
   endloop
 endfacet
 facet normal  0.000000e+00 -2.682982e-01 -9.633359e-01
   outer loop
     vertex -2.665000e+00 -2.438947e+01  7.843433e+00
     vertex -1.116500e+01 -2.430860e+01  7.820910e+00
     vertex -2.665000e+00 -2.430860e+01  7.820910e+00
   endloop
 endfacet
 facet normal -0.000000e+00 -2.204146e-01 -9.754063e-01
   outer loop
     vertex -2.665000e+00 -2.447135e+01  7.861937e+00
     vertex -1.116500e+01 -2.447135e+01  7.861937e+00
     vertex -1.116500e+01 -2.438947e+01  7.843433e+00
   endloop
 endfacet
 facet normal  0.000000e+00 -2.204146e-01 -9.754063e-01
   outer loop
     vertex -2.665000e+00 -2.447135e+01  7.861937e+00
     vertex -1.116500e+01 -2.438947e+01  7.843433e+00
     vertex -2.665000e+00 -2.438947e+01  7.843433e+00
   endloop
 endfacet
 facet normal -0.000000e+00 -1.719935e-01 -9.850981e-01
   outer loop
     vertex -2.665000e+00 -2.455405e+01  7.876376e+00
     vertex -1.116500e+01 -2.455405e+01  7.876376e+00
     vertex -1.116500e+01 -2.447135e+01  7.861937e+00
   endloop
 endfacet
 facet normal  0.000000e+00 -1.719935e-01 -9.850981e-01
   outer loop
     vertex -2.665000e+00 -2.455405e+01  7.876376e+00
     vertex -1.116500e+01 -2.447135e+01  7.861937e+00
     vertex -2.665000e+00 -2.447135e+01  7.861937e+00
   endloop
 endfacet
 facet normal -0.000000e+00 -1.231529e-01 -9.923877e-01
   outer loop
     vertex -2.665000e+00 -2.463736e+01  7.886714e+00
     vertex -1.116500e+01 -2.463736e+01  7.886714e+00
     vertex -1.116500e+01 -2.455405e+01  7.876376e+00
   endloop
 endfacet
 facet normal -0.000000e+00 -7.401210e-02 -9.972573e-01
   outer loop
     vertex -2.665000e+00 -2.463736e+01  7.886714e+00
     vertex -1.116500e+01 -2.472108e+01  7.892927e+00
     vertex -1.116500e+01 -2.463736e+01  7.886714e+00
   endloop
 endfacet
 facet normal  0.000000e+00 -1.231529e-01 -9.923877e-01
   outer loop
     vertex -2.665000e+00 -2.463736e+01  7.886714e+00
     vertex -1.116500e+01 -2.455405e+01  7.876376e+00
     vertex -2.665000e+00 -2.455405e+01  7.876376e+00
   endloop
 endfacet
 facet normal -0.000000e+00 -7.401210e-02 -9.972573e-01
   outer loop
     vertex -2.665000e+00 -2.472108e+01  7.892927e+00
     vertex -1.116500e+01 -2.472108e+01  7.892927e+00
     vertex -2.665000e+00 -2.463736e+01  7.886714e+00
   endloop
 endfacet
 facet normal -0.000000e+00 -2.469077e-02 -9.996951e-01
   outer loop
     vertex -2.665000e+00 -2.480500e+01  7.895000e+00
     vertex -1.116500e+01 -2.480500e+01  7.895000e+00
     vertex -1.116500e+01 -2.472108e+01  7.892927e+00
   endloop
 endfacet
 facet normal  0.000000e+00 -2.469077e-02 -9.996951e-01
   outer loop
     vertex -2.665000e+00 -2.480500e+01  7.895000e+00
     vertex -1.116500e+01 -2.472108e+01  7.892927e+00
     vertex -2.665000e+00 -2.472108e+01  7.892927e+00
   endloop
 endfacet
 facet normal  1.000000e+00  0.000000e+00  0.000000e+00
   outer loop
     vertex -2.665000e+00 -2.500500e+01  9.190000e+00
     vertex -2.665000e+00 -2.500500e+01  9.183315e+00
     vertex -2.665000e+00 -2.493839e+01  9.187028e+00
   endloop
 endfacet
 facet normal  1.000000e+00  0.000000e+00  0.000000e+00
   outer loop
     vertex -2.665000e+00 -2.480500e+01  9.190000e+00
     vertex -2.665000e+00 -2.500500e+01  9.190000e+00
     vertex -2.665000e+00 -2.487171e+01  9.189257e+00
   endloop
 endfacet
 facet normal  1.000000e+00  0.000000e+00  0.000000e+00
   outer loop
     vertex -2.665000e+00 -2.487171e+01  9.189257e+00
     vertex -2.665000e+00 -2.500500e+01  9.190000e+00
     vertex -2.665000e+00 -2.493839e+01  9.187028e+00
   endloop
 endfacet
 facet normal  1.000000e+00  0.000000e+00  0.000000e+00
   outer loop
     vertex -2.665000e+00 -2.500500e+01  3.206685e+00
     vertex -2.665000e+00 -2.500500e+01  3.200000e+00
     vertex -2.665000e+00 -2.493839e+01  3.202972e+00
   endloop
 endfacet
 facet normal  1.000000e+00  0.000000e+00  0.000000e+00
   outer loop
     vertex -2.665000e+00 -2.500500e+01  3.200000e+00
     vertex -2.665000e+00 -2.480500e+01  3.200000e+00
     vertex -2.665000e+00 -2.487171e+01  3.200743e+00
   endloop
 endfacet
 facet normal  1.000000e+00  0.000000e+00  0.000000e+00
   outer loop
     vertex -2.665000e+00 -2.500500e+01  3.200000e+00
     vertex -2.665000e+00 -2.487171e+01  3.200743e+00
     vertex -2.665000e+00 -2.493839e+01  3.202972e+00
   endloop
 endfacet
 facet normal  0.000000e+00  0.000000e+00  1.000000e+00
   outer loop
     vertex -2.665000e+00 -2.480500e+01  9.190000e+00
     vertex -1.116500e+01 -2.480500e+01  9.190000e+00
     vertex -1.116500e+01 -2.500500e+01  9.190000e+00
   endloop
 endfacet
 facet normal  0.000000e+00  0.000000e+00  1.000000e+00
   outer loop
     vertex -2.665000e+00 -2.480500e+01  9.190000e+00
     vertex -1.116500e+01 -2.500500e+01  9.190000e+00
     vertex -2.665000e+00 -2.500500e+01  9.190000e+00
   endloop
 endfacet
 facet normal -1.000000e+00  0.000000e+00  0.000000e+00
   outer loop
     vertex -1.116500e+01 -2.500500e+01  4.506806e+00
     vertex -1.116500e+01 -2.515205e+01  3.220176e+00
     vertex -1.116500e+01 -2.529826e+01  3.240898e+00
   endloop
 endfacet
 facet normal -1.000000e+00  0.000000e+00 -0.000000e+00
   outer loop
     vertex -1.116500e+01 -2.500500e+01  4.506806e+00
     vertex -1.116500e+01 -2.500500e+01  3.206685e+00
     vertex -1.116500e+01 -2.515205e+01  3.220176e+00
   endloop
 endfacet
 facet normal -1.000000e+00  0.000000e+00 -0.000000e+00
   outer loop
     vertex -1.116500e+01 -2.508787e+01  4.518699e+00
     vertex -1.116500e+01 -2.500500e+01  4.506806e+00
     vertex -1.116500e+01 -2.529826e+01  3.240898e+00
   endloop
 endfacet
 facet normal -1.000000e+00  0.000000e+00  0.000000e+00
   outer loop
     vertex -1.116500e+01 -2.508787e+01  4.518699e+00
     vertex -1.116500e+01 -2.529826e+01  3.240898e+00
     vertex -1.116500e+01 -2.544327e+01  3.268802e+00
   endloop
 endfacet
 facet normal -1.000000e+00  0.000000e+00 -0.000000e+00
   outer loop
     vertex -1.116500e+01 -2.517005e+01  4.534657e+00
     vertex -1.116500e+01 -2.508787e+01  4.518699e+00
     vertex -1.116500e+01 -2.544327e+01  3.268802e+00
   endloop
 endfacet
 facet normal -1.000000e+00  0.000000e+00  0.000000e+00
   outer loop
     vertex -1.116500e+01 -2.517005e+01  4.534657e+00
     vertex -1.116500e+01 -2.544327e+01  3.268802e+00
     vertex -1.116500e+01 -2.558673e+01  3.303819e+00
   endloop
 endfacet
 facet normal -1.000000e+00  0.000000e+00 -0.000000e+00
   outer loop
     vertex -1.116500e+01 -2.525135e+01  4.554642e+00
     vertex -1.116500e+01 -2.517005e+01  4.534657e+00
     vertex -1.116500e+01 -2.558673e+01  3.303819e+00
   endloop
 endfacet
 facet normal -1.000000e+00  0.000000e+00  0.000000e+00
   outer loop
     vertex -1.116500e+01 -2.525135e+01  4.554642e+00
     vertex -1.116500e+01 -2.558673e+01  3.303819e+00
     vertex -1.116500e+01 -2.572829e+01  3.345865e+00
   endloop
 endfacet
 facet normal -1.000000e+00  0.000000e+00 -0.000000e+00
   outer loop
     vertex -1.116500e+01 -2.533156e+01  4.578604e+00
     vertex -1.116500e+01 -2.525135e+01  4.554642e+00
     vertex -1.116500e+01 -2.572829e+01  3.345865e+00
   endloop
 endfacet
 facet normal -1.000000e+00  0.000000e+00  0.000000e+00
   outer loop
     vertex -1.116500e+01 -2.533156e+01  4.578604e+00
     vertex -1.116500e+01 -2.572829e+01  3.345865e+00
     vertex -1.116500e+01 -2.586760e+01  3.394838e+00
   endloop
 endfacet
 facet normal -1.000000e+00  0.000000e+00 -0.000000e+00
   outer loop
     vertex -1.116500e+01 -2.541050e+01  4.606487e+00
     vertex -1.116500e+01 -2.533156e+01  4.578604e+00
     vertex -1.116500e+01 -2.586760e+01  3.394838e+00
   endloop
 endfacet
 facet normal -1.000000e+00  0.000000e+00  0.000000e+00
   outer loop
     vertex -1.116500e+01 -2.541050e+01  4.606487e+00
     vertex -1.116500e+01 -2.586760e+01  3.394838e+00
     vertex -1.116500e+01 -2.600433e+01  3.450617e+00
   endloop
 endfacet
 facet normal -1.000000e+00  0.000000e+00  0.000000e+00
   outer loop
     vertex -1.116500e+01 -2.548796e+01  4.638221e+00
     vertex -1.116500e+01 -2.600433e+01  3.450617e+00
     vertex -1.116500e+01 -2.613814e+01  3.513069e+00
   endloop
 endfacet
 facet normal -1.000000e+00  0.000000e+00 -0.000000e+00
   outer loop
     vertex -1.116500e+01 -2.548796e+01  4.638221e+00
     vertex -1.116500e+01 -2.541050e+01  4.606487e+00
     vertex -1.116500e+01 -2.600433e+01  3.450617e+00
   endloop
 endfacet
 facet normal -1.000000e+00  0.000000e+00  0.000000e+00
   outer loop
     vertex -1.116500e+01 -2.556378e+01  4.673732e+00
     vertex -1.116500e+01 -2.613814e+01  3.513069e+00
     vertex -1.116500e+01 -2.626872e+01  3.582040e+00
   endloop
 endfacet
 facet normal -1.000000e+00  0.000000e+00 -0.000000e+00
   outer loop
     vertex -1.116500e+01 -2.556378e+01  4.673732e+00
     vertex -1.116500e+01 -2.548796e+01  4.638221e+00
     vertex -1.116500e+01 -2.613814e+01  3.513069e+00
   endloop
 endfacet
 facet normal -1.000000e+00  0.000000e+00  0.000000e+00
   outer loop
     vertex -1.116500e+01 -2.563775e+01  4.712931e+00
     vertex -1.116500e+01 -2.626872e+01  3.582040e+00
     vertex -1.116500e+01 -2.639573e+01  3.657363e+00
   endloop
 endfacet
 facet normal -1.000000e+00  0.000000e+00 -0.000000e+00
   outer loop
     vertex -1.116500e+01 -2.563775e+01  4.712931e+00
     vertex -1.116500e+01 -2.556378e+01  4.673732e+00
     vertex -1.116500e+01 -2.626872e+01  3.582040e+00
   endloop
 endfacet
 facet normal -1.000000e+00  0.000000e+00  0.000000e+00
   outer loop
     vertex -1.116500e+01 -2.570970e+01  4.755724e+00
     vertex -1.116500e+01 -2.639573e+01  3.657363e+00
     vertex -1.116500e+01 -2.651888e+01  3.738855e+00
   endloop
 endfacet
 facet normal -1.000000e+00  0.000000e+00 -0.000000e+00
   outer loop
     vertex -1.116500e+01 -2.570970e+01  4.755724e+00
     vertex -1.116500e+01 -2.563775e+01  4.712931e+00
     vertex -1.116500e+01 -2.639573e+01  3.657363e+00
   endloop
 endfacet
 facet normal -1.000000e+00  0.000000e+00  0.000000e+00
   outer loop
     vertex -1.116500e+01 -2.577946e+01  4.802008e+00
     vertex -1.116500e+01 -2.651888e+01  3.738855e+00
     vertex -1.116500e+01 -2.663786e+01  3.826319e+00
   endloop
 endfacet
 facet normal -1.000000e+00  0.000000e+00 -0.000000e+00
   outer loop
     vertex -1.116500e+01 -2.577946e+01  4.802008e+00
     vertex -1.116500e+01 -2.570970e+01  4.755724e+00
     vertex -1.116500e+01 -2.651888e+01  3.738855e+00
   endloop
 endfacet
 facet normal -1.000000e+00  0.000000e+00  0.000000e+00
   outer loop
     vertex -1.116500e+01 -2.584686e+01  4.851670e+00
     vertex -1.116500e+01 -2.663786e+01  3.826319e+00
     vertex -1.116500e+01 -2.675239e+01  3.919540e+00
   endloop
 endfacet
 facet normal -1.000000e+00  0.000000e+00 -0.000000e+00
   outer loop
     vertex -1.116500e+01 -2.584686e+01  4.851670e+00
     vertex -1.116500e+01 -2.577946e+01  4.802008e+00
     vertex -1.116500e+01 -2.663786e+01  3.826319e+00
   endloop
 endfacet
 facet normal -1.000000e+00  0.000000e+00 -0.000000e+00
   outer loop
     vertex -1.116500e+01 -2.591173e+01  4.904589e+00
     vertex -1.116500e+01 -2.584686e+01  4.851670e+00
     vertex -1.116500e+01 -2.675239e+01  3.919540e+00
   endloop
 endfacet
 facet normal -1.000000e+00  0.000000e+00  0.000000e+00
   outer loop
     vertex -1.116500e+01 -2.686218e+01  4.018294e+00
     vertex -1.116500e+01 -2.591173e+01  4.904589e+00
     vertex -1.116500e+01 -2.675239e+01  3.919540e+00
   endloop
 endfacet
 facet normal -1.000000e+00  0.000000e+00 -0.000000e+00
   outer loop
     vertex -1.116500e+01 -2.597391e+01  4.960638e+00
     vertex -1.116500e+01 -2.591173e+01  4.904589e+00
     vertex -1.116500e+01 -2.686218e+01  4.018294e+00
   endloop
 endfacet
 facet normal -1.000000e+00  0.000000e+00  0.000000e+00
   outer loop
     vertex -1.116500e+01 -2.696697e+01  4.122339e+00
     vertex -1.116500e+01 -2.603326e+01  5.019681e+00
     vertex -1.116500e+01 -2.597391e+01  4.960638e+00
   endloop
 endfacet
 facet normal -1.000000e+00  0.000000e+00  0.000000e+00
   outer loop
     vertex -1.116500e+01 -2.696697e+01  4.122339e+00
     vertex -1.116500e+01 -2.597391e+01  4.960638e+00
     vertex -1.116500e+01 -2.686218e+01  4.018294e+00
   endloop
 endfacet
 facet normal -1.000000e+00  0.000000e+00  0.000000e+00
   outer loop
     vertex -1.116500e+01 -2.706650e+01  4.231422e+00
     vertex -1.116500e+01 -2.608963e+01  5.081573e+00
     vertex -1.116500e+01 -2.603326e+01  5.019681e+00
   endloop
 endfacet
 facet normal -1.000000e+00  0.000000e+00  0.000000e+00
   outer loop
     vertex -1.116500e+01 -2.706650e+01  4.231422e+00
     vertex -1.116500e+01 -2.603326e+01  5.019681e+00
     vertex -1.116500e+01 -2.696697e+01  4.122339e+00
   endloop
 endfacet
 facet normal -1.000000e+00  0.000000e+00  0.000000e+00
   outer loop
     vertex -1.116500e+01 -2.716054e+01  4.345280e+00
     vertex -1.116500e+01 -2.614289e+01  5.146166e+00
     vertex -1.116500e+01 -2.608963e+01  5.081573e+00
   endloop
 endfacet
 facet normal -1.000000e+00  0.000000e+00  0.000000e+00
   outer loop
     vertex -1.116500e+01 -2.716054e+01  4.345280e+00
     vertex -1.116500e+01 -2.608963e+01  5.081573e+00
     vertex -1.116500e+01 -2.706650e+01  4.231422e+00
   endloop
 endfacet
 facet normal -1.000000e+00  0.000000e+00  0.000000e+00
   outer loop
     vertex -1.116500e+01 -2.724885e+01  4.463634e+00
     vertex -1.116500e+01 -2.619290e+01  5.213302e+00
     vertex -1.116500e+01 -2.614289e+01  5.146166e+00
   endloop
 endfacet
 facet normal -1.000000e+00  0.000000e+00  0.000000e+00
   outer loop
     vertex -1.116500e+01 -2.724885e+01  4.463634e+00
     vertex -1.116500e+01 -2.614289e+01  5.146166e+00
     vertex -1.116500e+01 -2.716054e+01  4.345280e+00
   endloop
 endfacet
 facet normal -1.000000e+00  0.000000e+00  0.000000e+00
   outer loop
     vertex -1.116500e+01 -2.733122e+01  4.586197e+00
     vertex -1.116500e+01 -2.623955e+01  5.282819e+00
     vertex -1.116500e+01 -2.619290e+01  5.213302e+00
   endloop
 endfacet
 facet normal -1.000000e+00  0.000000e+00  0.000000e+00
   outer loop
     vertex -1.116500e+01 -2.733122e+01  4.586197e+00
     vertex -1.116500e+01 -2.619290e+01  5.213302e+00
     vertex -1.116500e+01 -2.724885e+01  4.463634e+00
   endloop
 endfacet
 facet normal -1.000000e+00  0.000000e+00  0.000000e+00
   outer loop
     vertex -1.116500e+01 -2.740745e+01  4.712671e+00
     vertex -1.116500e+01 -2.623955e+01  5.282819e+00
     vertex -1.116500e+01 -2.733122e+01  4.586197e+00
   endloop
 endfacet
 facet normal -1.000000e+00  0.000000e+00  0.000000e+00
   outer loop
     vertex -1.116500e+01 -2.740745e+01  4.712671e+00
     vertex -1.116500e+01 -2.628271e+01  5.354548e+00
     vertex -1.116500e+01 -2.623955e+01  5.282819e+00
   endloop
 endfacet
 facet normal -1.000000e+00  0.000000e+00  0.000000e+00
   outer loop
     vertex -1.116500e+01 -2.747735e+01  4.842748e+00
     vertex -1.116500e+01 -2.632230e+01  5.428315e+00
     vertex -1.116500e+01 -2.628271e+01  5.354548e+00
   endloop
 endfacet
 facet normal -1.000000e+00  0.000000e+00  0.000000e+00
   outer loop
     vertex -1.116500e+01 -2.747735e+01  4.842748e+00
     vertex -1.116500e+01 -2.628271e+01  5.354548e+00
     vertex -1.116500e+01 -2.740745e+01  4.712671e+00
   endloop
 endfacet
 facet normal -1.000000e+00  0.000000e+00  0.000000e+00
   outer loop
     vertex -1.116500e+01 -2.754075e+01  4.976113e+00
     vertex -1.116500e+01 -2.635820e+01  5.503942e+00
     vertex -1.116500e+01 -2.632230e+01  5.428315e+00
   endloop
 endfacet
 facet normal -1.000000e+00  0.000000e+00  0.000000e+00
   outer loop
     vertex -1.116500e+01 -2.754075e+01  4.976113e+00
     vertex -1.116500e+01 -2.632230e+01  5.428315e+00
     vertex -1.116500e+01 -2.747735e+01  4.842748e+00
   endloop
 endfacet
 facet normal -1.000000e+00  0.000000e+00  0.000000e+00
   outer loop
     vertex -1.116500e+01 -2.759751e+01  5.112441e+00
     vertex -1.116500e+01 -2.635820e+01  5.503942e+00
     vertex -1.116500e+01 -2.754075e+01  4.976113e+00
   endloop
 endfacet
 facet normal -1.000000e+00  0.000000e+00  0.000000e+00
   outer loop
     vertex -1.116500e+01 -2.759751e+01  5.112441e+00
     vertex -1.116500e+01 -2.639034e+01  5.581244e+00
     vertex -1.116500e+01 -2.635820e+01  5.503942e+00
   endloop
 endfacet
 facet normal -1.000000e+00  0.000000e+00  0.000000e+00
   outer loop
     vertex -1.116500e+01 -2.764747e+01  5.251401e+00
     vertex -1.116500e+01 -2.639034e+01  5.581244e+00
     vertex -1.116500e+01 -2.759751e+01  5.112441e+00
   endloop
 endfacet
 facet normal -1.000000e+00  0.000000e+00  0.000000e+00
   outer loop
     vertex -1.116500e+01 -2.764747e+01  5.251401e+00
     vertex -1.116500e+01 -2.641863e+01  5.660035e+00
     vertex -1.116500e+01 -2.639034e+01  5.581244e+00
   endloop
 endfacet
 facet normal -1.000000e+00  0.000000e+00  0.000000e+00
   outer loop
     vertex -1.116500e+01 -2.769053e+01  5.392655e+00
     vertex -1.116500e+01 -2.641863e+01  5.660035e+00
     vertex -1.116500e+01 -2.764747e+01  5.251401e+00
   endloop
 endfacet
 facet normal -1.000000e+00  0.000000e+00  0.000000e+00
   outer loop
     vertex -1.116500e+01 -2.769053e+01  5.392655e+00
     vertex -1.116500e+01 -2.644301e+01  5.740123e+00
     vertex -1.116500e+01 -2.641863e+01  5.660035e+00
   endloop
 endfacet
 facet normal -1.000000e+00  0.000000e+00  0.000000e+00
   outer loop
     vertex -1.116500e+01 -2.772657e+01  5.535859e+00
     vertex -1.116500e+01 -2.644301e+01  5.740123e+00
     vertex -1.116500e+01 -2.769053e+01  5.392655e+00
   endloop
 endfacet
 facet normal -1.000000e+00  0.000000e+00  0.000000e+00
   outer loop
     vertex -1.116500e+01 -2.772657e+01  5.535859e+00
     vertex -1.116500e+01 -2.646342e+01  5.821314e+00
     vertex -1.116500e+01 -2.644301e+01  5.740123e+00
   endloop
 endfacet
 facet normal -1.000000e+00  0.000000e+00  0.000000e+00
   outer loop
     vertex -1.116500e+01 -2.775551e+01  5.680665e+00
     vertex -1.116500e+01 -2.646342e+01  5.821314e+00
     vertex -1.116500e+01 -2.772657e+01  5.535859e+00
   endloop
 endfacet
 facet normal -1.000000e+00  0.000000e+00  0.000000e+00
   outer loop
     vertex -1.116500e+01 -2.775551e+01  5.680665e+00
     vertex -1.116500e+01 -2.647981e+01  5.903411e+00
     vertex -1.116500e+01 -2.646342e+01  5.821314e+00
   endloop
 endfacet
 facet normal -1.000000e+00  0.000000e+00  0.000000e+00
   outer loop
     vertex -1.116500e+01 -2.777727e+01  5.826722e+00
     vertex -1.116500e+01 -2.649213e+01  5.986216e+00
     vertex -1.116500e+01 -2.647981e+01  5.903411e+00
   endloop
 endfacet
 facet normal -1.000000e+00  0.000000e+00  0.000000e+00
   outer loop
     vertex -1.116500e+01 -2.777727e+01  5.826722e+00
     vertex -1.116500e+01 -2.647981e+01  5.903411e+00
     vertex -1.116500e+01 -2.775551e+01  5.680665e+00
   endloop
 endfacet
 facet normal -1.000000e+00  0.000000e+00  0.000000e+00
   outer loop
     vertex -1.116500e+01 -2.779181e+01  5.973675e+00
     vertex -1.116500e+01 -2.649213e+01  5.986216e+00
     vertex -1.116500e+01 -2.777727e+01  5.826722e+00
   endloop
 endfacet
 facet normal -1.000000e+00  0.000000e+00  0.000000e+00
   outer loop
     vertex -1.116500e+01 -2.779181e+01  5.973675e+00
     vertex -1.116500e+01 -2.650036e+01  6.069527e+00
     vertex -1.116500e+01 -2.649213e+01  5.986216e+00
   endloop
 endfacet
 facet normal -1.000000e+00  0.000000e+00  0.000000e+00
   outer loop
     vertex -1.116500e+01 -2.779909e+01  6.121165e+00
     vertex -1.116500e+01 -2.650036e+01  6.069527e+00
     vertex -1.116500e+01 -2.779181e+01  5.973675e+00
   endloop
 endfacet
 facet normal -1.000000e+00  0.000000e+00  0.000000e+00
   outer loop
     vertex -1.116500e+01 -2.779909e+01  6.121165e+00
     vertex -1.116500e+01 -2.650448e+01  6.153142e+00
     vertex -1.116500e+01 -2.650036e+01  6.069527e+00
   endloop
 endfacet
 facet normal -1.000000e+00  0.000000e+00  0.000000e+00
   outer loop
     vertex -1.116500e+01 -2.779909e+01  6.268835e+00
     vertex -1.116500e+01 -2.650448e+01  6.153142e+00
     vertex -1.116500e+01 -2.779909e+01  6.121165e+00
   endloop
 endfacet
 facet normal -1.000000e+00  0.000000e+00  0.000000e+00
   outer loop
     vertex -1.116500e+01 -2.779909e+01  6.268835e+00
     vertex -1.116500e+01 -2.650036e+01  6.320473e+00
     vertex -1.116500e+01 -2.650448e+01  6.236858e+00
   endloop
 endfacet
 facet normal -1.000000e+00  0.000000e+00  0.000000e+00
   outer loop
     vertex -1.116500e+01 -2.779909e+01  6.268835e+00
     vertex -1.116500e+01 -2.650448e+01  6.236858e+00
     vertex -1.116500e+01 -2.650448e+01  6.153142e+00
   endloop
 endfacet
 facet normal -1.000000e+00  0.000000e+00 -0.000000e+00
   outer loop
     vertex -1.116500e+01 -2.779181e+01  6.416325e+00
     vertex -1.116500e+01 -2.650036e+01  6.320473e+00
     vertex -1.116500e+01 -2.779909e+01  6.268835e+00
   endloop
 endfacet
 facet normal -1.000000e+00  0.000000e+00  0.000000e+00
   outer loop
     vertex -1.116500e+01 -2.779181e+01  6.416325e+00
     vertex -1.116500e+01 -2.649213e+01  6.403784e+00
     vertex -1.116500e+01 -2.650036e+01  6.320473e+00
   endloop
 endfacet
 facet normal -1.000000e+00  0.000000e+00  0.000000e+00
   outer loop
     vertex -1.116500e+01 -2.515205e+01  9.169824e+00
     vertex -1.116500e+01 -2.500500e+01  9.183315e+00
     vertex -1.116500e+01 -2.500500e+01  7.883194e+00
   endloop
 endfacet
 facet normal -1.000000e+00  0.000000e+00 -0.000000e+00
   outer loop
     vertex -1.116500e+01 -2.777727e+01  6.563278e+00
     vertex -1.116500e+01 -2.649213e+01  6.403784e+00
     vertex -1.116500e+01 -2.779181e+01  6.416325e+00
   endloop
 endfacet
 facet normal -1.000000e+00  0.000000e+00  0.000000e+00
   outer loop
     vertex -1.116500e+01 -2.777727e+01  6.563278e+00
     vertex -1.116500e+01 -2.647981e+01  6.486589e+00
     vertex -1.116500e+01 -2.649213e+01  6.403784e+00
   endloop
 endfacet
 facet normal -1.000000e+00  0.000000e+00  0.000000e+00
   outer loop
     vertex -1.116500e+01 -2.529826e+01  9.149102e+00
     vertex -1.116500e+01 -2.515205e+01  9.169824e+00
     vertex -1.116500e+01 -2.500500e+01  7.883194e+00
   endloop
 endfacet
 facet normal -1.000000e+00  0.000000e+00  0.000000e+00
   outer loop
     vertex -1.116500e+01 -2.529826e+01  9.149102e+00
     vertex -1.116500e+01 -2.500500e+01  7.883194e+00
     vertex -1.116500e+01 -2.508787e+01  7.871301e+00
   endloop
 endfacet
 facet normal -1.000000e+00  0.000000e+00 -0.000000e+00
   outer loop
     vertex -1.116500e+01 -2.775551e+01  6.709335e+00
     vertex -1.116500e+01 -2.647981e+01  6.486589e+00
     vertex -1.116500e+01 -2.777727e+01  6.563278e+00
   endloop
 endfacet
 facet normal -1.000000e+00  0.000000e+00  0.000000e+00
   outer loop
     vertex -1.116500e+01 -2.775551e+01  6.709335e+00
     vertex -1.116500e+01 -2.646342e+01  6.568686e+00
     vertex -1.116500e+01 -2.647981e+01  6.486589e+00
   endloop
 endfacet
 facet normal -1.000000e+00  0.000000e+00  0.000000e+00
   outer loop
     vertex -1.116500e+01 -2.544327e+01  9.121198e+00
     vertex -1.116500e+01 -2.508787e+01  7.871301e+00
     vertex -1.116500e+01 -2.517005e+01  7.855343e+00
   endloop
 endfacet
 facet normal -1.000000e+00  0.000000e+00  0.000000e+00
   outer loop
     vertex -1.116500e+01 -2.544327e+01  9.121198e+00
     vertex -1.116500e+01 -2.529826e+01  9.149102e+00
     vertex -1.116500e+01 -2.508787e+01  7.871301e+00
   endloop
 endfacet
 facet normal -1.000000e+00  0.000000e+00 -0.000000e+00
   outer loop
     vertex -1.116500e+01 -2.772657e+01  6.854141e+00
     vertex -1.116500e+01 -2.646342e+01  6.568686e+00
     vertex -1.116500e+01 -2.775551e+01  6.709335e+00
   endloop
 endfacet
 facet normal -1.000000e+00  0.000000e+00  0.000000e+00
   outer loop
     vertex -1.116500e+01 -2.772657e+01  6.854141e+00
     vertex -1.116500e+01 -2.644301e+01  6.649877e+00
     vertex -1.116500e+01 -2.646342e+01  6.568686e+00
   endloop
 endfacet
 facet normal -1.000000e+00  0.000000e+00  0.000000e+00
   outer loop
     vertex -1.116500e+01 -2.558673e+01  9.086181e+00
     vertex -1.116500e+01 -2.544327e+01  9.121198e+00
     vertex -1.116500e+01 -2.517005e+01  7.855343e+00
   endloop
 endfacet
 facet normal -1.000000e+00  0.000000e+00  0.000000e+00
   outer loop
     vertex -1.116500e+01 -2.558673e+01  9.086181e+00
     vertex -1.116500e+01 -2.517005e+01  7.855343e+00
     vertex -1.116500e+01 -2.525135e+01  7.835358e+00
   endloop
 endfacet
 facet normal -1.000000e+00  0.000000e+00 -0.000000e+00
   outer loop
     vertex -1.116500e+01 -2.769053e+01  6.997345e+00
     vertex -1.116500e+01 -2.644301e+01  6.649877e+00
     vertex -1.116500e+01 -2.772657e+01  6.854141e+00
   endloop
 endfacet
 facet normal -1.000000e+00  0.000000e+00  0.000000e+00
   outer loop
     vertex -1.116500e+01 -2.769053e+01  6.997345e+00
     vertex -1.116500e+01 -2.641863e+01  6.729965e+00
     vertex -1.116500e+01 -2.644301e+01  6.649877e+00
   endloop
 endfacet
 facet normal -1.000000e+00  0.000000e+00  0.000000e+00
   outer loop
     vertex -1.116500e+01 -2.572829e+01  9.044135e+00
     vertex -1.116500e+01 -2.558673e+01  9.086181e+00
     vertex -1.116500e+01 -2.525135e+01  7.835358e+00
   endloop
 endfacet
 facet normal -1.000000e+00  0.000000e+00  0.000000e+00
   outer loop
     vertex -1.116500e+01 -2.572829e+01  9.044135e+00
     vertex -1.116500e+01 -2.525135e+01  7.835358e+00
     vertex -1.116500e+01 -2.533156e+01  7.811396e+00
   endloop
 endfacet
 facet normal -1.000000e+00  0.000000e+00 -0.000000e+00
   outer loop
     vertex -1.116500e+01 -2.764747e+01  7.138599e+00
     vertex -1.116500e+01 -2.641863e+01  6.729965e+00
     vertex -1.116500e+01 -2.769053e+01  6.997345e+00
   endloop
 endfacet
 facet normal -1.000000e+00  0.000000e+00  0.000000e+00
   outer loop
     vertex -1.116500e+01 -2.764747e+01  7.138599e+00
     vertex -1.116500e+01 -2.639034e+01  6.808756e+00
     vertex -1.116500e+01 -2.641863e+01  6.729965e+00
   endloop
 endfacet
 facet normal -1.000000e+00  0.000000e+00  0.000000e+00
   outer loop
     vertex -1.116500e+01 -2.586760e+01  8.995162e+00
     vertex -1.116500e+01 -2.572829e+01  9.044135e+00
     vertex -1.116500e+01 -2.533156e+01  7.811396e+00
   endloop
 endfacet
 facet normal -1.000000e+00  0.000000e+00  0.000000e+00
   outer loop
     vertex -1.116500e+01 -2.586760e+01  8.995162e+00
     vertex -1.116500e+01 -2.533156e+01  7.811396e+00
     vertex -1.116500e+01 -2.541050e+01  7.783513e+00
   endloop
 endfacet
 facet normal -1.000000e+00  0.000000e+00 -0.000000e+00
   outer loop
     vertex -1.116500e+01 -2.759751e+01  7.277559e+00
     vertex -1.116500e+01 -2.639034e+01  6.808756e+00
     vertex -1.116500e+01 -2.764747e+01  7.138599e+00
   endloop
 endfacet
 facet normal -1.000000e+00  0.000000e+00  0.000000e+00
   outer loop
     vertex -1.116500e+01 -2.759751e+01  7.277559e+00
     vertex -1.116500e+01 -2.635820e+01  6.886058e+00
     vertex -1.116500e+01 -2.639034e+01  6.808756e+00
   endloop
 endfacet
 facet normal -1.000000e+00  0.000000e+00  0.000000e+00
   outer loop
     vertex -1.116500e+01 -2.600433e+01  8.939383e+00
     vertex -1.116500e+01 -2.541050e+01  7.783513e+00
     vertex -1.116500e+01 -2.548796e+01  7.751779e+00
   endloop
 endfacet
 facet normal -1.000000e+00  0.000000e+00  0.000000e+00
   outer loop
     vertex -1.116500e+01 -2.600433e+01  8.939383e+00
     vertex -1.116500e+01 -2.586760e+01  8.995162e+00
     vertex -1.116500e+01 -2.541050e+01  7.783513e+00
   endloop
 endfacet
 facet normal -1.000000e+00  0.000000e+00 -0.000000e+00
   outer loop
     vertex -1.116500e+01 -2.754075e+01  7.413887e+00
     vertex -1.116500e+01 -2.635820e+01  6.886058e+00
     vertex -1.116500e+01 -2.759751e+01  7.277559e+00
   endloop
 endfacet
 facet normal -1.000000e+00  0.000000e+00  0.000000e+00
   outer loop
     vertex -1.116500e+01 -2.754075e+01  7.413887e+00
     vertex -1.116500e+01 -2.632230e+01  6.961685e+00
     vertex -1.116500e+01 -2.635820e+01  6.886058e+00
   endloop
 endfacet
 facet normal -1.000000e+00  0.000000e+00  0.000000e+00
   outer loop
     vertex -1.116500e+01 -2.613814e+01  8.876931e+00
     vertex -1.116500e+01 -2.600433e+01  8.939383e+00
     vertex -1.116500e+01 -2.548796e+01  7.751779e+00
   endloop
 endfacet
 facet normal -1.000000e+00  0.000000e+00  0.000000e+00
   outer loop
     vertex -1.116500e+01 -2.613814e+01  8.876931e+00
     vertex -1.116500e+01 -2.548796e+01  7.751779e+00
     vertex -1.116500e+01 -2.556378e+01  7.716268e+00
   endloop
 endfacet
 facet normal -1.000000e+00  0.000000e+00 -0.000000e+00
   outer loop
     vertex -1.116500e+01 -2.747735e+01  7.547252e+00
     vertex -1.116500e+01 -2.632230e+01  6.961685e+00
     vertex -1.116500e+01 -2.754075e+01  7.413887e+00
   endloop
 endfacet
 facet normal -1.000000e+00  0.000000e+00  0.000000e+00
   outer loop
     vertex -1.116500e+01 -2.747735e+01  7.547252e+00
     vertex -1.116500e+01 -2.628271e+01  7.035452e+00
     vertex -1.116500e+01 -2.632230e+01  6.961685e+00
   endloop
 endfacet
 facet normal -1.000000e+00  0.000000e+00  0.000000e+00
   outer loop
     vertex -1.116500e+01 -2.626872e+01  8.807960e+00
     vertex -1.116500e+01 -2.613814e+01  8.876931e+00
     vertex -1.116500e+01 -2.556378e+01  7.716268e+00
   endloop
 endfacet
 facet normal -1.000000e+00  0.000000e+00  0.000000e+00
   outer loop
     vertex -1.116500e+01 -2.626872e+01  8.807960e+00
     vertex -1.116500e+01 -2.556378e+01  7.716268e+00
     vertex -1.116500e+01 -2.563775e+01  7.677069e+00
   endloop
 endfacet
 facet normal -1.000000e+00  0.000000e+00 -0.000000e+00
   outer loop
     vertex -1.116500e+01 -2.740745e+01  7.677329e+00
     vertex -1.116500e+01 -2.628271e+01  7.035452e+00
     vertex -1.116500e+01 -2.747735e+01  7.547252e+00
   endloop
 endfacet
 facet normal -1.000000e+00  0.000000e+00  0.000000e+00
   outer loop
     vertex -1.116500e+01 -2.740745e+01  7.677329e+00
     vertex -1.116500e+01 -2.623955e+01  7.107181e+00
     vertex -1.116500e+01 -2.628271e+01  7.035452e+00
   endloop
 endfacet
 facet normal -1.000000e+00  0.000000e+00  0.000000e+00
   outer loop
     vertex -1.116500e+01 -2.639573e+01  8.732637e+00
     vertex -1.116500e+01 -2.626872e+01  8.807960e+00
     vertex -1.116500e+01 -2.563775e+01  7.677069e+00
   endloop
 endfacet
 facet normal -1.000000e+00  0.000000e+00  0.000000e+00
   outer loop
     vertex -1.116500e+01 -2.639573e+01  8.732637e+00
     vertex -1.116500e+01 -2.563775e+01  7.677069e+00
     vertex -1.116500e+01 -2.570970e+01  7.634276e+00
   endloop
 endfacet
 facet normal -1.000000e+00  0.000000e+00 -0.000000e+00
   outer loop
     vertex -1.116500e+01 -2.733122e+01  7.803803e+00
     vertex -1.116500e+01 -2.623955e+01  7.107181e+00
     vertex -1.116500e+01 -2.740745e+01  7.677329e+00
   endloop
 endfacet
 facet normal -1.000000e+00  0.000000e+00  0.000000e+00
   outer loop
     vertex -1.116500e+01 -2.733122e+01  7.803803e+00
     vertex -1.116500e+01 -2.619290e+01  7.176698e+00
     vertex -1.116500e+01 -2.623955e+01  7.107181e+00
   endloop
 endfacet
 facet normal -1.000000e+00  0.000000e+00  0.000000e+00
   outer loop
     vertex -1.116500e+01 -2.651888e+01  8.651145e+00
     vertex -1.116500e+01 -2.639573e+01  8.732637e+00
     vertex -1.116500e+01 -2.570970e+01  7.634276e+00
   endloop
 endfacet
 facet normal -1.000000e+00  0.000000e+00  0.000000e+00
   outer loop
     vertex -1.116500e+01 -2.651888e+01  8.651145e+00
     vertex -1.116500e+01 -2.570970e+01  7.634276e+00
     vertex -1.116500e+01 -2.577946e+01  7.587992e+00
   endloop
 endfacet
 facet normal -1.000000e+00  0.000000e+00 -0.000000e+00
   outer loop
     vertex -1.116500e+01 -2.724885e+01  7.926366e+00
     vertex -1.116500e+01 -2.619290e+01  7.176698e+00
     vertex -1.116500e+01 -2.733122e+01  7.803803e+00
   endloop
 endfacet
 facet normal -1.000000e+00  0.000000e+00  0.000000e+00
   outer loop
     vertex -1.116500e+01 -2.724885e+01  7.926366e+00
     vertex -1.116500e+01 -2.614289e+01  7.243834e+00
     vertex -1.116500e+01 -2.619290e+01  7.176698e+00
   endloop
 endfacet
 facet normal -1.000000e+00  0.000000e+00  0.000000e+00
   outer loop
     vertex -1.116500e+01 -2.663786e+01  8.563681e+00
     vertex -1.116500e+01 -2.651888e+01  8.651145e+00
     vertex -1.116500e+01 -2.577946e+01  7.587992e+00
   endloop
 endfacet
 facet normal -1.000000e+00  0.000000e+00  0.000000e+00
   outer loop
     vertex -1.116500e+01 -2.663786e+01  8.563681e+00
     vertex -1.116500e+01 -2.577946e+01  7.587992e+00
     vertex -1.116500e+01 -2.584686e+01  7.538330e+00
   endloop
 endfacet
 facet normal -1.000000e+00  0.000000e+00 -0.000000e+00
   outer loop
     vertex -1.116500e+01 -2.716054e+01  8.044720e+00
     vertex -1.116500e+01 -2.614289e+01  7.243834e+00
     vertex -1.116500e+01 -2.724885e+01  7.926366e+00
   endloop
 endfacet
 facet normal -1.000000e+00  0.000000e+00  0.000000e+00
   outer loop
     vertex -1.116500e+01 -2.716054e+01  8.044720e+00
     vertex -1.116500e+01 -2.608963e+01  7.308427e+00
     vertex -1.116500e+01 -2.614289e+01  7.243834e+00
   endloop
 endfacet
 facet normal -1.000000e+00  0.000000e+00  0.000000e+00
   outer loop
     vertex -1.116500e+01 -2.675239e+01  8.470460e+00
     vertex -1.116500e+01 -2.663786e+01  8.563681e+00
     vertex -1.116500e+01 -2.584686e+01  7.538330e+00
   endloop
 endfacet
 facet normal -1.000000e+00  0.000000e+00  0.000000e+00
   outer loop
     vertex -1.116500e+01 -2.675239e+01  8.470460e+00
     vertex -1.116500e+01 -2.584686e+01  7.538330e+00
     vertex -1.116500e+01 -2.591173e+01  7.485411e+00
   endloop
 endfacet
 facet normal -1.000000e+00  0.000000e+00 -0.000000e+00
   outer loop
     vertex -1.116500e+01 -2.706650e+01  8.158578e+00
     vertex -1.116500e+01 -2.608963e+01  7.308427e+00
     vertex -1.116500e+01 -2.716054e+01  8.044720e+00
   endloop
 endfacet
 facet normal -1.000000e+00  0.000000e+00  0.000000e+00
   outer loop
     vertex -1.116500e+01 -2.706650e+01  8.158578e+00
     vertex -1.116500e+01 -2.603326e+01  7.370319e+00
     vertex -1.116500e+01 -2.608963e+01  7.308427e+00
   endloop
 endfacet
 facet normal -1.000000e+00  0.000000e+00  0.000000e+00
   outer loop
     vertex -1.116500e+01 -2.686218e+01  8.371706e+00
     vertex -1.116500e+01 -2.675239e+01  8.470460e+00
     vertex -1.116500e+01 -2.591173e+01  7.485411e+00
   endloop
 endfacet
 facet normal -1.000000e+00  0.000000e+00  0.000000e+00
   outer loop
     vertex -1.116500e+01 -2.686218e+01  8.371706e+00
     vertex -1.116500e+01 -2.591173e+01  7.485411e+00
     vertex -1.116500e+01 -2.597391e+01  7.429362e+00
   endloop
 endfacet
 facet normal -1.000000e+00  0.000000e+00 -0.000000e+00
   outer loop
     vertex -1.116500e+01 -2.696697e+01  8.267661e+00
     vertex -1.116500e+01 -2.603326e+01  7.370319e+00
     vertex -1.116500e+01 -2.706650e+01  8.158578e+00
   endloop
 endfacet
 facet normal -1.000000e+00  0.000000e+00  0.000000e+00
   outer loop
     vertex -1.116500e+01 -2.696697e+01  8.267661e+00
     vertex -1.116500e+01 -2.686218e+01  8.371706e+00
     vertex -1.116500e+01 -2.597391e+01  7.429362e+00
   endloop
 endfacet
 facet normal -1.000000e+00  0.000000e+00  0.000000e+00
   outer loop
     vertex -1.116500e+01 -2.696697e+01  8.267661e+00
     vertex -1.116500e+01 -2.597391e+01  7.429362e+00
     vertex -1.116500e+01 -2.603326e+01  7.370319e+00
   endloop
 endfacet
 facet normal -1.000000e+00  0.000000e+00 -0.000000e+00
   outer loop
     vertex -1.116500e+01 -2.500500e+01  9.190000e+00
     vertex -1.116500e+01 -2.493839e+01  9.187028e+00
     vertex -1.116500e+01 -2.500500e+01  9.183315e+00
   endloop
 endfacet
 facet normal -1.000000e+00 -0.000000e+00  0.000000e+00
   outer loop
     vertex -1.116500e+01 -2.480500e+01  9.190000e+00
     vertex -1.116500e+01 -2.487171e+01  9.189257e+00
     vertex -1.116500e+01 -2.500500e+01  9.190000e+00
   endloop
 endfacet
 facet normal -1.000000e+00 -0.000000e+00  0.000000e+00
   outer loop
     vertex -1.116500e+01 -2.487171e+01  9.189257e+00
     vertex -1.116500e+01 -2.493839e+01  9.187028e+00
     vertex -1.116500e+01 -2.500500e+01  9.190000e+00
   endloop
 endfacet
 facet normal -1.000000e+00  0.000000e+00 -0.000000e+00
   outer loop
     vertex -1.116500e+01 -2.500500e+01  3.206685e+00
     vertex -1.116500e+01 -2.493839e+01  3.202972e+00
     vertex -1.116500e+01 -2.500500e+01  3.200000e+00
   endloop
 endfacet
 facet normal -1.000000e+00  0.000000e+00  0.000000e+00
   outer loop
     vertex -1.116500e+01 -2.500500e+01  3.200000e+00
     vertex -1.116500e+01 -2.487171e+01  3.200743e+00
     vertex -1.116500e+01 -2.480500e+01  3.200000e+00
   endloop
 endfacet
 facet normal -1.000000e+00  0.000000e+00  0.000000e+00
   outer loop
     vertex -1.116500e+01 -2.500500e+01  3.200000e+00
     vertex -1.116500e+01 -2.493839e+01  3.202972e+00
     vertex -1.116500e+01 -2.487171e+01  3.200743e+00
   endloop
 endfacet
 facet normal  0.000000e+00 -1.000000e+00  9.034227e-12
   outer loop
     vertex -2.665000e+00 -2.500500e+01  3.206685e+00
     vertex -1.116500e+01 -2.500500e+01  3.200000e+00
     vertex -2.665000e+00 -2.500500e+01  3.200000e+00
   endloop
 endfacet
 facet normal  0.000000e+00 -1.000000e+00  9.034227e-12
   outer loop
     vertex -2.665000e+00 -2.500500e+01  3.206685e+00
     vertex -1.116500e+01 -2.500500e+01  3.206685e+00
     vertex -1.116500e+01 -2.500500e+01  3.200000e+00
   endloop
 endfacet
 facet normal  0.000000e+00 -9.135537e-02  9.958184e-01
   outer loop
     vertex -2.665000e+00 -2.515205e+01  9.169824e+00
     vertex -2.665000e+00 -2.500500e+01  9.183315e+00
     vertex -1.116500e+01 -2.500500e+01  9.183315e+00
   endloop
 endfacet
 facet normal  0.000000e+00 -9.135537e-02  9.958184e-01
   outer loop
     vertex -2.665000e+00 -2.515205e+01  9.169824e+00
     vertex -1.116500e+01 -2.500500e+01  9.183315e+00
     vertex -1.116500e+01 -2.515205e+01  9.169824e+00
   endloop
 endfacet
 facet normal  0.000000e+00 -1.403287e-01  9.901050e-01
   outer loop
     vertex -2.665000e+00 -2.529826e+01  9.149102e+00
     vertex -2.665000e+00 -2.515205e+01  9.169824e+00
     vertex -1.116500e+01 -2.515205e+01  9.169824e+00
   endloop
 endfacet
 facet normal  0.000000e+00 -1.403287e-01  9.901050e-01
   outer loop
     vertex -2.665000e+00 -2.529826e+01  9.149102e+00
     vertex -1.116500e+01 -2.515205e+01  9.169824e+00
     vertex -1.116500e+01 -2.529826e+01  9.149102e+00
   endloop
 endfacet
 facet normal  0.000000e+00 -1.889608e-01  9.819846e-01
   outer loop
     vertex -2.665000e+00 -2.529826e+01  9.149102e+00
     vertex -1.116500e+01 -2.529826e+01  9.149102e+00
     vertex -1.116500e+01 -2.544327e+01  9.121198e+00
   endloop
 endfacet
 facet normal  0.000000e+00 -1.889608e-01  9.819846e-01
   outer loop
     vertex -2.665000e+00 -2.544327e+01  9.121198e+00
     vertex -2.665000e+00 -2.529826e+01  9.149102e+00
     vertex -1.116500e+01 -2.544327e+01  9.121198e+00
   endloop
 endfacet
 facet normal  0.000000e+00 -2.371336e-01  9.714770e-01
   outer loop
     vertex -2.665000e+00 -2.558673e+01  9.086181e+00
     vertex -2.665000e+00 -2.544327e+01  9.121198e+00
     vertex -1.116500e+01 -2.544327e+01  9.121198e+00
   endloop
 endfacet
 facet normal  0.000000e+00 -2.371336e-01  9.714770e-01
   outer loop
     vertex -2.665000e+00 -2.558673e+01  9.086181e+00
     vertex -1.116500e+01 -2.544327e+01  9.121198e+00
     vertex -1.116500e+01 -2.558673e+01  9.086181e+00
   endloop
 endfacet
 facet normal  0.000000e+00 -2.847299e-01  9.586078e-01
   outer loop
     vertex -2.665000e+00 -2.572829e+01  9.044135e+00
     vertex -2.665000e+00 -2.558673e+01  9.086181e+00
     vertex -1.116500e+01 -2.558673e+01  9.086181e+00
   endloop
 endfacet
 facet normal  0.000000e+00 -2.847299e-01  9.586078e-01
   outer loop
     vertex -2.665000e+00 -2.572829e+01  9.044135e+00
     vertex -1.116500e+01 -2.558673e+01  9.086181e+00
     vertex -1.116500e+01 -2.572829e+01  9.044135e+00
   endloop
 endfacet
 facet normal  0.000000e+00 -3.316341e-01  9.434081e-01
   outer loop
     vertex -2.665000e+00 -2.586760e+01  8.995162e+00
     vertex -2.665000e+00 -2.572829e+01  9.044135e+00
     vertex -1.116500e+01 -2.572829e+01  9.044135e+00
   endloop
 endfacet
 facet normal  0.000000e+00 -3.316341e-01  9.434081e-01
   outer loop
     vertex -2.665000e+00 -2.586760e+01  8.995162e+00
     vertex -1.116500e+01 -2.572829e+01  9.044135e+00
     vertex -1.116500e+01 -2.586760e+01  8.995162e+00
   endloop
 endfacet
 facet normal  0.000000e+00 -3.777320e-01  9.259150e-01
   outer loop
     vertex -2.665000e+00 -2.600433e+01  8.939383e+00
     vertex -2.665000e+00 -2.586760e+01  8.995162e+00
     vertex -1.116500e+01 -2.586760e+01  8.995162e+00
   endloop
 endfacet
 facet normal  0.000000e+00 -3.777320e-01  9.259150e-01
   outer loop
     vertex -2.665000e+00 -2.600433e+01  8.939383e+00
     vertex -1.116500e+01 -2.586760e+01  8.995162e+00
     vertex -1.116500e+01 -2.600433e+01  8.939383e+00
   endloop
 endfacet
 facet normal  0.000000e+00 -4.229116e-01  9.061709e-01
   outer loop
     vertex -2.665000e+00 -2.613814e+01  8.876931e+00
     vertex -2.665000e+00 -2.600433e+01  8.939383e+00
     vertex -1.116500e+01 -2.600433e+01  8.939383e+00
   endloop
 endfacet
 facet normal  0.000000e+00 -4.229116e-01  9.061709e-01
   outer loop
     vertex -2.665000e+00 -2.613814e+01  8.876931e+00
     vertex -1.116500e+01 -2.600433e+01  8.939383e+00
     vertex -1.116500e+01 -2.613814e+01  8.876931e+00
   endloop
 endfacet
 facet normal  0.000000e+00 -4.670632e-01  8.842239e-01
   outer loop
     vertex -2.665000e+00 -2.626872e+01  8.807960e+00
     vertex -2.665000e+00 -2.613814e+01  8.876931e+00
     vertex -1.116500e+01 -2.613814e+01  8.876931e+00
   endloop
 endfacet
 facet normal  0.000000e+00 -4.670632e-01  8.842239e-01
   outer loop
     vertex -2.665000e+00 -2.626872e+01  8.807960e+00
     vertex -1.116500e+01 -2.613814e+01  8.876931e+00
     vertex -1.116500e+01 -2.626872e+01  8.807960e+00
   endloop
 endfacet
 facet normal  0.000000e+00 -5.100793e-01  8.601274e-01
   outer loop
     vertex -2.665000e+00 -2.639573e+01  8.732637e+00
     vertex -2.665000e+00 -2.626872e+01  8.807960e+00
     vertex -1.116500e+01 -2.626872e+01  8.807960e+00
   endloop
 endfacet
 facet normal  0.000000e+00 -5.100793e-01  8.601274e-01
   outer loop
     vertex -2.665000e+00 -2.639573e+01  8.732637e+00
     vertex -1.116500e+01 -2.626872e+01  8.807960e+00
     vertex -1.116500e+01 -2.639573e+01  8.732637e+00
   endloop
 endfacet
 facet normal  0.000000e+00 -5.518553e-01  8.339399e-01
   outer loop
     vertex -2.665000e+00 -2.651888e+01  8.651145e+00
     vertex -2.665000e+00 -2.639573e+01  8.732637e+00
     vertex -1.116500e+01 -2.639573e+01  8.732637e+00
   endloop
 endfacet
 facet normal  0.000000e+00 -5.518553e-01  8.339399e-01
   outer loop
     vertex -2.665000e+00 -2.651888e+01  8.651145e+00
     vertex -1.116500e+01 -2.639573e+01  8.732637e+00
     vertex -1.116500e+01 -2.651888e+01  8.651145e+00
   endloop
 endfacet
 facet normal  0.000000e+00 -5.922898e-01  8.057250e-01
   outer loop
     vertex -2.665000e+00 -2.663786e+01  8.563681e+00
     vertex -1.116500e+01 -2.651888e+01  8.651145e+00
     vertex -1.116500e+01 -2.663786e+01  8.563681e+00
   endloop
 endfacet
 facet normal  0.000000e+00 -5.922898e-01  8.057250e-01
   outer loop
     vertex -2.665000e+00 -2.663786e+01  8.563681e+00
     vertex -2.665000e+00 -2.651888e+01  8.651145e+00
     vertex -1.116500e+01 -2.651888e+01  8.651145e+00
   endloop
 endfacet
 facet normal  0.000000e+00 -6.312845e-01  7.755514e-01
   outer loop
     vertex -2.665000e+00 -2.675239e+01  8.470460e+00
     vertex -1.116500e+01 -2.663786e+01  8.563681e+00
     vertex -1.116500e+01 -2.675239e+01  8.470460e+00
   endloop
 endfacet
 facet normal  0.000000e+00 -6.312845e-01  7.755514e-01
   outer loop
     vertex -2.665000e+00 -2.675239e+01  8.470460e+00
     vertex -2.665000e+00 -2.663786e+01  8.563681e+00
     vertex -1.116500e+01 -2.663786e+01  8.563681e+00
   endloop
 endfacet
 facet normal  0.000000e+00 -6.687444e-01  7.434924e-01
   outer loop
     vertex -2.665000e+00 -2.686218e+01  8.371706e+00
     vertex -1.116500e+01 -2.675239e+01  8.470460e+00
     vertex -1.116500e+01 -2.686218e+01  8.371706e+00
   endloop
 endfacet
 facet normal  0.000000e+00 -6.687444e-01  7.434924e-01
   outer loop
     vertex -2.665000e+00 -2.686218e+01  8.371706e+00
     vertex -2.665000e+00 -2.675239e+01  8.470460e+00
     vertex -1.116500e+01 -2.675239e+01  8.470460e+00
   endloop
 endfacet
 facet normal  0.000000e+00 -7.045786e-01  7.096259e-01
   outer loop
     vertex -2.665000e+00 -2.696697e+01  8.267661e+00
     vertex -1.116500e+01 -2.686218e+01  8.371706e+00
     vertex -1.116500e+01 -2.696697e+01  8.267661e+00
   endloop
 endfacet
 facet normal  0.000000e+00 -7.045786e-01  7.096259e-01
   outer loop
     vertex -2.665000e+00 -2.696697e+01  8.267661e+00
     vertex -2.665000e+00 -2.686218e+01  8.371706e+00
     vertex -1.116500e+01 -2.686218e+01  8.371706e+00
   endloop
 endfacet
 facet normal  0.000000e+00 -7.387000e-01  6.740344e-01
   outer loop
     vertex -2.665000e+00 -2.706650e+01  8.158578e+00
     vertex -1.116500e+01 -2.696697e+01  8.267661e+00
     vertex -1.116500e+01 -2.706650e+01  8.158578e+00
   endloop
 endfacet
 facet normal  0.000000e+00 -7.387000e-01  6.740344e-01
   outer loop
     vertex -2.665000e+00 -2.706650e+01  8.158578e+00
     vertex -2.665000e+00 -2.696697e+01  8.267661e+00
     vertex -1.116500e+01 -2.696697e+01  8.267661e+00
   endloop
 endfacet
 facet normal  0.000000e+00 -7.710256e-01  6.368042e-01
   outer loop
     vertex -2.665000e+00 -2.716054e+01  8.044720e+00
     vertex -1.116500e+01 -2.706650e+01  8.158578e+00
     vertex -1.116500e+01 -2.716054e+01  8.044720e+00
   endloop
 endfacet
 facet normal  0.000000e+00 -7.710256e-01  6.368042e-01
   outer loop
     vertex -2.665000e+00 -2.716054e+01  8.044720e+00
     vertex -2.665000e+00 -2.706650e+01  8.158578e+00
     vertex -1.116500e+01 -2.706650e+01  8.158578e+00
   endloop
 endfacet
 facet normal  0.000000e+00 -8.014767e-01  5.980259e-01
   outer loop
     vertex -2.665000e+00 -2.724885e+01  7.926366e+00
     vertex -1.116500e+01 -2.716054e+01  8.044720e+00
     vertex -1.116500e+01 -2.724885e+01  7.926366e+00
   endloop
 endfacet
 facet normal  0.000000e+00 -8.014767e-01  5.980259e-01
   outer loop
     vertex -2.665000e+00 -2.724885e+01  7.926366e+00
     vertex -2.665000e+00 -2.716054e+01  8.044720e+00
     vertex -1.116500e+01 -2.716054e+01  8.044720e+00
   endloop
 endfacet
 facet normal  0.000000e+00 -8.299795e-01  5.577939e-01
   outer loop
     vertex -2.665000e+00 -2.733122e+01  7.803803e+00
     vertex -2.665000e+00 -2.724885e+01  7.926366e+00
     vertex -1.116500e+01 -2.724885e+01  7.926366e+00
   endloop
 endfacet
 facet normal  0.000000e+00 -8.299795e-01  5.577939e-01
   outer loop
     vertex -2.665000e+00 -2.733122e+01  7.803803e+00
     vertex -1.116500e+01 -2.724885e+01  7.926366e+00
     vertex -1.116500e+01 -2.733122e+01  7.803803e+00
   endloop
 endfacet
 facet normal  0.000000e+00 -8.564646e-01  5.162058e-01
   outer loop
     vertex -2.665000e+00 -2.740745e+01  7.677329e+00
     vertex -2.665000e+00 -2.733122e+01  7.803803e+00
     vertex -1.116500e+01 -2.733122e+01  7.803803e+00
   endloop
 endfacet
 facet normal  0.000000e+00 -8.564646e-01  5.162058e-01
   outer loop
     vertex -2.665000e+00 -2.740745e+01  7.677329e+00
     vertex -1.116500e+01 -2.733122e+01  7.803803e+00
     vertex -1.116500e+01 -2.740745e+01  7.677329e+00
   endloop
 endfacet
 facet normal  0.000000e+00 -8.808676e-01  4.733628e-01
   outer loop
     vertex -2.665000e+00 -2.747735e+01  7.547252e+00
     vertex -2.665000e+00 -2.740745e+01  7.677329e+00
     vertex -1.116500e+01 -2.740745e+01  7.677329e+00
   endloop
 endfacet
 facet normal  0.000000e+00 -8.808676e-01  4.733628e-01
   outer loop
     vertex -2.665000e+00 -2.747735e+01  7.547252e+00
     vertex -1.116500e+01 -2.740745e+01  7.677329e+00
     vertex -1.116500e+01 -2.747735e+01  7.547252e+00
   endloop
 endfacet
 facet normal  0.000000e+00 -9.031291e-01  4.293690e-01
   outer loop
     vertex -2.665000e+00 -2.754075e+01  7.413887e+00
     vertex -2.665000e+00 -2.747735e+01  7.547252e+00
     vertex -1.116500e+01 -2.747735e+01  7.547252e+00
   endloop
 endfacet
 facet normal  0.000000e+00 -9.031291e-01  4.293690e-01
   outer loop
     vertex -2.665000e+00 -2.754075e+01  7.413887e+00
     vertex -1.116500e+01 -2.747735e+01  7.547252e+00
     vertex -1.116500e+01 -2.754075e+01  7.413887e+00
   endloop
 endfacet
 facet normal  0.000000e+00 -9.231952e-01  3.843315e-01
   outer loop
     vertex -2.665000e+00 -2.759751e+01  7.277559e+00
     vertex -2.665000e+00 -2.754075e+01  7.413887e+00
     vertex -1.116500e+01 -2.754075e+01  7.413887e+00
   endloop
 endfacet
 facet normal  0.000000e+00 -9.231952e-01  3.843315e-01
   outer loop
     vertex -2.665000e+00 -2.759751e+01  7.277559e+00
     vertex -1.116500e+01 -2.754075e+01  7.413887e+00
     vertex -1.116500e+01 -2.759751e+01  7.277559e+00
   endloop
 endfacet
 facet normal  0.000000e+00 -9.410169e-01  3.383596e-01
   outer loop
     vertex -2.665000e+00 -2.764747e+01  7.138599e+00
     vertex -2.665000e+00 -2.759751e+01  7.277559e+00
     vertex -1.116500e+01 -2.759751e+01  7.277559e+00
   endloop
 endfacet
 facet normal  0.000000e+00 -9.410169e-01  3.383596e-01
   outer loop
     vertex -2.665000e+00 -2.764747e+01  7.138599e+00
     vertex -1.116500e+01 -2.759751e+01  7.277559e+00
     vertex -1.116500e+01 -2.764747e+01  7.138599e+00
   endloop
 endfacet
 facet normal  0.000000e+00 -9.565510e-01  2.915652e-01
   outer loop
     vertex -2.665000e+00 -2.769053e+01  6.997345e+00
     vertex -2.665000e+00 -2.764747e+01  7.138599e+00
     vertex -1.116500e+01 -2.764747e+01  7.138599e+00
   endloop
 endfacet
 facet normal  0.000000e+00 -9.565510e-01  2.915652e-01
   outer loop
     vertex -2.665000e+00 -2.769053e+01  6.997345e+00
     vertex -1.116500e+01 -2.764747e+01  7.138599e+00
     vertex -1.116500e+01 -2.769053e+01  6.997345e+00
   endloop
 endfacet
 facet normal  0.000000e+00 -9.697597e-01  2.440619e-01
   outer loop
     vertex -2.665000e+00 -2.772657e+01  6.854141e+00
     vertex -2.665000e+00 -2.769053e+01  6.997345e+00
     vertex -1.116500e+01 -2.769053e+01  6.997345e+00
   endloop
 endfacet
 facet normal  0.000000e+00 -9.697597e-01  2.440619e-01
   outer loop
     vertex -2.665000e+00 -2.772657e+01  6.854141e+00
     vertex -1.116500e+01 -2.769053e+01  6.997345e+00
     vertex -1.116500e+01 -2.772657e+01  6.854141e+00
   endloop
 endfacet
 facet normal  0.000000e+00 -9.806108e-01  1.959653e-01
   outer loop
     vertex -2.665000e+00 -2.772657e+01  6.854141e+00
     vertex -1.116500e+01 -2.772657e+01  6.854141e+00
     vertex -1.116500e+01 -2.775551e+01  6.709335e+00
   endloop
 endfacet
 facet normal  0.000000e+00 -9.806108e-01  1.959653e-01
   outer loop
     vertex -2.665000e+00 -2.775551e+01  6.709335e+00
     vertex -2.665000e+00 -2.772657e+01  6.854141e+00
     vertex -1.116500e+01 -2.775551e+01  6.709335e+00
   endloop
 endfacet
 facet normal  0.000000e+00 -9.890781e-01  1.473924e-01
   outer loop
     vertex -2.665000e+00 -2.777727e+01  6.563278e+00
     vertex -2.665000e+00 -2.775551e+01  6.709335e+00
     vertex -1.116500e+01 -2.775551e+01  6.709335e+00
   endloop
 endfacet
 facet normal  0.000000e+00 -9.890781e-01  1.473924e-01
   outer loop
     vertex -2.665000e+00 -2.777727e+01  6.563278e+00
     vertex -1.116500e+01 -2.775551e+01  6.709335e+00
     vertex -1.116500e+01 -2.777727e+01  6.563278e+00
   endloop
 endfacet
 facet normal  0.000000e+00 -9.951409e-01  9.846111e-02
   outer loop
     vertex -2.665000e+00 -2.779181e+01  6.416325e+00
     vertex -2.665000e+00 -2.777727e+01  6.563278e+00
     vertex -1.116500e+01 -2.777727e+01  6.563278e+00
   endloop
 endfacet
 facet normal  0.000000e+00 -9.951409e-01  9.846111e-02
   outer loop
     vertex -2.665000e+00 -2.779181e+01  6.416325e+00
     vertex -1.116500e+01 -2.777727e+01  6.563278e+00
     vertex -1.116500e+01 -2.779181e+01  6.416325e+00
   endloop
 endfacet
 facet normal  0.000000e+00 -9.987845e-01  4.929047e-02
   outer loop
     vertex -2.665000e+00 -2.779181e+01  6.416325e+00
     vertex -1.116500e+01 -2.779181e+01  6.416325e+00
     vertex -1.116500e+01 -2.779909e+01  6.268835e+00
   endloop
 endfacet
 facet normal  0.000000e+00 -9.987845e-01  4.929047e-02
   outer loop
     vertex -2.665000e+00 -2.779909e+01  6.268835e+00
     vertex -2.665000e+00 -2.779181e+01  6.416325e+00
     vertex -1.116500e+01 -2.779909e+01  6.268835e+00
   endloop
 endfacet
 facet normal  0.000000e+00 -1.000000e+00  0.000000e+00
   outer loop
     vertex -2.665000e+00 -2.779909e+01  6.121165e+00
     vertex -2.665000e+00 -2.779909e+01  6.268835e+00
     vertex -1.116500e+01 -2.779909e+01  6.268835e+00
   endloop
 endfacet
 facet normal  0.000000e+00 -1.000000e+00  0.000000e+00
   outer loop
     vertex -2.665000e+00 -2.779909e+01  6.121165e+00
     vertex -1.116500e+01 -2.779909e+01  6.268835e+00
     vertex -1.116500e+01 -2.779909e+01  6.121165e+00
   endloop
 endfacet
 facet normal  0.000000e+00 -9.987845e-01 -4.929047e-02
   outer loop
     vertex -2.665000e+00 -2.779181e+01  5.973675e+00
     vertex -2.665000e+00 -2.779909e+01  6.121165e+00
     vertex -1.116500e+01 -2.779909e+01  6.121165e+00
   endloop
 endfacet
 facet normal -0.000000e+00 -9.987845e-01 -4.929047e-02
   outer loop
     vertex -2.665000e+00 -2.779181e+01  5.973675e+00
     vertex -1.116500e+01 -2.779909e+01  6.121165e+00
     vertex -1.116500e+01 -2.779181e+01  5.973675e+00
   endloop
 endfacet
 facet normal -0.000000e+00 -9.951409e-01 -9.846111e-02
   outer loop
     vertex -2.665000e+00 -2.779181e+01  5.973675e+00
     vertex -1.116500e+01 -2.779181e+01  5.973675e+00
     vertex -1.116500e+01 -2.777727e+01  5.826722e+00
   endloop
 endfacet
 facet normal -0.000000e+00 -9.951409e-01 -9.846111e-02
   outer loop
     vertex -2.665000e+00 -2.777727e+01  5.826722e+00
     vertex -2.665000e+00 -2.779181e+01  5.973675e+00
     vertex -1.116500e+01 -2.777727e+01  5.826722e+00
   endloop
 endfacet
 facet normal -0.000000e+00 -9.890781e-01 -1.473924e-01
   outer loop
     vertex -2.665000e+00 -2.777727e+01  5.826722e+00
     vertex -1.116500e+01 -2.777727e+01  5.826722e+00
     vertex -1.116500e+01 -2.775551e+01  5.680665e+00
   endloop
 endfacet
 facet normal -0.000000e+00 -9.890781e-01 -1.473924e-01
   outer loop
     vertex -2.665000e+00 -2.775551e+01  5.680665e+00
     vertex -2.665000e+00 -2.777727e+01  5.826722e+00
     vertex -1.116500e+01 -2.775551e+01  5.680665e+00
   endloop
 endfacet
 facet normal  0.000000e+00 -9.806108e-01 -1.959653e-01
   outer loop
     vertex -2.665000e+00 -2.772657e+01  5.535859e+00
     vertex -2.665000e+00 -2.775551e+01  5.680665e+00
     vertex -1.116500e+01 -2.775551e+01  5.680665e+00
   endloop
 endfacet
 facet normal -0.000000e+00 -9.806108e-01 -1.959653e-01
   outer loop
     vertex -2.665000e+00 -2.772657e+01  5.535859e+00
     vertex -1.116500e+01 -2.775551e+01  5.680665e+00
     vertex -1.116500e+01 -2.772657e+01  5.535859e+00
   endloop
 endfacet
 facet normal  0.000000e+00 -9.697597e-01 -2.440619e-01
   outer loop
     vertex -2.665000e+00 -2.769053e+01  5.392655e+00
     vertex -2.665000e+00 -2.772657e+01  5.535859e+00
     vertex -1.116500e+01 -2.772657e+01  5.535859e+00
   endloop
 endfacet
 facet normal -0.000000e+00 -9.697597e-01 -2.440619e-01
   outer loop
     vertex -2.665000e+00 -2.769053e+01  5.392655e+00
     vertex -1.116500e+01 -2.772657e+01  5.535859e+00
     vertex -1.116500e+01 -2.769053e+01  5.392655e+00
   endloop
 endfacet
 facet normal -0.000000e+00 -9.565510e-01 -2.915652e-01
   outer loop
     vertex -2.665000e+00 -2.769053e+01  5.392655e+00
     vertex -1.116500e+01 -2.769053e+01  5.392655e+00
     vertex -1.116500e+01 -2.764747e+01  5.251401e+00
   endloop
 endfacet
 facet normal -0.000000e+00 -9.565510e-01 -2.915652e-01
   outer loop
     vertex -2.665000e+00 -2.764747e+01  5.251401e+00
     vertex -2.665000e+00 -2.769053e+01  5.392655e+00
     vertex -1.116500e+01 -2.764747e+01  5.251401e+00
   endloop
 endfacet
 facet normal -0.000000e+00 -9.231952e-01 -3.843315e-01
   outer loop
     vertex -2.665000e+00 -2.759751e+01  5.112441e+00
     vertex -1.116500e+01 -2.759751e+01  5.112441e+00
     vertex -1.116500e+01 -2.754075e+01  4.976113e+00
   endloop
 endfacet
 facet normal  0.000000e+00 -9.410169e-01 -3.383596e-01
   outer loop
     vertex -2.665000e+00 -2.759751e+01  5.112441e+00
     vertex -2.665000e+00 -2.764747e+01  5.251401e+00
     vertex -1.116500e+01 -2.764747e+01  5.251401e+00
   endloop
 endfacet
 facet normal -0.000000e+00 -9.410169e-01 -3.383596e-01
   outer loop
     vertex -2.665000e+00 -2.759751e+01  5.112441e+00
     vertex -1.116500e+01 -2.764747e+01  5.251401e+00
     vertex -1.116500e+01 -2.759751e+01  5.112441e+00
   endloop
 endfacet
 facet normal -0.000000e+00 -9.231952e-01 -3.843315e-01
   outer loop
     vertex -2.665000e+00 -2.754075e+01  4.976113e+00
     vertex -2.665000e+00 -2.759751e+01  5.112441e+00
     vertex -1.116500e+01 -2.754075e+01  4.976113e+00
   endloop
 endfacet
 facet normal -0.000000e+00 -9.031291e-01 -4.293690e-01
   outer loop
     vertex -2.665000e+00 -2.747735e+01  4.842748e+00
     vertex -1.116500e+01 -2.754075e+01  4.976113e+00
     vertex -1.116500e+01 -2.747735e+01  4.842748e+00
   endloop
 endfacet
 facet normal -0.000000e+00 -8.808676e-01 -4.733628e-01
   outer loop
     vertex -2.665000e+00 -2.747735e+01  4.842748e+00
     vertex -1.116500e+01 -2.747735e+01  4.842748e+00
     vertex -1.116500e+01 -2.740745e+01  4.712671e+00
   endloop
 endfacet
 facet normal  0.000000e+00 -9.031291e-01 -4.293690e-01
   outer loop
     vertex -2.665000e+00 -2.747735e+01  4.842748e+00
     vertex -2.665000e+00 -2.754075e+01  4.976113e+00
     vertex -1.116500e+01 -2.754075e+01  4.976113e+00
   endloop
 endfacet
 facet normal -0.000000e+00 -8.808676e-01 -4.733628e-01
   outer loop
     vertex -2.665000e+00 -2.740745e+01  4.712671e+00
     vertex -2.665000e+00 -2.747735e+01  4.842748e+00
     vertex -1.116500e+01 -2.740745e+01  4.712671e+00
   endloop
 endfacet
 facet normal -0.000000e+00 -8.564646e-01 -5.162058e-01
   outer loop
     vertex -2.665000e+00 -2.733122e+01  4.586197e+00
     vertex -1.116500e+01 -2.740745e+01  4.712671e+00
     vertex -1.116500e+01 -2.733122e+01  4.586197e+00
   endloop
 endfacet
 facet normal -0.000000e+00 -8.299795e-01 -5.577939e-01
   outer loop
     vertex -2.665000e+00 -2.733122e+01  4.586197e+00
     vertex -1.116500e+01 -2.733122e+01  4.586197e+00
     vertex -1.116500e+01 -2.724885e+01  4.463634e+00
   endloop
 endfacet
 facet normal  0.000000e+00 -8.564646e-01 -5.162058e-01
   outer loop
     vertex -2.665000e+00 -2.733122e+01  4.586197e+00
     vertex -2.665000e+00 -2.740745e+01  4.712671e+00
     vertex -1.116500e+01 -2.740745e+01  4.712671e+00
   endloop
 endfacet
 facet normal -0.000000e+00 -8.299795e-01 -5.577939e-01
   outer loop
     vertex -2.665000e+00 -2.724885e+01  4.463634e+00
     vertex -2.665000e+00 -2.733122e+01  4.586197e+00
     vertex -1.116500e+01 -2.724885e+01  4.463634e+00
   endloop
 endfacet
 facet normal  0.000000e+00 -8.014767e-01 -5.980259e-01
   outer loop
     vertex -2.665000e+00 -2.716054e+01  4.345280e+00
     vertex -2.665000e+00 -2.724885e+01  4.463634e+00
     vertex -1.116500e+01 -2.724885e+01  4.463634e+00
   endloop
 endfacet
 facet normal -0.000000e+00 -8.014767e-01 -5.980259e-01
   outer loop
     vertex -2.665000e+00 -2.716054e+01  4.345280e+00
     vertex -1.116500e+01 -2.724885e+01  4.463634e+00
     vertex -1.116500e+01 -2.716054e+01  4.345280e+00
   endloop
 endfacet
 facet normal -0.000000e+00 -7.710256e-01 -6.368042e-01
   outer loop
     vertex -2.665000e+00 -2.716054e+01  4.345280e+00
     vertex -1.116500e+01 -2.716054e+01  4.345280e+00
     vertex -1.116500e+01 -2.706650e+01  4.231422e+00
   endloop
 endfacet
 facet normal -0.000000e+00 -7.710256e-01 -6.368042e-01
   outer loop
     vertex -2.665000e+00 -2.706650e+01  4.231422e+00
     vertex -2.665000e+00 -2.716054e+01  4.345280e+00
     vertex -1.116500e+01 -2.706650e+01  4.231422e+00
   endloop
 endfacet
 facet normal -0.000000e+00 -7.387000e-01 -6.740344e-01
   outer loop
     vertex -2.665000e+00 -2.696697e+01  4.122339e+00
     vertex -1.116500e+01 -2.706650e+01  4.231422e+00
     vertex -1.116500e+01 -2.696697e+01  4.122339e+00
   endloop
 endfacet
 facet normal -0.000000e+00 -7.045786e-01 -7.096259e-01
   outer loop
     vertex -2.665000e+00 -2.696697e+01  4.122339e+00
     vertex -1.116500e+01 -2.696697e+01  4.122339e+00
     vertex -1.116500e+01 -2.686218e+01  4.018294e+00
   endloop
 endfacet
 facet normal  0.000000e+00 -7.387000e-01 -6.740344e-01
   outer loop
     vertex -2.665000e+00 -2.696697e+01  4.122339e+00
     vertex -2.665000e+00 -2.706650e+01  4.231422e+00
     vertex -1.116500e+01 -2.706650e+01  4.231422e+00
   endloop
 endfacet
 facet normal -0.000000e+00 -7.045786e-01 -7.096259e-01
   outer loop
     vertex -2.665000e+00 -2.686218e+01  4.018294e+00
     vertex -2.665000e+00 -2.696697e+01  4.122339e+00
     vertex -1.116500e+01 -2.686218e+01  4.018294e+00
   endloop
 endfacet
 facet normal -0.000000e+00 -6.687444e-01 -7.434924e-01
   outer loop
     vertex -2.665000e+00 -2.675239e+01  3.919540e+00
     vertex -1.116500e+01 -2.686218e+01  4.018294e+00
     vertex -1.116500e+01 -2.675239e+01  3.919540e+00
   endloop
 endfacet
 facet normal -0.000000e+00 -6.312845e-01 -7.755514e-01
   outer loop
     vertex -2.665000e+00 -2.675239e+01  3.919540e+00
     vertex -1.116500e+01 -2.675239e+01  3.919540e+00
     vertex -1.116500e+01 -2.663786e+01  3.826319e+00
   endloop
 endfacet
 facet normal  0.000000e+00 -6.687444e-01 -7.434924e-01
   outer loop
     vertex -2.665000e+00 -2.675239e+01  3.919540e+00
     vertex -2.665000e+00 -2.686218e+01  4.018294e+00
     vertex -1.116500e+01 -2.686218e+01  4.018294e+00
   endloop
 endfacet
 facet normal -0.000000e+00 -6.312845e-01 -7.755514e-01
   outer loop
     vertex -2.665000e+00 -2.663786e+01  3.826319e+00
     vertex -2.665000e+00 -2.675239e+01  3.919540e+00
     vertex -1.116500e+01 -2.663786e+01  3.826319e+00
   endloop
 endfacet
 facet normal -0.000000e+00 -5.922898e-01 -8.057250e-01
   outer loop
     vertex -2.665000e+00 -2.651888e+01  3.738855e+00
     vertex -1.116500e+01 -2.663786e+01  3.826319e+00
     vertex -1.116500e+01 -2.651888e+01  3.738855e+00
   endloop
 endfacet
 facet normal  0.000000e+00 -5.922898e-01 -8.057250e-01
   outer loop
     vertex -2.665000e+00 -2.651888e+01  3.738855e+00
     vertex -2.665000e+00 -2.663786e+01  3.826319e+00
     vertex -1.116500e+01 -2.663786e+01  3.826319e+00
   endloop
 endfacet
 facet normal -0.000000e+00 -5.518553e-01 -8.339399e-01
   outer loop
     vertex -2.665000e+00 -2.639573e+01  3.657363e+00
     vertex -1.116500e+01 -2.651888e+01  3.738855e+00
     vertex -1.116500e+01 -2.639573e+01  3.657363e+00
   endloop
 endfacet
 facet normal  0.000000e+00 -5.518553e-01 -8.339399e-01
   outer loop
     vertex -2.665000e+00 -2.639573e+01  3.657363e+00
     vertex -2.665000e+00 -2.651888e+01  3.738855e+00
     vertex -1.116500e+01 -2.651888e+01  3.738855e+00
   endloop
 endfacet
 facet normal -0.000000e+00 -5.100793e-01 -8.601274e-01
   outer loop
     vertex -2.665000e+00 -2.626872e+01  3.582040e+00
     vertex -1.116500e+01 -2.639573e+01  3.657363e+00
     vertex -1.116500e+01 -2.626872e+01  3.582040e+00
   endloop
 endfacet
 facet normal -0.000000e+00 -4.670632e-01 -8.842239e-01
   outer loop
     vertex -2.665000e+00 -2.626872e+01  3.582040e+00
     vertex -1.116500e+01 -2.626872e+01  3.582040e+00
     vertex -1.116500e+01 -2.613814e+01  3.513069e+00
   endloop
 endfacet
 facet normal  0.000000e+00 -5.100793e-01 -8.601274e-01
   outer loop
     vertex -2.665000e+00 -2.626872e+01  3.582040e+00
     vertex -2.665000e+00 -2.639573e+01  3.657363e+00
     vertex -1.116500e+01 -2.639573e+01  3.657363e+00
   endloop
 endfacet
 facet normal -0.000000e+00 -4.670632e-01 -8.842239e-01
   outer loop
     vertex -2.665000e+00 -2.613814e+01  3.513069e+00
     vertex -2.665000e+00 -2.626872e+01  3.582040e+00
     vertex -1.116500e+01 -2.613814e+01  3.513069e+00
   endloop
 endfacet
 facet normal -0.000000e+00 -4.229116e-01 -9.061709e-01
   outer loop
     vertex -2.665000e+00 -2.600433e+01  3.450617e+00
     vertex -1.116500e+01 -2.613814e+01  3.513069e+00
     vertex -1.116500e+01 -2.600433e+01  3.450617e+00
   endloop
 endfacet
 facet normal -0.000000e+00 -3.777320e-01 -9.259150e-01
   outer loop
     vertex -2.665000e+00 -2.600433e+01  3.450617e+00
     vertex -1.116500e+01 -2.600433e+01  3.450617e+00
     vertex -1.116500e+01 -2.586760e+01  3.394838e+00
   endloop
 endfacet
 facet normal  0.000000e+00 -4.229116e-01 -9.061709e-01
   outer loop
     vertex -2.665000e+00 -2.600433e+01  3.450617e+00
     vertex -2.665000e+00 -2.613814e+01  3.513069e+00
     vertex -1.116500e+01 -2.613814e+01  3.513069e+00
   endloop
 endfacet
 facet normal -0.000000e+00 -3.777320e-01 -9.259150e-01
   outer loop
     vertex -2.665000e+00 -2.586760e+01  3.394838e+00
     vertex -2.665000e+00 -2.600433e+01  3.450617e+00
     vertex -1.116500e+01 -2.586760e+01  3.394838e+00
   endloop
 endfacet
 facet normal -0.000000e+00 -3.316341e-01 -9.434081e-01
   outer loop
     vertex -2.665000e+00 -2.572829e+01  3.345865e+00
     vertex -1.116500e+01 -2.586760e+01  3.394838e+00
     vertex -1.116500e+01 -2.572829e+01  3.345865e+00
   endloop
 endfacet
 facet normal -0.000000e+00 -2.847299e-01 -9.586078e-01
   outer loop
     vertex -2.665000e+00 -2.572829e+01  3.345865e+00
     vertex -1.116500e+01 -2.572829e+01  3.345865e+00
     vertex -1.116500e+01 -2.558673e+01  3.303819e+00
   endloop
 endfacet
 facet normal  0.000000e+00 -3.316341e-01 -9.434081e-01
   outer loop
     vertex -2.665000e+00 -2.572829e+01  3.345865e+00
     vertex -2.665000e+00 -2.586760e+01  3.394838e+00
     vertex -1.116500e+01 -2.586760e+01  3.394838e+00
   endloop
 endfacet
 facet normal -0.000000e+00 -2.847299e-01 -9.586078e-01
   outer loop
     vertex -2.665000e+00 -2.558673e+01  3.303819e+00
     vertex -2.665000e+00 -2.572829e+01  3.345865e+00
     vertex -1.116500e+01 -2.558673e+01  3.303819e+00
   endloop
 endfacet
 facet normal -0.000000e+00 -2.371336e-01 -9.714770e-01
   outer loop
     vertex -2.665000e+00 -2.544327e+01  3.268802e+00
     vertex -1.116500e+01 -2.558673e+01  3.303819e+00
     vertex -1.116500e+01 -2.544327e+01  3.268802e+00
   endloop
 endfacet
 facet normal -0.000000e+00 -1.889608e-01 -9.819846e-01
   outer loop
     vertex -2.665000e+00 -2.544327e+01  3.268802e+00
     vertex -1.116500e+01 -2.544327e+01  3.268802e+00
     vertex -1.116500e+01 -2.529826e+01  3.240898e+00
   endloop
 endfacet
 facet normal  0.000000e+00 -2.371336e-01 -9.714770e-01
   outer loop
     vertex -2.665000e+00 -2.544327e+01  3.268802e+00
     vertex -2.665000e+00 -2.558673e+01  3.303819e+00
     vertex -1.116500e+01 -2.558673e+01  3.303819e+00
   endloop
 endfacet
 facet normal -0.000000e+00 -1.889608e-01 -9.819846e-01
   outer loop
     vertex -2.665000e+00 -2.529826e+01  3.240898e+00
     vertex -2.665000e+00 -2.544327e+01  3.268802e+00
     vertex -1.116500e+01 -2.529826e+01  3.240898e+00
   endloop
 endfacet
 facet normal -0.000000e+00 -1.403287e-01 -9.901050e-01
   outer loop
     vertex -2.665000e+00 -2.515205e+01  3.220176e+00
     vertex -1.116500e+01 -2.529826e+01  3.240898e+00
     vertex -1.116500e+01 -2.515205e+01  3.220176e+00
   endloop
 endfacet
 facet normal -0.000000e+00 -9.135537e-02 -9.958184e-01
   outer loop
     vertex -2.665000e+00 -2.515205e+01  3.220176e+00
     vertex -1.116500e+01 -2.515205e+01  3.220176e+00
     vertex -1.116500e+01 -2.500500e+01  3.206685e+00
   endloop
 endfacet
 facet normal  0.000000e+00 -1.403287e-01 -9.901050e-01
   outer loop
     vertex -2.665000e+00 -2.515205e+01  3.220176e+00
     vertex -2.665000e+00 -2.529826e+01  3.240898e+00
     vertex -1.116500e+01 -2.529826e+01  3.240898e+00
   endloop
 endfacet
 facet normal -0.000000e+00 -9.135537e-02 -9.958184e-01
   outer loop
     vertex -2.665000e+00 -2.500500e+01  3.206685e+00
     vertex -2.665000e+00 -2.515205e+01  3.220176e+00
     vertex -1.116500e+01 -2.500500e+01  3.206685e+00
   endloop
 endfacet
 facet normal  0.000000e+00 -1.000000e+00  5.845676e-12
   outer loop
     vertex -2.665000e+00 -2.500500e+01  9.190000e+00
     vertex -1.116500e+01 -2.500500e+01  9.183315e+00
     vertex -2.665000e+00 -2.500500e+01  9.183315e+00
   endloop
 endfacet
 facet normal  0.000000e+00 -1.000000e+00  5.845676e-12
   outer loop
     vertex -2.665000e+00 -2.500500e+01  9.190000e+00
     vertex -1.116500e+01 -2.500500e+01  9.190000e+00
     vertex -1.116500e+01 -2.500500e+01  9.183315e+00
   endloop
 endfacet
endsolid
