solid 
 facet normal 9.998023297701e-01 1.988218766507e-02 0.000000000000e+00
   outer loop
     vertex 2.498023493068e+01 9.939128774231e-01 6.000000000000e+00
     vertex 2.500000000000e+01 -6.123233995737e-15 6.000000000000e+00
     vertex 2.500000000000e+01 -6.123233995737e-15 0.000000000000e+00
   endloop
 endfacet
 facet normal 9.998023297701e-01 1.988218766507e-02 0.000000000000e+00
   outer loop
     vertex 2.498023493068e+01 9.939128774231e-01 6.000000000000e+00
     vertex 2.500000000000e+01 -6.123233995737e-15 0.000000000000e+00
     vertex 2.498023493068e+01 9.939128774231e-01 0.000000000000e+00
   endloop
 endfacet
 facet normal 9.982214367819e-01 5.961512516982e-02 0.000000000000e+00
   outer loop
     vertex 2.492097097537e+01 1.986254174293e+00 6.000000000000e+00
     vertex 2.498023493068e+01 9.939128774231e-01 6.000000000000e+00
     vertex 2.498023493068e+01 9.939128774231e-01 0.000000000000e+00
   endloop
 endfacet
 facet normal 9.982214367819e-01 5.961512516982e-02 0.000000000000e+00
   outer loop
     vertex 2.492097097537e+01 1.986254174293e+00 6.000000000000e+00
     vertex 2.498023493068e+01 9.939128774231e-01 0.000000000000e+00
     vertex 2.492097097537e+01 1.986254174293e+00 0.000000000000e+00
   endloop
 endfacet
 facet normal 9.950621505224e-01 9.925379890806e-02 0.000000000000e+00
   outer loop
     vertex 2.492097097537e+01 1.986254174293e+00 6.000000000000e+00
     vertex 2.492097097537e+01 1.986254174293e+00 0.000000000000e+00
     vertex 2.482230184255e+01 2.975454795048e+00 0.000000000000e+00
   endloop
 endfacet
 facet normal 9.950621505224e-01 9.925379890806e-02 0.000000000000e+00
   outer loop
     vertex 2.482230184255e+01 2.975454795048e+00 6.000000000000e+00
     vertex 2.492097097537e+01 1.986254174293e+00 6.000000000000e+00
     vertex 2.482230184255e+01 2.975454795048e+00 0.000000000000e+00
   endloop
 endfacet
 facet normal 9.903294664725e-01 1.387355319891e-01 0.000000000000e+00
   outer loop
     vertex 2.468438354841e+01 3.959950610180e+00 6.000000000000e+00
     vertex 2.482230184255e+01 2.975454795048e+00 6.000000000000e+00
     vertex 2.482230184255e+01 2.975454795048e+00 0.000000000000e+00
   endloop
 endfacet
 facet normal 9.903294664725e-01 1.387355319891e-01 0.000000000000e+00
   outer loop
     vertex 2.468438354841e+01 3.959950610180e+00 6.000000000000e+00
     vertex 2.482230184255e+01 2.975454795048e+00 0.000000000000e+00
     vertex 2.468438354841e+01 3.959950610180e+00 0.000000000000e+00
   endloop
 endfacet
 facet normal 9.840308679784e-01 1.779978956775e-01 0.000000000000e+00
   outer loop
     vertex 2.468438354841e+01 3.959950610180e+00 6.000000000000e+00
     vertex 2.468438354841e+01 3.959950610180e+00 0.000000000000e+00
     vertex 2.450743417012e+01 4.938184929449e+00 0.000000000000e+00
   endloop
 endfacet
 facet normal 9.840308679784e-01 1.779978956775e-01 0.000000000000e+00
   outer loop
     vertex 2.450743417012e+01 4.938184929449e+00 6.000000000000e+00
     vertex 2.468438354841e+01 3.959950610180e+00 6.000000000000e+00
     vertex 2.450743417012e+01 4.938184929449e+00 0.000000000000e+00
   endloop
 endfacet
 facet normal 9.761763144191e-01 2.169788081063e-01 0.000000000000e+00
   outer loop
     vertex 2.429173350101e+01 5.908610963323e+00 6.000000000000e+00
     vertex 2.450743417012e+01 4.938184929449e+00 6.000000000000e+00
     vertex 2.450743417012e+01 4.938184929449e+00 0.000000000000e+00
   endloop
 endfacet
 facet normal 9.761763144191e-01 2.169788081063e-01 0.000000000000e+00
   outer loop
     vertex 2.429173350101e+01 5.908610963323e+00 6.000000000000e+00
     vertex 2.450743417012e+01 4.938184929449e+00 0.000000000000e+00
     vertex 2.429173350101e+01 5.908610963323e+00 0.000000000000e+00
   endloop
 endfacet
 facet normal 9.667782254580e-01 2.556166324405e-01 0.000000000000e+00
   outer loop
     vertex 2.403762260819e+01 6.869694268776e+00 6.000000000000e+00
     vertex 2.429173350101e+01 5.908610963323e+00 6.000000000000e+00
     vertex 2.429173350101e+01 5.908610963323e+00 0.000000000000e+00
   endloop
 endfacet
 facet normal 9.667782254580e-01 2.556166324405e-01 0.000000000000e+00
   outer loop
     vertex 2.403762260819e+01 6.869694268776e+00 6.000000000000e+00
     vertex 2.429173350101e+01 5.908610963323e+00 0.000000000000e+00
     vertex 2.403762260819e+01 6.869694268776e+00 0.000000000000e+00
   endloop
 endfacet
 facet normal 9.558514614058e-01 2.938502743379e-01 0.000000000000e+00
   outer loop
     vertex 2.374550329319e+01 7.819915175556e+00 6.000000000000e+00
     vertex 2.403762260819e+01 6.869694268776e+00 6.000000000000e+00
     vertex 2.403762260819e+01 6.869694268776e+00 0.000000000000e+00
   endloop
 endfacet
 facet normal 9.558514614058e-01 2.938502743379e-01 0.000000000000e+00
   outer loop
     vertex 2.374550329319e+01 7.819915175556e+00 6.000000000000e+00
     vertex 2.403762260819e+01 6.869694268776e+00 0.000000000000e+00
     vertex 2.374550329319e+01 7.819915175556e+00 0.000000000000e+00
   endloop
 endfacet
 facet normal 9.434132997221e-01 3.316192785521e-01 0.000000000000e+00
   outer loop
     vertex 2.374550329319e+01 7.819915175556e+00 6.000000000000e+00
     vertex 2.374550329319e+01 7.819915175556e+00 0.000000000000e+00
     vertex 2.341583745672e+01 8.757771189096e+00 0.000000000000e+00
   endloop
 endfacet
 facet normal 9.434132997221e-01 3.316192785521e-01 0.000000000000e+00
   outer loop
     vertex 2.341583745672e+01 8.757771189096e+00 6.000000000000e+00
     vertex 2.374550329319e+01 7.819915175556e+00 6.000000000000e+00
     vertex 2.341583745672e+01 8.757771189096e+00 0.000000000000e+00
   endloop
 endfacet
 facet normal 9.294834076974e-01 3.688639245240e-01 0.000000000000e+00
   outer loop
     vertex 2.304914636821e+01 9.681779366266e+00 6.000000000000e+00
     vertex 2.341583745672e+01 8.757771189096e+00 6.000000000000e+00
     vertex 2.341583745672e+01 8.757771189096e+00 0.000000000000e+00
   endloop
 endfacet
 facet normal 9.294834076974e-01 3.688639245240e-01 0.000000000000e+00
   outer loop
     vertex 2.304914636821e+01 9.681779366266e+00 6.000000000000e+00
     vertex 2.341583745672e+01 8.757771189096e+00 0.000000000000e+00
     vertex 2.304914636821e+01 9.681779366266e+00 0.000000000000e+00
   endloop
 endfacet
 facet normal 9.140838113540e-01 4.055253208130e-01 0.000000000000e+00
   outer loop
     vertex 2.264600984164e+01 1.059047866021e+01 6.000000000000e+00
     vertex 2.304914636821e+01 9.681779366266e+00 6.000000000000e+00
     vertex 2.304914636821e+01 9.681779366266e+00 0.000000000000e+00
   endloop
 endfacet
 facet normal 9.140838113540e-01 4.055253208130e-01 0.000000000000e+00
   outer loop
     vertex 2.264600984164e+01 1.059047866021e+01 6.000000000000e+00
     vertex 2.304914636821e+01 9.681779366266e+00 0.000000000000e+00
     vertex 2.264600984164e+01 1.059047866021e+01 0.000000000000e+00
   endloop
 endfacet
 facet normal 8.972388606192e-01 4.415454982159e-01 0.000000000000e+00
   outer loop
     vertex 2.220706531873e+01 1.148243223057e+01 6.000000000000e+00
     vertex 2.264600984164e+01 1.059047866021e+01 6.000000000000e+00
     vertex 2.264600984164e+01 1.059047866021e+01 0.000000000000e+00
   endloop
 endfacet
 facet normal 8.972388606192e-01 4.415454982159e-01 0.000000000000e+00
   outer loop
     vertex 2.220706531873e+01 1.148243223057e+01 6.000000000000e+00
     vertex 2.264600984164e+01 1.059047866021e+01 0.000000000000e+00
     vertex 2.220706531873e+01 1.148243223057e+01 0.000000000000e+00
   endloop
 endfacet
 facet normal 8.789751908224e-01 4.768675014285e-01 0.000000000000e+00
   outer loop
     vertex 2.173300686099e+01 1.235622971542e+01 6.000000000000e+00
     vertex 2.220706531873e+01 1.148243223057e+01 0.000000000000e+00
     vertex 2.173300686099e+01 1.235622971542e+01 0.000000000000e+00
   endloop
 endfacet
 facet normal 8.789751908224e-01 4.768675014285e-01 0.000000000000e+00
   outer loop
     vertex 2.173300686099e+01 1.235622971542e+01 6.000000000000e+00
     vertex 2.220706531873e+01 1.148243223057e+01 6.000000000000e+00
     vertex 2.220706531873e+01 1.148243223057e+01 0.000000000000e+00
   endloop
 endfacet
 facet normal 8.593216805797e-01 5.114354791034e-01 0.000000000000e+00
   outer loop
     vertex 2.122458405228e+01 1.321048946132e+01 6.000000000000e+00
     vertex 2.173300686099e+01 1.235622971542e+01 0.000000000000e+00
     vertex 2.122458405228e+01 1.321048946132e+01 0.000000000000e+00
   endloop
 endfacet
 facet normal 8.593216805797e-01 5.114354791034e-01 0.000000000000e+00
   outer loop
     vertex 2.122458405228e+01 1.321048946132e+01 6.000000000000e+00
     vertex 2.173300686099e+01 1.235622971542e+01 6.000000000000e+00
     vertex 2.173300686099e+01 1.235622971542e+01 0.000000000000e+00
   endloop
 endfacet
 facet normal 8.383094061303e-01 5.451947721627e-01 0.000000000000e+00
   outer loop
     vertex 2.068260081358e+01 1.404386070802e+01 6.000000000000e+00
     vertex 2.122458405228e+01 1.321048946132e+01 0.000000000000e+00
     vertex 2.068260081358e+01 1.404386070802e+01 0.000000000000e+00
   endloop
 endfacet
 facet normal 8.383094061303e-01 5.451947721627e-01 0.000000000000e+00
   outer loop
     vertex 2.068260081358e+01 1.404386070802e+01 6.000000000000e+00
     vertex 2.122458405228e+01 1.321048946132e+01 6.000000000000e+00
     vertex 2.122458405228e+01 1.321048946132e+01 0.000000000000e+00
   endloop
 endfacet
 facet normal 8.159715921992e-01 5.780920002248e-01 0.000000000000e+00
   outer loop
     vertex 2.010791413177e+01 1.485502572429e+01 6.000000000000e+00
     vertex 2.068260081358e+01 1.404386070802e+01 0.000000000000e+00
     vertex 2.010791413177e+01 1.485502572429e+01 0.000000000000e+00
   endloop
 endfacet
 facet normal 8.159715921992e-01 5.780920002248e-01 0.000000000000e+00
   outer loop
     vertex 2.010791413177e+01 1.485502572429e+01 6.000000000000e+00
     vertex 2.068260081358e+01 1.404386070802e+01 6.000000000000e+00
     vertex 2.068260081358e+01 1.404386070802e+01 0.000000000000e+00
   endloop
 endfacet
 facet normal 7.923435594616e-01 6.100751460105e-01 0.000000000000e+00
   outer loop
     vertex 1.950143270463e+01 1.564270189151e+01 6.000000000000e+00
     vertex 2.010791413177e+01 1.485502572429e+01 0.000000000000e+00
     vertex 1.950143270463e+01 1.564270189151e+01 0.000000000000e+00
   endloop
 endfacet
 facet normal 7.923435594616e-01 6.100751460105e-01 0.000000000000e+00
   outer loop
     vertex 1.950143270463e+01 1.564270189151e+01 6.000000000000e+00
     vertex 2.010791413177e+01 1.485502572429e+01 6.000000000000e+00
     vertex 2.010791413177e+01 1.485502572429e+01 0.000000000000e+00
   endloop
 endfacet
 facet normal 7.674626686939e-01 6.410936375922e-01 0.000000000000e+00
   outer loop
     vertex 1.886411550396e+01 1.640564373176e+01 6.000000000000e+00
     vertex 1.950143270463e+01 1.564270189151e+01 0.000000000000e+00
     vertex 1.886411550396e+01 1.640564373176e+01 0.000000000000e+00
   endloop
 endfacet
 facet normal 7.674626686939e-01 6.410936375922e-01 0.000000000000e+00
   outer loop
     vertex 1.886411550396e+01 1.640564373176e+01 6.000000000000e+00
     vertex 1.950143270463e+01 1.564270189151e+01 6.000000000000e+00
     vertex 1.950143270463e+01 1.564270189151e+01 0.000000000000e+00
   endloop
 endfacet
 facet normal 7.413682616986e-01 6.710984283590e-01 0.000000000000e+00
   outer loop
     vertex 1.819697025924e+01 1.714264487716e+01 6.000000000000e+00
     vertex 1.886411550396e+01 1.640564373176e+01 0.000000000000e+00
     vertex 1.819697025924e+01 1.714264487716e+01 0.000000000000e+00
   endloop
 endfacet
 facet normal 7.413682616986e-01 6.710984283590e-01 0.000000000000e+00
   outer loop
     vertex 1.819697025924e+01 1.714264487716e+01 6.000000000000e+00
     vertex 1.886411550396e+01 1.640564373176e+01 6.000000000000e+00
     vertex 1.886411550396e+01 1.640564373176e+01 0.000000000000e+00
   endloop
 endfacet
 facet normal 7.141015990967e-01 7.000420745694e-01 0.000000000000e+00
   outer loop
     vertex 1.750105186424e+01 1.785253997742e+01 6.000000000000e+00
     vertex 1.819697025924e+01 1.714264487716e+01 0.000000000000e+00
     vertex 1.750105186424e+01 1.785253997742e+01 0.000000000000e+00
   endloop
 endfacet
 facet normal 7.141015990967e-01 7.000420745694e-01 0.000000000000e+00
   outer loop
     vertex 1.750105186424e+01 1.785253997742e+01 6.000000000000e+00
     vertex 1.819697025924e+01 1.714264487716e+01 6.000000000000e+00
     vertex 1.819697025924e+01 1.714264487716e+01 0.000000000000e+00
   endloop
 endfacet
 facet normal 6.857057950864e-01 7.278788103695e-01 0.000000000000e+00
   outer loop
     vertex 1.677746070898e+01 1.853420654247e+01 6.000000000000e+00
     vertex 1.750105186424e+01 1.785253997742e+01 6.000000000000e+00
     vertex 1.750105186424e+01 1.785253997742e+01 0.000000000000e+00
   endloop
 endfacet
 facet normal 6.857057950864e-01 7.278788103695e-01 0.000000000000e+00
   outer loop
     vertex 1.677746070898e+01 1.853420654247e+01 6.000000000000e+00
     vertex 1.750105186424e+01 1.785253997742e+01 0.000000000000e+00
     vertex 1.677746070898e+01 1.853420654247e+01 0.000000000000e+00
   endloop
 endfacet
 facet normal 6.562257492704e-01 7.545646201582e-01 0.000000000000e+00
   outer loop
     vertex 1.602734093981e+01 1.918656671735e+01 6.000000000000e+00
     vertex 1.677746070898e+01 1.853420654247e+01 6.000000000000e+00
     vertex 1.677746070898e+01 1.853420654247e+01 0.000000000000e+00
   endloop
 endfacet
 facet normal 6.562257492704e-01 7.545646201582e-01 0.000000000000e+00
   outer loop
     vertex 1.602734093981e+01 1.918656671735e+01 6.000000000000e+00
     vertex 1.677746070898e+01 1.853420654247e+01 0.000000000000e+00
     vertex 1.602734093981e+01 1.918656671735e+01 0.000000000000e+00
   endloop
 endfacet
 facet normal 6.257080756606e-01 7.800573081852e-01 0.000000000000e+00
   outer loop
     vertex 1.525187865026e+01 1.980858898654e+01 6.000000000000e+00
     vertex 1.602734093981e+01 1.918656671735e+01 6.000000000000e+00
     vertex 1.602734093981e+01 1.918656671735e+01 0.000000000000e+00
   endloop
 endfacet
 facet normal 6.257080756606e-01 7.800573081852e-01 0.000000000000e+00
   outer loop
     vertex 1.525187865026e+01 1.980858898654e+01 6.000000000000e+00
     vertex 1.602734093981e+01 1.918656671735e+01 0.000000000000e+00
     vertex 1.525187865026e+01 1.980858898654e+01 0.000000000000e+00
   endloop
 endfacet
 facet normal 5.942010289717e-01 8.043165652708e-01 0.000000000000e+00
   outer loop
     vertex 1.445230000562e+01 2.039928980498e+01 6.000000000000e+00
     vertex 1.525187865026e+01 1.980858898654e+01 6.000000000000e+00
     vertex 1.525187865026e+01 1.980858898654e+01 0.000000000000e+00
   endloop
 endfacet
 facet normal 5.942010289717e-01 8.043165652708e-01 0.000000000000e+00
   outer loop
     vertex 1.445230000562e+01 2.039928980498e+01 6.000000000000e+00
     vertex 1.525187865026e+01 1.980858898654e+01 0.000000000000e+00
     vertex 1.445230000562e+01 2.039928980498e+01 0.000000000000e+00
   endloop
 endfacet
 facet normal 5.617544283208e-01 8.273040325431e-01 0.000000000000e+00
   outer loop
     vertex 1.362986930407e+01 2.095773515326e+01 6.000000000000e+00
     vertex 1.445230000562e+01 2.039928980498e+01 6.000000000000e+00
     vertex 1.445230000562e+01 2.039928980498e+01 0.000000000000e+00
   endloop
 endfacet
 facet normal 5.617544283208e-01 8.273040325431e-01 0.000000000000e+00
   outer loop
     vertex 1.362986930407e+01 2.095773515326e+01 6.000000000000e+00
     vertex 1.445230000562e+01 2.039928980498e+01 0.000000000000e+00
     vertex 1.362986930407e+01 2.095773515326e+01 0.000000000000e+00
   endloop
 endfacet
 facet normal 5.284195784526e-01 8.489833620914e-01 0.000000000000e+00
   outer loop
     vertex 1.278588697759e+01 2.148304201449e+01 6.000000000000e+00
     vertex 1.362986930407e+01 2.095773515326e+01 6.000000000000e+00
     vertex 1.362986930407e+01 2.095773515326e+01 0.000000000000e+00
   endloop
 endfacet
 facet normal 5.284195784526e-01 8.489833620914e-01 0.000000000000e+00
   outer loop
     vertex 1.278588697759e+01 2.148304201449e+01 6.000000000000e+00
     vertex 1.362986930407e+01 2.095773515326e+01 0.000000000000e+00
     vertex 1.278588697759e+01 2.148304201449e+01 0.000000000000e+00
   endloop
 endfacet
 facet normal 4.942491886167e-01 8.693202744396e-01 0.000000000000e+00
   outer loop
     vertex 1.192168753571e+01 2.197437977056e+01 6.000000000000e+00
     vertex 1.278588697759e+01 2.148304201449e+01 6.000000000000e+00
     vertex 1.278588697759e+01 2.148304201449e+01 0.000000000000e+00
   endloop
 endfacet
 facet normal 4.942491886167e-01 8.693202744396e-01 0.000000000000e+00
   outer loop
     vertex 1.192168753571e+01 2.197437977056e+01 6.000000000000e+00
     vertex 1.278588697759e+01 2.148304201449e+01 0.000000000000e+00
     vertex 1.192168753571e+01 2.197437977056e+01 0.000000000000e+00
   endloop
 endfacet
 facet normal 4.592972892230e-01 8.882826127491e-01 0.000000000000e+00
   outer loop
     vertex 1.103863745540e+01 2.243097151548e+01 6.000000000000e+00
     vertex 1.192168753571e+01 2.197437977056e+01 6.000000000000e+00
     vertex 1.192168753571e+01 2.197437977056e+01 0.000000000000e+00
   endloop
 endfacet
 facet normal 4.592972892230e-01 8.882826127491e-01 0.000000000000e+00
   outer loop
     vertex 1.103863745540e+01 2.243097151548e+01 6.000000000000e+00
     vertex 1.192168753571e+01 2.197437977056e+01 0.000000000000e+00
     vertex 1.103863745540e+01 2.243097151548e+01 0.000000000000e+00
   endloop
 endfacet
 facet normal 4.236191464085e-01 9.058403936655e-01 0.000000000000e+00
   outer loop
     vertex 1.013813302032e+01 2.285209528385e+01 6.000000000000e+00
     vertex 1.103863745540e+01 2.243097151548e+01 6.000000000000e+00
     vertex 1.103863745540e+01 2.243097151548e+01 0.000000000000e+00
   endloop
 endfacet
 facet normal 4.236191464085e-01 9.058403936655e-01 0.000000000000e+00
   outer loop
     vertex 1.013813302032e+01 2.285209528385e+01 6.000000000000e+00
     vertex 1.103863745540e+01 2.243097151548e+01 0.000000000000e+00
     vertex 1.013813302032e+01 2.285209528385e+01 0.000000000000e+00
   endloop
 endfacet
 facet normal 3.872711746506e-01 9.219658547282e-01 0.000000000000e+00
   outer loop
     vertex 9.221598113100e+00 2.323708519243e+01 6.000000000000e+00
     vertex 1.013813302032e+01 2.285209528385e+01 6.000000000000e+00
     vertex 1.013813302032e+01 2.285209528385e+01 0.000000000000e+00
   endloop
 endfacet
 facet normal 3.872711746506e-01 9.219658547282e-01 0.000000000000e+00
   outer loop
     vertex 9.221598113100e+00 2.323708519243e+01 6.000000000000e+00
     vertex 1.013813302032e+01 2.285209528385e+01 0.000000000000e+00
     vertex 9.221598113100e+00 2.323708519243e+01 0.000000000000e+00
   endloop
 endfacet
 facet normal 3.503108475638e-01 9.366334982687e-01 0.000000000000e+00
   outer loop
     vertex 8.290481963802e+00 2.358533249305e+01 6.000000000000e+00
     vertex 9.221598113100e+00 2.323708519243e+01 6.000000000000e+00
     vertex 9.221598113100e+00 2.323708519243e+01 0.000000000000e+00
   endloop
 endfacet
 facet normal 3.503108475638e-01 9.366334982687e-01 0.000000000000e+00
   outer loop
     vertex 8.290481963802e+00 2.358533249305e+01 6.000000000000e+00
     vertex 9.221598113100e+00 2.323708519243e+01 0.000000000000e+00
     vertex 8.290481963802e+00 2.358533249305e+01 0.000000000000e+00
   endloop
 endfacet
 facet normal 3.127966070222e-01 9.498201317278e-01 0.000000000000e+00
   outer loop
     vertex 7.346256858448e+00 2.389628653514e+01 6.000000000000e+00
     vertex 8.290481963802e+00 2.358533249305e+01 6.000000000000e+00
     vertex 8.290481963802e+00 2.358533249305e+01 0.000000000000e+00
   endloop
 endfacet
 facet normal 3.127966070222e-01 9.498201317278e-01 0.000000000000e+00
   outer loop
     vertex 7.346256858448e+00 2.389628653514e+01 6.000000000000e+00
     vertex 8.290481963802e+00 2.358533249305e+01 0.000000000000e+00
     vertex 7.346256858448e+00 2.389628653514e+01 0.000000000000e+00
   endloop
 endfacet
 facet normal 2.747877707510e-01 9.615049043274e-01 0.000000000000e+00
   outer loop
     vertex 6.390415811012e+00 2.416945563645e+01 6.000000000000e+00
     vertex 7.346256858448e+00 2.389628653514e+01 6.000000000000e+00
     vertex 7.346256858448e+00 2.389628653514e+01 0.000000000000e+00
   endloop
 endfacet
 facet normal 2.747877707510e-01 9.615049043274e-01 0.000000000000e+00
   outer loop
     vertex 6.390415811012e+00 2.416945563645e+01 6.000000000000e+00
     vertex 7.346256858448e+00 2.389628653514e+01 0.000000000000e+00
     vertex 6.390415811012e+00 2.416945563645e+01 0.000000000000e+00
   endloop
 endfacet
 facet normal 2.363444385329e-01 9.716693400404e-01 0.000000000000e+00
   outer loop
     vertex 5.424470202658e+00 2.440440786048e+01 6.000000000000e+00
     vertex 6.390415811012e+00 2.416945563645e+01 6.000000000000e+00
     vertex 6.390415811012e+00 2.416945563645e+01 0.000000000000e+00
   endloop
 endfacet
 facet normal 2.363444385329e-01 9.716693400404e-01 0.000000000000e+00
   outer loop
     vertex 5.424470202658e+00 2.440440786048e+01 6.000000000000e+00
     vertex 6.390415811012e+00 2.416945563645e+01 0.000000000000e+00
     vertex 5.424470202658e+00 2.440440786048e+01 0.000000000000e+00
   endloop
 endfacet
 facet normal 1.975273971780e-01 9.802973668046e-01 0.000000000000e+00
   outer loop
     vertex 4.449947391939e+00 2.460077169946e+01 6.000000000000e+00
     vertex 5.424470202658e+00 2.440440786048e+01 6.000000000000e+00
     vertex 5.424470202658e+00 2.440440786048e+01 0.000000000000e+00
   endloop
 endfacet
 facet normal 1.975273971780e-01 9.802973668046e-01 0.000000000000e+00
   outer loop
     vertex 4.449947391939e+00 2.460077169946e+01 6.000000000000e+00
     vertex 5.424470202658e+00 2.440440786048e+01 0.000000000000e+00
     vertex 4.449947391939e+00 2.460077169946e+01 0.000000000000e+00
   endloop
 endfacet
 facet normal 1.583980244072e-01 9.873753419363e-01 0.000000000000e+00
   outer loop
     vertex 3.468388299727e+00 2.475823666181e+01 6.000000000000e+00
     vertex 4.449947391939e+00 2.460077169946e+01 6.000000000000e+00
     vertex 4.449947391939e+00 2.460077169946e+01 0.000000000000e+00
   endloop
 endfacet
 facet normal 1.583980244072e-01 9.873753419363e-01 0.000000000000e+00
   outer loop
     vertex 3.468388299727e+00 2.475823666181e+01 6.000000000000e+00
     vertex 4.449947391939e+00 2.460077169946e+01 0.000000000000e+00
     vertex 3.468388299727e+00 2.475823666181e+01 0.000000000000e+00
   endloop
 endfacet
 facet normal 1.190181918019e-01 9.928920737020e-01 0.000000000000e+00
   outer loop
     vertex 2.481344972702e+00 2.487655376306e+01 6.000000000000e+00
     vertex 3.468388299727e+00 2.475823666181e+01 6.000000000000e+00
     vertex 3.468388299727e+00 2.475823666181e+01 0.000000000000e+00
   endloop
 endfacet
 facet normal 1.190181918019e-01 9.928920737020e-01 0.000000000000e+00
   outer loop
     vertex 2.481344972702e+00 2.487655376306e+01 6.000000000000e+00
     vertex 3.468388299727e+00 2.475823666181e+01 0.000000000000e+00
     vertex 2.481344972702e+00 2.487655376306e+01 0.000000000000e+00
   endloop
 endfacet
 facet normal 7.945016697172e-02 9.968388390147e-01 0.000000000000e+00
   outer loop
     vertex 1.490378129246e+00 2.495553591955e+01 6.000000000000e+00
     vertex 2.481344972702e+00 2.487655376306e+01 6.000000000000e+00
     vertex 2.481344972702e+00 2.487655376306e+01 0.000000000000e+00
   endloop
 endfacet
 facet normal 7.945016697172e-02 9.968388390147e-01 0.000000000000e+00
   outer loop
     vertex 1.490378129246e+00 2.495553591955e+01 6.000000000000e+00
     vertex 2.481344972702e+00 2.487655376306e+01 0.000000000000e+00
     vertex 1.490378129246e+00 2.495553591955e+01 0.000000000000e+00
   endloop
 endfacet
 facet normal 3.975651509693e-02 9.992093972273e-01 0.000000000000e+00
   outer loop
     vertex 4.970546916268e-01 2.499505824425e+01 6.000000000000e+00
     vertex 1.490378129246e+00 2.495553591955e+01 6.000000000000e+00
     vertex 1.490378129246e+00 2.495553591955e+01 0.000000000000e+00
   endloop
 endfacet
 facet normal 3.975651509693e-02 9.992093972273e-01 0.000000000000e+00
   outer loop
     vertex 4.970546916268e-01 2.499505824425e+01 6.000000000000e+00
     vertex 1.490378129246e+00 2.495553591955e+01 0.000000000000e+00
     vertex 4.970546916268e-01 2.499505824425e+01 0.000000000000e+00
   endloop
 endfacet
 facet normal -0.000000000000e+00 1.000000000000e+00 0.000000000000e+00
   outer loop
     vertex -4.970546916267e-01 2.499505824425e+01 6.000000000000e+00
     vertex 4.970546916268e-01 2.499505824425e+01 6.000000000000e+00
     vertex 4.970546916268e-01 2.499505824425e+01 0.000000000000e+00
   endloop
 endfacet
 facet normal 0.000000000000e+00 1.000000000000e+00 0.000000000000e+00
   outer loop
     vertex -4.970546916267e-01 2.499505824425e+01 6.000000000000e+00
     vertex 4.970546916268e-01 2.499505824425e+01 0.000000000000e+00
     vertex -4.970546916267e-01 2.499505824425e+01 0.000000000000e+00
   endloop
 endfacet
 facet normal -3.975651509692e-02 9.992093972273e-01 0.000000000000e+00
   outer loop
     vertex -1.490378129245e+00 2.495553591955e+01 6.000000000000e+00
     vertex -4.970546916267e-01 2.499505824425e+01 6.000000000000e+00
     vertex -4.970546916267e-01 2.499505824425e+01 0.000000000000e+00
   endloop
 endfacet
 facet normal -3.975651509692e-02 9.992093972273e-01 0.000000000000e+00
   outer loop
     vertex -1.490378129245e+00 2.495553591955e+01 6.000000000000e+00
     vertex -4.970546916267e-01 2.499505824425e+01 0.000000000000e+00
     vertex -1.490378129245e+00 2.495553591955e+01 0.000000000000e+00
   endloop
 endfacet
 facet normal -7.945016697172e-02 9.968388390147e-01 0.000000000000e+00
   outer loop
     vertex -2.481344972702e+00 2.487655376306e+01 6.000000000000e+00
     vertex -1.490378129245e+00 2.495553591955e+01 6.000000000000e+00
     vertex -1.490378129245e+00 2.495553591955e+01 0.000000000000e+00
   endloop
 endfacet
 facet normal -7.945016697172e-02 9.968388390147e-01 0.000000000000e+00
   outer loop
     vertex -2.481344972702e+00 2.487655376306e+01 6.000000000000e+00
     vertex -1.490378129245e+00 2.495553591955e+01 0.000000000000e+00
     vertex -2.481344972702e+00 2.487655376306e+01 0.000000000000e+00
   endloop
 endfacet
 facet normal -1.190181918019e-01 9.928920737020e-01 0.000000000000e+00
   outer loop
     vertex -3.468388299727e+00 2.475823666181e+01 6.000000000000e+00
     vertex -2.481344972702e+00 2.487655376306e+01 0.000000000000e+00
     vertex -3.468388299727e+00 2.475823666181e+01 0.000000000000e+00
   endloop
 endfacet
 facet normal -1.190181918019e-01 9.928920737020e-01 0.000000000000e+00
   outer loop
     vertex -3.468388299727e+00 2.475823666181e+01 6.000000000000e+00
     vertex -2.481344972702e+00 2.487655376306e+01 6.000000000000e+00
     vertex -2.481344972702e+00 2.487655376306e+01 0.000000000000e+00
   endloop
 endfacet
 facet normal -1.583980244072e-01 9.873753419363e-01 0.000000000000e+00
   outer loop
     vertex -4.449947391939e+00 2.460077169946e+01 6.000000000000e+00
     vertex -3.468388299727e+00 2.475823666181e+01 0.000000000000e+00
     vertex -4.449947391939e+00 2.460077169946e+01 0.000000000000e+00
   endloop
 endfacet
 facet normal -1.583980244072e-01 9.873753419363e-01 0.000000000000e+00
   outer loop
     vertex -4.449947391939e+00 2.460077169946e+01 6.000000000000e+00
     vertex -3.468388299727e+00 2.475823666181e+01 6.000000000000e+00
     vertex -3.468388299727e+00 2.475823666181e+01 0.000000000000e+00
   endloop
 endfacet
 facet normal -1.975273971780e-01 9.802973668046e-01 0.000000000000e+00
   outer loop
     vertex -5.424470202658e+00 2.440440786048e+01 6.000000000000e+00
     vertex -4.449947391939e+00 2.460077169946e+01 0.000000000000e+00
     vertex -5.424470202658e+00 2.440440786048e+01 0.000000000000e+00
   endloop
 endfacet
 facet normal -1.975273971780e-01 9.802973668046e-01 0.000000000000e+00
   outer loop
     vertex -5.424470202658e+00 2.440440786048e+01 6.000000000000e+00
     vertex -4.449947391939e+00 2.460077169946e+01 6.000000000000e+00
     vertex -4.449947391939e+00 2.460077169946e+01 0.000000000000e+00
   endloop
 endfacet
 facet normal -2.363444385329e-01 9.716693400404e-01 0.000000000000e+00
   outer loop
     vertex -6.390415811012e+00 2.416945563645e+01 6.000000000000e+00
     vertex -5.424470202658e+00 2.440440786048e+01 0.000000000000e+00
     vertex -6.390415811012e+00 2.416945563645e+01 0.000000000000e+00
   endloop
 endfacet
 facet normal -2.363444385329e-01 9.716693400404e-01 0.000000000000e+00
   outer loop
     vertex -6.390415811012e+00 2.416945563645e+01 6.000000000000e+00
     vertex -5.424470202658e+00 2.440440786048e+01 6.000000000000e+00
     vertex -5.424470202658e+00 2.440440786048e+01 0.000000000000e+00
   endloop
 endfacet
 facet normal -2.747877707510e-01 9.615049043274e-01 0.000000000000e+00
   outer loop
     vertex -7.346256858448e+00 2.389628653514e+01 6.000000000000e+00
     vertex -6.390415811012e+00 2.416945563645e+01 6.000000000000e+00
     vertex -6.390415811012e+00 2.416945563645e+01 0.000000000000e+00
   endloop
 endfacet
 facet normal -2.747877707510e-01 9.615049043274e-01 0.000000000000e+00
   outer loop
     vertex -7.346256858448e+00 2.389628653514e+01 6.000000000000e+00
     vertex -6.390415811012e+00 2.416945563645e+01 0.000000000000e+00
     vertex -7.346256858448e+00 2.389628653514e+01 0.000000000000e+00
   endloop
 endfacet
 facet normal -3.127966070222e-01 9.498201317278e-01 0.000000000000e+00
   outer loop
     vertex -8.290481963802e+00 2.358533249305e+01 6.000000000000e+00
     vertex -7.346256858448e+00 2.389628653514e+01 0.000000000000e+00
     vertex -8.290481963802e+00 2.358533249305e+01 0.000000000000e+00
   endloop
 endfacet
 facet normal -3.127966070222e-01 9.498201317278e-01 0.000000000000e+00
   outer loop
     vertex -8.290481963802e+00 2.358533249305e+01 6.000000000000e+00
     vertex -7.346256858448e+00 2.389628653514e+01 6.000000000000e+00
     vertex -7.346256858448e+00 2.389628653514e+01 0.000000000000e+00
   endloop
 endfacet
 facet normal -3.503108475638e-01 9.366334982687e-01 0.000000000000e+00
   outer loop
     vertex -9.221598113100e+00 2.323708519243e+01 6.000000000000e+00
     vertex -8.290481963802e+00 2.358533249305e+01 0.000000000000e+00
     vertex -9.221598113100e+00 2.323708519243e+01 0.000000000000e+00
   endloop
 endfacet
 facet normal -3.503108475638e-01 9.366334982687e-01 0.000000000000e+00
   outer loop
     vertex -9.221598113100e+00 2.323708519243e+01 6.000000000000e+00
     vertex -8.290481963802e+00 2.358533249305e+01 6.000000000000e+00
     vertex -8.290481963802e+00 2.358533249305e+01 0.000000000000e+00
   endloop
 endfacet
 facet normal -3.872711746506e-01 9.219658547282e-01 0.000000000000e+00
   outer loop
     vertex -1.013813302032e+01 2.285209528385e+01 6.000000000000e+00
     vertex -9.221598113100e+00 2.323708519243e+01 0.000000000000e+00
     vertex -1.013813302032e+01 2.285209528385e+01 0.000000000000e+00
   endloop
 endfacet
 facet normal -3.872711746506e-01 9.219658547282e-01 0.000000000000e+00
   outer loop
     vertex -1.013813302032e+01 2.285209528385e+01 6.000000000000e+00
     vertex -9.221598113100e+00 2.323708519243e+01 6.000000000000e+00
     vertex -9.221598113100e+00 2.323708519243e+01 0.000000000000e+00
   endloop
 endfacet
 facet normal -4.236191464085e-01 9.058403936655e-01 0.000000000000e+00
   outer loop
     vertex -1.103863745540e+01 2.243097151548e+01 6.000000000000e+00
     vertex -1.013813302032e+01 2.285209528385e+01 0.000000000000e+00
     vertex -1.103863745540e+01 2.243097151548e+01 0.000000000000e+00
   endloop
 endfacet
 facet normal -4.592972892230e-01 8.882826127491e-01 0.000000000000e+00
   outer loop
     vertex -1.103863745540e+01 2.243097151548e+01 6.000000000000e+00
     vertex -1.103863745540e+01 2.243097151548e+01 0.000000000000e+00
     vertex -1.192168753571e+01 2.197437977056e+01 0.000000000000e+00
   endloop
 endfacet
 facet normal -4.236191464085e-01 9.058403936655e-01 0.000000000000e+00
   outer loop
     vertex -1.103863745540e+01 2.243097151548e+01 6.000000000000e+00
     vertex -1.013813302032e+01 2.285209528385e+01 6.000000000000e+00
     vertex -1.013813302032e+01 2.285209528385e+01 0.000000000000e+00
   endloop
 endfacet
 facet normal -4.592972892230e-01 8.882826127491e-01 0.000000000000e+00
   outer loop
     vertex -1.192168753571e+01 2.197437977056e+01 6.000000000000e+00
     vertex -1.103863745540e+01 2.243097151548e+01 6.000000000000e+00
     vertex -1.192168753571e+01 2.197437977056e+01 0.000000000000e+00
   endloop
 endfacet
 facet normal -4.942491886167e-01 8.693202744396e-01 0.000000000000e+00
   outer loop
     vertex -1.278588697759e+01 2.148304201449e+01 6.000000000000e+00
     vertex -1.192168753571e+01 2.197437977056e+01 0.000000000000e+00
     vertex -1.278588697759e+01 2.148304201449e+01 0.000000000000e+00
   endloop
 endfacet
 facet normal -5.284195784526e-01 8.489833620914e-01 0.000000000000e+00
   outer loop
     vertex -1.278588697759e+01 2.148304201449e+01 6.000000000000e+00
     vertex -1.278588697759e+01 2.148304201449e+01 0.000000000000e+00
     vertex -1.362986930407e+01 2.095773515326e+01 0.000000000000e+00
   endloop
 endfacet
 facet normal -4.942491886167e-01 8.693202744396e-01 0.000000000000e+00
   outer loop
     vertex -1.278588697759e+01 2.148304201449e+01 6.000000000000e+00
     vertex -1.192168753571e+01 2.197437977056e+01 6.000000000000e+00
     vertex -1.192168753571e+01 2.197437977056e+01 0.000000000000e+00
   endloop
 endfacet
 facet normal -5.284195784526e-01 8.489833620914e-01 0.000000000000e+00
   outer loop
     vertex -1.362986930407e+01 2.095773515326e+01 6.000000000000e+00
     vertex -1.278588697759e+01 2.148304201449e+01 6.000000000000e+00
     vertex -1.362986930407e+01 2.095773515326e+01 0.000000000000e+00
   endloop
 endfacet
 facet normal -5.617544283208e-01 8.273040325431e-01 0.000000000000e+00
   outer loop
     vertex -1.445230000562e+01 2.039928980498e+01 6.000000000000e+00
     vertex -1.362986930407e+01 2.095773515326e+01 0.000000000000e+00
     vertex -1.445230000562e+01 2.039928980498e+01 0.000000000000e+00
   endloop
 endfacet
 facet normal -5.617544283208e-01 8.273040325431e-01 0.000000000000e+00
   outer loop
     vertex -1.445230000562e+01 2.039928980498e+01 6.000000000000e+00
     vertex -1.362986930407e+01 2.095773515326e+01 6.000000000000e+00
     vertex -1.362986930407e+01 2.095773515326e+01 0.000000000000e+00
   endloop
 endfacet
 facet normal -5.942010289717e-01 8.043165652708e-01 0.000000000000e+00
   outer loop
     vertex -1.525187865026e+01 1.980858898654e+01 6.000000000000e+00
     vertex -1.445230000562e+01 2.039928980498e+01 0.000000000000e+00
     vertex -1.525187865026e+01 1.980858898654e+01 0.000000000000e+00
   endloop
 endfacet
 facet normal -5.942010289717e-01 8.043165652708e-01 0.000000000000e+00
   outer loop
     vertex -1.525187865026e+01 1.980858898654e+01 6.000000000000e+00
     vertex -1.445230000562e+01 2.039928980498e+01 6.000000000000e+00
     vertex -1.445230000562e+01 2.039928980498e+01 0.000000000000e+00
   endloop
 endfacet
 facet normal -6.257080756606e-01 7.800573081852e-01 0.000000000000e+00
   outer loop
     vertex -1.602734093981e+01 1.918656671735e+01 6.000000000000e+00
     vertex -1.525187865026e+01 1.980858898654e+01 0.000000000000e+00
     vertex -1.602734093981e+01 1.918656671735e+01 0.000000000000e+00
   endloop
 endfacet
 facet normal -6.257080756606e-01 7.800573081852e-01 0.000000000000e+00
   outer loop
     vertex -1.602734093981e+01 1.918656671735e+01 6.000000000000e+00
     vertex -1.525187865026e+01 1.980858898654e+01 6.000000000000e+00
     vertex -1.525187865026e+01 1.980858898654e+01 0.000000000000e+00
   endloop
 endfacet
 facet normal -6.562257492704e-01 7.545646201582e-01 0.000000000000e+00
   outer loop
     vertex -1.677746070898e+01 1.853420654247e+01 6.000000000000e+00
     vertex -1.602734093981e+01 1.918656671735e+01 0.000000000000e+00
     vertex -1.677746070898e+01 1.853420654247e+01 0.000000000000e+00
   endloop
 endfacet
 facet normal -6.857057950864e-01 7.278788103695e-01 0.000000000000e+00
   outer loop
     vertex -1.677746070898e+01 1.853420654247e+01 6.000000000000e+00
     vertex -1.677746070898e+01 1.853420654247e+01 0.000000000000e+00
     vertex -1.750105186424e+01 1.785253997742e+01 0.000000000000e+00
   endloop
 endfacet
 facet normal -6.562257492704e-01 7.545646201582e-01 0.000000000000e+00
   outer loop
     vertex -1.677746070898e+01 1.853420654247e+01 6.000000000000e+00
     vertex -1.602734093981e+01 1.918656671735e+01 6.000000000000e+00
     vertex -1.602734093981e+01 1.918656671735e+01 0.000000000000e+00
   endloop
 endfacet
 facet normal -6.857057950864e-01 7.278788103695e-01 0.000000000000e+00
   outer loop
     vertex -1.750105186424e+01 1.785253997742e+01 6.000000000000e+00
     vertex -1.677746070898e+01 1.853420654247e+01 6.000000000000e+00
     vertex -1.750105186424e+01 1.785253997742e+01 0.000000000000e+00
   endloop
 endfacet
 facet normal -7.141015990968e-01 7.000420745694e-01 0.000000000000e+00
   outer loop
     vertex -1.819697025924e+01 1.714264487716e+01 6.000000000000e+00
     vertex -1.750105186424e+01 1.785253997742e+01 0.000000000000e+00
     vertex -1.819697025924e+01 1.714264487716e+01 0.000000000000e+00
   endloop
 endfacet
 facet normal -7.141015990968e-01 7.000420745694e-01 0.000000000000e+00
   outer loop
     vertex -1.819697025924e+01 1.714264487716e+01 6.000000000000e+00
     vertex -1.750105186424e+01 1.785253997742e+01 6.000000000000e+00
     vertex -1.750105186424e+01 1.785253997742e+01 0.000000000000e+00
   endloop
 endfacet
 facet normal -7.413682616986e-01 6.710984283590e-01 0.000000000000e+00
   outer loop
     vertex -1.886411550396e+01 1.640564373176e+01 6.000000000000e+00
     vertex -1.819697025924e+01 1.714264487716e+01 0.000000000000e+00
     vertex -1.886411550396e+01 1.640564373176e+01 0.000000000000e+00
   endloop
 endfacet
 facet normal -7.674626686939e-01 6.410936375922e-01 0.000000000000e+00
   outer loop
     vertex -1.886411550396e+01 1.640564373176e+01 6.000000000000e+00
     vertex -1.886411550396e+01 1.640564373176e+01 0.000000000000e+00
     vertex -1.950143270463e+01 1.564270189151e+01 0.000000000000e+00
   endloop
 endfacet
 facet normal -7.413682616986e-01 6.710984283590e-01 0.000000000000e+00
   outer loop
     vertex -1.886411550396e+01 1.640564373176e+01 6.000000000000e+00
     vertex -1.819697025924e+01 1.714264487716e+01 6.000000000000e+00
     vertex -1.819697025924e+01 1.714264487716e+01 0.000000000000e+00
   endloop
 endfacet
 facet normal -7.674626686939e-01 6.410936375922e-01 0.000000000000e+00
   outer loop
     vertex -1.950143270463e+01 1.564270189151e+01 6.000000000000e+00
     vertex -1.886411550396e+01 1.640564373176e+01 6.000000000000e+00
     vertex -1.950143270463e+01 1.564270189151e+01 0.000000000000e+00
   endloop
 endfacet
 facet normal -7.923435594616e-01 6.100751460105e-01 0.000000000000e+00
   outer loop
     vertex -2.010791413177e+01 1.485502572429e+01 6.000000000000e+00
     vertex -1.950143270463e+01 1.564270189151e+01 0.000000000000e+00
     vertex -2.010791413177e+01 1.485502572429e+01 0.000000000000e+00
   endloop
 endfacet
 facet normal -7.923435594616e-01 6.100751460105e-01 0.000000000000e+00
   outer loop
     vertex -2.010791413177e+01 1.485502572429e+01 6.000000000000e+00
     vertex -1.950143270463e+01 1.564270189151e+01 6.000000000000e+00
     vertex -1.950143270463e+01 1.564270189151e+01 0.000000000000e+00
   endloop
 endfacet
 facet normal -8.159715921992e-01 5.780920002248e-01 0.000000000000e+00
   outer loop
     vertex -2.068260081358e+01 1.404386070802e+01 6.000000000000e+00
     vertex -2.010791413177e+01 1.485502572429e+01 0.000000000000e+00
     vertex -2.068260081358e+01 1.404386070802e+01 0.000000000000e+00
   endloop
 endfacet
 facet normal -8.383094061303e-01 5.451947721627e-01 0.000000000000e+00
   outer loop
     vertex -2.068260081358e+01 1.404386070802e+01 6.000000000000e+00
     vertex -2.068260081358e+01 1.404386070802e+01 0.000000000000e+00
     vertex -2.122458405228e+01 1.321048946132e+01 0.000000000000e+00
   endloop
 endfacet
 facet normal -8.159715921992e-01 5.780920002248e-01 0.000000000000e+00
   outer loop
     vertex -2.068260081358e+01 1.404386070802e+01 6.000000000000e+00
     vertex -2.010791413177e+01 1.485502572429e+01 6.000000000000e+00
     vertex -2.010791413177e+01 1.485502572429e+01 0.000000000000e+00
   endloop
 endfacet
 facet normal -8.593216805797e-01 5.114354791034e-01 0.000000000000e+00
   outer loop
     vertex -2.122458405228e+01 1.321048946132e+01 6.000000000000e+00
     vertex -2.122458405228e+01 1.321048946132e+01 0.000000000000e+00
     vertex -2.173300686099e+01 1.235622971542e+01 0.000000000000e+00
   endloop
 endfacet
 facet normal -8.383094061303e-01 5.451947721627e-01 0.000000000000e+00
   outer loop
     vertex -2.122458405228e+01 1.321048946132e+01 6.000000000000e+00
     vertex -2.068260081358e+01 1.404386070802e+01 6.000000000000e+00
     vertex -2.122458405228e+01 1.321048946132e+01 0.000000000000e+00
   endloop
 endfacet
 facet normal -8.593216805797e-01 5.114354791034e-01 0.000000000000e+00
   outer loop
     vertex -2.173300686099e+01 1.235622971542e+01 6.000000000000e+00
     vertex -2.122458405228e+01 1.321048946132e+01 6.000000000000e+00
     vertex -2.173300686099e+01 1.235622971542e+01 0.000000000000e+00
   endloop
 endfacet
 facet normal -8.789751908224e-01 4.768675014285e-01 0.000000000000e+00
   outer loop
     vertex -2.220706531873e+01 1.148243223057e+01 6.000000000000e+00
     vertex -2.173300686099e+01 1.235622971542e+01 0.000000000000e+00
     vertex -2.220706531873e+01 1.148243223057e+01 0.000000000000e+00
   endloop
 endfacet
 facet normal -8.789751908224e-01 4.768675014285e-01 0.000000000000e+00
   outer loop
     vertex -2.220706531873e+01 1.148243223057e+01 6.000000000000e+00
     vertex -2.173300686099e+01 1.235622971542e+01 6.000000000000e+00
     vertex -2.173300686099e+01 1.235622971542e+01 0.000000000000e+00
   endloop
 endfacet
 facet normal -8.972388606192e-01 4.415454982159e-01 0.000000000000e+00
   outer loop
     vertex -2.264600984164e+01 1.059047866021e+01 6.000000000000e+00
     vertex -2.220706531873e+01 1.148243223057e+01 0.000000000000e+00
     vertex -2.264600984164e+01 1.059047866021e+01 0.000000000000e+00
   endloop
 endfacet
 facet normal -9.140838113540e-01 4.055253208130e-01 0.000000000000e+00
   outer loop
     vertex -2.264600984164e+01 1.059047866021e+01 6.000000000000e+00
     vertex -2.264600984164e+01 1.059047866021e+01 0.000000000000e+00
     vertex -2.304914636821e+01 9.681779366266e+00 0.000000000000e+00
   endloop
 endfacet
 facet normal -8.972388606192e-01 4.415454982159e-01 0.000000000000e+00
   outer loop
     vertex -2.264600984164e+01 1.059047866021e+01 6.000000000000e+00
     vertex -2.220706531873e+01 1.148243223057e+01 6.000000000000e+00
     vertex -2.220706531873e+01 1.148243223057e+01 0.000000000000e+00
   endloop
 endfacet
 facet normal -9.294834076974e-01 3.688639245240e-01 0.000000000000e+00
   outer loop
     vertex -2.304914636821e+01 9.681779366266e+00 6.000000000000e+00
     vertex -2.304914636821e+01 9.681779366266e+00 0.000000000000e+00
     vertex -2.341583745672e+01 8.757771189096e+00 0.000000000000e+00
   endloop
 endfacet
 facet normal -9.140838113540e-01 4.055253208130e-01 0.000000000000e+00
   outer loop
     vertex -2.304914636821e+01 9.681779366266e+00 6.000000000000e+00
     vertex -2.264600984164e+01 1.059047866021e+01 6.000000000000e+00
     vertex -2.304914636821e+01 9.681779366266e+00 0.000000000000e+00
   endloop
 endfacet
 facet normal -9.294834076974e-01 3.688639245240e-01 0.000000000000e+00
   outer loop
     vertex -2.341583745672e+01 8.757771189096e+00 6.000000000000e+00
     vertex -2.304914636821e+01 9.681779366266e+00 6.000000000000e+00
     vertex -2.341583745672e+01 8.757771189096e+00 0.000000000000e+00
   endloop
 endfacet
 facet normal -9.434132997221e-01 3.316192785521e-01 0.000000000000e+00
   outer loop
     vertex -2.374550329319e+01 7.819915175556e+00 6.000000000000e+00
     vertex -2.341583745672e+01 8.757771189096e+00 6.000000000000e+00
     vertex -2.341583745672e+01 8.757771189096e+00 0.000000000000e+00
   endloop
 endfacet
 facet normal -9.434132997221e-01 3.316192785521e-01 0.000000000000e+00
   outer loop
     vertex -2.374550329319e+01 7.819915175556e+00 6.000000000000e+00
     vertex -2.341583745672e+01 8.757771189096e+00 0.000000000000e+00
     vertex -2.374550329319e+01 7.819915175556e+00 0.000000000000e+00
   endloop
 endfacet
 facet normal -9.558514614058e-01 2.938502743379e-01 0.000000000000e+00
   outer loop
     vertex -2.403762260819e+01 6.869694268776e+00 6.000000000000e+00
     vertex -2.374550329319e+01 7.819915175556e+00 6.000000000000e+00
     vertex -2.374550329319e+01 7.819915175556e+00 0.000000000000e+00
   endloop
 endfacet
 facet normal -9.558514614058e-01 2.938502743379e-01 0.000000000000e+00
   outer loop
     vertex -2.403762260819e+01 6.869694268776e+00 6.000000000000e+00
     vertex -2.374550329319e+01 7.819915175556e+00 0.000000000000e+00
     vertex -2.403762260819e+01 6.869694268776e+00 0.000000000000e+00
   endloop
 endfacet
 facet normal -9.667782254580e-01 2.556166324405e-01 0.000000000000e+00
   outer loop
     vertex -2.403762260819e+01 6.869694268776e+00 6.000000000000e+00
     vertex -2.403762260819e+01 6.869694268776e+00 0.000000000000e+00
     vertex -2.429173350101e+01 5.908610963323e+00 0.000000000000e+00
   endloop
 endfacet
 facet normal -9.667782254580e-01 2.556166324405e-01 0.000000000000e+00
   outer loop
     vertex -2.429173350101e+01 5.908610963323e+00 6.000000000000e+00
     vertex -2.403762260819e+01 6.869694268776e+00 6.000000000000e+00
     vertex -2.429173350101e+01 5.908610963323e+00 0.000000000000e+00
   endloop
 endfacet
 facet normal -9.761763144191e-01 2.169788081063e-01 0.000000000000e+00
   outer loop
     vertex -2.450743417012e+01 4.938184929449e+00 6.000000000000e+00
     vertex -2.429173350101e+01 5.908610963323e+00 6.000000000000e+00
     vertex -2.429173350101e+01 5.908610963323e+00 0.000000000000e+00
   endloop
 endfacet
 facet normal -9.761763144191e-01 2.169788081063e-01 0.000000000000e+00
   outer loop
     vertex -2.450743417012e+01 4.938184929449e+00 6.000000000000e+00
     vertex -2.429173350101e+01 5.908610963323e+00 0.000000000000e+00
     vertex -2.450743417012e+01 4.938184929449e+00 0.000000000000e+00
   endloop
 endfacet
 facet normal -9.840308679784e-01 1.779978956775e-01 0.000000000000e+00
   outer loop
     vertex -2.468438354841e+01 3.959950610180e+00 6.000000000000e+00
     vertex -2.450743417012e+01 4.938184929449e+00 6.000000000000e+00
     vertex -2.450743417012e+01 4.938184929449e+00 0.000000000000e+00
   endloop
 endfacet
 facet normal -9.840308679784e-01 1.779978956775e-01 0.000000000000e+00
   outer loop
     vertex -2.468438354841e+01 3.959950610180e+00 6.000000000000e+00
     vertex -2.450743417012e+01 4.938184929449e+00 0.000000000000e+00
     vertex -2.468438354841e+01 3.959950610180e+00 0.000000000000e+00
   endloop
 endfacet
 facet normal -9.903294664725e-01 1.387355319891e-01 0.000000000000e+00
   outer loop
     vertex -2.482230184255e+01 2.975454795048e+00 6.000000000000e+00
     vertex -2.468438354841e+01 3.959950610180e+00 6.000000000000e+00
     vertex -2.468438354841e+01 3.959950610180e+00 0.000000000000e+00
   endloop
 endfacet
 facet normal -9.903294664725e-01 1.387355319891e-01 0.000000000000e+00
   outer loop
     vertex -2.482230184255e+01 2.975454795048e+00 6.000000000000e+00
     vertex -2.468438354841e+01 3.959950610180e+00 0.000000000000e+00
     vertex -2.482230184255e+01 2.975454795048e+00 0.000000000000e+00
   endloop
 endfacet
 facet normal -9.950621505224e-01 9.925379890806e-02 0.000000000000e+00
   outer loop
     vertex -2.482230184255e+01 2.975454795048e+00 6.000000000000e+00
     vertex -2.482230184255e+01 2.975454795048e+00 0.000000000000e+00
     vertex -2.492097097537e+01 1.986254174293e+00 0.000000000000e+00
   endloop
 endfacet
 facet normal -9.950621505224e-01 9.925379890806e-02 0.000000000000e+00
   outer loop
     vertex -2.492097097537e+01 1.986254174293e+00 6.000000000000e+00
     vertex -2.482230184255e+01 2.975454795048e+00 6.000000000000e+00
     vertex -2.492097097537e+01 1.986254174293e+00 0.000000000000e+00
   endloop
 endfacet
 facet normal -9.982214367819e-01 5.961512516982e-02 0.000000000000e+00
   outer loop
     vertex -2.498023493068e+01 9.939128774231e-01 6.000000000000e+00
     vertex -2.492097097537e+01 1.986254174293e+00 6.000000000000e+00
     vertex -2.492097097537e+01 1.986254174293e+00 0.000000000000e+00
   endloop
 endfacet
 facet normal -9.982214367819e-01 5.961512516982e-02 0.000000000000e+00
   outer loop
     vertex -2.498023493068e+01 9.939128774231e-01 6.000000000000e+00
     vertex -2.492097097537e+01 1.986254174293e+00 0.000000000000e+00
     vertex -2.498023493068e+01 9.939128774231e-01 0.000000000000e+00
   endloop
 endfacet
 facet normal -9.998023297701e-01 1.988218766507e-02 0.000000000000e+00
   outer loop
     vertex -2.500000000000e+01 -5.244953423339e-14 6.000000000000e+00
     vertex -2.498023493068e+01 9.939128774231e-01 6.000000000000e+00
     vertex -2.498023493068e+01 9.939128774231e-01 0.000000000000e+00
   endloop
 endfacet
 facet normal -9.998023297701e-01 1.988218766507e-02 0.000000000000e+00
   outer loop
     vertex -2.500000000000e+01 -5.244953423339e-14 6.000000000000e+00
     vertex -2.498023493068e+01 9.939128774231e-01 0.000000000000e+00
     vertex -2.500000000000e+01 -5.244953423339e-14 0.000000000000e+00
   endloop
 endfacet
 facet normal -9.998023297701e-01 -1.988218766507e-02 -0.000000000000e+00
   outer loop
     vertex -2.498023493068e+01 -9.939128774232e-01 6.000000000000e+00
     vertex -2.500000000000e+01 -5.244953423339e-14 0.000000000000e+00
     vertex -2.498023493068e+01 -9.939128774232e-01 0.000000000000e+00
   endloop
 endfacet
 facet normal -9.998023297701e-01 -1.988218766507e-02 0.000000000000e+00
   outer loop
     vertex -2.498023493068e+01 -9.939128774232e-01 6.000000000000e+00
     vertex -2.500000000000e+01 -5.244953423339e-14 6.000000000000e+00
     vertex -2.500000000000e+01 -5.244953423339e-14 0.000000000000e+00
   endloop
 endfacet
 facet normal -9.982214367819e-01 -5.961512516982e-02 -0.000000000000e+00
   outer loop
     vertex -2.498023493068e+01 -9.939128774232e-01 6.000000000000e+00
     vertex -2.498023493068e+01 -9.939128774232e-01 0.000000000000e+00
     vertex -2.492097097537e+01 -1.986254174293e+00 0.000000000000e+00
   endloop
 endfacet
 facet normal -9.982214367819e-01 -5.961512516982e-02 -0.000000000000e+00
   outer loop
     vertex -2.492097097537e+01 -1.986254174293e+00 6.000000000000e+00
     vertex -2.498023493068e+01 -9.939128774232e-01 6.000000000000e+00
     vertex -2.492097097537e+01 -1.986254174293e+00 0.000000000000e+00
   endloop
 endfacet
 facet normal -9.950621505224e-01 -9.925379890806e-02 -0.000000000000e+00
   outer loop
     vertex -2.482230184255e+01 -2.975454795048e+00 6.000000000000e+00
     vertex -2.492097097537e+01 -1.986254174293e+00 0.000000000000e+00
     vertex -2.482230184255e+01 -2.975454795048e+00 0.000000000000e+00
   endloop
 endfacet
 facet normal -9.950621505224e-01 -9.925379890806e-02 0.000000000000e+00
   outer loop
     vertex -2.482230184255e+01 -2.975454795048e+00 6.000000000000e+00
     vertex -2.492097097537e+01 -1.986254174293e+00 6.000000000000e+00
     vertex -2.492097097537e+01 -1.986254174293e+00 0.000000000000e+00
   endloop
 endfacet
 facet normal -9.903294664725e-01 -1.387355319891e-01 -0.000000000000e+00
   outer loop
     vertex -2.468438354841e+01 -3.959950610180e+00 6.000000000000e+00
     vertex -2.482230184255e+01 -2.975454795048e+00 0.000000000000e+00
     vertex -2.468438354841e+01 -3.959950610180e+00 0.000000000000e+00
   endloop
 endfacet
 facet normal -9.903294664725e-01 -1.387355319891e-01 0.000000000000e+00
   outer loop
     vertex -2.468438354841e+01 -3.959950610180e+00 6.000000000000e+00
     vertex -2.482230184255e+01 -2.975454795048e+00 6.000000000000e+00
     vertex -2.482230184255e+01 -2.975454795048e+00 0.000000000000e+00
   endloop
 endfacet
 facet normal -9.840308679784e-01 -1.779978956776e-01 -0.000000000000e+00
   outer loop
     vertex -2.450743417012e+01 -4.938184929449e+00 6.000000000000e+00
     vertex -2.468438354841e+01 -3.959950610180e+00 0.000000000000e+00
     vertex -2.450743417012e+01 -4.938184929449e+00 0.000000000000e+00
   endloop
 endfacet
 facet normal -9.761763144190e-01 -2.169788081063e-01 -0.000000000000e+00
   outer loop
     vertex -2.450743417012e+01 -4.938184929449e+00 6.000000000000e+00
     vertex -2.450743417012e+01 -4.938184929449e+00 0.000000000000e+00
     vertex -2.429173350101e+01 -5.908610963323e+00 0.000000000000e+00
   endloop
 endfacet
 facet normal -9.840308679784e-01 -1.779978956776e-01 0.000000000000e+00
   outer loop
     vertex -2.450743417012e+01 -4.938184929449e+00 6.000000000000e+00
     vertex -2.468438354841e+01 -3.959950610180e+00 6.000000000000e+00
     vertex -2.468438354841e+01 -3.959950610180e+00 0.000000000000e+00
   endloop
 endfacet
 facet normal -9.761763144190e-01 -2.169788081063e-01 -0.000000000000e+00
   outer loop
     vertex -2.429173350101e+01 -5.908610963323e+00 6.000000000000e+00
     vertex -2.450743417012e+01 -4.938184929449e+00 6.000000000000e+00
     vertex -2.429173350101e+01 -5.908610963323e+00 0.000000000000e+00
   endloop
 endfacet
 facet normal -9.667782254580e-01 -2.556166324405e-01 -0.000000000000e+00
   outer loop
     vertex -2.403762260819e+01 -6.869694268776e+00 6.000000000000e+00
     vertex -2.429173350101e+01 -5.908610963323e+00 0.000000000000e+00
     vertex -2.403762260819e+01 -6.869694268776e+00 0.000000000000e+00
   endloop
 endfacet
 facet normal -9.667782254580e-01 -2.556166324405e-01 0.000000000000e+00
   outer loop
     vertex -2.403762260819e+01 -6.869694268776e+00 6.000000000000e+00
     vertex -2.429173350101e+01 -5.908610963323e+00 6.000000000000e+00
     vertex -2.429173350101e+01 -5.908610963323e+00 0.000000000000e+00
   endloop
 endfacet
 facet normal -9.558514614058e-01 -2.938502743379e-01 -0.000000000000e+00
   outer loop
     vertex -2.374550329319e+01 -7.819915175556e+00 6.000000000000e+00
     vertex -2.403762260819e+01 -6.869694268776e+00 0.000000000000e+00
     vertex -2.374550329319e+01 -7.819915175556e+00 0.000000000000e+00
   endloop
 endfacet
 facet normal -9.558514614058e-01 -2.938502743379e-01 0.000000000000e+00
   outer loop
     vertex -2.374550329319e+01 -7.819915175556e+00 6.000000000000e+00
     vertex -2.403762260819e+01 -6.869694268776e+00 6.000000000000e+00
     vertex -2.403762260819e+01 -6.869694268776e+00 0.000000000000e+00
   endloop
 endfacet
 facet normal -9.434132997221e-01 -3.316192785521e-01 -0.000000000000e+00
   outer loop
     vertex -2.341583745672e+01 -8.757771189096e+00 6.000000000000e+00
     vertex -2.374550329319e+01 -7.819915175556e+00 0.000000000000e+00
     vertex -2.341583745672e+01 -8.757771189096e+00 0.000000000000e+00
   endloop
 endfacet
 facet normal -9.434132997221e-01 -3.316192785521e-01 0.000000000000e+00
   outer loop
     vertex -2.341583745672e+01 -8.757771189096e+00 6.000000000000e+00
     vertex -2.374550329319e+01 -7.819915175556e+00 6.000000000000e+00
     vertex -2.374550329319e+01 -7.819915175556e+00 0.000000000000e+00
   endloop
 endfacet
 facet normal -9.294834076974e-01 -3.688639245240e-01 -0.000000000000e+00
   outer loop
     vertex -2.304914636821e+01 -9.681779366266e+00 6.000000000000e+00
     vertex -2.341583745672e+01 -8.757771189096e+00 0.000000000000e+00
     vertex -2.304914636821e+01 -9.681779366266e+00 0.000000000000e+00
   endloop
 endfacet
 facet normal -9.294834076974e-01 -3.688639245240e-01 0.000000000000e+00
   outer loop
     vertex -2.304914636821e+01 -9.681779366266e+00 6.000000000000e+00
     vertex -2.341583745672e+01 -8.757771189096e+00 6.000000000000e+00
     vertex -2.341583745672e+01 -8.757771189096e+00 0.000000000000e+00
   endloop
 endfacet
 facet normal -9.140838113540e-01 -4.055253208130e-01 -0.000000000000e+00
   outer loop
     vertex -2.264600984164e+01 -1.059047866021e+01 6.000000000000e+00
     vertex -2.304914636821e+01 -9.681779366266e+00 0.000000000000e+00
     vertex -2.264600984164e+01 -1.059047866021e+01 0.000000000000e+00
   endloop
 endfacet
 facet normal -9.140838113540e-01 -4.055253208130e-01 0.000000000000e+00
   outer loop
     vertex -2.264600984164e+01 -1.059047866021e+01 6.000000000000e+00
     vertex -2.304914636821e+01 -9.681779366266e+00 6.000000000000e+00
     vertex -2.304914636821e+01 -9.681779366266e+00 0.000000000000e+00
   endloop
 endfacet
 facet normal -8.972388606192e-01 -4.415454982159e-01 -0.000000000000e+00
   outer loop
     vertex -2.220706531873e+01 -1.148243223057e+01 6.000000000000e+00
     vertex -2.264600984164e+01 -1.059047866021e+01 0.000000000000e+00
     vertex -2.220706531873e+01 -1.148243223057e+01 0.000000000000e+00
   endloop
 endfacet
 facet normal -8.789751908224e-01 -4.768675014285e-01 -0.000000000000e+00
   outer loop
     vertex -2.220706531873e+01 -1.148243223057e+01 6.000000000000e+00
     vertex -2.220706531873e+01 -1.148243223057e+01 0.000000000000e+00
     vertex -2.173300686099e+01 -1.235622971542e+01 0.000000000000e+00
   endloop
 endfacet
 facet normal -8.972388606192e-01 -4.415454982159e-01 0.000000000000e+00
   outer loop
     vertex -2.220706531873e+01 -1.148243223057e+01 6.000000000000e+00
     vertex -2.264600984164e+01 -1.059047866021e+01 6.000000000000e+00
     vertex -2.264600984164e+01 -1.059047866021e+01 0.000000000000e+00
   endloop
 endfacet
 facet normal -8.789751908224e-01 -4.768675014285e-01 -0.000000000000e+00
   outer loop
     vertex -2.173300686099e+01 -1.235622971542e+01 6.000000000000e+00
     vertex -2.220706531873e+01 -1.148243223057e+01 6.000000000000e+00
     vertex -2.173300686099e+01 -1.235622971542e+01 0.000000000000e+00
   endloop
 endfacet
 facet normal -8.593216805797e-01 -5.114354791034e-01 -0.000000000000e+00
   outer loop
     vertex -2.122458405228e+01 -1.321048946132e+01 6.000000000000e+00
     vertex -2.173300686099e+01 -1.235622971542e+01 0.000000000000e+00
     vertex -2.122458405228e+01 -1.321048946132e+01 0.000000000000e+00
   endloop
 endfacet
 facet normal -8.593216805797e-01 -5.114354791034e-01 0.000000000000e+00
   outer loop
     vertex -2.122458405228e+01 -1.321048946132e+01 6.000000000000e+00
     vertex -2.173300686099e+01 -1.235622971542e+01 6.000000000000e+00
     vertex -2.173300686099e+01 -1.235622971542e+01 0.000000000000e+00
   endloop
 endfacet
 facet normal -8.383094061303e-01 -5.451947721627e-01 -0.000000000000e+00
   outer loop
     vertex -2.068260081358e+01 -1.404386070802e+01 6.000000000000e+00
     vertex -2.122458405228e+01 -1.321048946132e+01 0.000000000000e+00
     vertex -2.068260081358e+01 -1.404386070802e+01 0.000000000000e+00
   endloop
 endfacet
 facet normal -8.159715921992e-01 -5.780920002249e-01 -0.000000000000e+00
   outer loop
     vertex -2.068260081358e+01 -1.404386070802e+01 6.000000000000e+00
     vertex -2.068260081358e+01 -1.404386070802e+01 0.000000000000e+00
     vertex -2.010791413177e+01 -1.485502572429e+01 0.000000000000e+00
   endloop
 endfacet
 facet normal -8.383094061303e-01 -5.451947721627e-01 0.000000000000e+00
   outer loop
     vertex -2.068260081358e+01 -1.404386070802e+01 6.000000000000e+00
     vertex -2.122458405228e+01 -1.321048946132e+01 6.000000000000e+00
     vertex -2.122458405228e+01 -1.321048946132e+01 0.000000000000e+00
   endloop
 endfacet
 facet normal -7.923435594616e-01 -6.100751460105e-01 -0.000000000000e+00
   outer loop
     vertex -2.010791413177e+01 -1.485502572429e+01 6.000000000000e+00
     vertex -2.010791413177e+01 -1.485502572429e+01 0.000000000000e+00
     vertex -1.950143270463e+01 -1.564270189151e+01 0.000000000000e+00
   endloop
 endfacet
 facet normal -8.159715921992e-01 -5.780920002249e-01 -0.000000000000e+00
   outer loop
     vertex -2.010791413177e+01 -1.485502572429e+01 6.000000000000e+00
     vertex -2.068260081358e+01 -1.404386070802e+01 6.000000000000e+00
     vertex -2.010791413177e+01 -1.485502572429e+01 0.000000000000e+00
   endloop
 endfacet
 facet normal -7.923435594616e-01 -6.100751460105e-01 -0.000000000000e+00
   outer loop
     vertex -1.950143270463e+01 -1.564270189151e+01 6.000000000000e+00
     vertex -2.010791413177e+01 -1.485502572429e+01 6.000000000000e+00
     vertex -1.950143270463e+01 -1.564270189151e+01 0.000000000000e+00
   endloop
 endfacet
 facet normal -7.674626686939e-01 -6.410936375922e-01 0.000000000000e+00
   outer loop
     vertex -1.886411550396e+01 -1.640564373176e+01 6.000000000000e+00
     vertex -1.950143270463e+01 -1.564270189151e+01 6.000000000000e+00
     vertex -1.950143270463e+01 -1.564270189151e+01 0.000000000000e+00
   endloop
 endfacet
 facet normal -7.674626686939e-01 -6.410936375922e-01 -0.000000000000e+00
   outer loop
     vertex -1.886411550396e+01 -1.640564373176e+01 6.000000000000e+00
     vertex -1.950143270463e+01 -1.564270189151e+01 0.000000000000e+00
     vertex -1.886411550396e+01 -1.640564373176e+01 0.000000000000e+00
   endloop
 endfacet
 facet normal -7.413682616986e-01 -6.710984283590e-01 0.000000000000e+00
   outer loop
     vertex -1.819697025924e+01 -1.714264487716e+01 6.000000000000e+00
     vertex -1.886411550396e+01 -1.640564373176e+01 6.000000000000e+00
     vertex -1.886411550396e+01 -1.640564373176e+01 0.000000000000e+00
   endloop
 endfacet
 facet normal -7.413682616986e-01 -6.710984283590e-01 -0.000000000000e+00
   outer loop
     vertex -1.819697025924e+01 -1.714264487716e+01 6.000000000000e+00
     vertex -1.886411550396e+01 -1.640564373176e+01 0.000000000000e+00
     vertex -1.819697025924e+01 -1.714264487716e+01 0.000000000000e+00
   endloop
 endfacet
 facet normal -7.141015990967e-01 -7.000420745694e-01 0.000000000000e+00
   outer loop
     vertex -1.750105186424e+01 -1.785253997742e+01 6.000000000000e+00
     vertex -1.819697025924e+01 -1.714264487716e+01 6.000000000000e+00
     vertex -1.819697025924e+01 -1.714264487716e+01 0.000000000000e+00
   endloop
 endfacet
 facet normal -7.141015990967e-01 -7.000420745694e-01 -0.000000000000e+00
   outer loop
     vertex -1.750105186424e+01 -1.785253997742e+01 6.000000000000e+00
     vertex -1.819697025924e+01 -1.714264487716e+01 0.000000000000e+00
     vertex -1.750105186424e+01 -1.785253997742e+01 0.000000000000e+00
   endloop
 endfacet
 facet normal -6.857057950864e-01 -7.278788103695e-01 0.000000000000e+00
   outer loop
     vertex -1.677746070898e+01 -1.853420654247e+01 6.000000000000e+00
     vertex -1.750105186424e+01 -1.785253997742e+01 6.000000000000e+00
     vertex -1.750105186424e+01 -1.785253997742e+01 0.000000000000e+00
   endloop
 endfacet
 facet normal -6.857057950864e-01 -7.278788103695e-01 -0.000000000000e+00
   outer loop
     vertex -1.677746070898e+01 -1.853420654247e+01 6.000000000000e+00
     vertex -1.750105186424e+01 -1.785253997742e+01 0.000000000000e+00
     vertex -1.677746070898e+01 -1.853420654247e+01 0.000000000000e+00
   endloop
 endfacet
 facet normal -6.562257492704e-01 -7.545646201582e-01 0.000000000000e+00
   outer loop
     vertex -1.602734093981e+01 -1.918656671735e+01 6.000000000000e+00
     vertex -1.677746070898e+01 -1.853420654247e+01 6.000000000000e+00
     vertex -1.677746070898e+01 -1.853420654247e+01 0.000000000000e+00
   endloop
 endfacet
 facet normal -6.562257492704e-01 -7.545646201582e-01 -0.000000000000e+00
   outer loop
     vertex -1.602734093981e+01 -1.918656671735e+01 6.000000000000e+00
     vertex -1.677746070898e+01 -1.853420654247e+01 0.000000000000e+00
     vertex -1.602734093981e+01 -1.918656671735e+01 0.000000000000e+00
   endloop
 endfacet
 facet normal -6.257080756606e-01 -7.800573081852e-01 0.000000000000e+00
   outer loop
     vertex -1.525187865026e+01 -1.980858898654e+01 6.000000000000e+00
     vertex -1.602734093981e+01 -1.918656671735e+01 6.000000000000e+00
     vertex -1.602734093981e+01 -1.918656671735e+01 0.000000000000e+00
   endloop
 endfacet
 facet normal -6.257080756606e-01 -7.800573081852e-01 -0.000000000000e+00
   outer loop
     vertex -1.525187865026e+01 -1.980858898654e+01 6.000000000000e+00
     vertex -1.602734093981e+01 -1.918656671735e+01 0.000000000000e+00
     vertex -1.525187865026e+01 -1.980858898654e+01 0.000000000000e+00
   endloop
 endfacet
 facet normal -5.942010289717e-01 -8.043165652708e-01 0.000000000000e+00
   outer loop
     vertex -1.445230000562e+01 -2.039928980498e+01 6.000000000000e+00
     vertex -1.525187865026e+01 -1.980858898654e+01 6.000000000000e+00
     vertex -1.525187865026e+01 -1.980858898654e+01 0.000000000000e+00
   endloop
 endfacet
 facet normal -5.942010289717e-01 -8.043165652708e-01 -0.000000000000e+00
   outer loop
     vertex -1.445230000562e+01 -2.039928980498e+01 6.000000000000e+00
     vertex -1.525187865026e+01 -1.980858898654e+01 0.000000000000e+00
     vertex -1.445230000562e+01 -2.039928980498e+01 0.000000000000e+00
   endloop
 endfacet
 facet normal -5.617544283208e-01 -8.273040325431e-01 0.000000000000e+00
   outer loop
     vertex -1.362986930407e+01 -2.095773515326e+01 6.000000000000e+00
     vertex -1.445230000562e+01 -2.039928980498e+01 6.000000000000e+00
     vertex -1.445230000562e+01 -2.039928980498e+01 0.000000000000e+00
   endloop
 endfacet
 facet normal -5.617544283208e-01 -8.273040325431e-01 -0.000000000000e+00
   outer loop
     vertex -1.362986930407e+01 -2.095773515326e+01 6.000000000000e+00
     vertex -1.445230000562e+01 -2.039928980498e+01 0.000000000000e+00
     vertex -1.362986930407e+01 -2.095773515326e+01 0.000000000000e+00
   endloop
 endfacet
 facet normal -5.284195784526e-01 -8.489833620914e-01 0.000000000000e+00
   outer loop
     vertex -1.278588697759e+01 -2.148304201449e+01 6.000000000000e+00
     vertex -1.362986930407e+01 -2.095773515326e+01 6.000000000000e+00
     vertex -1.362986930407e+01 -2.095773515326e+01 0.000000000000e+00
   endloop
 endfacet
 facet normal -5.284195784526e-01 -8.489833620914e-01 -0.000000000000e+00
   outer loop
     vertex -1.278588697759e+01 -2.148304201449e+01 6.000000000000e+00
     vertex -1.362986930407e+01 -2.095773515326e+01 0.000000000000e+00
     vertex -1.278588697759e+01 -2.148304201449e+01 0.000000000000e+00
   endloop
 endfacet
 facet normal -4.942491886167e-01 -8.693202744396e-01 0.000000000000e+00
   outer loop
     vertex -1.192168753571e+01 -2.197437977056e+01 6.000000000000e+00
     vertex -1.278588697759e+01 -2.148304201449e+01 6.000000000000e+00
     vertex -1.278588697759e+01 -2.148304201449e+01 0.000000000000e+00
   endloop
 endfacet
 facet normal -4.942491886167e-01 -8.693202744396e-01 -0.000000000000e+00
   outer loop
     vertex -1.192168753571e+01 -2.197437977056e+01 6.000000000000e+00
     vertex -1.278588697759e+01 -2.148304201449e+01 0.000000000000e+00
     vertex -1.192168753571e+01 -2.197437977056e+01 0.000000000000e+00
   endloop
 endfacet
 facet normal -4.592972892230e-01 -8.882826127491e-01 0.000000000000e+00
   outer loop
     vertex -1.103863745540e+01 -2.243097151548e+01 6.000000000000e+00
     vertex -1.192168753571e+01 -2.197437977056e+01 6.000000000000e+00
     vertex -1.192168753571e+01 -2.197437977056e+01 0.000000000000e+00
   endloop
 endfacet
 facet normal -4.592972892230e-01 -8.882826127491e-01 -0.000000000000e+00
   outer loop
     vertex -1.103863745540e+01 -2.243097151548e+01 6.000000000000e+00
     vertex -1.192168753571e+01 -2.197437977056e+01 0.000000000000e+00
     vertex -1.103863745540e+01 -2.243097151548e+01 0.000000000000e+00
   endloop
 endfacet
 facet normal -4.236191464085e-01 -9.058403936655e-01 -0.000000000000e+00
   outer loop
     vertex -1.103863745540e+01 -2.243097151548e+01 6.000000000000e+00
     vertex -1.103863745540e+01 -2.243097151548e+01 0.000000000000e+00
     vertex -1.013813302032e+01 -2.285209528385e+01 0.000000000000e+00
   endloop
 endfacet
 facet normal -4.236191464085e-01 -9.058403936655e-01 -0.000000000000e+00
   outer loop
     vertex -1.013813302032e+01 -2.285209528385e+01 6.000000000000e+00
     vertex -1.103863745540e+01 -2.243097151548e+01 6.000000000000e+00
     vertex -1.013813302032e+01 -2.285209528385e+01 0.000000000000e+00
   endloop
 endfacet
 facet normal -3.872711746506e-01 -9.219658547282e-01 -0.000000000000e+00
   outer loop
     vertex -1.013813302032e+01 -2.285209528385e+01 6.000000000000e+00
     vertex -1.013813302032e+01 -2.285209528385e+01 0.000000000000e+00
     vertex -9.221598113100e+00 -2.323708519243e+01 0.000000000000e+00
   endloop
 endfacet
 facet normal -3.872711746506e-01 -9.219658547282e-01 -0.000000000000e+00
   outer loop
     vertex -9.221598113100e+00 -2.323708519243e+01 6.000000000000e+00
     vertex -1.013813302032e+01 -2.285209528385e+01 6.000000000000e+00
     vertex -9.221598113100e+00 -2.323708519243e+01 0.000000000000e+00
   endloop
 endfacet
 facet normal -3.503108475638e-01 -9.366334982687e-01 0.000000000000e+00
   outer loop
     vertex -8.290481963802e+00 -2.358533249305e+01 6.000000000000e+00
     vertex -9.221598113100e+00 -2.323708519243e+01 6.000000000000e+00
     vertex -9.221598113100e+00 -2.323708519243e+01 0.000000000000e+00
   endloop
 endfacet
 facet normal -3.503108475638e-01 -9.366334982687e-01 -0.000000000000e+00
   outer loop
     vertex -8.290481963802e+00 -2.358533249305e+01 6.000000000000e+00
     vertex -9.221598113100e+00 -2.323708519243e+01 0.000000000000e+00
     vertex -8.290481963802e+00 -2.358533249305e+01 0.000000000000e+00
   endloop
 endfacet
 facet normal -3.127966070222e-01 -9.498201317278e-01 0.000000000000e+00
   outer loop
     vertex -7.346256858448e+00 -2.389628653514e+01 6.000000000000e+00
     vertex -8.290481963802e+00 -2.358533249305e+01 6.000000000000e+00
     vertex -8.290481963802e+00 -2.358533249305e+01 0.000000000000e+00
   endloop
 endfacet
 facet normal -3.127966070222e-01 -9.498201317278e-01 -0.000000000000e+00
   outer loop
     vertex -7.346256858448e+00 -2.389628653514e+01 6.000000000000e+00
     vertex -8.290481963802e+00 -2.358533249305e+01 0.000000000000e+00
     vertex -7.346256858448e+00 -2.389628653514e+01 0.000000000000e+00
   endloop
 endfacet
 facet normal -2.747877707510e-01 -9.615049043274e-01 -0.000000000000e+00
   outer loop
     vertex -7.346256858448e+00 -2.389628653514e+01 6.000000000000e+00
     vertex -7.346256858448e+00 -2.389628653514e+01 0.000000000000e+00
     vertex -6.390415811012e+00 -2.416945563645e+01 0.000000000000e+00
   endloop
 endfacet
 facet normal -2.747877707510e-01 -9.615049043274e-01 -0.000000000000e+00
   outer loop
     vertex -6.390415811012e+00 -2.416945563645e+01 6.000000000000e+00
     vertex -7.346256858448e+00 -2.389628653514e+01 6.000000000000e+00
     vertex -6.390415811012e+00 -2.416945563645e+01 0.000000000000e+00
   endloop
 endfacet
 facet normal -2.363444385329e-01 -9.716693400404e-01 0.000000000000e+00
   outer loop
     vertex -5.424470202658e+00 -2.440440786048e+01 6.000000000000e+00
     vertex -6.390415811012e+00 -2.416945563645e+01 6.000000000000e+00
     vertex -6.390415811012e+00 -2.416945563645e+01 0.000000000000e+00
   endloop
 endfacet
 facet normal -2.363444385329e-01 -9.716693400404e-01 -0.000000000000e+00
   outer loop
     vertex -5.424470202658e+00 -2.440440786048e+01 6.000000000000e+00
     vertex -6.390415811012e+00 -2.416945563645e+01 0.000000000000e+00
     vertex -5.424470202658e+00 -2.440440786048e+01 0.000000000000e+00
   endloop
 endfacet
 facet normal -1.975273971779e-01 -9.802973668046e-01 -0.000000000000e+00
   outer loop
     vertex -4.449947391939e+00 -2.460077169946e+01 6.000000000000e+00
     vertex -5.424470202658e+00 -2.440440786048e+01 0.000000000000e+00
     vertex -4.449947391939e+00 -2.460077169946e+01 0.000000000000e+00
   endloop
 endfacet
 facet normal -1.975273971779e-01 -9.802973668046e-01 0.000000000000e+00
   outer loop
     vertex -4.449947391939e+00 -2.460077169946e+01 6.000000000000e+00
     vertex -5.424470202658e+00 -2.440440786048e+01 6.000000000000e+00
     vertex -5.424470202658e+00 -2.440440786048e+01 0.000000000000e+00
   endloop
 endfacet
 facet normal -1.583980244072e-01 -9.873753419363e-01 -0.000000000000e+00
   outer loop
     vertex -3.468388299727e+00 -2.475823666181e+01 6.000000000000e+00
     vertex -4.449947391939e+00 -2.460077169946e+01 0.000000000000e+00
     vertex -3.468388299727e+00 -2.475823666181e+01 0.000000000000e+00
   endloop
 endfacet
 facet normal -1.190181918019e-01 -9.928920737020e-01 -0.000000000000e+00
   outer loop
     vertex -3.468388299727e+00 -2.475823666181e+01 6.000000000000e+00
     vertex -3.468388299727e+00 -2.475823666181e+01 0.000000000000e+00
     vertex -2.481344972701e+00 -2.487655376306e+01 0.000000000000e+00
   endloop
 endfacet
 facet normal -1.583980244072e-01 -9.873753419363e-01 0.000000000000e+00
   outer loop
     vertex -3.468388299727e+00 -2.475823666181e+01 6.000000000000e+00
     vertex -4.449947391939e+00 -2.460077169946e+01 6.000000000000e+00
     vertex -4.449947391939e+00 -2.460077169946e+01 0.000000000000e+00
   endloop
 endfacet
 facet normal -1.190181918019e-01 -9.928920737020e-01 -0.000000000000e+00
   outer loop
     vertex -2.481344972701e+00 -2.487655376306e+01 6.000000000000e+00
     vertex -3.468388299727e+00 -2.475823666181e+01 6.000000000000e+00
     vertex -2.481344972701e+00 -2.487655376306e+01 0.000000000000e+00
   endloop
 endfacet
 facet normal -7.945016697171e-02 -9.968388390147e-01 -0.000000000000e+00
   outer loop
     vertex -1.490378129245e+00 -2.495553591955e+01 6.000000000000e+00
     vertex -2.481344972701e+00 -2.487655376306e+01 0.000000000000e+00
     vertex -1.490378129245e+00 -2.495553591955e+01 0.000000000000e+00
   endloop
 endfacet
 facet normal -7.945016697171e-02 -9.968388390147e-01 0.000000000000e+00
   outer loop
     vertex -1.490378129245e+00 -2.495553591955e+01 6.000000000000e+00
     vertex -2.481344972701e+00 -2.487655376306e+01 6.000000000000e+00
     vertex -2.481344972701e+00 -2.487655376306e+01 0.000000000000e+00
   endloop
 endfacet
 facet normal -3.975651509692e-02 -9.992093972273e-01 -0.000000000000e+00
   outer loop
     vertex -4.970546916266e-01 -2.499505824425e+01 6.000000000000e+00
     vertex -1.490378129245e+00 -2.495553591955e+01 0.000000000000e+00
     vertex -4.970546916266e-01 -2.499505824425e+01 0.000000000000e+00
   endloop
 endfacet
 facet normal -3.975651509692e-02 -9.992093972273e-01 0.000000000000e+00
   outer loop
     vertex -4.970546916266e-01 -2.499505824425e+01 6.000000000000e+00
     vertex -1.490378129245e+00 -2.495553591955e+01 6.000000000000e+00
     vertex -1.490378129245e+00 -2.495553591955e+01 0.000000000000e+00
   endloop
 endfacet
 facet normal 3.573765360883e-15 -1.000000000000e+00 0.000000000000e+00
   outer loop
     vertex 4.970546916269e-01 -2.499505824425e+01 6.000000000000e+00
     vertex -4.970546916266e-01 -2.499505824425e+01 0.000000000000e+00
     vertex 4.970546916269e-01 -2.499505824425e+01 0.000000000000e+00
   endloop
 endfacet
 facet normal 3.573765360883e-15 -1.000000000000e+00 0.000000000000e+00
   outer loop
     vertex 4.970546916269e-01 -2.499505824425e+01 6.000000000000e+00
     vertex -4.970546916266e-01 -2.499505824425e+01 6.000000000000e+00
     vertex -4.970546916266e-01 -2.499505824425e+01 0.000000000000e+00
   endloop
 endfacet
 facet normal 3.975651509693e-02 -9.992093972273e-01 0.000000000000e+00
   outer loop
     vertex 1.490378129246e+00 -2.495553591955e+01 6.000000000000e+00
     vertex 4.970546916269e-01 -2.499505824425e+01 0.000000000000e+00
     vertex 1.490378129246e+00 -2.495553591955e+01 0.000000000000e+00
   endloop
 endfacet
 facet normal 7.945016697172e-02 -9.968388390147e-01 0.000000000000e+00
   outer loop
     vertex 1.490378129246e+00 -2.495553591955e+01 6.000000000000e+00
     vertex 1.490378129246e+00 -2.495553591955e+01 0.000000000000e+00
     vertex 2.481344972702e+00 -2.487655376306e+01 0.000000000000e+00
   endloop
 endfacet
 facet normal 3.975651509693e-02 -9.992093972273e-01 0.000000000000e+00
   outer loop
     vertex 1.490378129246e+00 -2.495553591955e+01 6.000000000000e+00
     vertex 4.970546916269e-01 -2.499505824425e+01 6.000000000000e+00
     vertex 4.970546916269e-01 -2.499505824425e+01 0.000000000000e+00
   endloop
 endfacet
 facet normal 7.945016697172e-02 -9.968388390147e-01 0.000000000000e+00
   outer loop
     vertex 2.481344972702e+00 -2.487655376306e+01 6.000000000000e+00
     vertex 1.490378129246e+00 -2.495553591955e+01 6.000000000000e+00
     vertex 2.481344972702e+00 -2.487655376306e+01 0.000000000000e+00
   endloop
 endfacet
 facet normal 1.190181918019e-01 -9.928920737020e-01 0.000000000000e+00
   outer loop
     vertex 2.481344972702e+00 -2.487655376306e+01 6.000000000000e+00
     vertex 2.481344972702e+00 -2.487655376306e+01 0.000000000000e+00
     vertex 3.468388299727e+00 -2.475823666181e+01 0.000000000000e+00
   endloop
 endfacet
 facet normal 1.190181918019e-01 -9.928920737020e-01 0.000000000000e+00
   outer loop
     vertex 3.468388299727e+00 -2.475823666181e+01 6.000000000000e+00
     vertex 2.481344972702e+00 -2.487655376306e+01 6.000000000000e+00
     vertex 3.468388299727e+00 -2.475823666181e+01 0.000000000000e+00
   endloop
 endfacet
 facet normal 1.583980244072e-01 -9.873753419363e-01 0.000000000000e+00
   outer loop
     vertex 4.449947391939e+00 -2.460077169946e+01 6.000000000000e+00
     vertex 3.468388299727e+00 -2.475823666181e+01 6.000000000000e+00
     vertex 3.468388299727e+00 -2.475823666181e+01 0.000000000000e+00
   endloop
 endfacet
 facet normal 1.583980244072e-01 -9.873753419363e-01 0.000000000000e+00
   outer loop
     vertex 4.449947391939e+00 -2.460077169946e+01 6.000000000000e+00
     vertex 3.468388299727e+00 -2.475823666181e+01 0.000000000000e+00
     vertex 4.449947391939e+00 -2.460077169946e+01 0.000000000000e+00
   endloop
 endfacet
 facet normal 1.975273971780e-01 -9.802973668046e-01 0.000000000000e+00
   outer loop
     vertex 4.449947391939e+00 -2.460077169946e+01 6.000000000000e+00
     vertex 4.449947391939e+00 -2.460077169946e+01 0.000000000000e+00
     vertex 5.424470202658e+00 -2.440440786048e+01 0.000000000000e+00
   endloop
 endfacet
 facet normal 1.975273971780e-01 -9.802973668046e-01 0.000000000000e+00
   outer loop
     vertex 5.424470202658e+00 -2.440440786048e+01 6.000000000000e+00
     vertex 4.449947391939e+00 -2.460077169946e+01 6.000000000000e+00
     vertex 5.424470202658e+00 -2.440440786048e+01 0.000000000000e+00
   endloop
 endfacet
 facet normal 2.363444385329e-01 -9.716693400404e-01 0.000000000000e+00
   outer loop
     vertex 6.390415811012e+00 -2.416945563645e+01 6.000000000000e+00
     vertex 5.424470202658e+00 -2.440440786048e+01 6.000000000000e+00
     vertex 5.424470202658e+00 -2.440440786048e+01 0.000000000000e+00
   endloop
 endfacet
 facet normal 2.363444385329e-01 -9.716693400404e-01 0.000000000000e+00
   outer loop
     vertex 6.390415811012e+00 -2.416945563645e+01 6.000000000000e+00
     vertex 5.424470202658e+00 -2.440440786048e+01 0.000000000000e+00
     vertex 6.390415811012e+00 -2.416945563645e+01 0.000000000000e+00
   endloop
 endfacet
 facet normal 2.747877707510e-01 -9.615049043274e-01 0.000000000000e+00
   outer loop
     vertex 7.346256858448e+00 -2.389628653514e+01 6.000000000000e+00
     vertex 6.390415811012e+00 -2.416945563645e+01 6.000000000000e+00
     vertex 6.390415811012e+00 -2.416945563645e+01 0.000000000000e+00
   endloop
 endfacet
 facet normal 2.747877707510e-01 -9.615049043274e-01 0.000000000000e+00
   outer loop
     vertex 7.346256858448e+00 -2.389628653514e+01 6.000000000000e+00
     vertex 6.390415811012e+00 -2.416945563645e+01 0.000000000000e+00
     vertex 7.346256858448e+00 -2.389628653514e+01 0.000000000000e+00
   endloop
 endfacet
 facet normal 3.127966070222e-01 -9.498201317278e-01 0.000000000000e+00
   outer loop
     vertex 8.290481963802e+00 -2.358533249305e+01 6.000000000000e+00
     vertex 7.346256858448e+00 -2.389628653514e+01 6.000000000000e+00
     vertex 7.346256858448e+00 -2.389628653514e+01 0.000000000000e+00
   endloop
 endfacet
 facet normal 3.127966070222e-01 -9.498201317278e-01 0.000000000000e+00
   outer loop
     vertex 8.290481963802e+00 -2.358533249305e+01 6.000000000000e+00
     vertex 7.346256858448e+00 -2.389628653514e+01 0.000000000000e+00
     vertex 8.290481963802e+00 -2.358533249305e+01 0.000000000000e+00
   endloop
 endfacet
 facet normal 3.503108475638e-01 -9.366334982687e-01 0.000000000000e+00
   outer loop
     vertex 9.221598113100e+00 -2.323708519243e+01 6.000000000000e+00
     vertex 8.290481963802e+00 -2.358533249305e+01 6.000000000000e+00
     vertex 8.290481963802e+00 -2.358533249305e+01 0.000000000000e+00
   endloop
 endfacet
 facet normal 3.503108475638e-01 -9.366334982687e-01 0.000000000000e+00
   outer loop
     vertex 9.221598113100e+00 -2.323708519243e+01 6.000000000000e+00
     vertex 8.290481963802e+00 -2.358533249305e+01 0.000000000000e+00
     vertex 9.221598113100e+00 -2.323708519243e+01 0.000000000000e+00
   endloop
 endfacet
 facet normal 3.872711746506e-01 -9.219658547282e-01 0.000000000000e+00
   outer loop
     vertex 9.221598113100e+00 -2.323708519243e+01 6.000000000000e+00
     vertex 9.221598113100e+00 -2.323708519243e+01 0.000000000000e+00
     vertex 1.013813302033e+01 -2.285209528385e+01 0.000000000000e+00
   endloop
 endfacet
 facet normal 3.872711746506e-01 -9.219658547282e-01 0.000000000000e+00
   outer loop
     vertex 1.013813302033e+01 -2.285209528385e+01 6.000000000000e+00
     vertex 9.221598113100e+00 -2.323708519243e+01 6.000000000000e+00
     vertex 1.013813302033e+01 -2.285209528385e+01 0.000000000000e+00
   endloop
 endfacet
 facet normal 4.236191464085e-01 -9.058403936655e-01 0.000000000000e+00
   outer loop
     vertex 1.013813302033e+01 -2.285209528385e+01 6.000000000000e+00
     vertex 1.013813302033e+01 -2.285209528385e+01 0.000000000000e+00
     vertex 1.103863745540e+01 -2.243097151548e+01 0.000000000000e+00
   endloop
 endfacet
 facet normal 4.236191464085e-01 -9.058403936655e-01 0.000000000000e+00
   outer loop
     vertex 1.103863745540e+01 -2.243097151548e+01 6.000000000000e+00
     vertex 1.013813302033e+01 -2.285209528385e+01 6.000000000000e+00
     vertex 1.103863745540e+01 -2.243097151548e+01 0.000000000000e+00
   endloop
 endfacet
 facet normal 4.592972892230e-01 -8.882826127491e-01 0.000000000000e+00
   outer loop
     vertex 1.103863745540e+01 -2.243097151548e+01 6.000000000000e+00
     vertex 1.103863745540e+01 -2.243097151548e+01 0.000000000000e+00
     vertex 1.192168753571e+01 -2.197437977056e+01 0.000000000000e+00
   endloop
 endfacet
 facet normal 4.592972892230e-01 -8.882826127491e-01 0.000000000000e+00
   outer loop
     vertex 1.192168753571e+01 -2.197437977056e+01 6.000000000000e+00
     vertex 1.103863745540e+01 -2.243097151548e+01 6.000000000000e+00
     vertex 1.192168753571e+01 -2.197437977056e+01 0.000000000000e+00
   endloop
 endfacet
 facet normal 4.942491886167e-01 -8.693202744396e-01 0.000000000000e+00
   outer loop
     vertex 1.278588697759e+01 -2.148304201449e+01 6.000000000000e+00
     vertex 1.192168753571e+01 -2.197437977056e+01 6.000000000000e+00
     vertex 1.192168753571e+01 -2.197437977056e+01 0.000000000000e+00
   endloop
 endfacet
 facet normal 4.942491886167e-01 -8.693202744396e-01 0.000000000000e+00
   outer loop
     vertex 1.278588697759e+01 -2.148304201449e+01 6.000000000000e+00
     vertex 1.192168753571e+01 -2.197437977056e+01 0.000000000000e+00
     vertex 1.278588697759e+01 -2.148304201449e+01 0.000000000000e+00
   endloop
 endfacet
 facet normal 5.284195784526e-01 -8.489833620914e-01 0.000000000000e+00
   outer loop
     vertex 1.362986930407e+01 -2.095773515326e+01 6.000000000000e+00
     vertex 1.278588697759e+01 -2.148304201449e+01 6.000000000000e+00
     vertex 1.278588697759e+01 -2.148304201449e+01 0.000000000000e+00
   endloop
 endfacet
 facet normal 5.284195784526e-01 -8.489833620914e-01 0.000000000000e+00
   outer loop
     vertex 1.362986930407e+01 -2.095773515326e+01 6.000000000000e+00
     vertex 1.278588697759e+01 -2.148304201449e+01 0.000000000000e+00
     vertex 1.362986930407e+01 -2.095773515326e+01 0.000000000000e+00
   endloop
 endfacet
 facet normal 5.617544283208e-01 -8.273040325431e-01 0.000000000000e+00
   outer loop
     vertex 1.445230000562e+01 -2.039928980498e+01 6.000000000000e+00
     vertex 1.362986930407e+01 -2.095773515326e+01 6.000000000000e+00
     vertex 1.362986930407e+01 -2.095773515326e+01 0.000000000000e+00
   endloop
 endfacet
 facet normal 5.617544283208e-01 -8.273040325431e-01 0.000000000000e+00
   outer loop
     vertex 1.445230000562e+01 -2.039928980498e+01 6.000000000000e+00
     vertex 1.362986930407e+01 -2.095773515326e+01 0.000000000000e+00
     vertex 1.445230000562e+01 -2.039928980498e+01 0.000000000000e+00
   endloop
 endfacet
 facet normal 5.942010289717e-01 -8.043165652708e-01 0.000000000000e+00
   outer loop
     vertex 1.525187865026e+01 -1.980858898654e+01 6.000000000000e+00
     vertex 1.445230000562e+01 -2.039928980498e+01 6.000000000000e+00
     vertex 1.445230000562e+01 -2.039928980498e+01 0.000000000000e+00
   endloop
 endfacet
 facet normal 5.942010289717e-01 -8.043165652708e-01 0.000000000000e+00
   outer loop
     vertex 1.525187865026e+01 -1.980858898654e+01 6.000000000000e+00
     vertex 1.445230000562e+01 -2.039928980498e+01 0.000000000000e+00
     vertex 1.525187865026e+01 -1.980858898654e+01 0.000000000000e+00
   endloop
 endfacet
 facet normal 6.257080756606e-01 -7.800573081852e-01 0.000000000000e+00
   outer loop
     vertex 1.525187865026e+01 -1.980858898654e+01 6.000000000000e+00
     vertex 1.525187865026e+01 -1.980858898654e+01 0.000000000000e+00
     vertex 1.602734093981e+01 -1.918656671735e+01 0.000000000000e+00
   endloop
 endfacet
 facet normal 6.257080756606e-01 -7.800573081852e-01 0.000000000000e+00
   outer loop
     vertex 1.602734093981e+01 -1.918656671735e+01 6.000000000000e+00
     vertex 1.525187865026e+01 -1.980858898654e+01 6.000000000000e+00
     vertex 1.602734093981e+01 -1.918656671735e+01 0.000000000000e+00
   endloop
 endfacet
 facet normal 6.562257492704e-01 -7.545646201582e-01 0.000000000000e+00
   outer loop
     vertex 1.602734093981e+01 -1.918656671735e+01 6.000000000000e+00
     vertex 1.602734093981e+01 -1.918656671735e+01 0.000000000000e+00
     vertex 1.677746070898e+01 -1.853420654247e+01 0.000000000000e+00
   endloop
 endfacet
 facet normal 6.562257492704e-01 -7.545646201582e-01 0.000000000000e+00
   outer loop
     vertex 1.677746070898e+01 -1.853420654247e+01 6.000000000000e+00
     vertex 1.602734093981e+01 -1.918656671735e+01 6.000000000000e+00
     vertex 1.677746070898e+01 -1.853420654247e+01 0.000000000000e+00
   endloop
 endfacet
 facet normal 6.857057950864e-01 -7.278788103695e-01 0.000000000000e+00
   outer loop
     vertex 1.677746070898e+01 -1.853420654247e+01 6.000000000000e+00
     vertex 1.677746070898e+01 -1.853420654247e+01 0.000000000000e+00
     vertex 1.750105186424e+01 -1.785253997742e+01 0.000000000000e+00
   endloop
 endfacet
 facet normal 6.857057950864e-01 -7.278788103695e-01 0.000000000000e+00
   outer loop
     vertex 1.750105186424e+01 -1.785253997742e+01 6.000000000000e+00
     vertex 1.677746070898e+01 -1.853420654247e+01 6.000000000000e+00
     vertex 1.750105186424e+01 -1.785253997742e+01 0.000000000000e+00
   endloop
 endfacet
 facet normal 7.141015990968e-01 -7.000420745694e-01 0.000000000000e+00
   outer loop
     vertex 1.750105186424e+01 -1.785253997742e+01 6.000000000000e+00
     vertex 1.750105186424e+01 -1.785253997742e+01 0.000000000000e+00
     vertex 1.819697025924e+01 -1.714264487716e+01 0.000000000000e+00
   endloop
 endfacet
 facet normal 7.141015990968e-01 -7.000420745694e-01 0.000000000000e+00
   outer loop
     vertex 1.819697025924e+01 -1.714264487716e+01 6.000000000000e+00
     vertex 1.750105186424e+01 -1.785253997742e+01 6.000000000000e+00
     vertex 1.819697025924e+01 -1.714264487716e+01 0.000000000000e+00
   endloop
 endfacet
 facet normal 7.413682616986e-01 -6.710984283590e-01 0.000000000000e+00
   outer loop
     vertex 1.886411550396e+01 -1.640564373176e+01 6.000000000000e+00
     vertex 1.819697025924e+01 -1.714264487716e+01 6.000000000000e+00
     vertex 1.819697025924e+01 -1.714264487716e+01 0.000000000000e+00
   endloop
 endfacet
 facet normal 7.413682616986e-01 -6.710984283590e-01 0.000000000000e+00
   outer loop
     vertex 1.886411550396e+01 -1.640564373176e+01 6.000000000000e+00
     vertex 1.819697025924e+01 -1.714264487716e+01 0.000000000000e+00
     vertex 1.886411550396e+01 -1.640564373176e+01 0.000000000000e+00
   endloop
 endfacet
 facet normal 7.674626686939e-01 -6.410936375922e-01 0.000000000000e+00
   outer loop
     vertex 1.950143270463e+01 -1.564270189151e+01 6.000000000000e+00
     vertex 1.886411550396e+01 -1.640564373176e+01 6.000000000000e+00
     vertex 1.886411550396e+01 -1.640564373176e+01 0.000000000000e+00
   endloop
 endfacet
 facet normal 7.674626686939e-01 -6.410936375922e-01 0.000000000000e+00
   outer loop
     vertex 1.950143270463e+01 -1.564270189151e+01 6.000000000000e+00
     vertex 1.886411550396e+01 -1.640564373176e+01 0.000000000000e+00
     vertex 1.950143270463e+01 -1.564270189151e+01 0.000000000000e+00
   endloop
 endfacet
 facet normal 7.923435594616e-01 -6.100751460105e-01 0.000000000000e+00
   outer loop
     vertex 2.010791413177e+01 -1.485502572429e+01 6.000000000000e+00
     vertex 1.950143270463e+01 -1.564270189151e+01 6.000000000000e+00
     vertex 1.950143270463e+01 -1.564270189151e+01 0.000000000000e+00
   endloop
 endfacet
 facet normal 7.923435594616e-01 -6.100751460105e-01 0.000000000000e+00
   outer loop
     vertex 2.010791413177e+01 -1.485502572429e+01 6.000000000000e+00
     vertex 1.950143270463e+01 -1.564270189151e+01 0.000000000000e+00
     vertex 2.010791413177e+01 -1.485502572429e+01 0.000000000000e+00
   endloop
 endfacet
 facet normal 8.159715921992e-01 -5.780920002248e-01 0.000000000000e+00
   outer loop
     vertex 2.068260081358e+01 -1.404386070802e+01 6.000000000000e+00
     vertex 2.010791413177e+01 -1.485502572429e+01 6.000000000000e+00
     vertex 2.010791413177e+01 -1.485502572429e+01 0.000000000000e+00
   endloop
 endfacet
 facet normal 8.159715921992e-01 -5.780920002248e-01 0.000000000000e+00
   outer loop
     vertex 2.068260081358e+01 -1.404386070802e+01 6.000000000000e+00
     vertex 2.010791413177e+01 -1.485502572429e+01 0.000000000000e+00
     vertex 2.068260081358e+01 -1.404386070802e+01 0.000000000000e+00
   endloop
 endfacet
 facet normal 8.383094061303e-01 -5.451947721627e-01 0.000000000000e+00
   outer loop
     vertex 2.122458405228e+01 -1.321048946132e+01 6.000000000000e+00
     vertex 2.068260081358e+01 -1.404386070802e+01 0.000000000000e+00
     vertex 2.122458405228e+01 -1.321048946132e+01 0.000000000000e+00
   endloop
 endfacet
 facet normal 8.593216805797e-01 -5.114354791034e-01 0.000000000000e+00
   outer loop
     vertex 2.122458405228e+01 -1.321048946132e+01 6.000000000000e+00
     vertex 2.122458405228e+01 -1.321048946132e+01 0.000000000000e+00
     vertex 2.173300686099e+01 -1.235622971542e+01 0.000000000000e+00
   endloop
 endfacet
 facet normal 8.383094061303e-01 -5.451947721627e-01 0.000000000000e+00
   outer loop
     vertex 2.122458405228e+01 -1.321048946132e+01 6.000000000000e+00
     vertex 2.068260081358e+01 -1.404386070802e+01 6.000000000000e+00
     vertex 2.068260081358e+01 -1.404386070802e+01 0.000000000000e+00
   endloop
 endfacet
 facet normal 8.789751908224e-01 -4.768675014285e-01 0.000000000000e+00
   outer loop
     vertex 2.173300686099e+01 -1.235622971542e+01 6.000000000000e+00
     vertex 2.173300686099e+01 -1.235622971542e+01 0.000000000000e+00
     vertex 2.220706531873e+01 -1.148243223057e+01 0.000000000000e+00
   endloop
 endfacet
 facet normal 8.593216805797e-01 -5.114354791034e-01 0.000000000000e+00
   outer loop
     vertex 2.173300686099e+01 -1.235622971542e+01 6.000000000000e+00
     vertex 2.122458405228e+01 -1.321048946132e+01 6.000000000000e+00
     vertex 2.173300686099e+01 -1.235622971542e+01 0.000000000000e+00
   endloop
 endfacet
 facet normal 8.789751908224e-01 -4.768675014285e-01 0.000000000000e+00
   outer loop
     vertex 2.220706531873e+01 -1.148243223057e+01 6.000000000000e+00
     vertex 2.173300686099e+01 -1.235622971542e+01 6.000000000000e+00
     vertex 2.220706531873e+01 -1.148243223057e+01 0.000000000000e+00
   endloop
 endfacet
 facet normal 8.972388606192e-01 -4.415454982159e-01 0.000000000000e+00
   outer loop
     vertex 2.264600984164e+01 -1.059047866021e+01 6.000000000000e+00
     vertex 2.220706531873e+01 -1.148243223057e+01 6.000000000000e+00
     vertex 2.220706531873e+01 -1.148243223057e+01 0.000000000000e+00
   endloop
 endfacet
 facet normal 8.972388606192e-01 -4.415454982159e-01 0.000000000000e+00
   outer loop
     vertex 2.264600984164e+01 -1.059047866021e+01 6.000000000000e+00
     vertex 2.220706531873e+01 -1.148243223057e+01 0.000000000000e+00
     vertex 2.264600984164e+01 -1.059047866021e+01 0.000000000000e+00
   endloop
 endfacet
 facet normal 9.140838113540e-01 -4.055253208130e-01 0.000000000000e+00
   outer loop
     vertex 2.304914636821e+01 -9.681779366266e+00 6.000000000000e+00
     vertex 2.264600984164e+01 -1.059047866021e+01 0.000000000000e+00
     vertex 2.304914636821e+01 -9.681779366266e+00 0.000000000000e+00
   endloop
 endfacet
 facet normal 9.140838113540e-01 -4.055253208130e-01 0.000000000000e+00
   outer loop
     vertex 2.304914636821e+01 -9.681779366266e+00 6.000000000000e+00
     vertex 2.264600984164e+01 -1.059047866021e+01 6.000000000000e+00
     vertex 2.264600984164e+01 -1.059047866021e+01 0.000000000000e+00
   endloop
 endfacet
 facet normal 9.294834076974e-01 -3.688639245240e-01 0.000000000000e+00
   outer loop
     vertex 2.341583745672e+01 -8.757771189095e+00 6.000000000000e+00
     vertex 2.304914636821e+01 -9.681779366266e+00 0.000000000000e+00
     vertex 2.341583745672e+01 -8.757771189095e+00 0.000000000000e+00
   endloop
 endfacet
 facet normal 9.294834076974e-01 -3.688639245240e-01 0.000000000000e+00
   outer loop
     vertex 2.341583745672e+01 -8.757771189095e+00 6.000000000000e+00
     vertex 2.304914636821e+01 -9.681779366266e+00 6.000000000000e+00
     vertex 2.304914636821e+01 -9.681779366266e+00 0.000000000000e+00
   endloop
 endfacet
 facet normal 9.434132997221e-01 -3.316192785521e-01 0.000000000000e+00
   outer loop
     vertex 2.374550329319e+01 -7.819915175555e+00 6.000000000000e+00
     vertex 2.341583745672e+01 -8.757771189095e+00 0.000000000000e+00
     vertex 2.374550329319e+01 -7.819915175555e+00 0.000000000000e+00
   endloop
 endfacet
 facet normal 9.558514614058e-01 -2.938502743379e-01 0.000000000000e+00
   outer loop
     vertex 2.374550329319e+01 -7.819915175555e+00 6.000000000000e+00
     vertex 2.374550329319e+01 -7.819915175555e+00 0.000000000000e+00
     vertex 2.403762260819e+01 -6.869694268775e+00 0.000000000000e+00
   endloop
 endfacet
 facet normal 9.434132997221e-01 -3.316192785521e-01 0.000000000000e+00
   outer loop
     vertex 2.374550329319e+01 -7.819915175555e+00 6.000000000000e+00
     vertex 2.341583745672e+01 -8.757771189095e+00 6.000000000000e+00
     vertex 2.341583745672e+01 -8.757771189095e+00 0.000000000000e+00
   endloop
 endfacet
 facet normal 9.558514614058e-01 -2.938502743379e-01 0.000000000000e+00
   outer loop
     vertex 2.403762260819e+01 -6.869694268775e+00 6.000000000000e+00
     vertex 2.374550329319e+01 -7.819915175555e+00 6.000000000000e+00
     vertex 2.403762260819e+01 -6.869694268775e+00 0.000000000000e+00
   endloop
 endfacet
 facet normal 9.667782254580e-01 -2.556166324405e-01 0.000000000000e+00
   outer loop
     vertex 2.403762260819e+01 -6.869694268775e+00 6.000000000000e+00
     vertex 2.403762260819e+01 -6.869694268775e+00 0.000000000000e+00
     vertex 2.429173350101e+01 -5.908610963322e+00 0.000000000000e+00
   endloop
 endfacet
 facet normal 9.761763144191e-01 -2.169788081063e-01 0.000000000000e+00
   outer loop
     vertex 2.429173350101e+01 -5.908610963322e+00 6.000000000000e+00
     vertex 2.429173350101e+01 -5.908610963322e+00 0.000000000000e+00
     vertex 2.450743417012e+01 -4.938184929449e+00 0.000000000000e+00
   endloop
 endfacet
 facet normal 9.667782254580e-01 -2.556166324405e-01 0.000000000000e+00
   outer loop
     vertex 2.429173350101e+01 -5.908610963322e+00 6.000000000000e+00
     vertex 2.403762260819e+01 -6.869694268775e+00 6.000000000000e+00
     vertex 2.429173350101e+01 -5.908610963322e+00 0.000000000000e+00
   endloop
 endfacet
 facet normal 9.761763144191e-01 -2.169788081063e-01 0.000000000000e+00
   outer loop
     vertex 2.450743417012e+01 -4.938184929449e+00 6.000000000000e+00
     vertex 2.429173350101e+01 -5.908610963322e+00 6.000000000000e+00
     vertex 2.450743417012e+01 -4.938184929449e+00 0.000000000000e+00
   endloop
 endfacet
 facet normal 9.840308679784e-01 -1.779978956775e-01 0.000000000000e+00
   outer loop
     vertex 2.468438354841e+01 -3.959950610180e+00 6.000000000000e+00
     vertex 2.450743417012e+01 -4.938184929449e+00 0.000000000000e+00
     vertex 2.468438354841e+01 -3.959950610180e+00 0.000000000000e+00
   endloop
 endfacet
 facet normal 9.903294664725e-01 -1.387355319891e-01 0.000000000000e+00
   outer loop
     vertex 2.468438354841e+01 -3.959950610180e+00 6.000000000000e+00
     vertex 2.468438354841e+01 -3.959950610180e+00 0.000000000000e+00
     vertex 2.482230184255e+01 -2.975454795047e+00 0.000000000000e+00
   endloop
 endfacet
 facet normal 9.840308679784e-01 -1.779978956775e-01 0.000000000000e+00
   outer loop
     vertex 2.468438354841e+01 -3.959950610180e+00 6.000000000000e+00
     vertex 2.450743417012e+01 -4.938184929449e+00 6.000000000000e+00
     vertex 2.450743417012e+01 -4.938184929449e+00 0.000000000000e+00
   endloop
 endfacet
 facet normal 9.903294664725e-01 -1.387355319891e-01 0.000000000000e+00
   outer loop
     vertex 2.482230184255e+01 -2.975454795047e+00 6.000000000000e+00
     vertex 2.468438354841e+01 -3.959950610180e+00 6.000000000000e+00
     vertex 2.482230184255e+01 -2.975454795047e+00 0.000000000000e+00
   endloop
 endfacet
 facet normal 9.950621505224e-01 -9.925379890805e-02 0.000000000000e+00
   outer loop
     vertex 2.492097097537e+01 -1.986254174293e+00 6.000000000000e+00
     vertex 2.482230184255e+01 -2.975454795047e+00 0.000000000000e+00
     vertex 2.492097097537e+01 -1.986254174293e+00 0.000000000000e+00
   endloop
 endfacet
 facet normal 9.950621505224e-01 -9.925379890805e-02 0.000000000000e+00
   outer loop
     vertex 2.492097097537e+01 -1.986254174293e+00 6.000000000000e+00
     vertex 2.482230184255e+01 -2.975454795047e+00 6.000000000000e+00
     vertex 2.482230184255e+01 -2.975454795047e+00 0.000000000000e+00
   endloop
 endfacet
 facet normal 9.982214367819e-01 -5.961512516980e-02 0.000000000000e+00
   outer loop
     vertex 2.498023493068e+01 -9.939128774228e-01 6.000000000000e+00
     vertex 2.492097097537e+01 -1.986254174293e+00 0.000000000000e+00
     vertex 2.498023493068e+01 -9.939128774228e-01 0.000000000000e+00
   endloop
 endfacet
 facet normal 9.982214367819e-01 -5.961512516980e-02 0.000000000000e+00
   outer loop
     vertex 2.498023493068e+01 -9.939128774228e-01 6.000000000000e+00
     vertex 2.492097097537e+01 -1.986254174293e+00 6.000000000000e+00
     vertex 2.492097097537e+01 -1.986254174293e+00 0.000000000000e+00
   endloop
 endfacet
 facet normal 9.998023297701e-01 -1.988218766507e-02 0.000000000000e+00
   outer loop
     vertex 2.500000000000e+01 -6.123233995737e-15 6.000000000000e+00
     vertex 2.498023493068e+01 -9.939128774228e-01 0.000000000000e+00
     vertex 2.500000000000e+01 -6.123233995737e-15 0.000000000000e+00
   endloop
 endfacet
 facet normal 9.998023297701e-01 -1.988218766507e-02 0.000000000000e+00
   outer loop
     vertex 2.500000000000e+01 -6.123233995737e-15 6.000000000000e+00
     vertex 2.498023493068e+01 -9.939128774228e-01 6.000000000000e+00
     vertex 2.498023493068e+01 -9.939128774228e-01 0.000000000000e+00
   endloop
 endfacet
 facet normal 0.000000000000e+00 0.000000000000e+00 1.000000000000e+00
   outer loop
     vertex -1.117178908938e+00 -1.145386958816e+00 6.000000000000e+00
     vertex -1.819697025924e+01 -1.714264487716e+01 6.000000000000e+00
     vertex -1.750105186424e+01 -1.785253997742e+01 6.000000000000e+00
   endloop
 endfacet
 facet normal 0.000000000000e+00 0.000000000000e+00 1.000000000000e+00
   outer loop
     vertex -1.117178908938e+00 -1.145386958816e+00 6.000000000000e+00
     vertex -1.750105186424e+01 -1.785253997742e+01 6.000000000000e+00
     vertex -1.677746070898e+01 -1.853420654247e+01 6.000000000000e+00
   endloop
 endfacet
 facet normal 0.000000000000e+00 0.000000000000e+00 1.000000000000e+00
   outer loop
     vertex -1.172882994928e+00 -1.088276380433e+00 6.000000000000e+00
     vertex -1.819697025924e+01 -1.714264487716e+01 6.000000000000e+00
     vertex -1.117178908938e+00 -1.145386958816e+00 6.000000000000e+00
   endloop
 endfacet
 facet normal 0.000000000000e+00 0.000000000000e+00 1.000000000000e+00
   outer loop
     vertex -1.172882994928e+00 -1.088276380433e+00 6.000000000000e+00
     vertex -1.886411550396e+01 -1.640564373176e+01 6.000000000000e+00
     vertex -1.819697025924e+01 -1.714264487716e+01 6.000000000000e+00
   endloop
 endfacet
 facet normal 0.000000000000e+00 0.000000000000e+00 1.000000000000e+00
   outer loop
     vertex -1.058697340155e+00 -1.199649924748e+00 6.000000000000e+00
     vertex -1.677746070898e+01 -1.853420654247e+01 6.000000000000e+00
     vertex -1.602734093981e+01 -1.918656671735e+01 6.000000000000e+00
   endloop
 endfacet
 facet normal 0.000000000000e+00 0.000000000000e+00 1.000000000000e+00
   outer loop
     vertex -1.058697340155e+00 -1.199649924748e+00 6.000000000000e+00
     vertex -1.117178908938e+00 -1.145386958816e+00 6.000000000000e+00
     vertex -1.677746070898e+01 -1.853420654247e+01 6.000000000000e+00
   endloop
 endfacet
 facet normal 0.000000000000e+00 0.000000000000e+00 1.000000000000e+00
   outer loop
     vertex -1.225671108990e+00 -1.028460175498e+00 6.000000000000e+00
     vertex -1.886411550396e+01 -1.640564373176e+01 6.000000000000e+00
     vertex -1.172882994928e+00 -1.088276380433e+00 6.000000000000e+00
   endloop
 endfacet
 facet normal 0.000000000000e+00 0.000000000000e+00 1.000000000000e+00
   outer loop
     vertex -1.225671108990e+00 -1.028460175498e+00 6.000000000000e+00
     vertex -1.950143270463e+01 -1.564270189151e+01 6.000000000000e+00
     vertex -1.886411550396e+01 -1.640564373176e+01 6.000000000000e+00
   endloop
 endfacet
 facet normal 0.000000000000e+00 0.000000000000e+00 1.000000000000e+00
   outer loop
     vertex -9.975836829740e-01 -1.250930371949e+00 6.000000000000e+00
     vertex -1.602734093981e+01 -1.918656671735e+01 6.000000000000e+00
     vertex -1.525187865026e+01 -1.980858898654e+01 6.000000000000e+00
   endloop
 endfacet
 facet normal 0.000000000000e+00 0.000000000000e+00 1.000000000000e+00
   outer loop
     vertex -9.975836829740e-01 -1.250930371949e+00 6.000000000000e+00
     vertex -1.058697340155e+00 -1.199649924748e+00 6.000000000000e+00
     vertex -1.602734093981e+01 -1.918656671735e+01 6.000000000000e+00
   endloop
 endfacet
 facet normal 0.000000000000e+00 0.000000000000e+00 1.000000000000e+00
   outer loop
     vertex -1.275412011557e+00 -9.660870565208e-01 6.000000000000e+00
     vertex -1.950143270463e+01 -1.564270189151e+01 6.000000000000e+00
     vertex -1.225671108990e+00 -1.028460175498e+00 6.000000000000e+00
   endloop
 endfacet
 facet normal 0.000000000000e+00 0.000000000000e+00 1.000000000000e+00
   outer loop
     vertex -1.275412011557e+00 -9.660870565208e-01 6.000000000000e+00
     vertex -2.010791413177e+01 -1.485502572429e+01 6.000000000000e+00
     vertex -1.950143270463e+01 -1.564270189151e+01 6.000000000000e+00
   endloop
 endfacet
 facet normal 0.000000000000e+00 0.000000000000e+00 1.000000000000e+00
   outer loop
     vertex -9.339898755757e-01 -1.299100809145e+00 6.000000000000e+00
     vertex -1.525187865026e+01 -1.980858898654e+01 6.000000000000e+00
     vertex -1.445230000562e+01 -2.039928980498e+01 6.000000000000e+00
   endloop
 endfacet
 facet normal 0.000000000000e+00 0.000000000000e+00 1.000000000000e+00
   outer loop
     vertex -9.339898755757e-01 -1.299100809145e+00 6.000000000000e+00
     vertex -9.975836829740e-01 -1.250930371949e+00 6.000000000000e+00
     vertex -1.525187865026e+01 -1.980858898654e+01 6.000000000000e+00
   endloop
 endfacet
 facet normal 0.000000000000e+00 0.000000000000e+00 1.000000000000e+00
   outer loop
     vertex -1.321982038906e+00 -9.013120929018e-01 6.000000000000e+00
     vertex -2.010791413177e+01 -1.485502572429e+01 6.000000000000e+00
     vertex -1.275412011557e+00 -9.660870565208e-01 6.000000000000e+00
   endloop
 endfacet
 facet normal 0.000000000000e+00 0.000000000000e+00 1.000000000000e+00
   outer loop
     vertex -1.321982038906e+00 -9.013120929018e-01 6.000000000000e+00
     vertex -2.122458405228e+01 -1.321048946132e+01 6.000000000000e+00
     vertex -2.068260081358e+01 -1.404386070802e+01 6.000000000000e+00
   endloop
 endfacet
 facet normal 0.000000000000e+00 0.000000000000e+00 1.000000000000e+00
   outer loop
     vertex -1.321982038906e+00 -9.013120929018e-01 6.000000000000e+00
     vertex -2.068260081358e+01 -1.404386070802e+01 6.000000000000e+00
     vertex -2.010791413177e+01 -1.485502572429e+01 6.000000000000e+00
   endloop
 endfacet
 facet normal 0.000000000000e+00 0.000000000000e+00 1.000000000000e+00
   outer loop
     vertex -8.680740221852e-01 -1.344041477041e+00 6.000000000000e+00
     vertex -9.339898755757e-01 -1.299100809145e+00 6.000000000000e+00
     vertex -1.445230000562e+01 -2.039928980498e+01 6.000000000000e+00
   endloop
 endfacet
 facet normal 0.000000000000e+00 0.000000000000e+00 1.000000000000e+00
   outer loop
     vertex -8.680740221852e-01 -1.344041477041e+00 6.000000000000e+00
     vertex -1.445230000562e+01 -2.039928980498e+01 6.000000000000e+00
     vertex -1.362986930407e+01 -2.095773515326e+01 6.000000000000e+00
   endloop
 endfacet
 facet normal 0.000000000000e+00 0.000000000000e+00 1.000000000000e+00
   outer loop
     vertex -8.680740221852e-01 -1.344041477041e+00 6.000000000000e+00
     vertex -1.362986930407e+01 -2.095773515326e+01 6.000000000000e+00
     vertex -1.278588697759e+01 -2.148304201449e+01 6.000000000000e+00
   endloop
 endfacet
 facet normal 0.000000000000e+00 0.000000000000e+00 1.000000000000e+00
   outer loop
     vertex -1.365265410611e+00 -8.342963254072e-01 6.000000000000e+00
     vertex -2.122458405228e+01 -1.321048946132e+01 6.000000000000e+00
     vertex -1.321982038906e+00 -9.013120929018e-01 6.000000000000e+00
   endloop
 endfacet
 facet normal 0.000000000000e+00 0.000000000000e+00 1.000000000000e+00
   outer loop
     vertex -1.365265410611e+00 -8.342963254072e-01 6.000000000000e+00
     vertex -2.173300686099e+01 -1.235622971542e+01 6.000000000000e+00
     vertex -2.122458405228e+01 -1.321048946132e+01 6.000000000000e+00
   endloop
 endfacet
 facet normal 0.000000000000e+00 0.000000000000e+00 1.000000000000e+00
   outer loop
     vertex -8.000000000000e-01 -1.385640646055e+00 6.000000000000e+00
     vertex -1.278588697759e+01 -2.148304201449e+01 6.000000000000e+00
     vertex -1.192168753571e+01 -2.197437977056e+01 6.000000000000e+00
   endloop
 endfacet
 facet normal 0.000000000000e+00 0.000000000000e+00 1.000000000000e+00
   outer loop
     vertex -8.000000000000e-01 -1.385640646055e+00 6.000000000000e+00
     vertex -8.680740221852e-01 -1.344041477041e+00 6.000000000000e+00
     vertex -1.278588697759e+01 -2.148304201449e+01 6.000000000000e+00
   endloop
 endfacet
 facet normal 0.000000000000e+00 0.000000000000e+00 1.000000000000e+00
   outer loop
     vertex -1.405154517392e+00 -7.652063657941e-01 6.000000000000e+00
     vertex -2.173300686099e+01 -1.235622971542e+01 6.000000000000e+00
     vertex -1.365265410611e+00 -8.342963254072e-01 6.000000000000e+00
   endloop
 endfacet
 facet normal 0.000000000000e+00 0.000000000000e+00 1.000000000000e+00
   outer loop
     vertex -1.405154517392e+00 -7.652063657941e-01 6.000000000000e+00
     vertex -2.220706531873e+01 -1.148243223057e+01 6.000000000000e+00
     vertex -2.173300686099e+01 -1.235622971542e+01 6.000000000000e+00
   endloop
 endfacet
 facet normal 0.000000000000e+00 0.000000000000e+00 1.000000000000e+00
   outer loop
     vertex -7.299370517650e-01 -1.423794894098e+00 6.000000000000e+00
     vertex -1.192168753571e+01 -2.197437977056e+01 6.000000000000e+00
     vertex -1.103863745540e+01 -2.243097151548e+01 6.000000000000e+00
   endloop
 endfacet
 facet normal 0.000000000000e+00 0.000000000000e+00 1.000000000000e+00
   outer loop
     vertex -7.299370517650e-01 -1.423794894098e+00 6.000000000000e+00
     vertex -8.000000000000e-01 -1.385640646055e+00 6.000000000000e+00
     vertex -1.192168753571e+01 -2.197437977056e+01 6.000000000000e+00
   endloop
 endfacet
 facet normal 0.000000000000e+00 0.000000000000e+00 1.000000000000e+00
   outer loop
     vertex -1.441550188644e+00 -6.942139825881e-01 6.000000000000e+00
     vertex -2.220706531873e+01 -1.148243223057e+01 6.000000000000e+00
     vertex -1.405154517392e+00 -7.652063657941e-01 6.000000000000e+00
   endloop
 endfacet
 facet normal 0.000000000000e+00 0.000000000000e+00 1.000000000000e+00
   outer loop
     vertex -1.441550188644e+00 -6.942139825881e-01 6.000000000000e+00
     vertex -2.264600984164e+01 -1.059047866021e+01 6.000000000000e+00
     vertex -2.220706531873e+01 -1.148243223057e+01 6.000000000000e+00
   endloop
 endfacet
 facet normal 0.000000000000e+00 0.000000000000e+00 1.000000000000e+00
   outer loop
     vertex -6.580593650090e-01 -1.458409363699e+00 6.000000000000e+00
     vertex -1.103863745540e+01 -2.243097151548e+01 6.000000000000e+00
     vertex -1.013813302032e+01 -2.285209528385e+01 6.000000000000e+00
   endloop
 endfacet
 facet normal 0.000000000000e+00 0.000000000000e+00 1.000000000000e+00
   outer loop
     vertex -6.580593650090e-01 -1.458409363699e+00 6.000000000000e+00
     vertex -7.299370517650e-01 -1.423794894098e+00 6.000000000000e+00
     vertex -1.103863745540e+01 -2.243097151548e+01 6.000000000000e+00
   endloop
 endfacet
 facet normal 0.000000000000e+00 0.000000000000e+00 1.000000000000e+00
   outer loop
     vertex -1.474361938993e+00 -6.214956740395e-01 6.000000000000e+00
     vertex -2.264600984164e+01 -1.059047866021e+01 6.000000000000e+00
     vertex -1.441550188644e+00 -6.942139825881e-01 6.000000000000e+00
   endloop
 endfacet
 facet normal 0.000000000000e+00 0.000000000000e+00 1.000000000000e+00
   outer loop
     vertex -1.474361938993e+00 -6.214956740395e-01 6.000000000000e+00
     vertex -2.341583745672e+01 -8.757771189096e+00 6.000000000000e+00
     vertex -2.304914636821e+01 -9.681779366266e+00 6.000000000000e+00
   endloop
 endfacet
 facet normal 0.000000000000e+00 0.000000000000e+00 1.000000000000e+00
   outer loop
     vertex -1.474361938993e+00 -6.214956740395e-01 6.000000000000e+00
     vertex -2.304914636821e+01 -9.681779366266e+00 6.000000000000e+00
     vertex -2.264600984164e+01 -1.059047866021e+01 6.000000000000e+00
   endloop
 endfacet
 facet normal 0.000000000000e+00 0.000000000000e+00 1.000000000000e+00
   outer loop
     vertex -5.845456389862e-01 -1.489397997831e+00 6.000000000000e+00
     vertex -1.013813302032e+01 -2.285209528385e+01 6.000000000000e+00
     vertex -9.221598113100e+00 -2.323708519243e+01 6.000000000000e+00
   endloop
 endfacet
 facet normal 0.000000000000e+00 0.000000000000e+00 1.000000000000e+00
   outer loop
     vertex -5.845456389862e-01 -1.489397997831e+00 6.000000000000e+00
     vertex -9.221598113100e+00 -2.323708519243e+01 6.000000000000e+00
     vertex -8.290481963802e+00 -2.358533249305e+01 6.000000000000e+00
   endloop
 endfacet
 facet normal 0.000000000000e+00 0.000000000000e+00 1.000000000000e+00
   outer loop
     vertex -5.845456389862e-01 -1.489397997831e+00 6.000000000000e+00
     vertex -6.580593650090e-01 -1.458409363699e+00 6.000000000000e+00
     vertex -1.013813302032e+01 -2.285209528385e+01 6.000000000000e+00
   endloop
 endfacet
 facet normal 0.000000000000e+00 0.000000000000e+00 1.000000000000e+00
   outer loop
     vertex -1.503508193257e+00 -5.472322293211e-01 6.000000000000e+00
     vertex -2.341583745672e+01 -8.757771189096e+00 6.000000000000e+00
     vertex -1.474361938993e+00 -6.214956740395e-01 6.000000000000e+00
   endloop
 endfacet
 facet normal 0.000000000000e+00 0.000000000000e+00 1.000000000000e+00
   outer loop
     vertex -1.503508193257e+00 -5.472322293211e-01 6.000000000000e+00
     vertex -2.374550329319e+01 -7.819915175556e+00 6.000000000000e+00
     vertex -2.341583745672e+01 -8.757771189096e+00 6.000000000000e+00
   endloop
 endfacet
 facet normal 0.000000000000e+00 0.000000000000e+00 1.000000000000e+00
   outer loop
     vertex -5.095786404027e-01 -1.516683753867e+00 6.000000000000e+00
     vertex -8.290481963802e+00 -2.358533249305e+01 6.000000000000e+00
     vertex -7.346256858448e+00 -2.389628653514e+01 6.000000000000e+00
   endloop
 endfacet
 facet normal 0.000000000000e+00 0.000000000000e+00 1.000000000000e+00
   outer loop
     vertex -5.095786404027e-01 -1.516683753867e+00 6.000000000000e+00
     vertex -5.845456389862e-01 -1.489397997831e+00 6.000000000000e+00
     vertex -8.290481963802e+00 -2.358533249305e+01 6.000000000000e+00
   endloop
 endfacet
 facet normal 0.000000000000e+00 0.000000000000e+00 1.000000000000e+00
   outer loop
     vertex -1.528916489258e+00 -4.716082790575e-01 6.000000000000e+00
     vertex -2.374550329319e+01 -7.819915175556e+00 6.000000000000e+00
     vertex -1.503508193257e+00 -5.472322293211e-01 6.000000000000e+00
   endloop
 endfacet
 facet normal 0.000000000000e+00 0.000000000000e+00 1.000000000000e+00
   outer loop
     vertex -1.528916489258e+00 -4.716082790575e-01 6.000000000000e+00
     vertex -2.403762260819e+01 -6.869694268776e+00 6.000000000000e+00
     vertex -2.374550329319e+01 -7.819915175556e+00 6.000000000000e+00
   endloop
 endfacet
 facet normal 0.000000000000e+00 0.000000000000e+00 1.000000000000e+00
   outer loop
     vertex -4.333447490288e-01 -1.540198795120e+00 6.000000000000e+00
     vertex -7.346256858448e+00 -2.389628653514e+01 6.000000000000e+00
     vertex -6.390415811012e+00 -2.416945563645e+01 6.000000000000e+00
   endloop
 endfacet
 facet normal 0.000000000000e+00 0.000000000000e+00 1.000000000000e+00
   outer loop
     vertex -4.333447490288e-01 -1.540198795120e+00 6.000000000000e+00
     vertex -5.095786404027e-01 -1.516683753867e+00 6.000000000000e+00
     vertex -7.346256858448e+00 -2.389628653514e+01 6.000000000000e+00
   endloop
 endfacet
 facet normal 0.000000000000e+00 0.000000000000e+00 1.000000000000e+00
   outer loop
     vertex -1.550523657967e+00 -3.948118363045e-01 6.000000000000e+00
     vertex -2.403762260819e+01 -6.869694268776e+00 6.000000000000e+00
     vertex -1.528916489258e+00 -4.716082790575e-01 6.000000000000e+00
   endloop
 endfacet
 facet normal 0.000000000000e+00 0.000000000000e+00 1.000000000000e+00
   outer loop
     vertex -1.550523657967e+00 -3.948118363045e-01 6.000000000000e+00
     vertex -2.429173350101e+01 -5.908610963323e+00 6.000000000000e+00
     vertex -2.403762260819e+01 -6.869694268776e+00 6.000000000000e+00
   endloop
 endfacet
 facet normal 0.000000000000e+00 0.000000000000e+00 1.000000000000e+00
   outer loop
     vertex -3.560334943301e-01 -1.559884659491e+00 6.000000000000e+00
     vertex -4.333447490288e-01 -1.540198795120e+00 6.000000000000e+00
     vertex -6.390415811012e+00 -2.416945563645e+01 6.000000000000e+00
   endloop
 endfacet
 facet normal 0.000000000000e+00 0.000000000000e+00 1.000000000000e+00
   outer loop
     vertex -3.560334943301e-01 -1.559884659491e+00 6.000000000000e+00
     vertex -6.390415811012e+00 -2.416945563645e+01 6.000000000000e+00
     vertex -5.424470202658e+00 -2.440440786048e+01 6.000000000000e+00
   endloop
 endfacet
 facet normal 0.000000000000e+00 0.000000000000e+00 1.000000000000e+00
   outer loop
     vertex -1.568275980558e+00 -3.170338291190e-01 6.000000000000e+00
     vertex -2.429173350101e+01 -5.908610963323e+00 6.000000000000e+00
     vertex -1.550523657967e+00 -3.948118363045e-01 6.000000000000e+00
   endloop
 endfacet
 facet normal 0.000000000000e+00 0.000000000000e+00 1.000000000000e+00
   outer loop
     vertex -1.568275980558e+00 -3.170338291190e-01 6.000000000000e+00
     vertex -2.468438354841e+01 -3.959950610180e+00 6.000000000000e+00
     vertex -2.450743417012e+01 -4.938184929449e+00 6.000000000000e+00
   endloop
 endfacet
 facet normal 0.000000000000e+00 0.000000000000e+00 1.000000000000e+00
   outer loop
     vertex -1.568275980558e+00 -3.170338291190e-01 6.000000000000e+00
     vertex -2.450743417012e+01 -4.938184929449e+00 6.000000000000e+00
     vertex -2.429173350101e+01 -5.908610963323e+00 6.000000000000e+00
   endloop
 endfacet
 facet normal 0.000000000000e+00 0.000000000000e+00 1.000000000000e+00
   outer loop
     vertex -2.778370842671e-01 -1.575692404820e+00 6.000000000000e+00
     vertex -5.424470202658e+00 -2.440440786048e+01 6.000000000000e+00
     vertex -4.449947391939e+00 -2.460077169946e+01 6.000000000000e+00
   endloop
 endfacet
 facet normal 0.000000000000e+00 0.000000000000e+00 1.000000000000e+00
   outer loop
     vertex -2.778370842671e-01 -1.575692404820e+00 6.000000000000e+00
     vertex -4.449947391939e+00 -2.460077169946e+01 6.000000000000e+00
     vertex -3.468388299727e+00 -2.475823666181e+01 6.000000000000e+00
   endloop
 endfacet
 facet normal 0.000000000000e+00 0.000000000000e+00 1.000000000000e+00
   outer loop
     vertex -2.778370842671e-01 -1.575692404820e+00 6.000000000000e+00
     vertex -3.560334943301e-01 -1.559884659491e+00 6.000000000000e+00
     vertex -5.424470202658e+00 -2.440440786048e+01 6.000000000000e+00
   endloop
 endfacet
 facet normal 0.000000000000e+00 0.000000000000e+00 1.000000000000e+00
   outer loop
     vertex -1.582129321960e+00 -2.384676258819e-01 6.000000000000e+00
     vertex -2.482230184255e+01 -2.975454795048e+00 6.000000000000e+00
     vertex -2.468438354841e+01 -3.959950610180e+00 6.000000000000e+00
   endloop
 endfacet
 facet normal 0.000000000000e+00 0.000000000000e+00 1.000000000000e+00
   outer loop
     vertex -1.582129321960e+00 -2.384676258819e-01 6.000000000000e+00
     vertex -2.468438354841e+01 -3.959950610180e+00 6.000000000000e+00
     vertex -1.568275980558e+00 -3.170338291190e-01 6.000000000000e+00
   endloop
 endfacet
 facet normal 0.000000000000e+00 0.000000000000e+00 1.000000000000e+00
   outer loop
     vertex -1.989499274360e-01 -1.587582730560e+00 6.000000000000e+00
     vertex -3.468388299727e+00 -2.475823666181e+01 6.000000000000e+00
     vertex -2.481344972701e+00 -2.487655376306e+01 6.000000000000e+00
   endloop
 endfacet
 facet normal 0.000000000000e+00 0.000000000000e+00 1.000000000000e+00
   outer loop
     vertex -1.989499274360e-01 -1.587582730560e+00 6.000000000000e+00
     vertex -2.778370842671e-01 -1.575692404820e+00 6.000000000000e+00
     vertex -3.468388299727e+00 -2.475823666181e+01 6.000000000000e+00
   endloop
 endfacet
 facet normal 0.000000000000e+00 0.000000000000e+00 1.000000000000e+00
   outer loop
     vertex -1.592049240585e+00 -1.593085545533e-01 6.000000000000e+00
     vertex -2.492097097537e+01 -1.986254174293e+00 6.000000000000e+00
     vertex -2.482230184255e+01 -2.975454795048e+00 6.000000000000e+00
   endloop
 endfacet
 facet normal 0.000000000000e+00 0.000000000000e+00 1.000000000000e+00
   outer loop
     vertex -1.592049240585e+00 -1.593085545533e-01 6.000000000000e+00
     vertex -2.482230184255e+01 -2.975454795048e+00 6.000000000000e+00
     vertex -1.582129321960e+00 -2.384676258819e-01 6.000000000000e+00
   endloop
 endfacet
 facet normal 0.000000000000e+00 0.000000000000e+00 1.000000000000e+00
   outer loop
     vertex -1.195681497383e-01 -1.595526075490e+00 6.000000000000e+00
     vertex -1.989499274360e-01 -1.587582730560e+00 6.000000000000e+00
     vertex -2.481344972701e+00 -2.487655376306e+01 6.000000000000e+00
   endloop
 endfacet
 facet normal 0.000000000000e+00 0.000000000000e+00 1.000000000000e+00
   outer loop
     vertex -1.195681497383e-01 -1.595526075490e+00 6.000000000000e+00
     vertex -2.481344972701e+00 -2.487655376306e+01 6.000000000000e+00
     vertex -1.490378129245e+00 -2.495553591955e+01 6.000000000000e+00
   endloop
 endfacet
 facet normal 0.000000000000e+00 0.000000000000e+00 1.000000000000e+00
   outer loop
     vertex -1.598011073950e+00 -7.975341705712e-02 6.000000000000e+00
     vertex -2.498023493068e+01 -9.939128774232e-01 6.000000000000e+00
     vertex -2.492097097537e+01 -1.986254174293e+00 6.000000000000e+00
   endloop
 endfacet
 facet normal 0.000000000000e+00 0.000000000000e+00 1.000000000000e+00
   outer loop
     vertex -1.598011073950e+00 -7.975341705712e-02 6.000000000000e+00
     vertex -2.492097097537e+01 -1.986254174293e+00 6.000000000000e+00
     vertex -1.592049240585e+00 -1.593085545533e-01 6.000000000000e+00
   endloop
 endfacet
 facet normal 0.000000000000e+00 0.000000000000e+00 1.000000000000e+00
   outer loop
     vertex -3.988910678090e-02 -1.599502691201e+00 6.000000000000e+00
     vertex -1.490378129245e+00 -2.495553591955e+01 6.000000000000e+00
     vertex -4.970546916266e-01 -2.499505824425e+01 6.000000000000e+00
   endloop
 endfacet
 facet normal 0.000000000000e+00 0.000000000000e+00 1.000000000000e+00
   outer loop
     vertex -3.988910678090e-02 -1.599502691201e+00 6.000000000000e+00
     vertex -1.195681497383e-01 -1.595526075490e+00 6.000000000000e+00
     vertex -1.490378129245e+00 -2.495553591955e+01 6.000000000000e+00
   endloop
 endfacet
 facet normal 0.000000000000e+00 0.000000000000e+00 1.000000000000e+00
   outer loop
     vertex -1.600000000000e+00 -5.488398398217e-15 6.000000000000e+00
     vertex -2.498023493068e+01 9.939128774231e-01 6.000000000000e+00
     vertex -2.500000000000e+01 -5.244953423339e-14 6.000000000000e+00
   endloop
 endfacet
 facet normal 0.000000000000e+00 0.000000000000e+00 1.000000000000e+00
   outer loop
     vertex -1.600000000000e+00 -5.488398398217e-15 6.000000000000e+00
     vertex -2.500000000000e+01 -5.244953423339e-14 6.000000000000e+00
     vertex -2.498023493068e+01 -9.939128774232e-01 6.000000000000e+00
   endloop
 endfacet
 facet normal 0.000000000000e+00 0.000000000000e+00 1.000000000000e+00
   outer loop
     vertex -1.600000000000e+00 -5.488398398217e-15 6.000000000000e+00
     vertex -2.498023493068e+01 -9.939128774232e-01 6.000000000000e+00
     vertex -1.598011073950e+00 -7.975341705712e-02 6.000000000000e+00
   endloop
 endfacet
 facet normal 0.000000000000e+00 0.000000000000e+00 1.000000000000e+00
   outer loop
     vertex 3.988910678093e-02 -1.599502691201e+00 6.000000000000e+00
     vertex -4.970546916266e-01 -2.499505824425e+01 6.000000000000e+00
     vertex 4.970546916269e-01 -2.499505824425e+01 6.000000000000e+00
   endloop
 endfacet
 facet normal 0.000000000000e+00 0.000000000000e+00 1.000000000000e+00
   outer loop
     vertex 3.988910678093e-02 -1.599502691201e+00 6.000000000000e+00
     vertex 4.970546916269e-01 -2.499505824425e+01 6.000000000000e+00
     vertex 1.490378129246e+00 -2.495553591955e+01 6.000000000000e+00
   endloop
 endfacet
 facet normal 0.000000000000e+00 0.000000000000e+00 1.000000000000e+00
   outer loop
     vertex 3.988910678093e-02 -1.599502691201e+00 6.000000000000e+00
     vertex -3.988910678090e-02 -1.599502691201e+00 6.000000000000e+00
     vertex -4.970546916266e-01 -2.499505824425e+01 6.000000000000e+00
   endloop
 endfacet
 facet normal 0.000000000000e+00 0.000000000000e+00 1.000000000000e+00
   outer loop
     vertex -1.598011073950e+00 7.975341705711e-02 6.000000000000e+00
     vertex -2.498023493068e+01 9.939128774231e-01 6.000000000000e+00
     vertex -1.600000000000e+00 -5.488398398217e-15 6.000000000000e+00
   endloop
 endfacet
 facet normal 0.000000000000e+00 0.000000000000e+00 1.000000000000e+00
   outer loop
     vertex -1.598011073950e+00 7.975341705711e-02 6.000000000000e+00
     vertex -2.492097097537e+01 1.986254174293e+00 6.000000000000e+00
     vertex -2.498023493068e+01 9.939128774231e-01 6.000000000000e+00
   endloop
 endfacet
 facet normal 0.000000000000e+00 0.000000000000e+00 1.000000000000e+00
   outer loop
     vertex 1.195681497383e-01 -1.595526075490e+00 6.000000000000e+00
     vertex 1.490378129246e+00 -2.495553591955e+01 6.000000000000e+00
     vertex 2.481344972702e+00 -2.487655376306e+01 6.000000000000e+00
   endloop
 endfacet
 facet normal 0.000000000000e+00 0.000000000000e+00 1.000000000000e+00
   outer loop
     vertex 1.195681497383e-01 -1.595526075490e+00 6.000000000000e+00
     vertex 3.988910678093e-02 -1.599502691201e+00 6.000000000000e+00
     vertex 1.490378129246e+00 -2.495553591955e+01 6.000000000000e+00
   endloop
 endfacet
 facet normal 0.000000000000e+00 0.000000000000e+00 1.000000000000e+00
   outer loop
     vertex -1.592049240585e+00 1.593085545533e-01 6.000000000000e+00
     vertex -2.492097097537e+01 1.986254174293e+00 6.000000000000e+00
     vertex -1.598011073950e+00 7.975341705711e-02 6.000000000000e+00
   endloop
 endfacet
 facet normal 0.000000000000e+00 0.000000000000e+00 1.000000000000e+00
   outer loop
     vertex -1.592049240585e+00 1.593085545533e-01 6.000000000000e+00
     vertex -2.482230184255e+01 2.975454795048e+00 6.000000000000e+00
     vertex -2.492097097537e+01 1.986254174293e+00 6.000000000000e+00
   endloop
 endfacet
 facet normal 0.000000000000e+00 0.000000000000e+00 1.000000000000e+00
   outer loop
     vertex 1.989499274360e-01 -1.587582730560e+00 6.000000000000e+00
     vertex 2.481344972702e+00 -2.487655376306e+01 6.000000000000e+00
     vertex 3.468388299727e+00 -2.475823666181e+01 6.000000000000e+00
   endloop
 endfacet
 facet normal 0.000000000000e+00 0.000000000000e+00 1.000000000000e+00
   outer loop
     vertex 1.989499274360e-01 -1.587582730560e+00 6.000000000000e+00
     vertex 1.195681497383e-01 -1.595526075490e+00 6.000000000000e+00
     vertex 2.481344972702e+00 -2.487655376306e+01 6.000000000000e+00
   endloop
 endfacet
 facet normal 0.000000000000e+00 0.000000000000e+00 1.000000000000e+00
   outer loop
     vertex -1.582129321960e+00 2.384676258819e-01 6.000000000000e+00
     vertex -2.482230184255e+01 2.975454795048e+00 6.000000000000e+00
     vertex -1.592049240585e+00 1.593085545533e-01 6.000000000000e+00
   endloop
 endfacet
 facet normal 0.000000000000e+00 0.000000000000e+00 1.000000000000e+00
   outer loop
     vertex -1.582129321960e+00 2.384676258819e-01 6.000000000000e+00
     vertex -2.468438354841e+01 3.959950610180e+00 6.000000000000e+00
     vertex -2.482230184255e+01 2.975454795048e+00 6.000000000000e+00
   endloop
 endfacet
 facet normal 0.000000000000e+00 0.000000000000e+00 1.000000000000e+00
   outer loop
     vertex 2.778370842671e-01 -1.575692404820e+00 6.000000000000e+00
     vertex 3.468388299727e+00 -2.475823666181e+01 6.000000000000e+00
     vertex 4.449947391939e+00 -2.460077169946e+01 6.000000000000e+00
   endloop
 endfacet
 facet normal 0.000000000000e+00 0.000000000000e+00 1.000000000000e+00
   outer loop
     vertex 2.778370842671e-01 -1.575692404820e+00 6.000000000000e+00
     vertex 4.449947391939e+00 -2.460077169946e+01 6.000000000000e+00
     vertex 5.424470202658e+00 -2.440440786048e+01 6.000000000000e+00
   endloop
 endfacet
 facet normal 0.000000000000e+00 0.000000000000e+00 1.000000000000e+00
   outer loop
     vertex 2.778370842671e-01 -1.575692404820e+00 6.000000000000e+00
     vertex 1.989499274360e-01 -1.587582730560e+00 6.000000000000e+00
     vertex 3.468388299727e+00 -2.475823666181e+01 6.000000000000e+00
   endloop
 endfacet
 facet normal 0.000000000000e+00 0.000000000000e+00 1.000000000000e+00
   outer loop
     vertex -1.568275980558e+00 3.170338291190e-01 6.000000000000e+00
     vertex -2.468438354841e+01 3.959950610180e+00 6.000000000000e+00
     vertex -1.582129321960e+00 2.384676258819e-01 6.000000000000e+00
   endloop
 endfacet
 facet normal 0.000000000000e+00 0.000000000000e+00 1.000000000000e+00
   outer loop
     vertex -1.568275980558e+00 3.170338291190e-01 6.000000000000e+00
     vertex -2.429173350101e+01 5.908610963323e+00 6.000000000000e+00
     vertex -2.450743417012e+01 4.938184929449e+00 6.000000000000e+00
   endloop
 endfacet
 facet normal 0.000000000000e+00 0.000000000000e+00 1.000000000000e+00
   outer loop
     vertex -1.568275980558e+00 3.170338291190e-01 6.000000000000e+00
     vertex -2.450743417012e+01 4.938184929449e+00 6.000000000000e+00
     vertex -2.468438354841e+01 3.959950610180e+00 6.000000000000e+00
   endloop
 endfacet
 facet normal 0.000000000000e+00 0.000000000000e+00 1.000000000000e+00
   outer loop
     vertex 3.560334943301e-01 -1.559884659491e+00 6.000000000000e+00
     vertex 5.424470202658e+00 -2.440440786048e+01 6.000000000000e+00
     vertex 6.390415811012e+00 -2.416945563645e+01 6.000000000000e+00
   endloop
 endfacet
 facet normal 0.000000000000e+00 0.000000000000e+00 1.000000000000e+00
   outer loop
     vertex 3.560334943301e-01 -1.559884659491e+00 6.000000000000e+00
     vertex 2.778370842671e-01 -1.575692404820e+00 6.000000000000e+00
     vertex 5.424470202658e+00 -2.440440786048e+01 6.000000000000e+00
   endloop
 endfacet
 facet normal 0.000000000000e+00 0.000000000000e+00 1.000000000000e+00
   outer loop
     vertex -1.550523657967e+00 3.948118363045e-01 6.000000000000e+00
     vertex -2.429173350101e+01 5.908610963323e+00 6.000000000000e+00
     vertex -1.568275980558e+00 3.170338291190e-01 6.000000000000e+00
   endloop
 endfacet
 facet normal 0.000000000000e+00 0.000000000000e+00 1.000000000000e+00
   outer loop
     vertex -1.550523657967e+00 3.948118363045e-01 6.000000000000e+00
     vertex -2.403762260819e+01 6.869694268776e+00 6.000000000000e+00
     vertex -2.429173350101e+01 5.908610963323e+00 6.000000000000e+00
   endloop
 endfacet
 facet normal 0.000000000000e+00 0.000000000000e+00 1.000000000000e+00
   outer loop
     vertex 4.333447490288e-01 -1.540198795120e+00 6.000000000000e+00
     vertex 6.390415811012e+00 -2.416945563645e+01 6.000000000000e+00
     vertex 7.346256858448e+00 -2.389628653514e+01 6.000000000000e+00
   endloop
 endfacet
 facet normal 0.000000000000e+00 0.000000000000e+00 1.000000000000e+00
   outer loop
     vertex 4.333447490288e-01 -1.540198795120e+00 6.000000000000e+00
     vertex 3.560334943301e-01 -1.559884659491e+00 6.000000000000e+00
     vertex 6.390415811012e+00 -2.416945563645e+01 6.000000000000e+00
   endloop
 endfacet
 facet normal 0.000000000000e+00 0.000000000000e+00 1.000000000000e+00
   outer loop
     vertex -1.528916489258e+00 4.716082790574e-01 6.000000000000e+00
     vertex -2.403762260819e+01 6.869694268776e+00 6.000000000000e+00
     vertex -1.550523657967e+00 3.948118363045e-01 6.000000000000e+00
   endloop
 endfacet
 facet normal 0.000000000000e+00 0.000000000000e+00 1.000000000000e+00
   outer loop
     vertex -1.528916489258e+00 4.716082790574e-01 6.000000000000e+00
     vertex -2.374550329319e+01 7.819915175556e+00 6.000000000000e+00
     vertex -2.403762260819e+01 6.869694268776e+00 6.000000000000e+00
   endloop
 endfacet
 facet normal 0.000000000000e+00 0.000000000000e+00 1.000000000000e+00
   outer loop
     vertex 5.095786404027e-01 -1.516683753867e+00 6.000000000000e+00
     vertex 4.333447490288e-01 -1.540198795120e+00 6.000000000000e+00
     vertex 7.346256858448e+00 -2.389628653514e+01 6.000000000000e+00
   endloop
 endfacet
 facet normal 0.000000000000e+00 0.000000000000e+00 1.000000000000e+00
   outer loop
     vertex 5.095786404027e-01 -1.516683753867e+00 6.000000000000e+00
     vertex 7.346256858448e+00 -2.389628653514e+01 6.000000000000e+00
     vertex 8.290481963802e+00 -2.358533249305e+01 6.000000000000e+00
   endloop
 endfacet
 facet normal 0.000000000000e+00 0.000000000000e+00 1.000000000000e+00
   outer loop
     vertex -1.503508193257e+00 5.472322293211e-01 6.000000000000e+00
     vertex -2.374550329319e+01 7.819915175556e+00 6.000000000000e+00
     vertex -1.528916489258e+00 4.716082790574e-01 6.000000000000e+00
   endloop
 endfacet
 facet normal 0.000000000000e+00 0.000000000000e+00 1.000000000000e+00
   outer loop
     vertex -1.503508193257e+00 5.472322293211e-01 6.000000000000e+00
     vertex -2.341583745672e+01 8.757771189096e+00 6.000000000000e+00
     vertex -2.374550329319e+01 7.819915175556e+00 6.000000000000e+00
   endloop
 endfacet
 facet normal 0.000000000000e+00 0.000000000000e+00 1.000000000000e+00
   outer loop
     vertex 5.845456389862e-01 -1.489397997831e+00 6.000000000000e+00
     vertex 8.290481963802e+00 -2.358533249305e+01 6.000000000000e+00
     vertex 9.221598113100e+00 -2.323708519243e+01 6.000000000000e+00
   endloop
 endfacet
 facet normal 0.000000000000e+00 0.000000000000e+00 1.000000000000e+00
   outer loop
     vertex 5.845456389862e-01 -1.489397997831e+00 6.000000000000e+00
     vertex 9.221598113100e+00 -2.323708519243e+01 6.000000000000e+00
     vertex 1.013813302033e+01 -2.285209528385e+01 6.000000000000e+00
   endloop
 endfacet
 facet normal 0.000000000000e+00 0.000000000000e+00 1.000000000000e+00
   outer loop
     vertex 5.845456389862e-01 -1.489397997831e+00 6.000000000000e+00
     vertex 5.095786404027e-01 -1.516683753867e+00 6.000000000000e+00
     vertex 8.290481963802e+00 -2.358533249305e+01 6.000000000000e+00
   endloop
 endfacet
 facet normal 0.000000000000e+00 0.000000000000e+00 1.000000000000e+00
   outer loop
     vertex -1.474361938993e+00 6.214956740395e-01 6.000000000000e+00
     vertex -2.341583745672e+01 8.757771189096e+00 6.000000000000e+00
     vertex -1.503508193257e+00 5.472322293211e-01 6.000000000000e+00
   endloop
 endfacet
 facet normal 0.000000000000e+00 0.000000000000e+00 1.000000000000e+00
   outer loop
     vertex -1.474361938993e+00 6.214956740395e-01 6.000000000000e+00
     vertex -2.264600984164e+01 1.059047866021e+01 6.000000000000e+00
     vertex -2.304914636821e+01 9.681779366266e+00 6.000000000000e+00
   endloop
 endfacet
 facet normal 0.000000000000e+00 0.000000000000e+00 1.000000000000e+00
   outer loop
     vertex -1.474361938993e+00 6.214956740395e-01 6.000000000000e+00
     vertex -2.304914636821e+01 9.681779366266e+00 6.000000000000e+00
     vertex -2.341583745672e+01 8.757771189096e+00 6.000000000000e+00
   endloop
 endfacet
 facet normal 0.000000000000e+00 0.000000000000e+00 1.000000000000e+00
   outer loop
     vertex 6.580593650090e-01 -1.458409363699e+00 6.000000000000e+00
     vertex 5.845456389862e-01 -1.489397997831e+00 6.000000000000e+00
     vertex 1.013813302033e+01 -2.285209528385e+01 6.000000000000e+00
   endloop
 endfacet
 facet normal 0.000000000000e+00 0.000000000000e+00 1.000000000000e+00
   outer loop
     vertex 6.580593650090e-01 -1.458409363699e+00 6.000000000000e+00
     vertex 1.013813302033e+01 -2.285209528385e+01 6.000000000000e+00
     vertex 1.103863745540e+01 -2.243097151548e+01 6.000000000000e+00
   endloop
 endfacet
 facet normal 0.000000000000e+00 0.000000000000e+00 1.000000000000e+00
   outer loop
     vertex -1.441550188644e+00 6.942139825881e-01 6.000000000000e+00
     vertex -2.264600984164e+01 1.059047866021e+01 6.000000000000e+00
     vertex -1.474361938993e+00 6.214956740395e-01 6.000000000000e+00
   endloop
 endfacet
 facet normal 0.000000000000e+00 0.000000000000e+00 1.000000000000e+00
   outer loop
     vertex -1.441550188644e+00 6.942139825881e-01 6.000000000000e+00
     vertex -2.220706531873e+01 1.148243223057e+01 6.000000000000e+00
     vertex -2.264600984164e+01 1.059047866021e+01 6.000000000000e+00
   endloop
 endfacet
 facet normal 0.000000000000e+00 0.000000000000e+00 1.000000000000e+00
   outer loop
     vertex 7.299370517651e-01 -1.423794894098e+00 6.000000000000e+00
     vertex 1.103863745540e+01 -2.243097151548e+01 6.000000000000e+00
     vertex 1.192168753571e+01 -2.197437977056e+01 6.000000000000e+00
   endloop
 endfacet
 facet normal 0.000000000000e+00 0.000000000000e+00 1.000000000000e+00
   outer loop
     vertex 7.299370517651e-01 -1.423794894098e+00 6.000000000000e+00
     vertex 6.580593650090e-01 -1.458409363699e+00 6.000000000000e+00
     vertex 1.103863745540e+01 -2.243097151548e+01 6.000000000000e+00
   endloop
 endfacet
 facet normal 0.000000000000e+00 0.000000000000e+00 1.000000000000e+00
   outer loop
     vertex -1.405154517392e+00 7.652063657941e-01 6.000000000000e+00
     vertex -2.220706531873e+01 1.148243223057e+01 6.000000000000e+00
     vertex -1.441550188644e+00 6.942139825881e-01 6.000000000000e+00
   endloop
 endfacet
 facet normal 0.000000000000e+00 0.000000000000e+00 1.000000000000e+00
   outer loop
     vertex -1.405154517392e+00 7.652063657941e-01 6.000000000000e+00
     vertex -2.173300686099e+01 1.235622971542e+01 6.000000000000e+00
     vertex -2.220706531873e+01 1.148243223057e+01 6.000000000000e+00
   endloop
 endfacet
 facet normal 0.000000000000e+00 0.000000000000e+00 1.000000000000e+00
   outer loop
     vertex 8.000000000000e-01 -1.385640646055e+00 6.000000000000e+00
     vertex 1.192168753571e+01 -2.197437977056e+01 6.000000000000e+00
     vertex 1.278588697759e+01 -2.148304201449e+01 6.000000000000e+00
   endloop
 endfacet
 facet normal 0.000000000000e+00 0.000000000000e+00 1.000000000000e+00
   outer loop
     vertex 8.000000000000e-01 -1.385640646055e+00 6.000000000000e+00
     vertex 7.299370517651e-01 -1.423794894098e+00 6.000000000000e+00
     vertex 1.192168753571e+01 -2.197437977056e+01 6.000000000000e+00
   endloop
 endfacet
 facet normal 0.000000000000e+00 0.000000000000e+00 1.000000000000e+00
   outer loop
     vertex -1.365265410611e+00 8.342963254072e-01 6.000000000000e+00
     vertex -2.173300686099e+01 1.235622971542e+01 6.000000000000e+00
     vertex -1.405154517392e+00 7.652063657941e-01 6.000000000000e+00
   endloop
 endfacet
 facet normal 0.000000000000e+00 0.000000000000e+00 1.000000000000e+00
   outer loop
     vertex -1.365265410611e+00 8.342963254072e-01 6.000000000000e+00
     vertex -2.122458405228e+01 1.321048946132e+01 6.000000000000e+00
     vertex -2.173300686099e+01 1.235622971542e+01 6.000000000000e+00
   endloop
 endfacet
 facet normal 0.000000000000e+00 0.000000000000e+00 1.000000000000e+00
   outer loop
     vertex 8.680740221852e-01 -1.344041477041e+00 6.000000000000e+00
     vertex 1.278588697759e+01 -2.148304201449e+01 6.000000000000e+00
     vertex 1.362986930407e+01 -2.095773515326e+01 6.000000000000e+00
   endloop
 endfacet
 facet normal 0.000000000000e+00 0.000000000000e+00 1.000000000000e+00
   outer loop
     vertex 8.680740221852e-01 -1.344041477041e+00 6.000000000000e+00
     vertex 1.362986930407e+01 -2.095773515326e+01 6.000000000000e+00
     vertex 1.445230000562e+01 -2.039928980498e+01 6.000000000000e+00
   endloop
 endfacet
 facet normal 0.000000000000e+00 0.000000000000e+00 1.000000000000e+00
   outer loop
     vertex 8.680740221852e-01 -1.344041477041e+00 6.000000000000e+00
     vertex 8.000000000000e-01 -1.385640646055e+00 6.000000000000e+00
     vertex 1.278588697759e+01 -2.148304201449e+01 6.000000000000e+00
   endloop
 endfacet
 facet normal 0.000000000000e+00 0.000000000000e+00 1.000000000000e+00
   outer loop
     vertex -1.321982038906e+00 9.013120929018e-01 6.000000000000e+00
     vertex -2.122458405228e+01 1.321048946132e+01 6.000000000000e+00
     vertex -1.365265410611e+00 8.342963254072e-01 6.000000000000e+00
   endloop
 endfacet
 facet normal 0.000000000000e+00 0.000000000000e+00 1.000000000000e+00
   outer loop
     vertex -1.321982038906e+00 9.013120929018e-01 6.000000000000e+00
     vertex -2.010791413177e+01 1.485502572429e+01 6.000000000000e+00
     vertex -2.068260081358e+01 1.404386070802e+01 6.000000000000e+00
   endloop
 endfacet
 facet normal 0.000000000000e+00 0.000000000000e+00 1.000000000000e+00
   outer loop
     vertex -1.321982038906e+00 9.013120929018e-01 6.000000000000e+00
     vertex -2.068260081358e+01 1.404386070802e+01 6.000000000000e+00
     vertex -2.122458405228e+01 1.321048946132e+01 6.000000000000e+00
   endloop
 endfacet
 facet normal 0.000000000000e+00 0.000000000000e+00 1.000000000000e+00
   outer loop
     vertex 9.339898755757e-01 -1.299100809145e+00 6.000000000000e+00
     vertex 8.680740221852e-01 -1.344041477041e+00 6.000000000000e+00
     vertex 1.445230000562e+01 -2.039928980498e+01 6.000000000000e+00
   endloop
 endfacet
 facet normal 0.000000000000e+00 0.000000000000e+00 1.000000000000e+00
   outer loop
     vertex 9.339898755757e-01 -1.299100809145e+00 6.000000000000e+00
     vertex 1.445230000562e+01 -2.039928980498e+01 6.000000000000e+00
     vertex 1.525187865026e+01 -1.980858898654e+01 6.000000000000e+00
   endloop
 endfacet
 facet normal 0.000000000000e+00 0.000000000000e+00 1.000000000000e+00
   outer loop
     vertex -1.275412011557e+00 9.660870565208e-01 6.000000000000e+00
     vertex -2.010791413177e+01 1.485502572429e+01 6.000000000000e+00
     vertex -1.321982038906e+00 9.013120929018e-01 6.000000000000e+00
   endloop
 endfacet
 facet normal 0.000000000000e+00 0.000000000000e+00 1.000000000000e+00
   outer loop
     vertex -1.275412011557e+00 9.660870565208e-01 6.000000000000e+00
     vertex -1.950143270463e+01 1.564270189151e+01 6.000000000000e+00
     vertex -2.010791413177e+01 1.485502572429e+01 6.000000000000e+00
   endloop
 endfacet
 facet normal 0.000000000000e+00 0.000000000000e+00 1.000000000000e+00
   outer loop
     vertex 9.975836829740e-01 -1.250930371949e+00 6.000000000000e+00
     vertex 9.339898755757e-01 -1.299100809145e+00 6.000000000000e+00
     vertex 1.525187865026e+01 -1.980858898654e+01 6.000000000000e+00
   endloop
 endfacet
 facet normal 0.000000000000e+00 0.000000000000e+00 1.000000000000e+00
   outer loop
     vertex 9.975836829740e-01 -1.250930371949e+00 6.000000000000e+00
     vertex 1.525187865026e+01 -1.980858898654e+01 6.000000000000e+00
     vertex 1.602734093981e+01 -1.918656671735e+01 6.000000000000e+00
   endloop
 endfacet
 facet normal 0.000000000000e+00 0.000000000000e+00 1.000000000000e+00
   outer loop
     vertex -1.225671108990e+00 1.028460175498e+00 6.000000000000e+00
     vertex -1.950143270463e+01 1.564270189151e+01 6.000000000000e+00
     vertex -1.275412011557e+00 9.660870565208e-01 6.000000000000e+00
   endloop
 endfacet
 facet normal 0.000000000000e+00 0.000000000000e+00 1.000000000000e+00
   outer loop
     vertex -1.225671108990e+00 1.028460175498e+00 6.000000000000e+00
     vertex -1.886411550396e+01 1.640564373176e+01 6.000000000000e+00
     vertex -1.950143270463e+01 1.564270189151e+01 6.000000000000e+00
   endloop
 endfacet
 facet normal 0.000000000000e+00 0.000000000000e+00 1.000000000000e+00
   outer loop
     vertex 1.058697340155e+00 -1.199649924748e+00 6.000000000000e+00
     vertex 1.602734093981e+01 -1.918656671735e+01 6.000000000000e+00
     vertex 1.677746070898e+01 -1.853420654247e+01 6.000000000000e+00
   endloop
 endfacet
 facet normal 0.000000000000e+00 0.000000000000e+00 1.000000000000e+00
   outer loop
     vertex 1.058697340155e+00 -1.199649924748e+00 6.000000000000e+00
     vertex 9.975836829740e-01 -1.250930371949e+00 6.000000000000e+00
     vertex 1.602734093981e+01 -1.918656671735e+01 6.000000000000e+00
   endloop
 endfacet
 facet normal 0.000000000000e+00 0.000000000000e+00 1.000000000000e+00
   outer loop
     vertex -1.172882994928e+00 1.088276380433e+00 6.000000000000e+00
     vertex -1.819697025924e+01 1.714264487716e+01 6.000000000000e+00
     vertex -1.886411550396e+01 1.640564373176e+01 6.000000000000e+00
   endloop
 endfacet
 facet normal 0.000000000000e+00 0.000000000000e+00 1.000000000000e+00
   outer loop
     vertex -1.172882994928e+00 1.088276380433e+00 6.000000000000e+00
     vertex -1.886411550396e+01 1.640564373176e+01 6.000000000000e+00
     vertex -1.225671108990e+00 1.028460175498e+00 6.000000000000e+00
   endloop
 endfacet
 facet normal 0.000000000000e+00 0.000000000000e+00 1.000000000000e+00
   outer loop
     vertex 1.117178908938e+00 -1.145386958816e+00 6.000000000000e+00
     vertex 1.677746070898e+01 -1.853420654247e+01 6.000000000000e+00
     vertex 1.750105186424e+01 -1.785253997742e+01 6.000000000000e+00
   endloop
 endfacet
 facet normal 0.000000000000e+00 0.000000000000e+00 1.000000000000e+00
   outer loop
     vertex 1.117178908938e+00 -1.145386958816e+00 6.000000000000e+00
     vertex 1.058697340155e+00 -1.199649924748e+00 6.000000000000e+00
     vertex 1.677746070898e+01 -1.853420654247e+01 6.000000000000e+00
   endloop
 endfacet
 facet normal 0.000000000000e+00 0.000000000000e+00 1.000000000000e+00
   outer loop
     vertex -1.117178908938e+00 1.145386958816e+00 6.000000000000e+00
     vertex -1.819697025924e+01 1.714264487716e+01 6.000000000000e+00
     vertex -1.172882994928e+00 1.088276380433e+00 6.000000000000e+00
   endloop
 endfacet
 facet normal 0.000000000000e+00 0.000000000000e+00 1.000000000000e+00
   outer loop
     vertex -1.750105186424e+01 1.785253997742e+01 6.000000000000e+00
     vertex -1.819697025924e+01 1.714264487716e+01 6.000000000000e+00
     vertex -1.117178908938e+00 1.145386958816e+00 6.000000000000e+00
   endloop
 endfacet
 facet normal 0.000000000000e+00 0.000000000000e+00 1.000000000000e+00
   outer loop
     vertex 1.819697025924e+01 -1.714264487716e+01 6.000000000000e+00
     vertex 1.117178908938e+00 -1.145386958816e+00 6.000000000000e+00
     vertex 1.750105186424e+01 -1.785253997742e+01 6.000000000000e+00
   endloop
 endfacet
 facet normal 0.000000000000e+00 0.000000000000e+00 1.000000000000e+00
   outer loop
     vertex 1.819697025924e+01 -1.714264487716e+01 6.000000000000e+00
     vertex 1.172882994928e+00 -1.088276380433e+00 6.000000000000e+00
     vertex 1.117178908938e+00 -1.145386958816e+00 6.000000000000e+00
   endloop
 endfacet
 facet normal 0.000000000000e+00 0.000000000000e+00 1.000000000000e+00
   outer loop
     vertex -1.677746070898e+01 1.853420654247e+01 6.000000000000e+00
     vertex -1.117178908938e+00 1.145386958816e+00 6.000000000000e+00
     vertex -1.058697340155e+00 1.199649924748e+00 6.000000000000e+00
   endloop
 endfacet
 facet normal 0.000000000000e+00 0.000000000000e+00 1.000000000000e+00
   outer loop
     vertex -1.677746070898e+01 1.853420654247e+01 6.000000000000e+00
     vertex -1.750105186424e+01 1.785253997742e+01 6.000000000000e+00
     vertex -1.117178908938e+00 1.145386958816e+00 6.000000000000e+00
   endloop
 endfacet
 facet normal 0.000000000000e+00 0.000000000000e+00 1.000000000000e+00
   outer loop
     vertex 1.886411550396e+01 -1.640564373176e+01 6.000000000000e+00
     vertex 1.225671108990e+00 -1.028460175498e+00 6.000000000000e+00
     vertex 1.172882994928e+00 -1.088276380433e+00 6.000000000000e+00
   endloop
 endfacet
 facet normal 0.000000000000e+00 0.000000000000e+00 1.000000000000e+00
   outer loop
     vertex 1.886411550396e+01 -1.640564373176e+01 6.000000000000e+00
     vertex 1.172882994928e+00 -1.088276380433e+00 6.000000000000e+00
     vertex 1.819697025924e+01 -1.714264487716e+01 6.000000000000e+00
   endloop
 endfacet
 facet normal 0.000000000000e+00 0.000000000000e+00 1.000000000000e+00
   outer loop
     vertex -1.602734093981e+01 1.918656671735e+01 6.000000000000e+00
     vertex -1.058697340155e+00 1.199649924748e+00 6.000000000000e+00
     vertex -9.975836829740e-01 1.250930371949e+00 6.000000000000e+00
   endloop
 endfacet
 facet normal 0.000000000000e+00 0.000000000000e+00 1.000000000000e+00
   outer loop
     vertex -1.602734093981e+01 1.918656671735e+01 6.000000000000e+00
     vertex -1.677746070898e+01 1.853420654247e+01 6.000000000000e+00
     vertex -1.058697340155e+00 1.199649924748e+00 6.000000000000e+00
   endloop
 endfacet
 facet normal 0.000000000000e+00 0.000000000000e+00 1.000000000000e+00
   outer loop
     vertex 1.950143270463e+01 -1.564270189151e+01 6.000000000000e+00
     vertex 1.225671108990e+00 -1.028460175498e+00 6.000000000000e+00
     vertex 1.886411550396e+01 -1.640564373176e+01 6.000000000000e+00
   endloop
 endfacet
 facet normal 0.000000000000e+00 0.000000000000e+00 1.000000000000e+00
   outer loop
     vertex 1.950143270463e+01 -1.564270189151e+01 6.000000000000e+00
     vertex 1.275412011557e+00 -9.660870565207e-01 6.000000000000e+00
     vertex 1.225671108990e+00 -1.028460175498e+00 6.000000000000e+00
   endloop
 endfacet
 facet normal 0.000000000000e+00 0.000000000000e+00 1.000000000000e+00
   outer loop
     vertex -1.525187865026e+01 1.980858898654e+01 6.000000000000e+00
     vertex -9.975836829740e-01 1.250930371949e+00 6.000000000000e+00
     vertex -9.339898755757e-01 1.299100809145e+00 6.000000000000e+00
   endloop
 endfacet
 facet normal 0.000000000000e+00 0.000000000000e+00 1.000000000000e+00
   outer loop
     vertex -1.525187865026e+01 1.980858898654e+01 6.000000000000e+00
     vertex -1.602734093981e+01 1.918656671735e+01 6.000000000000e+00
     vertex -9.975836829740e-01 1.250930371949e+00 6.000000000000e+00
   endloop
 endfacet
 facet normal 0.000000000000e+00 0.000000000000e+00 1.000000000000e+00
   outer loop
     vertex 2.010791413177e+01 -1.485502572429e+01 6.000000000000e+00
     vertex 1.321982038906e+00 -9.013120929018e-01 6.000000000000e+00
     vertex 1.275412011557e+00 -9.660870565207e-01 6.000000000000e+00
   endloop
 endfacet
 facet normal 0.000000000000e+00 0.000000000000e+00 1.000000000000e+00
   outer loop
     vertex 2.010791413177e+01 -1.485502572429e+01 6.000000000000e+00
     vertex 1.275412011557e+00 -9.660870565207e-01 6.000000000000e+00
     vertex 1.950143270463e+01 -1.564270189151e+01 6.000000000000e+00
   endloop
 endfacet
 facet normal 0.000000000000e+00 0.000000000000e+00 1.000000000000e+00
   outer loop
     vertex -1.445230000562e+01 2.039928980498e+01 6.000000000000e+00
     vertex -9.339898755757e-01 1.299100809145e+00 6.000000000000e+00
     vertex -8.680740221852e-01 1.344041477041e+00 6.000000000000e+00
   endloop
 endfacet
 facet normal 0.000000000000e+00 0.000000000000e+00 1.000000000000e+00
   outer loop
     vertex -1.445230000562e+01 2.039928980498e+01 6.000000000000e+00
     vertex -1.525187865026e+01 1.980858898654e+01 6.000000000000e+00
     vertex -9.339898755757e-01 1.299100809145e+00 6.000000000000e+00
   endloop
 endfacet
 facet normal 0.000000000000e+00 0.000000000000e+00 1.000000000000e+00
   outer loop
     vertex 2.068260081358e+01 -1.404386070802e+01 6.000000000000e+00
     vertex 1.321982038906e+00 -9.013120929018e-01 6.000000000000e+00
     vertex 2.010791413177e+01 -1.485502572429e+01 6.000000000000e+00
   endloop
 endfacet
 facet normal 0.000000000000e+00 0.000000000000e+00 1.000000000000e+00
   outer loop
     vertex -1.362986930407e+01 2.095773515326e+01 6.000000000000e+00
     vertex -1.445230000562e+01 2.039928980498e+01 6.000000000000e+00
     vertex -8.680740221852e-01 1.344041477041e+00 6.000000000000e+00
   endloop
 endfacet
 facet normal 0.000000000000e+00 0.000000000000e+00 1.000000000000e+00
   outer loop
     vertex 2.122458405228e+01 -1.321048946132e+01 6.000000000000e+00
     vertex 1.365265410611e+00 -8.342963254072e-01 6.000000000000e+00
     vertex 1.321982038906e+00 -9.013120929018e-01 6.000000000000e+00
   endloop
 endfacet
 facet normal 0.000000000000e+00 0.000000000000e+00 1.000000000000e+00
   outer loop
     vertex 2.122458405228e+01 -1.321048946132e+01 6.000000000000e+00
     vertex 1.321982038906e+00 -9.013120929018e-01 6.000000000000e+00
     vertex 2.068260081358e+01 -1.404386070802e+01 6.000000000000e+00
   endloop
 endfacet
 facet normal 0.000000000000e+00 0.000000000000e+00 1.000000000000e+00
   outer loop
     vertex -1.278588697759e+01 2.148304201449e+01 6.000000000000e+00
     vertex -1.362986930407e+01 2.095773515326e+01 6.000000000000e+00
     vertex -8.680740221852e-01 1.344041477041e+00 6.000000000000e+00
   endloop
 endfacet
 facet normal 0.000000000000e+00 0.000000000000e+00 1.000000000000e+00
   outer loop
     vertex -1.278588697759e+01 2.148304201449e+01 6.000000000000e+00
     vertex -8.680740221852e-01 1.344041477041e+00 6.000000000000e+00
     vertex -8.000000000000e-01 1.385640646055e+00 6.000000000000e+00
   endloop
 endfacet
 facet normal 0.000000000000e+00 0.000000000000e+00 1.000000000000e+00
   outer loop
     vertex 2.173300686099e+01 -1.235622971542e+01 6.000000000000e+00
     vertex 1.365265410611e+00 -8.342963254072e-01 6.000000000000e+00
     vertex 2.122458405228e+01 -1.321048946132e+01 6.000000000000e+00
   endloop
 endfacet
 facet normal 0.000000000000e+00 0.000000000000e+00 1.000000000000e+00
   outer loop
     vertex 2.173300686099e+01 -1.235622971542e+01 6.000000000000e+00
     vertex 1.405154517392e+00 -7.652063657941e-01 6.000000000000e+00
     vertex 1.365265410611e+00 -8.342963254072e-01 6.000000000000e+00
   endloop
 endfacet
 facet normal 0.000000000000e+00 0.000000000000e+00 1.000000000000e+00
   outer loop
     vertex -1.192168753571e+01 2.197437977056e+01 6.000000000000e+00
     vertex -1.278588697759e+01 2.148304201449e+01 6.000000000000e+00
     vertex -8.000000000000e-01 1.385640646055e+00 6.000000000000e+00
   endloop
 endfacet
 facet normal 0.000000000000e+00 0.000000000000e+00 1.000000000000e+00
   outer loop
     vertex -1.192168753571e+01 2.197437977056e+01 6.000000000000e+00
     vertex -8.000000000000e-01 1.385640646055e+00 6.000000000000e+00
     vertex -7.299370517651e-01 1.423794894098e+00 6.000000000000e+00
   endloop
 endfacet
 facet normal 0.000000000000e+00 0.000000000000e+00 1.000000000000e+00
   outer loop
     vertex 2.220706531873e+01 -1.148243223057e+01 6.000000000000e+00
     vertex 1.405154517392e+00 -7.652063657941e-01 6.000000000000e+00
     vertex 2.173300686099e+01 -1.235622971542e+01 6.000000000000e+00
   endloop
 endfacet
 facet normal 0.000000000000e+00 0.000000000000e+00 1.000000000000e+00
   outer loop
     vertex 2.220706531873e+01 -1.148243223057e+01 6.000000000000e+00
     vertex 1.441550188644e+00 -6.942139825881e-01 6.000000000000e+00
     vertex 1.405154517392e+00 -7.652063657941e-01 6.000000000000e+00
   endloop
 endfacet
 facet normal 0.000000000000e+00 0.000000000000e+00 1.000000000000e+00
   outer loop
     vertex -1.103863745540e+01 2.243097151548e+01 6.000000000000e+00
     vertex -1.192168753571e+01 2.197437977056e+01 6.000000000000e+00
     vertex -7.299370517651e-01 1.423794894098e+00 6.000000000000e+00
   endloop
 endfacet
 facet normal 0.000000000000e+00 0.000000000000e+00 1.000000000000e+00
   outer loop
     vertex -1.103863745540e+01 2.243097151548e+01 6.000000000000e+00
     vertex -7.299370517651e-01 1.423794894098e+00 6.000000000000e+00
     vertex -6.580593650090e-01 1.458409363699e+00 6.000000000000e+00
   endloop
 endfacet
 facet normal 0.000000000000e+00 0.000000000000e+00 1.000000000000e+00
   outer loop
     vertex 2.264600984164e+01 -1.059047866021e+01 6.000000000000e+00
     vertex 1.474361938993e+00 -6.214956740395e-01 6.000000000000e+00
     vertex 1.441550188644e+00 -6.942139825881e-01 6.000000000000e+00
   endloop
 endfacet
 facet normal 0.000000000000e+00 0.000000000000e+00 1.000000000000e+00
   outer loop
     vertex 2.264600984164e+01 -1.059047866021e+01 6.000000000000e+00
     vertex 1.441550188644e+00 -6.942139825881e-01 6.000000000000e+00
     vertex 2.220706531873e+01 -1.148243223057e+01 6.000000000000e+00
   endloop
 endfacet
 facet normal 0.000000000000e+00 0.000000000000e+00 1.000000000000e+00
   outer loop
     vertex -1.013813302032e+01 2.285209528385e+01 6.000000000000e+00
     vertex -1.103863745540e+01 2.243097151548e+01 6.000000000000e+00
     vertex -6.580593650090e-01 1.458409363699e+00 6.000000000000e+00
   endloop
 endfacet
 facet normal 0.000000000000e+00 0.000000000000e+00 1.000000000000e+00
   outer loop
     vertex -1.013813302032e+01 2.285209528385e+01 6.000000000000e+00
     vertex -6.580593650090e-01 1.458409363699e+00 6.000000000000e+00
     vertex -5.845456389862e-01 1.489397997831e+00 6.000000000000e+00
   endloop
 endfacet
 facet normal 0.000000000000e+00 0.000000000000e+00 1.000000000000e+00
   outer loop
     vertex 2.304914636821e+01 -9.681779366266e+00 6.000000000000e+00
     vertex 1.474361938993e+00 -6.214956740395e-01 6.000000000000e+00
     vertex 2.264600984164e+01 -1.059047866021e+01 6.000000000000e+00
   endloop
 endfacet
 facet normal 0.000000000000e+00 0.000000000000e+00 1.000000000000e+00
   outer loop
     vertex -9.221598113100e+00 2.323708519243e+01 6.000000000000e+00
     vertex -1.013813302032e+01 2.285209528385e+01 6.000000000000e+00
     vertex -5.845456389862e-01 1.489397997831e+00 6.000000000000e+00
   endloop
 endfacet
 facet normal 0.000000000000e+00 0.000000000000e+00 1.000000000000e+00
   outer loop
     vertex 2.341583745672e+01 -8.757771189095e+00 6.000000000000e+00
     vertex 1.474361938993e+00 -6.214956740395e-01 6.000000000000e+00
     vertex 2.304914636821e+01 -9.681779366266e+00 6.000000000000e+00
   endloop
 endfacet
 facet normal 0.000000000000e+00 0.000000000000e+00 1.000000000000e+00
   outer loop
     vertex 2.341583745672e+01 -8.757771189095e+00 6.000000000000e+00
     vertex 1.503508193257e+00 -5.472322293210e-01 6.000000000000e+00
     vertex 1.474361938993e+00 -6.214956740395e-01 6.000000000000e+00
   endloop
 endfacet
 facet normal 0.000000000000e+00 0.000000000000e+00 1.000000000000e+00
   outer loop
     vertex -8.290481963802e+00 2.358533249305e+01 6.000000000000e+00
     vertex -9.221598113100e+00 2.323708519243e+01 6.000000000000e+00
     vertex -5.845456389862e-01 1.489397997831e+00 6.000000000000e+00
   endloop
 endfacet
 facet normal 0.000000000000e+00 0.000000000000e+00 1.000000000000e+00
   outer loop
     vertex -8.290481963802e+00 2.358533249305e+01 6.000000000000e+00
     vertex -5.845456389862e-01 1.489397997831e+00 6.000000000000e+00
     vertex -5.095786404027e-01 1.516683753867e+00 6.000000000000e+00
   endloop
 endfacet
 facet normal 0.000000000000e+00 0.000000000000e+00 1.000000000000e+00
   outer loop
     vertex 2.374550329319e+01 -7.819915175555e+00 6.000000000000e+00
     vertex 1.503508193257e+00 -5.472322293210e-01 6.000000000000e+00
     vertex 2.341583745672e+01 -8.757771189095e+00 6.000000000000e+00
   endloop
 endfacet
 facet normal 0.000000000000e+00 0.000000000000e+00 1.000000000000e+00
   outer loop
     vertex 2.374550329319e+01 -7.819915175555e+00 6.000000000000e+00
     vertex 1.528916489258e+00 -4.716082790574e-01 6.000000000000e+00
     vertex 1.503508193257e+00 -5.472322293210e-01 6.000000000000e+00
   endloop
 endfacet
 facet normal 0.000000000000e+00 0.000000000000e+00 1.000000000000e+00
   outer loop
     vertex -7.346256858448e+00 2.389628653514e+01 6.000000000000e+00
     vertex -8.290481963802e+00 2.358533249305e+01 6.000000000000e+00
     vertex -5.095786404027e-01 1.516683753867e+00 6.000000000000e+00
   endloop
 endfacet
 facet normal 0.000000000000e+00 0.000000000000e+00 1.000000000000e+00
   outer loop
     vertex -7.346256858448e+00 2.389628653514e+01 6.000000000000e+00
     vertex -5.095786404027e-01 1.516683753867e+00 6.000000000000e+00
     vertex -4.333447490288e-01 1.540198795120e+00 6.000000000000e+00
   endloop
 endfacet
 facet normal 0.000000000000e+00 0.000000000000e+00 1.000000000000e+00
   outer loop
     vertex 2.403762260819e+01 -6.869694268775e+00 6.000000000000e+00
     vertex 1.528916489258e+00 -4.716082790574e-01 6.000000000000e+00
     vertex 2.374550329319e+01 -7.819915175555e+00 6.000000000000e+00
   endloop
 endfacet
 facet normal 0.000000000000e+00 0.000000000000e+00 1.000000000000e+00
   outer loop
     vertex 2.403762260819e+01 -6.869694268775e+00 6.000000000000e+00
     vertex 1.550523657967e+00 -3.948118363044e-01 6.000000000000e+00
     vertex 1.528916489258e+00 -4.716082790574e-01 6.000000000000e+00
   endloop
 endfacet
 facet normal 0.000000000000e+00 0.000000000000e+00 1.000000000000e+00
   outer loop
     vertex -6.390415811012e+00 2.416945563645e+01 6.000000000000e+00
     vertex -7.346256858448e+00 2.389628653514e+01 6.000000000000e+00
     vertex -4.333447490288e-01 1.540198795120e+00 6.000000000000e+00
   endloop
 endfacet
 facet normal 0.000000000000e+00 0.000000000000e+00 1.000000000000e+00
   outer loop
     vertex -6.390415811012e+00 2.416945563645e+01 6.000000000000e+00
     vertex -4.333447490288e-01 1.540198795120e+00 6.000000000000e+00
     vertex -3.560334943301e-01 1.559884659491e+00 6.000000000000e+00
   endloop
 endfacet
 facet normal 0.000000000000e+00 0.000000000000e+00 1.000000000000e+00
   outer loop
     vertex 2.429173350101e+01 -5.908610963322e+00 6.000000000000e+00
     vertex 1.550523657967e+00 -3.948118363044e-01 6.000000000000e+00
     vertex 2.403762260819e+01 -6.869694268775e+00 6.000000000000e+00
   endloop
 endfacet
 facet normal 0.000000000000e+00 0.000000000000e+00 1.000000000000e+00
   outer loop
     vertex 2.429173350101e+01 -5.908610963322e+00 6.000000000000e+00
     vertex 1.568275980558e+00 -3.170338291190e-01 6.000000000000e+00
     vertex 1.550523657967e+00 -3.948118363044e-01 6.000000000000e+00
   endloop
 endfacet
 facet normal 0.000000000000e+00 0.000000000000e+00 1.000000000000e+00
   outer loop
     vertex -5.424470202658e+00 2.440440786048e+01 6.000000000000e+00
     vertex -6.390415811012e+00 2.416945563645e+01 6.000000000000e+00
     vertex -3.560334943301e-01 1.559884659491e+00 6.000000000000e+00
   endloop
 endfacet
 facet normal 0.000000000000e+00 0.000000000000e+00 1.000000000000e+00
   outer loop
     vertex -5.424470202658e+00 2.440440786048e+01 6.000000000000e+00
     vertex -3.560334943301e-01 1.559884659491e+00 6.000000000000e+00
     vertex -2.778370842671e-01 1.575692404820e+00 6.000000000000e+00
   endloop
 endfacet
 facet normal 0.000000000000e+00 0.000000000000e+00 1.000000000000e+00
   outer loop
     vertex 2.450743417012e+01 -4.938184929449e+00 6.000000000000e+00
     vertex 1.568275980558e+00 -3.170338291190e-01 6.000000000000e+00
     vertex 2.429173350101e+01 -5.908610963322e+00 6.000000000000e+00
   endloop
 endfacet
 facet normal 0.000000000000e+00 0.000000000000e+00 1.000000000000e+00
   outer loop
     vertex -4.449947391939e+00 2.460077169946e+01 6.000000000000e+00
     vertex -5.424470202658e+00 2.440440786048e+01 6.000000000000e+00
     vertex -2.778370842671e-01 1.575692404820e+00 6.000000000000e+00
   endloop
 endfacet
 facet normal 0.000000000000e+00 0.000000000000e+00 1.000000000000e+00
   outer loop
     vertex 2.468438354841e+01 -3.959950610180e+00 6.000000000000e+00
     vertex 1.568275980558e+00 -3.170338291190e-01 6.000000000000e+00
     vertex 2.450743417012e+01 -4.938184929449e+00 6.000000000000e+00
   endloop
 endfacet
 facet normal 0.000000000000e+00 0.000000000000e+00 1.000000000000e+00
   outer loop
     vertex 2.468438354841e+01 -3.959950610180e+00 6.000000000000e+00
     vertex 1.582129321960e+00 -2.384676258819e-01 6.000000000000e+00
     vertex 1.568275980558e+00 -3.170338291190e-01 6.000000000000e+00
   endloop
 endfacet
 facet normal 0.000000000000e+00 0.000000000000e+00 1.000000000000e+00
   outer loop
     vertex -3.468388299727e+00 2.475823666181e+01 6.000000000000e+00
     vertex -4.449947391939e+00 2.460077169946e+01 6.000000000000e+00
     vertex -2.778370842671e-01 1.575692404820e+00 6.000000000000e+00
   endloop
 endfacet
 facet normal 0.000000000000e+00 0.000000000000e+00 1.000000000000e+00
   outer loop
     vertex -3.468388299727e+00 2.475823666181e+01 6.000000000000e+00
     vertex -2.778370842671e-01 1.575692404820e+00 6.000000000000e+00
     vertex -1.989499274360e-01 1.587582730560e+00 6.000000000000e+00
   endloop
 endfacet
 facet normal 0.000000000000e+00 0.000000000000e+00 1.000000000000e+00
   outer loop
     vertex 2.482230184255e+01 -2.975454795047e+00 6.000000000000e+00
     vertex 1.582129321960e+00 -2.384676258819e-01 6.000000000000e+00
     vertex 2.468438354841e+01 -3.959950610180e+00 6.000000000000e+00
   endloop
 endfacet
 facet normal 0.000000000000e+00 0.000000000000e+00 1.000000000000e+00
   outer loop
     vertex 2.482230184255e+01 -2.975454795047e+00 6.000000000000e+00
     vertex 1.592049240585e+00 -1.593085545533e-01 6.000000000000e+00
     vertex 1.582129321960e+00 -2.384676258819e-01 6.000000000000e+00
   endloop
 endfacet
 facet normal 0.000000000000e+00 0.000000000000e+00 1.000000000000e+00
   outer loop
     vertex -2.481344972702e+00 2.487655376306e+01 6.000000000000e+00
     vertex -3.468388299727e+00 2.475823666181e+01 6.000000000000e+00
     vertex -1.989499274360e-01 1.587582730560e+00 6.000000000000e+00
   endloop
 endfacet
 facet normal 0.000000000000e+00 0.000000000000e+00 1.000000000000e+00
   outer loop
     vertex -2.481344972702e+00 2.487655376306e+01 6.000000000000e+00
     vertex -1.989499274360e-01 1.587582730560e+00 6.000000000000e+00
     vertex -1.195681497383e-01 1.595526075490e+00 6.000000000000e+00
   endloop
 endfacet
 facet normal 0.000000000000e+00 0.000000000000e+00 1.000000000000e+00
   outer loop
     vertex 2.492097097537e+01 -1.986254174293e+00 6.000000000000e+00
     vertex 1.592049240585e+00 -1.593085545533e-01 6.000000000000e+00
     vertex 2.482230184255e+01 -2.975454795047e+00 6.000000000000e+00
   endloop
 endfacet
 facet normal 0.000000000000e+00 0.000000000000e+00 1.000000000000e+00
   outer loop
     vertex 2.492097097537e+01 -1.986254174293e+00 6.000000000000e+00
     vertex 1.598011073950e+00 -7.975341705709e-02 6.000000000000e+00
     vertex 1.592049240585e+00 -1.593085545533e-01 6.000000000000e+00
   endloop
 endfacet
 facet normal 0.000000000000e+00 0.000000000000e+00 1.000000000000e+00
   outer loop
     vertex -1.490378129245e+00 2.495553591955e+01 6.000000000000e+00
     vertex -2.481344972702e+00 2.487655376306e+01 6.000000000000e+00
     vertex -1.195681497383e-01 1.595526075490e+00 6.000000000000e+00
   endloop
 endfacet
 facet normal 0.000000000000e+00 0.000000000000e+00 1.000000000000e+00
   outer loop
     vertex -1.490378129245e+00 2.495553591955e+01 6.000000000000e+00
     vertex -1.195681497383e-01 1.595526075490e+00 6.000000000000e+00
     vertex -3.988910678092e-02 1.599502691201e+00 6.000000000000e+00
   endloop
 endfacet
 facet normal 0.000000000000e+00 0.000000000000e+00 1.000000000000e+00
   outer loop
     vertex 2.498023493068e+01 -9.939128774228e-01 6.000000000000e+00
     vertex 1.598011073950e+00 -7.975341705709e-02 6.000000000000e+00
     vertex 2.492097097537e+01 -1.986254174293e+00 6.000000000000e+00
   endloop
 endfacet
 facet normal 0.000000000000e+00 0.000000000000e+00 1.000000000000e+00
   outer loop
     vertex 2.498023493068e+01 -9.939128774228e-01 6.000000000000e+00
     vertex 1.600000000000e+00 -3.918869757272e-16 6.000000000000e+00
     vertex 1.598011073950e+00 -7.975341705709e-02 6.000000000000e+00
   endloop
 endfacet
 facet normal 0.000000000000e+00 0.000000000000e+00 1.000000000000e+00
   outer loop
     vertex -4.970546916267e-01 2.499505824425e+01 6.000000000000e+00
     vertex -1.490378129245e+00 2.495553591955e+01 6.000000000000e+00
     vertex -3.988910678092e-02 1.599502691201e+00 6.000000000000e+00
   endloop
 endfacet
 facet normal 0.000000000000e+00 0.000000000000e+00 1.000000000000e+00
   outer loop
     vertex -4.970546916267e-01 2.499505824425e+01 6.000000000000e+00
     vertex -3.988910678092e-02 1.599502691201e+00 6.000000000000e+00
     vertex 3.988910678092e-02 1.599502691201e+00 6.000000000000e+00
   endloop
 endfacet
 facet normal 0.000000000000e+00 0.000000000000e+00 1.000000000000e+00
   outer loop
     vertex 2.500000000000e+01 -6.123233995737e-15 6.000000000000e+00
     vertex 1.600000000000e+00 -3.918869757272e-16 6.000000000000e+00
     vertex 2.498023493068e+01 -9.939128774228e-01 6.000000000000e+00
   endloop
 endfacet
 facet normal 0.000000000000e+00 0.000000000000e+00 1.000000000000e+00
   outer loop
     vertex 4.970546916268e-01 2.499505824425e+01 6.000000000000e+00
     vertex -4.970546916267e-01 2.499505824425e+01 6.000000000000e+00
     vertex 3.988910678092e-02 1.599502691201e+00 6.000000000000e+00
   endloop
 endfacet
 facet normal 0.000000000000e+00 0.000000000000e+00 1.000000000000e+00
   outer loop
     vertex 2.498023493068e+01 9.939128774231e-01 6.000000000000e+00
     vertex 1.598011073950e+00 7.975341705712e-02 6.000000000000e+00
     vertex 1.600000000000e+00 -3.918869757272e-16 6.000000000000e+00
   endloop
 endfacet
 facet normal 0.000000000000e+00 0.000000000000e+00 1.000000000000e+00
   outer loop
     vertex 2.498023493068e+01 9.939128774231e-01 6.000000000000e+00
     vertex 1.600000000000e+00 -3.918869757272e-16 6.000000000000e+00
     vertex 2.500000000000e+01 -6.123233995737e-15 6.000000000000e+00
   endloop
 endfacet
 facet normal 0.000000000000e+00 0.000000000000e+00 1.000000000000e+00
   outer loop
     vertex 1.490378129246e+00 2.495553591955e+01 6.000000000000e+00
     vertex 4.970546916268e-01 2.499505824425e+01 6.000000000000e+00
     vertex 3.988910678092e-02 1.599502691201e+00 6.000000000000e+00
   endloop
 endfacet
 facet normal 0.000000000000e+00 0.000000000000e+00 1.000000000000e+00
   outer loop
     vertex 1.490378129246e+00 2.495553591955e+01 6.000000000000e+00
     vertex 3.988910678092e-02 1.599502691201e+00 6.000000000000e+00
     vertex 1.195681497383e-01 1.595526075490e+00 6.000000000000e+00
   endloop
 endfacet
 facet normal 0.000000000000e+00 0.000000000000e+00 1.000000000000e+00
   outer loop
     vertex 2.492097097537e+01 1.986254174293e+00 6.000000000000e+00
     vertex 1.592049240585e+00 1.593085545533e-01 6.000000000000e+00
     vertex 1.598011073950e+00 7.975341705712e-02 6.000000000000e+00
   endloop
 endfacet
 facet normal 0.000000000000e+00 0.000000000000e+00 1.000000000000e+00
   outer loop
     vertex 2.492097097537e+01 1.986254174293e+00 6.000000000000e+00
     vertex 1.598011073950e+00 7.975341705712e-02 6.000000000000e+00
     vertex 2.498023493068e+01 9.939128774231e-01 6.000000000000e+00
   endloop
 endfacet
 facet normal 0.000000000000e+00 0.000000000000e+00 1.000000000000e+00
   outer loop
     vertex 2.481344972702e+00 2.487655376306e+01 6.000000000000e+00
     vertex 1.490378129246e+00 2.495553591955e+01 6.000000000000e+00
     vertex 1.195681497383e-01 1.595526075490e+00 6.000000000000e+00
   endloop
 endfacet
 facet normal 0.000000000000e+00 0.000000000000e+00 1.000000000000e+00
   outer loop
     vertex 2.481344972702e+00 2.487655376306e+01 6.000000000000e+00
     vertex 1.195681497383e-01 1.595526075490e+00 6.000000000000e+00
     vertex 1.989499274360e-01 1.587582730560e+00 6.000000000000e+00
   endloop
 endfacet
 facet normal 0.000000000000e+00 0.000000000000e+00 1.000000000000e+00
   outer loop
     vertex 2.482230184255e+01 2.975454795048e+00 6.000000000000e+00
     vertex 1.592049240585e+00 1.593085545533e-01 6.000000000000e+00
     vertex 2.492097097537e+01 1.986254174293e+00 6.000000000000e+00
   endloop
 endfacet
 facet normal 0.000000000000e+00 0.000000000000e+00 1.000000000000e+00
   outer loop
     vertex 2.482230184255e+01 2.975454795048e+00 6.000000000000e+00
     vertex 1.582129321960e+00 2.384676258819e-01 6.000000000000e+00
     vertex 1.592049240585e+00 1.593085545533e-01 6.000000000000e+00
   endloop
 endfacet
 facet normal 0.000000000000e+00 0.000000000000e+00 1.000000000000e+00
   outer loop
     vertex 3.468388299727e+00 2.475823666181e+01 6.000000000000e+00
     vertex 2.481344972702e+00 2.487655376306e+01 6.000000000000e+00
     vertex 1.989499274360e-01 1.587582730560e+00 6.000000000000e+00
   endloop
 endfacet
 facet normal 0.000000000000e+00 0.000000000000e+00 1.000000000000e+00
   outer loop
     vertex 3.468388299727e+00 2.475823666181e+01 6.000000000000e+00
     vertex 1.989499274360e-01 1.587582730560e+00 6.000000000000e+00
     vertex 2.778370842671e-01 1.575692404820e+00 6.000000000000e+00
   endloop
 endfacet
 facet normal 0.000000000000e+00 0.000000000000e+00 1.000000000000e+00
   outer loop
     vertex 2.468438354841e+01 3.959950610180e+00 6.000000000000e+00
     vertex 1.568275980558e+00 3.170338291190e-01 6.000000000000e+00
     vertex 1.582129321960e+00 2.384676258819e-01 6.000000000000e+00
   endloop
 endfacet
 facet normal 0.000000000000e+00 0.000000000000e+00 1.000000000000e+00
   outer loop
     vertex 2.468438354841e+01 3.959950610180e+00 6.000000000000e+00
     vertex 1.582129321960e+00 2.384676258819e-01 6.000000000000e+00
     vertex 2.482230184255e+01 2.975454795048e+00 6.000000000000e+00
   endloop
 endfacet
 facet normal 0.000000000000e+00 0.000000000000e+00 1.000000000000e+00
   outer loop
     vertex 4.449947391939e+00 2.460077169946e+01 6.000000000000e+00
     vertex 3.468388299727e+00 2.475823666181e+01 6.000000000000e+00
     vertex 2.778370842671e-01 1.575692404820e+00 6.000000000000e+00
   endloop
 endfacet
 facet normal 0.000000000000e+00 0.000000000000e+00 1.000000000000e+00
   outer loop
     vertex 2.450743417012e+01 4.938184929449e+00 6.000000000000e+00
     vertex 1.568275980558e+00 3.170338291190e-01 6.000000000000e+00
     vertex 2.468438354841e+01 3.959950610180e+00 6.000000000000e+00
   endloop
 endfacet
 facet normal 0.000000000000e+00 0.000000000000e+00 1.000000000000e+00
   outer loop
     vertex 5.424470202658e+00 2.440440786048e+01 6.000000000000e+00
     vertex 2.778370842671e-01 1.575692404820e+00 6.000000000000e+00
     vertex 3.560334943301e-01 1.559884659491e+00 6.000000000000e+00
   endloop
 endfacet
 facet normal 0.000000000000e+00 0.000000000000e+00 1.000000000000e+00
   outer loop
     vertex 5.424470202658e+00 2.440440786048e+01 6.000000000000e+00
     vertex 4.449947391939e+00 2.460077169946e+01 6.000000000000e+00
     vertex 2.778370842671e-01 1.575692404820e+00 6.000000000000e+00
   endloop
 endfacet
 facet normal 0.000000000000e+00 0.000000000000e+00 1.000000000000e+00
   outer loop
     vertex 2.429173350101e+01 5.908610963323e+00 6.000000000000e+00
     vertex 1.568275980558e+00 3.170338291190e-01 6.000000000000e+00
     vertex 2.450743417012e+01 4.938184929449e+00 6.000000000000e+00
   endloop
 endfacet
 facet normal 0.000000000000e+00 0.000000000000e+00 1.000000000000e+00
   outer loop
     vertex 2.429173350101e+01 5.908610963323e+00 6.000000000000e+00
     vertex 1.550523657967e+00 3.948118363045e-01 6.000000000000e+00
     vertex 1.568275980558e+00 3.170338291190e-01 6.000000000000e+00
   endloop
 endfacet
 facet normal 0.000000000000e+00 0.000000000000e+00 1.000000000000e+00
   outer loop
     vertex 6.390415811012e+00 2.416945563645e+01 6.000000000000e+00
     vertex 3.560334943301e-01 1.559884659491e+00 6.000000000000e+00
     vertex 4.333447490288e-01 1.540198795120e+00 6.000000000000e+00
   endloop
 endfacet
 facet normal 0.000000000000e+00 0.000000000000e+00 1.000000000000e+00
   outer loop
     vertex 6.390415811012e+00 2.416945563645e+01 6.000000000000e+00
     vertex 5.424470202658e+00 2.440440786048e+01 6.000000000000e+00
     vertex 3.560334943301e-01 1.559884659491e+00 6.000000000000e+00
   endloop
 endfacet
 facet normal 0.000000000000e+00 0.000000000000e+00 1.000000000000e+00
   outer loop
     vertex 2.403762260819e+01 6.869694268776e+00 6.000000000000e+00
     vertex 1.550523657967e+00 3.948118363045e-01 6.000000000000e+00
     vertex 2.429173350101e+01 5.908610963323e+00 6.000000000000e+00
   endloop
 endfacet
 facet normal 0.000000000000e+00 0.000000000000e+00 1.000000000000e+00
   outer loop
     vertex 2.403762260819e+01 6.869694268776e+00 6.000000000000e+00
     vertex 1.528916489258e+00 4.716082790574e-01 6.000000000000e+00
     vertex 1.550523657967e+00 3.948118363045e-01 6.000000000000e+00
   endloop
 endfacet
 facet normal 0.000000000000e+00 0.000000000000e+00 1.000000000000e+00
   outer loop
     vertex 7.346256858448e+00 2.389628653514e+01 6.000000000000e+00
     vertex 4.333447490288e-01 1.540198795120e+00 6.000000000000e+00
     vertex 5.095786404027e-01 1.516683753867e+00 6.000000000000e+00
   endloop
 endfacet
 facet normal 0.000000000000e+00 0.000000000000e+00 1.000000000000e+00
   outer loop
     vertex 7.346256858448e+00 2.389628653514e+01 6.000000000000e+00
     vertex 6.390415811012e+00 2.416945563645e+01 6.000000000000e+00
     vertex 4.333447490288e-01 1.540198795120e+00 6.000000000000e+00
   endloop
 endfacet
 facet normal 0.000000000000e+00 0.000000000000e+00 1.000000000000e+00
   outer loop
     vertex 2.374550329319e+01 7.819915175556e+00 6.000000000000e+00
     vertex 1.503508193257e+00 5.472322293211e-01 6.000000000000e+00
     vertex 1.528916489258e+00 4.716082790574e-01 6.000000000000e+00
   endloop
 endfacet
 facet normal 0.000000000000e+00 0.000000000000e+00 1.000000000000e+00
   outer loop
     vertex 2.374550329319e+01 7.819915175556e+00 6.000000000000e+00
     vertex 1.528916489258e+00 4.716082790574e-01 6.000000000000e+00
     vertex 2.403762260819e+01 6.869694268776e+00 6.000000000000e+00
   endloop
 endfacet
 facet normal 0.000000000000e+00 0.000000000000e+00 1.000000000000e+00
   outer loop
     vertex 8.290481963802e+00 2.358533249305e+01 6.000000000000e+00
     vertex 5.095786404027e-01 1.516683753867e+00 6.000000000000e+00
     vertex 5.845456389862e-01 1.489397997831e+00 6.000000000000e+00
   endloop
 endfacet
 facet normal 0.000000000000e+00 0.000000000000e+00 1.000000000000e+00
   outer loop
     vertex 8.290481963802e+00 2.358533249305e+01 6.000000000000e+00
     vertex 7.346256858448e+00 2.389628653514e+01 6.000000000000e+00
     vertex 5.095786404027e-01 1.516683753867e+00 6.000000000000e+00
   endloop
 endfacet
 facet normal 0.000000000000e+00 0.000000000000e+00 1.000000000000e+00
   outer loop
     vertex 2.341583745672e+01 8.757771189096e+00 6.000000000000e+00
     vertex 1.474361938993e+00 6.214956740395e-01 6.000000000000e+00
     vertex 1.503508193257e+00 5.472322293211e-01 6.000000000000e+00
   endloop
 endfacet
 facet normal 0.000000000000e+00 0.000000000000e+00 1.000000000000e+00
   outer loop
     vertex 2.341583745672e+01 8.757771189096e+00 6.000000000000e+00
     vertex 1.503508193257e+00 5.472322293211e-01 6.000000000000e+00
     vertex 2.374550329319e+01 7.819915175556e+00 6.000000000000e+00
   endloop
 endfacet
 facet normal 0.000000000000e+00 0.000000000000e+00 1.000000000000e+00
   outer loop
     vertex 9.221598113100e+00 2.323708519243e+01 6.000000000000e+00
     vertex 8.290481963802e+00 2.358533249305e+01 6.000000000000e+00
     vertex 5.845456389862e-01 1.489397997831e+00 6.000000000000e+00
   endloop
 endfacet
 facet normal 0.000000000000e+00 0.000000000000e+00 1.000000000000e+00
   outer loop
     vertex 2.304914636821e+01 9.681779366266e+00 6.000000000000e+00
     vertex 1.474361938993e+00 6.214956740395e-01 6.000000000000e+00
     vertex 2.341583745672e+01 8.757771189096e+00 6.000000000000e+00
   endloop
 endfacet
 facet normal 0.000000000000e+00 0.000000000000e+00 1.000000000000e+00
   outer loop
     vertex 1.013813302032e+01 2.285209528385e+01 6.000000000000e+00
     vertex 9.221598113100e+00 2.323708519243e+01 6.000000000000e+00
     vertex 5.845456389862e-01 1.489397997831e+00 6.000000000000e+00
   endloop
 endfacet
 facet normal 0.000000000000e+00 0.000000000000e+00 1.000000000000e+00
   outer loop
     vertex 1.013813302032e+01 2.285209528385e+01 6.000000000000e+00
     vertex 5.845456389862e-01 1.489397997831e+00 6.000000000000e+00
     vertex 6.580593650090e-01 1.458409363699e+00 6.000000000000e+00
   endloop
 endfacet
 facet normal 0.000000000000e+00 0.000000000000e+00 1.000000000000e+00
   outer loop
     vertex 2.264600984164e+01 1.059047866021e+01 6.000000000000e+00
     vertex 1.441550188644e+00 6.942139825881e-01 6.000000000000e+00
     vertex 1.474361938993e+00 6.214956740395e-01 6.000000000000e+00
   endloop
 endfacet
 facet normal 0.000000000000e+00 0.000000000000e+00 1.000000000000e+00
   outer loop
     vertex 2.264600984164e+01 1.059047866021e+01 6.000000000000e+00
     vertex 1.474361938993e+00 6.214956740395e-01 6.000000000000e+00
     vertex 2.304914636821e+01 9.681779366266e+00 6.000000000000e+00
   endloop
 endfacet
 facet normal 0.000000000000e+00 0.000000000000e+00 1.000000000000e+00
   outer loop
     vertex 1.103863745540e+01 2.243097151548e+01 6.000000000000e+00
     vertex 1.013813302032e+01 2.285209528385e+01 6.000000000000e+00
     vertex 6.580593650090e-01 1.458409363699e+00 6.000000000000e+00
   endloop
 endfacet
 facet normal 0.000000000000e+00 0.000000000000e+00 1.000000000000e+00
   outer loop
     vertex 1.103863745540e+01 2.243097151548e+01 6.000000000000e+00
     vertex 6.580593650090e-01 1.458409363699e+00 6.000000000000e+00
     vertex 7.299370517651e-01 1.423794894098e+00 6.000000000000e+00
   endloop
 endfacet
 facet normal 0.000000000000e+00 0.000000000000e+00 1.000000000000e+00
   outer loop
     vertex 2.220706531873e+01 1.148243223057e+01 6.000000000000e+00
     vertex 1.441550188644e+00 6.942139825881e-01 6.000000000000e+00
     vertex 2.264600984164e+01 1.059047866021e+01 6.000000000000e+00
   endloop
 endfacet
 facet normal 0.000000000000e+00 0.000000000000e+00 1.000000000000e+00
   outer loop
     vertex 2.220706531873e+01 1.148243223057e+01 6.000000000000e+00
     vertex 1.405154517392e+00 7.652063657941e-01 6.000000000000e+00
     vertex 1.441550188644e+00 6.942139825881e-01 6.000000000000e+00
   endloop
 endfacet
 facet normal 0.000000000000e+00 0.000000000000e+00 1.000000000000e+00
   outer loop
     vertex 1.192168753571e+01 2.197437977056e+01 6.000000000000e+00
     vertex 1.103863745540e+01 2.243097151548e+01 6.000000000000e+00
     vertex 7.299370517651e-01 1.423794894098e+00 6.000000000000e+00
   endloop
 endfacet
 facet normal 0.000000000000e+00 0.000000000000e+00 1.000000000000e+00
   outer loop
     vertex 1.192168753571e+01 2.197437977056e+01 6.000000000000e+00
     vertex 7.299370517651e-01 1.423794894098e+00 6.000000000000e+00
     vertex 8.000000000000e-01 1.385640646055e+00 6.000000000000e+00
   endloop
 endfacet
 facet normal 0.000000000000e+00 0.000000000000e+00 1.000000000000e+00
   outer loop
     vertex 2.173300686099e+01 1.235622971542e+01 6.000000000000e+00
     vertex 1.405154517392e+00 7.652063657941e-01 6.000000000000e+00
     vertex 2.220706531873e+01 1.148243223057e+01 6.000000000000e+00
   endloop
 endfacet
 facet normal 0.000000000000e+00 0.000000000000e+00 1.000000000000e+00
   outer loop
     vertex 2.173300686099e+01 1.235622971542e+01 6.000000000000e+00
     vertex 1.365265410611e+00 8.342963254072e-01 6.000000000000e+00
     vertex 1.405154517392e+00 7.652063657941e-01 6.000000000000e+00
   endloop
 endfacet
 facet normal 0.000000000000e+00 0.000000000000e+00 1.000000000000e+00
   outer loop
     vertex 1.278588697759e+01 2.148304201449e+01 6.000000000000e+00
     vertex 1.192168753571e+01 2.197437977056e+01 6.000000000000e+00
     vertex 8.000000000000e-01 1.385640646055e+00 6.000000000000e+00
   endloop
 endfacet
 facet normal 0.000000000000e+00 0.000000000000e+00 1.000000000000e+00
   outer loop
     vertex 1.278588697759e+01 2.148304201449e+01 6.000000000000e+00
     vertex 8.000000000000e-01 1.385640646055e+00 6.000000000000e+00
     vertex 8.680740221852e-01 1.344041477041e+00 6.000000000000e+00
   endloop
 endfacet
 facet normal 0.000000000000e+00 0.000000000000e+00 1.000000000000e+00
   outer loop
     vertex 2.122458405228e+01 1.321048946132e+01 6.000000000000e+00
     vertex 1.365265410611e+00 8.342963254072e-01 6.000000000000e+00
     vertex 2.173300686099e+01 1.235622971542e+01 6.000000000000e+00
   endloop
 endfacet
 facet normal 0.000000000000e+00 0.000000000000e+00 1.000000000000e+00
   outer loop
     vertex 2.122458405228e+01 1.321048946132e+01 6.000000000000e+00
     vertex 1.321982038906e+00 9.013120929018e-01 6.000000000000e+00
     vertex 1.365265410611e+00 8.342963254072e-01 6.000000000000e+00
   endloop
 endfacet
 facet normal 0.000000000000e+00 0.000000000000e+00 1.000000000000e+00
   outer loop
     vertex 1.362986930407e+01 2.095773515326e+01 6.000000000000e+00
     vertex 1.278588697759e+01 2.148304201449e+01 6.000000000000e+00
     vertex 8.680740221852e-01 1.344041477041e+00 6.000000000000e+00
   endloop
 endfacet
 facet normal 0.000000000000e+00 0.000000000000e+00 1.000000000000e+00
   outer loop
     vertex 2.068260081358e+01 1.404386070802e+01 6.000000000000e+00
     vertex 1.321982038906e+00 9.013120929018e-01 6.000000000000e+00
     vertex 2.122458405228e+01 1.321048946132e+01 6.000000000000e+00
   endloop
 endfacet
 facet normal 0.000000000000e+00 0.000000000000e+00 1.000000000000e+00
   outer loop
     vertex 1.445230000562e+01 2.039928980498e+01 6.000000000000e+00
     vertex 1.362986930407e+01 2.095773515326e+01 6.000000000000e+00
     vertex 8.680740221852e-01 1.344041477041e+00 6.000000000000e+00
   endloop
 endfacet
 facet normal 0.000000000000e+00 0.000000000000e+00 1.000000000000e+00
   outer loop
     vertex 1.445230000562e+01 2.039928980498e+01 6.000000000000e+00
     vertex 8.680740221852e-01 1.344041477041e+00 6.000000000000e+00
     vertex 9.339898755757e-01 1.299100809145e+00 6.000000000000e+00
   endloop
 endfacet
 facet normal 0.000000000000e+00 0.000000000000e+00 1.000000000000e+00
   outer loop
     vertex 2.010791413177e+01 1.485502572429e+01 6.000000000000e+00
     vertex 1.321982038906e+00 9.013120929018e-01 6.000000000000e+00
     vertex 2.068260081358e+01 1.404386070802e+01 6.000000000000e+00
   endloop
 endfacet
 facet normal 0.000000000000e+00 0.000000000000e+00 1.000000000000e+00
   outer loop
     vertex 2.010791413177e+01 1.485502572429e+01 6.000000000000e+00
     vertex 1.275412011557e+00 9.660870565208e-01 6.000000000000e+00
     vertex 1.321982038906e+00 9.013120929018e-01 6.000000000000e+00
   endloop
 endfacet
 facet normal 0.000000000000e+00 0.000000000000e+00 1.000000000000e+00
   outer loop
     vertex 1.525187865026e+01 1.980858898654e+01 6.000000000000e+00
     vertex 1.445230000562e+01 2.039928980498e+01 6.000000000000e+00
     vertex 9.339898755757e-01 1.299100809145e+00 6.000000000000e+00
   endloop
 endfacet
 facet normal 0.000000000000e+00 0.000000000000e+00 1.000000000000e+00
   outer loop
     vertex 1.525187865026e+01 1.980858898654e+01 6.000000000000e+00
     vertex 9.339898755757e-01 1.299100809145e+00 6.000000000000e+00
     vertex 9.975836829740e-01 1.250930371949e+00 6.000000000000e+00
   endloop
 endfacet
 facet normal 0.000000000000e+00 0.000000000000e+00 1.000000000000e+00
   outer loop
     vertex 1.950143270463e+01 1.564270189151e+01 6.000000000000e+00
     vertex 1.275412011557e+00 9.660870565208e-01 6.000000000000e+00
     vertex 2.010791413177e+01 1.485502572429e+01 6.000000000000e+00
   endloop
 endfacet
 facet normal 0.000000000000e+00 0.000000000000e+00 1.000000000000e+00
   outer loop
     vertex 1.950143270463e+01 1.564270189151e+01 6.000000000000e+00
     vertex 1.225671108990e+00 1.028460175498e+00 6.000000000000e+00
     vertex 1.275412011557e+00 9.660870565208e-01 6.000000000000e+00
   endloop
 endfacet
 facet normal 0.000000000000e+00 0.000000000000e+00 1.000000000000e+00
   outer loop
     vertex 1.602734093981e+01 1.918656671735e+01 6.000000000000e+00
     vertex 1.525187865026e+01 1.980858898654e+01 6.000000000000e+00
     vertex 9.975836829740e-01 1.250930371949e+00 6.000000000000e+00
   endloop
 endfacet
 facet normal 0.000000000000e+00 0.000000000000e+00 1.000000000000e+00
   outer loop
     vertex 1.602734093981e+01 1.918656671735e+01 6.000000000000e+00
     vertex 9.975836829740e-01 1.250930371949e+00 6.000000000000e+00
     vertex 1.058697340155e+00 1.199649924748e+00 6.000000000000e+00
   endloop
 endfacet
 facet normal 0.000000000000e+00 0.000000000000e+00 1.000000000000e+00
   outer loop
     vertex 1.886411550396e+01 1.640564373176e+01 6.000000000000e+00
     vertex 1.225671108990e+00 1.028460175498e+00 6.000000000000e+00
     vertex 1.950143270463e+01 1.564270189151e+01 6.000000000000e+00
   endloop
 endfacet
 facet normal 0.000000000000e+00 0.000000000000e+00 1.000000000000e+00
   outer loop
     vertex 1.886411550396e+01 1.640564373176e+01 6.000000000000e+00
     vertex 1.172882994928e+00 1.088276380433e+00 6.000000000000e+00
     vertex 1.225671108990e+00 1.028460175498e+00 6.000000000000e+00
   endloop
 endfacet
 facet normal 0.000000000000e+00 0.000000000000e+00 1.000000000000e+00
   outer loop
     vertex 1.677746070898e+01 1.853420654247e+01 6.000000000000e+00
     vertex 1.602734093981e+01 1.918656671735e+01 6.000000000000e+00
     vertex 1.058697340155e+00 1.199649924748e+00 6.000000000000e+00
   endloop
 endfacet
 facet normal 0.000000000000e+00 0.000000000000e+00 1.000000000000e+00
   outer loop
     vertex 1.677746070898e+01 1.853420654247e+01 6.000000000000e+00
     vertex 1.058697340155e+00 1.199649924748e+00 6.000000000000e+00
     vertex 1.117178908938e+00 1.145386958816e+00 6.000000000000e+00
   endloop
 endfacet
 facet normal 0.000000000000e+00 0.000000000000e+00 1.000000000000e+00
   outer loop
     vertex 1.819697025924e+01 1.714264487716e+01 6.000000000000e+00
     vertex 1.172882994928e+00 1.088276380433e+00 6.000000000000e+00
     vertex 1.886411550396e+01 1.640564373176e+01 6.000000000000e+00
   endloop
 endfacet
 facet normal 0.000000000000e+00 0.000000000000e+00 1.000000000000e+00
   outer loop
     vertex 1.819697025924e+01 1.714264487716e+01 6.000000000000e+00
     vertex 1.117178908938e+00 1.145386958816e+00 6.000000000000e+00
     vertex 1.172882994928e+00 1.088276380433e+00 6.000000000000e+00
   endloop
 endfacet
 facet normal 0.000000000000e+00 0.000000000000e+00 1.000000000000e+00
   outer loop
     vertex 1.750105186424e+01 1.785253997742e+01 6.000000000000e+00
     vertex 1.677746070898e+01 1.853420654247e+01 6.000000000000e+00
     vertex 1.117178908938e+00 1.145386958816e+00 6.000000000000e+00
   endloop
 endfacet
 facet normal 0.000000000000e+00 0.000000000000e+00 1.000000000000e+00
   outer loop
     vertex 1.750105186424e+01 1.785253997742e+01 6.000000000000e+00
     vertex 1.117178908938e+00 1.145386958816e+00 6.000000000000e+00
     vertex 1.819697025924e+01 1.714264487716e+01 6.000000000000e+00
   endloop
 endfacet
 facet normal 0.000000000000e+00 0.000000000000e+00 -1.000000000000e+00
   outer loop
     vertex -4.000000000000e+00 -4.000000000000e+00 0.000000000000e+00
     vertex -1.602734093981e+01 -1.918656671735e+01 0.000000000000e+00
     vertex -1.677746070898e+01 -1.853420654247e+01 0.000000000000e+00
   endloop
 endfacet
 facet normal 0.000000000000e+00 0.000000000000e+00 -1.000000000000e+00
   outer loop
     vertex -4.000000000000e+00 -4.000000000000e+00 0.000000000000e+00
     vertex -1.525187865026e+01 -1.980858898654e+01 0.000000000000e+00
     vertex -1.602734093981e+01 -1.918656671735e+01 0.000000000000e+00
   endloop
 endfacet
 facet normal 0.000000000000e+00 0.000000000000e+00 -1.000000000000e+00
   outer loop
     vertex -4.000000000000e+00 -4.000000000000e+00 0.000000000000e+00
     vertex -1.445230000562e+01 -2.039928980498e+01 0.000000000000e+00
     vertex -1.525187865026e+01 -1.980858898654e+01 0.000000000000e+00
   endloop
 endfacet
 facet normal 0.000000000000e+00 0.000000000000e+00 -1.000000000000e+00
   outer loop
     vertex -4.000000000000e+00 -4.000000000000e+00 0.000000000000e+00
     vertex -1.362986930407e+01 -2.095773515326e+01 0.000000000000e+00
     vertex -1.445230000562e+01 -2.039928980498e+01 0.000000000000e+00
   endloop
 endfacet
 facet normal 0.000000000000e+00 0.000000000000e+00 -1.000000000000e+00
   outer loop
     vertex -4.000000000000e+00 -4.000000000000e+00 0.000000000000e+00
     vertex -1.278588697759e+01 -2.148304201449e+01 0.000000000000e+00
     vertex -1.362986930407e+01 -2.095773515326e+01 0.000000000000e+00
   endloop
 endfacet
 facet normal 0.000000000000e+00 0.000000000000e+00 -1.000000000000e+00
   outer loop
     vertex -4.000000000000e+00 -4.000000000000e+00 0.000000000000e+00
     vertex -1.192168753571e+01 -2.197437977056e+01 0.000000000000e+00
     vertex -1.278588697759e+01 -2.148304201449e+01 0.000000000000e+00
   endloop
 endfacet
 facet normal 0.000000000000e+00 0.000000000000e+00 -1.000000000000e+00
   outer loop
     vertex -4.000000000000e+00 -4.000000000000e+00 0.000000000000e+00
     vertex -1.103863745540e+01 -2.243097151548e+01 0.000000000000e+00
     vertex -1.192168753571e+01 -2.197437977056e+01 0.000000000000e+00
   endloop
 endfacet
 facet normal 0.000000000000e+00 0.000000000000e+00 -1.000000000000e+00
   outer loop
     vertex -4.000000000000e+00 -4.000000000000e+00 0.000000000000e+00
     vertex -1.013813302032e+01 -2.285209528385e+01 0.000000000000e+00
     vertex -1.103863745540e+01 -2.243097151548e+01 0.000000000000e+00
   endloop
 endfacet
 facet normal 0.000000000000e+00 0.000000000000e+00 -1.000000000000e+00
   outer loop
     vertex -4.000000000000e+00 -4.000000000000e+00 0.000000000000e+00
     vertex -9.221598113100e+00 -2.323708519243e+01 0.000000000000e+00
     vertex -1.013813302032e+01 -2.285209528385e+01 0.000000000000e+00
   endloop
 endfacet
 facet normal 0.000000000000e+00 0.000000000000e+00 -1.000000000000e+00
   outer loop
     vertex -4.000000000000e+00 -4.000000000000e+00 0.000000000000e+00
     vertex -8.290481963802e+00 -2.358533249305e+01 0.000000000000e+00
     vertex -9.221598113100e+00 -2.323708519243e+01 0.000000000000e+00
   endloop
 endfacet
 facet normal 0.000000000000e+00 0.000000000000e+00 -1.000000000000e+00
   outer loop
     vertex -4.000000000000e+00 -4.000000000000e+00 0.000000000000e+00
     vertex -7.346256858448e+00 -2.389628653514e+01 0.000000000000e+00
     vertex -8.290481963802e+00 -2.358533249305e+01 0.000000000000e+00
   endloop
 endfacet
 facet normal 0.000000000000e+00 0.000000000000e+00 -1.000000000000e+00
   outer loop
     vertex -4.000000000000e+00 -4.000000000000e+00 0.000000000000e+00
     vertex -6.390415811012e+00 -2.416945563645e+01 0.000000000000e+00
     vertex -7.346256858448e+00 -2.389628653514e+01 0.000000000000e+00
   endloop
 endfacet
 facet normal 0.000000000000e+00 0.000000000000e+00 -1.000000000000e+00
   outer loop
     vertex -4.000000000000e+00 -4.000000000000e+00 0.000000000000e+00
     vertex -5.424470202658e+00 -2.440440786048e+01 0.000000000000e+00
     vertex -6.390415811012e+00 -2.416945563645e+01 0.000000000000e+00
   endloop
 endfacet
 facet normal 0.000000000000e+00 0.000000000000e+00 -1.000000000000e+00
   outer loop
     vertex -4.000000000000e+00 -4.000000000000e+00 0.000000000000e+00
     vertex -4.449947391939e+00 -2.460077169946e+01 0.000000000000e+00
     vertex -5.424470202658e+00 -2.440440786048e+01 0.000000000000e+00
   endloop
 endfacet
 facet normal 0.000000000000e+00 -0.000000000000e+00 -1.000000000000e+00
   outer loop
     vertex -4.000000000000e+00 -4.000000000000e+00 0.000000000000e+00
     vertex -3.468388299727e+00 -2.475823666181e+01 0.000000000000e+00
     vertex -4.449947391939e+00 -2.460077169946e+01 0.000000000000e+00
   endloop
 endfacet
 facet normal 0.000000000000e+00 0.000000000000e+00 -1.000000000000e+00
   outer loop
     vertex -4.000000000000e+00 -4.000000000000e+00 0.000000000000e+00
     vertex -2.481344972701e+00 -2.487655376306e+01 0.000000000000e+00
     vertex -3.468388299727e+00 -2.475823666181e+01 0.000000000000e+00
   endloop
 endfacet
 facet normal 0.000000000000e+00 0.000000000000e+00 -1.000000000000e+00
   outer loop
     vertex -4.000000000000e+00 -4.000000000000e+00 0.000000000000e+00
     vertex -1.490378129245e+00 -2.495553591955e+01 0.000000000000e+00
     vertex -2.481344972701e+00 -2.487655376306e+01 0.000000000000e+00
   endloop
 endfacet
 facet normal 0.000000000000e+00 0.000000000000e+00 -1.000000000000e+00
   outer loop
     vertex -4.000000000000e+00 -4.000000000000e+00 0.000000000000e+00
     vertex -4.970546916266e-01 -2.499505824425e+01 0.000000000000e+00
     vertex -1.490378129245e+00 -2.495553591955e+01 0.000000000000e+00
   endloop
 endfacet
 facet normal 0.000000000000e+00 0.000000000000e+00 -1.000000000000e+00
   outer loop
     vertex -4.000000000000e+00 -4.000000000000e+00 0.000000000000e+00
     vertex -2.498023493068e+01 -9.939128774232e-01 0.000000000000e+00
     vertex -2.500000000000e+01 -5.244953423339e-14 0.000000000000e+00
   endloop
 endfacet
 facet normal 0.000000000000e+00 0.000000000000e+00 -1.000000000000e+00
   outer loop
     vertex -4.000000000000e+00 -4.000000000000e+00 0.000000000000e+00
     vertex -2.492097097537e+01 -1.986254174293e+00 0.000000000000e+00
     vertex -2.498023493068e+01 -9.939128774232e-01 0.000000000000e+00
   endloop
 endfacet
 facet normal 0.000000000000e+00 0.000000000000e+00 -1.000000000000e+00
   outer loop
     vertex -4.000000000000e+00 -4.000000000000e+00 0.000000000000e+00
     vertex -2.482230184255e+01 -2.975454795048e+00 0.000000000000e+00
     vertex -2.492097097537e+01 -1.986254174293e+00 0.000000000000e+00
   endloop
 endfacet
 facet normal 0.000000000000e+00 0.000000000000e+00 -1.000000000000e+00
   outer loop
     vertex -4.000000000000e+00 -4.000000000000e+00 0.000000000000e+00
     vertex -2.468438354841e+01 -3.959950610180e+00 0.000000000000e+00
     vertex -2.482230184255e+01 -2.975454795048e+00 0.000000000000e+00
   endloop
 endfacet
 facet normal -0.000000000000e+00 0.000000000000e+00 -1.000000000000e+00
   outer loop
     vertex -4.000000000000e+00 -4.000000000000e+00 0.000000000000e+00
     vertex -2.450743417012e+01 -4.938184929449e+00 0.000000000000e+00
     vertex -2.468438354841e+01 -3.959950610180e+00 0.000000000000e+00
   endloop
 endfacet
 facet normal 0.000000000000e+00 0.000000000000e+00 -1.000000000000e+00
   outer loop
     vertex -4.000000000000e+00 -4.000000000000e+00 0.000000000000e+00
     vertex -2.429173350101e+01 -5.908610963323e+00 0.000000000000e+00
     vertex -2.450743417012e+01 -4.938184929449e+00 0.000000000000e+00
   endloop
 endfacet
 facet normal 0.000000000000e+00 0.000000000000e+00 -1.000000000000e+00
   outer loop
     vertex -4.000000000000e+00 -4.000000000000e+00 0.000000000000e+00
     vertex -2.403762260819e+01 -6.869694268776e+00 0.000000000000e+00
     vertex -2.429173350101e+01 -5.908610963323e+00 0.000000000000e+00
   endloop
 endfacet
 facet normal 0.000000000000e+00 0.000000000000e+00 -1.000000000000e+00
   outer loop
     vertex -4.000000000000e+00 -4.000000000000e+00 0.000000000000e+00
     vertex -2.374550329319e+01 -7.819915175556e+00 0.000000000000e+00
     vertex -2.403762260819e+01 -6.869694268776e+00 0.000000000000e+00
   endloop
 endfacet
 facet normal 0.000000000000e+00 0.000000000000e+00 -1.000000000000e+00
   outer loop
     vertex -4.000000000000e+00 -4.000000000000e+00 0.000000000000e+00
     vertex -2.341583745672e+01 -8.757771189096e+00 0.000000000000e+00
     vertex -2.374550329319e+01 -7.819915175556e+00 0.000000000000e+00
   endloop
 endfacet
 facet normal 0.000000000000e+00 0.000000000000e+00 -1.000000000000e+00
   outer loop
     vertex -4.000000000000e+00 -4.000000000000e+00 0.000000000000e+00
     vertex -2.304914636821e+01 -9.681779366266e+00 0.000000000000e+00
     vertex -2.341583745672e+01 -8.757771189096e+00 0.000000000000e+00
   endloop
 endfacet
 facet normal 0.000000000000e+00 0.000000000000e+00 -1.000000000000e+00
   outer loop
     vertex -4.000000000000e+00 -4.000000000000e+00 0.000000000000e+00
     vertex -2.264600984164e+01 -1.059047866021e+01 0.000000000000e+00
     vertex -2.304914636821e+01 -9.681779366266e+00 0.000000000000e+00
   endloop
 endfacet
 facet normal 0.000000000000e+00 0.000000000000e+00 -1.000000000000e+00
   outer loop
     vertex -4.000000000000e+00 -4.000000000000e+00 0.000000000000e+00
     vertex -2.220706531873e+01 -1.148243223057e+01 0.000000000000e+00
     vertex -2.264600984164e+01 -1.059047866021e+01 0.000000000000e+00
   endloop
 endfacet
 facet normal 0.000000000000e+00 0.000000000000e+00 -1.000000000000e+00
   outer loop
     vertex -4.000000000000e+00 -4.000000000000e+00 0.000000000000e+00
     vertex -2.173300686099e+01 -1.235622971542e+01 0.000000000000e+00
     vertex -2.220706531873e+01 -1.148243223057e+01 0.000000000000e+00
   endloop
 endfacet
 facet normal 0.000000000000e+00 0.000000000000e+00 -1.000000000000e+00
   outer loop
     vertex -4.000000000000e+00 -4.000000000000e+00 0.000000000000e+00
     vertex -2.122458405228e+01 -1.321048946132e+01 0.000000000000e+00
     vertex -2.173300686099e+01 -1.235622971542e+01 0.000000000000e+00
   endloop
 endfacet
 facet normal 0.000000000000e+00 0.000000000000e+00 -1.000000000000e+00
   outer loop
     vertex -4.000000000000e+00 -4.000000000000e+00 0.000000000000e+00
     vertex -2.068260081358e+01 -1.404386070802e+01 0.000000000000e+00
     vertex -2.122458405228e+01 -1.321048946132e+01 0.000000000000e+00
   endloop
 endfacet
 facet normal 0.000000000000e+00 0.000000000000e+00 -1.000000000000e+00
   outer loop
     vertex -4.000000000000e+00 -4.000000000000e+00 0.000000000000e+00
     vertex -2.010791413177e+01 -1.485502572429e+01 0.000000000000e+00
     vertex -2.068260081358e+01 -1.404386070802e+01 0.000000000000e+00
   endloop
 endfacet
 facet normal 0.000000000000e+00 0.000000000000e+00 -1.000000000000e+00
   outer loop
     vertex -4.000000000000e+00 -4.000000000000e+00 0.000000000000e+00
     vertex -1.950143270463e+01 -1.564270189151e+01 0.000000000000e+00
     vertex -2.010791413177e+01 -1.485502572429e+01 0.000000000000e+00
   endloop
 endfacet
 facet normal 0.000000000000e+00 0.000000000000e+00 -1.000000000000e+00
   outer loop
     vertex -4.000000000000e+00 -4.000000000000e+00 0.000000000000e+00
     vertex -1.886411550396e+01 -1.640564373176e+01 0.000000000000e+00
     vertex -1.950143270463e+01 -1.564270189151e+01 0.000000000000e+00
   endloop
 endfacet
 facet normal 0.000000000000e+00 0.000000000000e+00 -1.000000000000e+00
   outer loop
     vertex -4.000000000000e+00 -4.000000000000e+00 0.000000000000e+00
     vertex -1.819697025924e+01 -1.714264487716e+01 0.000000000000e+00
     vertex -1.886411550396e+01 -1.640564373176e+01 0.000000000000e+00
   endloop
 endfacet
 facet normal 0.000000000000e+00 0.000000000000e+00 -1.000000000000e+00
   outer loop
     vertex -4.000000000000e+00 -4.000000000000e+00 0.000000000000e+00
     vertex -1.750105186424e+01 -1.785253997742e+01 0.000000000000e+00
     vertex -1.819697025924e+01 -1.714264487716e+01 0.000000000000e+00
   endloop
 endfacet
 facet normal 0.000000000000e+00 0.000000000000e+00 -1.000000000000e+00
   outer loop
     vertex -4.000000000000e+00 -4.000000000000e+00 0.000000000000e+00
     vertex -1.677746070898e+01 -1.853420654247e+01 0.000000000000e+00
     vertex -1.750105186424e+01 -1.785253997742e+01 0.000000000000e+00
   endloop
 endfacet
 facet normal 0.000000000000e+00 0.000000000000e+00 -1.000000000000e+00
   outer loop
     vertex 4.000000000000e+00 -4.000000000000e+00 0.000000000000e+00
     vertex 4.970546916269e-01 -2.499505824425e+01 0.000000000000e+00
     vertex -4.970546916266e-01 -2.499505824425e+01 0.000000000000e+00
   endloop
 endfacet
 facet normal 0.000000000000e+00 0.000000000000e+00 -1.000000000000e+00
   outer loop
     vertex 4.000000000000e+00 -4.000000000000e+00 0.000000000000e+00
     vertex 1.490378129246e+00 -2.495553591955e+01 0.000000000000e+00
     vertex 4.970546916269e-01 -2.499505824425e+01 0.000000000000e+00
   endloop
 endfacet
 facet normal 0.000000000000e+00 0.000000000000e+00 -1.000000000000e+00
   outer loop
     vertex 4.000000000000e+00 -4.000000000000e+00 0.000000000000e+00
     vertex 2.481344972702e+00 -2.487655376306e+01 0.000000000000e+00
     vertex 1.490378129246e+00 -2.495553591955e+01 0.000000000000e+00
   endloop
 endfacet
 facet normal 0.000000000000e+00 0.000000000000e+00 -1.000000000000e+00
   outer loop
     vertex 4.000000000000e+00 -4.000000000000e+00 0.000000000000e+00
     vertex 3.468388299727e+00 -2.475823666181e+01 0.000000000000e+00
     vertex 2.481344972702e+00 -2.487655376306e+01 0.000000000000e+00
   endloop
 endfacet
 facet normal 0.000000000000e+00 -0.000000000000e+00 -1.000000000000e+00
   outer loop
     vertex 4.000000000000e+00 -4.000000000000e+00 0.000000000000e+00
     vertex 4.449947391939e+00 -2.460077169946e+01 0.000000000000e+00
     vertex 3.468388299727e+00 -2.475823666181e+01 0.000000000000e+00
   endloop
 endfacet
 facet normal 0.000000000000e+00 0.000000000000e+00 -1.000000000000e+00
   outer loop
     vertex 4.000000000000e+00 -4.000000000000e+00 0.000000000000e+00
     vertex 5.424470202658e+00 -2.440440786048e+01 0.000000000000e+00
     vertex 4.449947391939e+00 -2.460077169946e+01 0.000000000000e+00
   endloop
 endfacet
 facet normal 0.000000000000e+00 0.000000000000e+00 -1.000000000000e+00
   outer loop
     vertex 4.000000000000e+00 -4.000000000000e+00 0.000000000000e+00
     vertex 6.390415811012e+00 -2.416945563645e+01 0.000000000000e+00
     vertex 5.424470202658e+00 -2.440440786048e+01 0.000000000000e+00
   endloop
 endfacet
 facet normal 0.000000000000e+00 0.000000000000e+00 -1.000000000000e+00
   outer loop
     vertex 4.000000000000e+00 -4.000000000000e+00 0.000000000000e+00
     vertex 7.346256858448e+00 -2.389628653514e+01 0.000000000000e+00
     vertex 6.390415811012e+00 -2.416945563645e+01 0.000000000000e+00
   endloop
 endfacet
 facet normal 0.000000000000e+00 0.000000000000e+00 -1.000000000000e+00
   outer loop
     vertex 4.000000000000e+00 -4.000000000000e+00 0.000000000000e+00
     vertex 8.290481963802e+00 -2.358533249305e+01 0.000000000000e+00
     vertex 7.346256858448e+00 -2.389628653514e+01 0.000000000000e+00
   endloop
 endfacet
 facet normal 0.000000000000e+00 0.000000000000e+00 -1.000000000000e+00
   outer loop
     vertex 4.000000000000e+00 -4.000000000000e+00 0.000000000000e+00
     vertex 9.221598113100e+00 -2.323708519243e+01 0.000000000000e+00
     vertex 8.290481963802e+00 -2.358533249305e+01 0.000000000000e+00
   endloop
 endfacet
 facet normal 0.000000000000e+00 0.000000000000e+00 -1.000000000000e+00
   outer loop
     vertex 4.000000000000e+00 -4.000000000000e+00 0.000000000000e+00
     vertex 1.013813302033e+01 -2.285209528385e+01 0.000000000000e+00
     vertex 9.221598113100e+00 -2.323708519243e+01 0.000000000000e+00
   endloop
 endfacet
 facet normal 0.000000000000e+00 0.000000000000e+00 -1.000000000000e+00
   outer loop
     vertex 4.000000000000e+00 -4.000000000000e+00 0.000000000000e+00
     vertex 1.103863745540e+01 -2.243097151548e+01 0.000000000000e+00
     vertex 1.013813302033e+01 -2.285209528385e+01 0.000000000000e+00
   endloop
 endfacet
 facet normal 0.000000000000e+00 0.000000000000e+00 -1.000000000000e+00
   outer loop
     vertex 4.000000000000e+00 -4.000000000000e+00 0.000000000000e+00
     vertex 1.192168753571e+01 -2.197437977056e+01 0.000000000000e+00
     vertex 1.103863745540e+01 -2.243097151548e+01 0.000000000000e+00
   endloop
 endfacet
 facet normal 0.000000000000e+00 0.000000000000e+00 -1.000000000000e+00
   outer loop
     vertex 4.000000000000e+00 -4.000000000000e+00 0.000000000000e+00
     vertex 1.278588697759e+01 -2.148304201449e+01 0.000000000000e+00
     vertex 1.192168753571e+01 -2.197437977056e+01 0.000000000000e+00
   endloop
 endfacet
 facet normal 0.000000000000e+00 0.000000000000e+00 -1.000000000000e+00
   outer loop
     vertex 4.000000000000e+00 -4.000000000000e+00 0.000000000000e+00
     vertex 1.362986930407e+01 -2.095773515326e+01 0.000000000000e+00
     vertex 1.278588697759e+01 -2.148304201449e+01 0.000000000000e+00
   endloop
 endfacet
 facet normal 0.000000000000e+00 0.000000000000e+00 -1.000000000000e+00
   outer loop
     vertex 4.000000000000e+00 -4.000000000000e+00 0.000000000000e+00
     vertex 1.445230000562e+01 -2.039928980498e+01 0.000000000000e+00
     vertex 1.362986930407e+01 -2.095773515326e+01 0.000000000000e+00
   endloop
 endfacet
 facet normal 0.000000000000e+00 0.000000000000e+00 -1.000000000000e+00
   outer loop
     vertex 4.000000000000e+00 -4.000000000000e+00 0.000000000000e+00
     vertex 1.525187865026e+01 -1.980858898654e+01 0.000000000000e+00
     vertex 1.445230000562e+01 -2.039928980498e+01 0.000000000000e+00
   endloop
 endfacet
 facet normal 0.000000000000e+00 0.000000000000e+00 -1.000000000000e+00
   outer loop
     vertex 4.000000000000e+00 -4.000000000000e+00 0.000000000000e+00
     vertex 1.602734093981e+01 -1.918656671735e+01 0.000000000000e+00
     vertex 1.525187865026e+01 -1.980858898654e+01 0.000000000000e+00
   endloop
 endfacet
 facet normal 0.000000000000e+00 0.000000000000e+00 -1.000000000000e+00
   outer loop
     vertex 4.000000000000e+00 -4.000000000000e+00 0.000000000000e+00
     vertex 1.677746070898e+01 -1.853420654247e+01 0.000000000000e+00
     vertex 1.602734093981e+01 -1.918656671735e+01 0.000000000000e+00
   endloop
 endfacet
 facet normal 0.000000000000e+00 0.000000000000e+00 -1.000000000000e+00
   outer loop
     vertex 4.000000000000e+00 -4.000000000000e+00 0.000000000000e+00
     vertex 1.750105186424e+01 -1.785253997742e+01 0.000000000000e+00
     vertex 1.677746070898e+01 -1.853420654247e+01 0.000000000000e+00
   endloop
 endfacet
 facet normal -0.000000000000e+00 0.000000000000e+00 -1.000000000000e+00
   outer loop
     vertex 4.000000000000e+00 -4.000000000000e+00 0.000000000000e+00
     vertex -4.970546916266e-01 -2.499505824425e+01 0.000000000000e+00
     vertex -4.000000000000e+00 -4.000000000000e+00 0.000000000000e+00
   endloop
 endfacet
 facet normal 0.000000000000e+00 0.000000000000e+00 -1.000000000000e+00
   outer loop
     vertex -4.000000000000e+00 4.000000000000e+00 0.000000000000e+00
     vertex -1.886411550396e+01 1.640564373176e+01 0.000000000000e+00
     vertex -1.819697025924e+01 1.714264487716e+01 0.000000000000e+00
   endloop
 endfacet
 facet normal 0.000000000000e+00 0.000000000000e+00 -1.000000000000e+00
   outer loop
     vertex -4.000000000000e+00 4.000000000000e+00 0.000000000000e+00
     vertex -1.950143270463e+01 1.564270189151e+01 0.000000000000e+00
     vertex -1.886411550396e+01 1.640564373176e+01 0.000000000000e+00
   endloop
 endfacet
 facet normal 0.000000000000e+00 0.000000000000e+00 -1.000000000000e+00
   outer loop
     vertex -4.000000000000e+00 4.000000000000e+00 0.000000000000e+00
     vertex -2.010791413177e+01 1.485502572429e+01 0.000000000000e+00
     vertex -1.950143270463e+01 1.564270189151e+01 0.000000000000e+00
   endloop
 endfacet
 facet normal 0.000000000000e+00 0.000000000000e+00 -1.000000000000e+00
   outer loop
     vertex -4.000000000000e+00 4.000000000000e+00 0.000000000000e+00
     vertex -2.068260081358e+01 1.404386070802e+01 0.000000000000e+00
     vertex -2.010791413177e+01 1.485502572429e+01 0.000000000000e+00
   endloop
 endfacet
 facet normal 0.000000000000e+00 0.000000000000e+00 -1.000000000000e+00
   outer loop
     vertex -4.000000000000e+00 4.000000000000e+00 0.000000000000e+00
     vertex -2.122458405228e+01 1.321048946132e+01 0.000000000000e+00
     vertex -2.068260081358e+01 1.404386070802e+01 0.000000000000e+00
   endloop
 endfacet
 facet normal 0.000000000000e+00 0.000000000000e+00 -1.000000000000e+00
   outer loop
     vertex -4.000000000000e+00 4.000000000000e+00 0.000000000000e+00
     vertex -2.173300686099e+01 1.235622971542e+01 0.000000000000e+00
     vertex -2.122458405228e+01 1.321048946132e+01 0.000000000000e+00
   endloop
 endfacet
 facet normal 0.000000000000e+00 0.000000000000e+00 -1.000000000000e+00
   outer loop
     vertex -4.000000000000e+00 4.000000000000e+00 0.000000000000e+00
     vertex -2.220706531873e+01 1.148243223057e+01 0.000000000000e+00
     vertex -2.173300686099e+01 1.235622971542e+01 0.000000000000e+00
   endloop
 endfacet
 facet normal 0.000000000000e+00 0.000000000000e+00 -1.000000000000e+00
   outer loop
     vertex -4.000000000000e+00 4.000000000000e+00 0.000000000000e+00
     vertex -2.264600984164e+01 1.059047866021e+01 0.000000000000e+00
     vertex -2.220706531873e+01 1.148243223057e+01 0.000000000000e+00
   endloop
 endfacet
 facet normal 0.000000000000e+00 0.000000000000e+00 -1.000000000000e+00
   outer loop
     vertex -4.000000000000e+00 4.000000000000e+00 0.000000000000e+00
     vertex -2.304914636821e+01 9.681779366266e+00 0.000000000000e+00
     vertex -2.264600984164e+01 1.059047866021e+01 0.000000000000e+00
   endloop
 endfacet
 facet normal 0.000000000000e+00 0.000000000000e+00 -1.000000000000e+00
   outer loop
     vertex -4.000000000000e+00 4.000000000000e+00 0.000000000000e+00
     vertex -2.341583745672e+01 8.757771189096e+00 0.000000000000e+00
     vertex -2.304914636821e+01 9.681779366266e+00 0.000000000000e+00
   endloop
 endfacet
 facet normal 0.000000000000e+00 0.000000000000e+00 -1.000000000000e+00
   outer loop
     vertex -4.000000000000e+00 4.000000000000e+00 0.000000000000e+00
     vertex -2.374550329319e+01 7.819915175556e+00 0.000000000000e+00
     vertex -2.341583745672e+01 8.757771189096e+00 0.000000000000e+00
   endloop
 endfacet
 facet normal 0.000000000000e+00 0.000000000000e+00 -1.000000000000e+00
   outer loop
     vertex -4.000000000000e+00 4.000000000000e+00 0.000000000000e+00
     vertex -2.403762260819e+01 6.869694268776e+00 0.000000000000e+00
     vertex -2.374550329319e+01 7.819915175556e+00 0.000000000000e+00
   endloop
 endfacet
 facet normal 0.000000000000e+00 0.000000000000e+00 -1.000000000000e+00
   outer loop
     vertex -4.000000000000e+00 4.000000000000e+00 0.000000000000e+00
     vertex -2.429173350101e+01 5.908610963323e+00 0.000000000000e+00
     vertex -2.403762260819e+01 6.869694268776e+00 0.000000000000e+00
   endloop
 endfacet
 facet normal 0.000000000000e+00 0.000000000000e+00 -1.000000000000e+00
   outer loop
     vertex -4.000000000000e+00 4.000000000000e+00 0.000000000000e+00
     vertex -2.450743417012e+01 4.938184929449e+00 0.000000000000e+00
     vertex -2.429173350101e+01 5.908610963323e+00 0.000000000000e+00
   endloop
 endfacet
 facet normal -0.000000000000e+00 0.000000000000e+00 -1.000000000000e+00
   outer loop
     vertex -4.000000000000e+00 4.000000000000e+00 0.000000000000e+00
     vertex -2.468438354841e+01 3.959950610180e+00 0.000000000000e+00
     vertex -2.450743417012e+01 4.938184929449e+00 0.000000000000e+00
   endloop
 endfacet
 facet normal 0.000000000000e+00 0.000000000000e+00 -1.000000000000e+00
   outer loop
     vertex -4.000000000000e+00 4.000000000000e+00 0.000000000000e+00
     vertex -2.482230184255e+01 2.975454795048e+00 0.000000000000e+00
     vertex -2.468438354841e+01 3.959950610180e+00 0.000000000000e+00
   endloop
 endfacet
 facet normal 0.000000000000e+00 0.000000000000e+00 -1.000000000000e+00
   outer loop
     vertex -4.000000000000e+00 4.000000000000e+00 0.000000000000e+00
     vertex -2.492097097537e+01 1.986254174293e+00 0.000000000000e+00
     vertex -2.482230184255e+01 2.975454795048e+00 0.000000000000e+00
   endloop
 endfacet
 facet normal 0.000000000000e+00 0.000000000000e+00 -1.000000000000e+00
   outer loop
     vertex -4.000000000000e+00 4.000000000000e+00 0.000000000000e+00
     vertex -2.498023493068e+01 9.939128774231e-01 0.000000000000e+00
     vertex -2.492097097537e+01 1.986254174293e+00 0.000000000000e+00
   endloop
 endfacet
 facet normal 0.000000000000e+00 0.000000000000e+00 -1.000000000000e+00
   outer loop
     vertex -4.000000000000e+00 4.000000000000e+00 0.000000000000e+00
     vertex -2.500000000000e+01 -5.244953423339e-14 0.000000000000e+00
     vertex -2.498023493068e+01 9.939128774231e-01 0.000000000000e+00
   endloop
 endfacet
 facet normal 0.000000000000e+00 -0.000000000000e+00 -1.000000000000e+00
   outer loop
     vertex -4.000000000000e+00 4.000000000000e+00 0.000000000000e+00
     vertex -4.000000000000e+00 -4.000000000000e+00 0.000000000000e+00
     vertex -2.500000000000e+01 -5.244953423339e-14 0.000000000000e+00
   endloop
 endfacet
 facet normal 0.000000000000e+00 -0.000000000000e+00 -1.000000000000e+00
   outer loop
     vertex -1.750105186424e+01 1.785253997742e+01 0.000000000000e+00
     vertex -4.000000000000e+00 4.000000000000e+00 0.000000000000e+00
     vertex -1.819697025924e+01 1.714264487716e+01 0.000000000000e+00
   endloop
 endfacet
 facet normal -0.000000000000e+00 0.000000000000e+00 -1.000000000000e+00
   outer loop
     vertex 1.819697025924e+01 -1.714264487716e+01 0.000000000000e+00
     vertex 1.750105186424e+01 -1.785253997742e+01 0.000000000000e+00
     vertex 4.000000000000e+00 -4.000000000000e+00 0.000000000000e+00
   endloop
 endfacet
 facet normal 0.000000000000e+00 -0.000000000000e+00 -1.000000000000e+00
   outer loop
     vertex -1.677746070898e+01 1.853420654247e+01 0.000000000000e+00
     vertex -4.000000000000e+00 4.000000000000e+00 0.000000000000e+00
     vertex -1.750105186424e+01 1.785253997742e+01 0.000000000000e+00
   endloop
 endfacet
 facet normal -0.000000000000e+00 0.000000000000e+00 -1.000000000000e+00
   outer loop
     vertex 1.886411550396e+01 -1.640564373176e+01 0.000000000000e+00
     vertex 1.819697025924e+01 -1.714264487716e+01 0.000000000000e+00
     vertex 4.000000000000e+00 -4.000000000000e+00 0.000000000000e+00
   endloop
 endfacet
 facet normal 0.000000000000e+00 -0.000000000000e+00 -1.000000000000e+00
   outer loop
     vertex -1.602734093981e+01 1.918656671735e+01 0.000000000000e+00
     vertex -4.000000000000e+00 4.000000000000e+00 0.000000000000e+00
     vertex -1.677746070898e+01 1.853420654247e+01 0.000000000000e+00
   endloop
 endfacet
 facet normal -0.000000000000e+00 0.000000000000e+00 -1.000000000000e+00
   outer loop
     vertex 1.950143270463e+01 -1.564270189151e+01 0.000000000000e+00
     vertex 1.886411550396e+01 -1.640564373176e+01 0.000000000000e+00
     vertex 4.000000000000e+00 -4.000000000000e+00 0.000000000000e+00
   endloop
 endfacet
 facet normal 0.000000000000e+00 -0.000000000000e+00 -1.000000000000e+00
   outer loop
     vertex -1.525187865026e+01 1.980858898654e+01 0.000000000000e+00
     vertex -4.000000000000e+00 4.000000000000e+00 0.000000000000e+00
     vertex -1.602734093981e+01 1.918656671735e+01 0.000000000000e+00
   endloop
 endfacet
 facet normal -0.000000000000e+00 0.000000000000e+00 -1.000000000000e+00
   outer loop
     vertex 2.010791413177e+01 -1.485502572429e+01 0.000000000000e+00
     vertex 1.950143270463e+01 -1.564270189151e+01 0.000000000000e+00
     vertex 4.000000000000e+00 -4.000000000000e+00 0.000000000000e+00
   endloop
 endfacet
 facet normal 0.000000000000e+00 -0.000000000000e+00 -1.000000000000e+00
   outer loop
     vertex -1.445230000562e+01 2.039928980498e+01 0.000000000000e+00
     vertex -4.000000000000e+00 4.000000000000e+00 0.000000000000e+00
     vertex -1.525187865026e+01 1.980858898654e+01 0.000000000000e+00
   endloop
 endfacet
 facet normal -0.000000000000e+00 0.000000000000e+00 -1.000000000000e+00
   outer loop
     vertex 2.068260081358e+01 -1.404386070802e+01 0.000000000000e+00
     vertex 2.010791413177e+01 -1.485502572429e+01 0.000000000000e+00
     vertex 4.000000000000e+00 -4.000000000000e+00 0.000000000000e+00
   endloop
 endfacet
 facet normal 0.000000000000e+00 -0.000000000000e+00 -1.000000000000e+00
   outer loop
     vertex -1.362986930407e+01 2.095773515326e+01 0.000000000000e+00
     vertex -4.000000000000e+00 4.000000000000e+00 0.000000000000e+00
     vertex -1.445230000562e+01 2.039928980498e+01 0.000000000000e+00
   endloop
 endfacet
 facet normal -0.000000000000e+00 0.000000000000e+00 -1.000000000000e+00
   outer loop
     vertex 2.122458405228e+01 -1.321048946132e+01 0.000000000000e+00
     vertex 2.068260081358e+01 -1.404386070802e+01 0.000000000000e+00
     vertex 4.000000000000e+00 -4.000000000000e+00 0.000000000000e+00
   endloop
 endfacet
 facet normal 0.000000000000e+00 -0.000000000000e+00 -1.000000000000e+00
   outer loop
     vertex -1.278588697759e+01 2.148304201449e+01 0.000000000000e+00
     vertex -4.000000000000e+00 4.000000000000e+00 0.000000000000e+00
     vertex -1.362986930407e+01 2.095773515326e+01 0.000000000000e+00
   endloop
 endfacet
 facet normal -0.000000000000e+00 0.000000000000e+00 -1.000000000000e+00
   outer loop
     vertex 2.173300686099e+01 -1.235622971542e+01 0.000000000000e+00
     vertex 2.122458405228e+01 -1.321048946132e+01 0.000000000000e+00
     vertex 4.000000000000e+00 -4.000000000000e+00 0.000000000000e+00
   endloop
 endfacet
 facet normal 0.000000000000e+00 -0.000000000000e+00 -1.000000000000e+00
   outer loop
     vertex -1.192168753571e+01 2.197437977056e+01 0.000000000000e+00
     vertex -4.000000000000e+00 4.000000000000e+00 0.000000000000e+00
     vertex -1.278588697759e+01 2.148304201449e+01 0.000000000000e+00
   endloop
 endfacet
 facet normal -0.000000000000e+00 0.000000000000e+00 -1.000000000000e+00
   outer loop
     vertex 2.220706531873e+01 -1.148243223057e+01 0.000000000000e+00
     vertex 2.173300686099e+01 -1.235622971542e+01 0.000000000000e+00
     vertex 4.000000000000e+00 -4.000000000000e+00 0.000000000000e+00
   endloop
 endfacet
 facet normal 0.000000000000e+00 -0.000000000000e+00 -1.000000000000e+00
   outer loop
     vertex -1.103863745540e+01 2.243097151548e+01 0.000000000000e+00
     vertex -4.000000000000e+00 4.000000000000e+00 0.000000000000e+00
     vertex -1.192168753571e+01 2.197437977056e+01 0.000000000000e+00
   endloop
 endfacet
 facet normal -0.000000000000e+00 0.000000000000e+00 -1.000000000000e+00
   outer loop
     vertex 2.264600984164e+01 -1.059047866021e+01 0.000000000000e+00
     vertex 2.220706531873e+01 -1.148243223057e+01 0.000000000000e+00
     vertex 4.000000000000e+00 -4.000000000000e+00 0.000000000000e+00
   endloop
 endfacet
 facet normal 0.000000000000e+00 -0.000000000000e+00 -1.000000000000e+00
   outer loop
     vertex -1.013813302032e+01 2.285209528385e+01 0.000000000000e+00
     vertex -4.000000000000e+00 4.000000000000e+00 0.000000000000e+00
     vertex -1.103863745540e+01 2.243097151548e+01 0.000000000000e+00
   endloop
 endfacet
 facet normal -0.000000000000e+00 0.000000000000e+00 -1.000000000000e+00
   outer loop
     vertex 2.304914636821e+01 -9.681779366266e+00 0.000000000000e+00
     vertex 2.264600984164e+01 -1.059047866021e+01 0.000000000000e+00
     vertex 4.000000000000e+00 -4.000000000000e+00 0.000000000000e+00
   endloop
 endfacet
 facet normal 0.000000000000e+00 -0.000000000000e+00 -1.000000000000e+00
   outer loop
     vertex -9.221598113100e+00 2.323708519243e+01 0.000000000000e+00
     vertex -4.000000000000e+00 4.000000000000e+00 0.000000000000e+00
     vertex -1.013813302032e+01 2.285209528385e+01 0.000000000000e+00
   endloop
 endfacet
 facet normal -0.000000000000e+00 0.000000000000e+00 -1.000000000000e+00
   outer loop
     vertex 2.341583745672e+01 -8.757771189095e+00 0.000000000000e+00
     vertex 2.304914636821e+01 -9.681779366266e+00 0.000000000000e+00
     vertex 4.000000000000e+00 -4.000000000000e+00 0.000000000000e+00
   endloop
 endfacet
 facet normal 0.000000000000e+00 -0.000000000000e+00 -1.000000000000e+00
   outer loop
     vertex -8.290481963802e+00 2.358533249305e+01 0.000000000000e+00
     vertex -4.000000000000e+00 4.000000000000e+00 0.000000000000e+00
     vertex -9.221598113100e+00 2.323708519243e+01 0.000000000000e+00
   endloop
 endfacet
 facet normal -0.000000000000e+00 0.000000000000e+00 -1.000000000000e+00
   outer loop
     vertex 2.374550329319e+01 -7.819915175555e+00 0.000000000000e+00
     vertex 2.341583745672e+01 -8.757771189095e+00 0.000000000000e+00
     vertex 4.000000000000e+00 -4.000000000000e+00 0.000000000000e+00
   endloop
 endfacet
 facet normal 0.000000000000e+00 -0.000000000000e+00 -1.000000000000e+00
   outer loop
     vertex -7.346256858448e+00 2.389628653514e+01 0.000000000000e+00
     vertex -4.000000000000e+00 4.000000000000e+00 0.000000000000e+00
     vertex -8.290481963802e+00 2.358533249305e+01 0.000000000000e+00
   endloop
 endfacet
 facet normal -0.000000000000e+00 0.000000000000e+00 -1.000000000000e+00
   outer loop
     vertex 2.403762260819e+01 -6.869694268775e+00 0.000000000000e+00
     vertex 2.374550329319e+01 -7.819915175555e+00 0.000000000000e+00
     vertex 4.000000000000e+00 -4.000000000000e+00 0.000000000000e+00
   endloop
 endfacet
 facet normal 0.000000000000e+00 -0.000000000000e+00 -1.000000000000e+00
   outer loop
     vertex -6.390415811012e+00 2.416945563645e+01 0.000000000000e+00
     vertex -4.000000000000e+00 4.000000000000e+00 0.000000000000e+00
     vertex -7.346256858448e+00 2.389628653514e+01 0.000000000000e+00
   endloop
 endfacet
 facet normal -0.000000000000e+00 0.000000000000e+00 -1.000000000000e+00
   outer loop
     vertex 2.429173350101e+01 -5.908610963322e+00 0.000000000000e+00
     vertex 2.403762260819e+01 -6.869694268775e+00 0.000000000000e+00
     vertex 4.000000000000e+00 -4.000000000000e+00 0.000000000000e+00
   endloop
 endfacet
 facet normal 0.000000000000e+00 -0.000000000000e+00 -1.000000000000e+00
   outer loop
     vertex -5.424470202658e+00 2.440440786048e+01 0.000000000000e+00
     vertex -4.000000000000e+00 4.000000000000e+00 0.000000000000e+00
     vertex -6.390415811012e+00 2.416945563645e+01 0.000000000000e+00
   endloop
 endfacet
 facet normal -0.000000000000e+00 0.000000000000e+00 -1.000000000000e+00
   outer loop
     vertex 2.450743417012e+01 -4.938184929449e+00 0.000000000000e+00
     vertex 2.429173350101e+01 -5.908610963322e+00 0.000000000000e+00
     vertex 4.000000000000e+00 -4.000000000000e+00 0.000000000000e+00
   endloop
 endfacet
 facet normal 0.000000000000e+00 -0.000000000000e+00 -1.000000000000e+00
   outer loop
     vertex -4.449947391939e+00 2.460077169946e+01 0.000000000000e+00
     vertex -4.000000000000e+00 4.000000000000e+00 0.000000000000e+00
     vertex -5.424470202658e+00 2.440440786048e+01 0.000000000000e+00
   endloop
 endfacet
 facet normal 0.000000000000e+00 0.000000000000e+00 -1.000000000000e+00
   outer loop
     vertex 2.468438354841e+01 -3.959950610180e+00 0.000000000000e+00
     vertex 2.450743417012e+01 -4.938184929449e+00 0.000000000000e+00
     vertex 4.000000000000e+00 -4.000000000000e+00 0.000000000000e+00
   endloop
 endfacet
 facet normal 0.000000000000e+00 0.000000000000e+00 -1.000000000000e+00
   outer loop
     vertex -3.468388299727e+00 2.475823666181e+01 0.000000000000e+00
     vertex -4.000000000000e+00 4.000000000000e+00 0.000000000000e+00
     vertex -4.449947391939e+00 2.460077169946e+01 0.000000000000e+00
   endloop
 endfacet
 facet normal 0.000000000000e+00 0.000000000000e+00 -1.000000000000e+00
   outer loop
     vertex 2.482230184255e+01 -2.975454795047e+00 0.000000000000e+00
     vertex 2.468438354841e+01 -3.959950610180e+00 0.000000000000e+00
     vertex 4.000000000000e+00 -4.000000000000e+00 0.000000000000e+00
   endloop
 endfacet
 facet normal 0.000000000000e+00 0.000000000000e+00 -1.000000000000e+00
   outer loop
     vertex -2.481344972702e+00 2.487655376306e+01 0.000000000000e+00
     vertex -4.000000000000e+00 4.000000000000e+00 0.000000000000e+00
     vertex -3.468388299727e+00 2.475823666181e+01 0.000000000000e+00
   endloop
 endfacet
 facet normal 0.000000000000e+00 0.000000000000e+00 -1.000000000000e+00
   outer loop
     vertex 2.492097097537e+01 -1.986254174293e+00 0.000000000000e+00
     vertex 2.482230184255e+01 -2.975454795047e+00 0.000000000000e+00
     vertex 4.000000000000e+00 -4.000000000000e+00 0.000000000000e+00
   endloop
 endfacet
 facet normal 0.000000000000e+00 0.000000000000e+00 -1.000000000000e+00
   outer loop
     vertex -1.490378129245e+00 2.495553591955e+01 0.000000000000e+00
     vertex -4.000000000000e+00 4.000000000000e+00 0.000000000000e+00
     vertex -2.481344972702e+00 2.487655376306e+01 0.000000000000e+00
   endloop
 endfacet
 facet normal 0.000000000000e+00 0.000000000000e+00 -1.000000000000e+00
   outer loop
     vertex 2.498023493068e+01 -9.939128774228e-01 0.000000000000e+00
     vertex 2.492097097537e+01 -1.986254174293e+00 0.000000000000e+00
     vertex 4.000000000000e+00 -4.000000000000e+00 0.000000000000e+00
   endloop
 endfacet
 facet normal 0.000000000000e+00 0.000000000000e+00 -1.000000000000e+00
   outer loop
     vertex -4.970546916267e-01 2.499505824425e+01 0.000000000000e+00
     vertex -4.000000000000e+00 4.000000000000e+00 0.000000000000e+00
     vertex -1.490378129245e+00 2.495553591955e+01 0.000000000000e+00
   endloop
 endfacet
 facet normal 0.000000000000e+00 0.000000000000e+00 -1.000000000000e+00
   outer loop
     vertex 2.500000000000e+01 -6.123233995737e-15 0.000000000000e+00
     vertex 2.498023493068e+01 -9.939128774228e-01 0.000000000000e+00
     vertex 4.000000000000e+00 -4.000000000000e+00 0.000000000000e+00
   endloop
 endfacet
 facet normal -0.000000000000e+00 0.000000000000e+00 -1.000000000000e+00
   outer loop
     vertex 2.500000000000e+01 -6.123233995737e-15 0.000000000000e+00
     vertex 4.000000000000e+00 -4.000000000000e+00 0.000000000000e+00
     vertex 4.000000000000e+00 4.000000000000e+00 0.000000000000e+00
   endloop
 endfacet
 facet normal -0.000000000000e+00 0.000000000000e+00 -1.000000000000e+00
   outer loop
     vertex 4.970546916268e-01 2.499505824425e+01 0.000000000000e+00
     vertex -4.000000000000e+00 4.000000000000e+00 0.000000000000e+00
     vertex -4.970546916267e-01 2.499505824425e+01 0.000000000000e+00
   endloop
 endfacet
 facet normal 0.000000000000e+00 -0.000000000000e+00 -1.000000000000e+00
   outer loop
     vertex 4.970546916268e-01 2.499505824425e+01 0.000000000000e+00
     vertex 4.000000000000e+00 4.000000000000e+00 0.000000000000e+00
     vertex -4.000000000000e+00 4.000000000000e+00 0.000000000000e+00
   endloop
 endfacet
 facet normal -0.000000000000e+00 -0.000000000000e+00 -1.000000000000e+00
   outer loop
     vertex 2.498023493068e+01 9.939128774231e-01 0.000000000000e+00
     vertex 2.500000000000e+01 -6.123233995737e-15 0.000000000000e+00
     vertex 4.000000000000e+00 4.000000000000e+00 0.000000000000e+00
   endloop
 endfacet
 facet normal -0.000000000000e+00 -0.000000000000e+00 -1.000000000000e+00
   outer loop
     vertex 1.490378129246e+00 2.495553591955e+01 0.000000000000e+00
     vertex 4.000000000000e+00 4.000000000000e+00 0.000000000000e+00
     vertex 4.970546916268e-01 2.499505824425e+01 0.000000000000e+00
   endloop
 endfacet
 facet normal -0.000000000000e+00 -0.000000000000e+00 -1.000000000000e+00
   outer loop
     vertex 2.492097097537e+01 1.986254174293e+00 0.000000000000e+00
     vertex 2.498023493068e+01 9.939128774231e-01 0.000000000000e+00
     vertex 4.000000000000e+00 4.000000000000e+00 0.000000000000e+00
   endloop
 endfacet
 facet normal -0.000000000000e+00 -0.000000000000e+00 -1.000000000000e+00
   outer loop
     vertex 2.481344972702e+00 2.487655376306e+01 0.000000000000e+00
     vertex 4.000000000000e+00 4.000000000000e+00 0.000000000000e+00
     vertex 1.490378129246e+00 2.495553591955e+01 0.000000000000e+00
   endloop
 endfacet
 facet normal -0.000000000000e+00 -0.000000000000e+00 -1.000000000000e+00
   outer loop
     vertex 2.482230184255e+01 2.975454795048e+00 0.000000000000e+00
     vertex 2.492097097537e+01 1.986254174293e+00 0.000000000000e+00
     vertex 4.000000000000e+00 4.000000000000e+00 0.000000000000e+00
   endloop
 endfacet
 facet normal -0.000000000000e+00 -0.000000000000e+00 -1.000000000000e+00
   outer loop
     vertex 3.468388299727e+00 2.475823666181e+01 0.000000000000e+00
     vertex 4.000000000000e+00 4.000000000000e+00 0.000000000000e+00
     vertex 2.481344972702e+00 2.487655376306e+01 0.000000000000e+00
   endloop
 endfacet
 facet normal -0.000000000000e+00 -0.000000000000e+00 -1.000000000000e+00
   outer loop
     vertex 2.468438354841e+01 3.959950610180e+00 0.000000000000e+00
     vertex 2.482230184255e+01 2.975454795048e+00 0.000000000000e+00
     vertex 4.000000000000e+00 4.000000000000e+00 0.000000000000e+00
   endloop
 endfacet
 facet normal -0.000000000000e+00 0.000000000000e+00 -1.000000000000e+00
   outer loop
     vertex 4.449947391939e+00 2.460077169946e+01 0.000000000000e+00
     vertex 4.000000000000e+00 4.000000000000e+00 0.000000000000e+00
     vertex 3.468388299727e+00 2.475823666181e+01 0.000000000000e+00
   endloop
 endfacet
 facet normal 0.000000000000e+00 -0.000000000000e+00 -1.000000000000e+00
   outer loop
     vertex 2.450743417012e+01 4.938184929449e+00 0.000000000000e+00
     vertex 2.468438354841e+01 3.959950610180e+00 0.000000000000e+00
     vertex 4.000000000000e+00 4.000000000000e+00 0.000000000000e+00
   endloop
 endfacet
 facet normal -0.000000000000e+00 0.000000000000e+00 -1.000000000000e+00
   outer loop
     vertex 5.424470202658e+00 2.440440786048e+01 0.000000000000e+00
     vertex 4.000000000000e+00 4.000000000000e+00 0.000000000000e+00
     vertex 4.449947391939e+00 2.460077169946e+01 0.000000000000e+00
   endloop
 endfacet
 facet normal 0.000000000000e+00 -0.000000000000e+00 -1.000000000000e+00
   outer loop
     vertex 2.429173350101e+01 5.908610963323e+00 0.000000000000e+00
     vertex 2.450743417012e+01 4.938184929449e+00 0.000000000000e+00
     vertex 4.000000000000e+00 4.000000000000e+00 0.000000000000e+00
   endloop
 endfacet
 facet normal -0.000000000000e+00 0.000000000000e+00 -1.000000000000e+00
   outer loop
     vertex 6.390415811012e+00 2.416945563645e+01 0.000000000000e+00
     vertex 4.000000000000e+00 4.000000000000e+00 0.000000000000e+00
     vertex 5.424470202658e+00 2.440440786048e+01 0.000000000000e+00
   endloop
 endfacet
 facet normal 0.000000000000e+00 -0.000000000000e+00 -1.000000000000e+00
   outer loop
     vertex 2.403762260819e+01 6.869694268776e+00 0.000000000000e+00
     vertex 2.429173350101e+01 5.908610963323e+00 0.000000000000e+00
     vertex 4.000000000000e+00 4.000000000000e+00 0.000000000000e+00
   endloop
 endfacet
 facet normal -0.000000000000e+00 0.000000000000e+00 -1.000000000000e+00
   outer loop
     vertex 7.346256858448e+00 2.389628653514e+01 0.000000000000e+00
     vertex 4.000000000000e+00 4.000000000000e+00 0.000000000000e+00
     vertex 6.390415811012e+00 2.416945563645e+01 0.000000000000e+00
   endloop
 endfacet
 facet normal 0.000000000000e+00 -0.000000000000e+00 -1.000000000000e+00
   outer loop
     vertex 2.374550329319e+01 7.819915175556e+00 0.000000000000e+00
     vertex 2.403762260819e+01 6.869694268776e+00 0.000000000000e+00
     vertex 4.000000000000e+00 4.000000000000e+00 0.000000000000e+00
   endloop
 endfacet
 facet normal -0.000000000000e+00 0.000000000000e+00 -1.000000000000e+00
   outer loop
     vertex 8.290481963802e+00 2.358533249305e+01 0.000000000000e+00
     vertex 4.000000000000e+00 4.000000000000e+00 0.000000000000e+00
     vertex 7.346256858448e+00 2.389628653514e+01 0.000000000000e+00
   endloop
 endfacet
 facet normal 0.000000000000e+00 -0.000000000000e+00 -1.000000000000e+00
   outer loop
     vertex 2.341583745672e+01 8.757771189096e+00 0.000000000000e+00
     vertex 2.374550329319e+01 7.819915175556e+00 0.000000000000e+00
     vertex 4.000000000000e+00 4.000000000000e+00 0.000000000000e+00
   endloop
 endfacet
 facet normal -0.000000000000e+00 0.000000000000e+00 -1.000000000000e+00
   outer loop
     vertex 9.221598113100e+00 2.323708519243e+01 0.000000000000e+00
     vertex 4.000000000000e+00 4.000000000000e+00 0.000000000000e+00
     vertex 8.290481963802e+00 2.358533249305e+01 0.000000000000e+00
   endloop
 endfacet
 facet normal 0.000000000000e+00 -0.000000000000e+00 -1.000000000000e+00
   outer loop
     vertex 2.304914636821e+01 9.681779366266e+00 0.000000000000e+00
     vertex 2.341583745672e+01 8.757771189096e+00 0.000000000000e+00
     vertex 4.000000000000e+00 4.000000000000e+00 0.000000000000e+00
   endloop
 endfacet
 facet normal -0.000000000000e+00 0.000000000000e+00 -1.000000000000e+00
   outer loop
     vertex 1.013813302032e+01 2.285209528385e+01 0.000000000000e+00
     vertex 4.000000000000e+00 4.000000000000e+00 0.000000000000e+00
     vertex 9.221598113100e+00 2.323708519243e+01 0.000000000000e+00
   endloop
 endfacet
 facet normal 0.000000000000e+00 -0.000000000000e+00 -1.000000000000e+00
   outer loop
     vertex 2.264600984164e+01 1.059047866021e+01 0.000000000000e+00
     vertex 2.304914636821e+01 9.681779366266e+00 0.000000000000e+00
     vertex 4.000000000000e+00 4.000000000000e+00 0.000000000000e+00
   endloop
 endfacet
 facet normal -0.000000000000e+00 0.000000000000e+00 -1.000000000000e+00
   outer loop
     vertex 1.103863745540e+01 2.243097151548e+01 0.000000000000e+00
     vertex 4.000000000000e+00 4.000000000000e+00 0.000000000000e+00
     vertex 1.013813302032e+01 2.285209528385e+01 0.000000000000e+00
   endloop
 endfacet
 facet normal 0.000000000000e+00 -0.000000000000e+00 -1.000000000000e+00
   outer loop
     vertex 2.220706531873e+01 1.148243223057e+01 0.000000000000e+00
     vertex 2.264600984164e+01 1.059047866021e+01 0.000000000000e+00
     vertex 4.000000000000e+00 4.000000000000e+00 0.000000000000e+00
   endloop
 endfacet
 facet normal -0.000000000000e+00 0.000000000000e+00 -1.000000000000e+00
   outer loop
     vertex 1.192168753571e+01 2.197437977056e+01 0.000000000000e+00
     vertex 4.000000000000e+00 4.000000000000e+00 0.000000000000e+00
     vertex 1.103863745540e+01 2.243097151548e+01 0.000000000000e+00
   endloop
 endfacet
 facet normal 0.000000000000e+00 -0.000000000000e+00 -1.000000000000e+00
   outer loop
     vertex 2.173300686099e+01 1.235622971542e+01 0.000000000000e+00
     vertex 2.220706531873e+01 1.148243223057e+01 0.000000000000e+00
     vertex 4.000000000000e+00 4.000000000000e+00 0.000000000000e+00
   endloop
 endfacet
 facet normal -0.000000000000e+00 0.000000000000e+00 -1.000000000000e+00
   outer loop
     vertex 1.278588697759e+01 2.148304201449e+01 0.000000000000e+00
     vertex 4.000000000000e+00 4.000000000000e+00 0.000000000000e+00
     vertex 1.192168753571e+01 2.197437977056e+01 0.000000000000e+00
   endloop
 endfacet
 facet normal 0.000000000000e+00 -0.000000000000e+00 -1.000000000000e+00
   outer loop
     vertex 2.122458405228e+01 1.321048946132e+01 0.000000000000e+00
     vertex 2.173300686099e+01 1.235622971542e+01 0.000000000000e+00
     vertex 4.000000000000e+00 4.000000000000e+00 0.000000000000e+00
   endloop
 endfacet
 facet normal -0.000000000000e+00 0.000000000000e+00 -1.000000000000e+00
   outer loop
     vertex 1.362986930407e+01 2.095773515326e+01 0.000000000000e+00
     vertex 4.000000000000e+00 4.000000000000e+00 0.000000000000e+00
     vertex 1.278588697759e+01 2.148304201449e+01 0.000000000000e+00
   endloop
 endfacet
 facet normal 0.000000000000e+00 -0.000000000000e+00 -1.000000000000e+00
   outer loop
     vertex 2.068260081358e+01 1.404386070802e+01 0.000000000000e+00
     vertex 2.122458405228e+01 1.321048946132e+01 0.000000000000e+00
     vertex 4.000000000000e+00 4.000000000000e+00 0.000000000000e+00
   endloop
 endfacet
 facet normal -0.000000000000e+00 0.000000000000e+00 -1.000000000000e+00
   outer loop
     vertex 1.445230000562e+01 2.039928980498e+01 0.000000000000e+00
     vertex 4.000000000000e+00 4.000000000000e+00 0.000000000000e+00
     vertex 1.362986930407e+01 2.095773515326e+01 0.000000000000e+00
   endloop
 endfacet
 facet normal 0.000000000000e+00 -0.000000000000e+00 -1.000000000000e+00
   outer loop
     vertex 2.010791413177e+01 1.485502572429e+01 0.000000000000e+00
     vertex 2.068260081358e+01 1.404386070802e+01 0.000000000000e+00
     vertex 4.000000000000e+00 4.000000000000e+00 0.000000000000e+00
   endloop
 endfacet
 facet normal -0.000000000000e+00 0.000000000000e+00 -1.000000000000e+00
   outer loop
     vertex 1.525187865026e+01 1.980858898654e+01 0.000000000000e+00
     vertex 4.000000000000e+00 4.000000000000e+00 0.000000000000e+00
     vertex 1.445230000562e+01 2.039928980498e+01 0.000000000000e+00
   endloop
 endfacet
 facet normal 0.000000000000e+00 -0.000000000000e+00 -1.000000000000e+00
   outer loop
     vertex 1.950143270463e+01 1.564270189151e+01 0.000000000000e+00
     vertex 2.010791413177e+01 1.485502572429e+01 0.000000000000e+00
     vertex 4.000000000000e+00 4.000000000000e+00 0.000000000000e+00
   endloop
 endfacet
 facet normal -0.000000000000e+00 0.000000000000e+00 -1.000000000000e+00
   outer loop
     vertex 1.602734093981e+01 1.918656671735e+01 0.000000000000e+00
     vertex 4.000000000000e+00 4.000000000000e+00 0.000000000000e+00
     vertex 1.525187865026e+01 1.980858898654e+01 0.000000000000e+00
   endloop
 endfacet
 facet normal 0.000000000000e+00 -0.000000000000e+00 -1.000000000000e+00
   outer loop
     vertex 1.886411550396e+01 1.640564373176e+01 0.000000000000e+00
     vertex 1.950143270463e+01 1.564270189151e+01 0.000000000000e+00
     vertex 4.000000000000e+00 4.000000000000e+00 0.000000000000e+00
   endloop
 endfacet
 facet normal -0.000000000000e+00 0.000000000000e+00 -1.000000000000e+00
   outer loop
     vertex 1.677746070898e+01 1.853420654247e+01 0.000000000000e+00
     vertex 4.000000000000e+00 4.000000000000e+00 0.000000000000e+00
     vertex 1.602734093981e+01 1.918656671735e+01 0.000000000000e+00
   endloop
 endfacet
 facet normal 0.000000000000e+00 -0.000000000000e+00 -1.000000000000e+00
   outer loop
     vertex 1.819697025924e+01 1.714264487716e+01 0.000000000000e+00
     vertex 1.886411550396e+01 1.640564373176e+01 0.000000000000e+00
     vertex 4.000000000000e+00 4.000000000000e+00 0.000000000000e+00
   endloop
 endfacet
 facet normal -0.000000000000e+00 0.000000000000e+00 -1.000000000000e+00
   outer loop
     vertex 1.750105186424e+01 1.785253997742e+01 0.000000000000e+00
     vertex 4.000000000000e+00 4.000000000000e+00 0.000000000000e+00
     vertex 1.677746070898e+01 1.853420654247e+01 0.000000000000e+00
   endloop
 endfacet
 facet normal 0.000000000000e+00 -0.000000000000e+00 -1.000000000000e+00
   outer loop
     vertex 1.750105186424e+01 1.785253997742e+01 0.000000000000e+00
     vertex 1.819697025924e+01 1.714264487716e+01 0.000000000000e+00
     vertex 4.000000000000e+00 4.000000000000e+00 0.000000000000e+00
   endloop
 endfacet
 facet normal -9.996891820008e-01 -2.493069173807e-02 0.000000000000e+00
   outer loop
     vertex 1.598011073950e+00 7.975341705712e-02 6.000000000000e+00
     vertex 1.600000000000e+00 -3.918869757272e-16 -5.000000000000e+00
     vertex 1.600000000000e+00 -3.918869757272e-16 6.000000000000e+00
   endloop
 endfacet
 facet normal -9.996891820008e-01 -2.493069173807e-02 -0.000000000000e+00
   outer loop
     vertex 1.598011073950e+00 7.975341705712e-02 6.000000000000e+00
     vertex 1.598011073950e+00 7.975341705712e-02 -5.000000000000e+00
     vertex 1.600000000000e+00 -3.918869757272e-16 -5.000000000000e+00
   endloop
 endfacet
 facet normal -9.972037971812e-01 -7.473009358642e-02 -0.000000000000e+00
   outer loop
     vertex 1.592049240585e+00 1.593085545533e-01 6.000000000000e+00
     vertex 1.592049240585e+00 1.593085545533e-01 -5.000000000000e+00
     vertex 1.598011073950e+00 7.975341705712e-02 -5.000000000000e+00
   endloop
 endfacet
 facet normal -9.972037971812e-01 -7.473009358642e-02 0.000000000000e+00
   outer loop
     vertex 1.592049240585e+00 1.593085545533e-01 6.000000000000e+00
     vertex 1.598011073950e+00 7.975341705712e-02 -5.000000000000e+00
     vertex 1.598011073950e+00 7.975341705712e-02 6.000000000000e+00
   endloop
 endfacet
 facet normal -9.922392066002e-01 -1.243437046475e-01 -0.000000000000e+00
   outer loop
     vertex 1.582129321960e+00 2.384676258819e-01 6.000000000000e+00
     vertex 1.582129321960e+00 2.384676258819e-01 -5.000000000000e+00
     vertex 1.592049240585e+00 1.593085545533e-01 -5.000000000000e+00
   endloop
 endfacet
 facet normal -9.848077530122e-01 -1.736481776669e-01 -0.000000000000e+00
   outer loop
     vertex 1.582129321960e+00 2.384676258819e-01 6.000000000000e+00
     vertex 1.568275980558e+00 3.170338291190e-01 -5.000000000000e+00
     vertex 1.582129321960e+00 2.384676258819e-01 -5.000000000000e+00
   endloop
 endfacet
 facet normal -9.922392066002e-01 -1.243437046475e-01 0.000000000000e+00
   outer loop
     vertex 1.582129321960e+00 2.384676258819e-01 6.000000000000e+00
     vertex 1.592049240585e+00 1.593085545533e-01 -5.000000000000e+00
     vertex 1.592049240585e+00 1.593085545533e-01 6.000000000000e+00
   endloop
 endfacet
 facet normal -9.848077530122e-01 -1.736481776669e-01 -0.000000000000e+00
   outer loop
     vertex 1.568275980558e+00 3.170338291190e-01 6.000000000000e+00
     vertex 1.568275980558e+00 3.170338291190e-01 -5.000000000000e+00
     vertex 1.582129321960e+00 2.384676258819e-01 6.000000000000e+00
   endloop
 endfacet
 facet normal -9.749279121818e-01 -2.225209339563e-01 -0.000000000000e+00
   outer loop
     vertex 1.550523657967e+00 3.948118363045e-01 6.000000000000e+00
     vertex 1.550523657967e+00 3.948118363045e-01 -5.000000000000e+00
     vertex 1.568275980558e+00 3.170338291190e-01 -5.000000000000e+00
   endloop
 endfacet
 facet normal -9.749279121818e-01 -2.225209339563e-01 0.000000000000e+00
   outer loop
     vertex 1.550523657967e+00 3.948118363045e-01 6.000000000000e+00
     vertex 1.568275980558e+00 3.170338291190e-01 -5.000000000000e+00
     vertex 1.568275980558e+00 3.170338291190e-01 6.000000000000e+00
   endloop
 endfacet
 facet normal -9.626242469500e-01 -2.708404681430e-01 -0.000000000000e+00
   outer loop
     vertex 1.528916489258e+00 4.716082790574e-01 6.000000000000e+00
     vertex 1.528916489258e+00 4.716082790574e-01 -5.000000000000e+00
     vertex 1.550523657967e+00 3.948118363045e-01 -5.000000000000e+00
   endloop
 endfacet
 facet normal -9.479273461671e-01 -3.184866502517e-01 -0.000000000000e+00
   outer loop
     vertex 1.528916489258e+00 4.716082790574e-01 6.000000000000e+00
     vertex 1.503508193257e+00 5.472322293211e-01 -5.000000000000e+00
     vertex 1.528916489258e+00 4.716082790574e-01 -5.000000000000e+00
   endloop
 endfacet
 facet normal -9.626242469500e-01 -2.708404681430e-01 0.000000000000e+00
   outer loop
     vertex 1.528916489258e+00 4.716082790574e-01 6.000000000000e+00
     vertex 1.550523657967e+00 3.948118363045e-01 -5.000000000000e+00
     vertex 1.550523657967e+00 3.948118363045e-01 6.000000000000e+00
   endloop
 endfacet
 facet normal -9.479273461671e-01 -3.184866502517e-01 -0.000000000000e+00
   outer loop
     vertex 1.503508193257e+00 5.472322293211e-01 6.000000000000e+00
     vertex 1.503508193257e+00 5.472322293211e-01 -5.000000000000e+00
     vertex 1.528916489258e+00 4.716082790574e-01 6.000000000000e+00
   endloop
 endfacet
 facet normal -9.308737486442e-01 -3.653410243664e-01 -0.000000000000e+00
   outer loop
     vertex 1.474361938993e+00 6.214956740395e-01 6.000000000000e+00
     vertex 1.474361938993e+00 6.214956740395e-01 -5.000000000000e+00
     vertex 1.503508193257e+00 5.472322293211e-01 -5.000000000000e+00
   endloop
 endfacet
 facet normal -9.308737486442e-01 -3.653410243664e-01 0.000000000000e+00
   outer loop
     vertex 1.474361938993e+00 6.214956740395e-01 6.000000000000e+00
     vertex 1.503508193257e+00 5.472322293211e-01 -5.000000000000e+00
     vertex 1.503508193257e+00 5.472322293211e-01 6.000000000000e+00
   endloop
 endfacet
 facet normal -9.115058523117e-01 -4.112871031306e-01 -0.000000000000e+00
   outer loop
     vertex 1.441550188644e+00 6.942139825881e-01 6.000000000000e+00
     vertex 1.441550188644e+00 6.942139825881e-01 -5.000000000000e+00
     vertex 1.474361938993e+00 6.214956740395e-01 -5.000000000000e+00
   endloop
 endfacet
 facet normal -8.898718088115e-01 -4.562106573532e-01 -0.000000000000e+00
   outer loop
     vertex 1.441550188644e+00 6.942139825881e-01 6.000000000000e+00
     vertex 1.405154517392e+00 7.652063657941e-01 -5.000000000000e+00
     vertex 1.441550188644e+00 6.942139825881e-01 -5.000000000000e+00
   endloop
 endfacet
 facet normal -9.115058523117e-01 -4.112871031306e-01 0.000000000000e+00
   outer loop
     vertex 1.441550188644e+00 6.942139825881e-01 6.000000000000e+00
     vertex 1.474361938993e+00 6.214956740395e-01 -5.000000000000e+00
     vertex 1.474361938993e+00 6.214956740395e-01 6.000000000000e+00
   endloop
 endfacet
 facet normal -8.660254037844e-01 -5.000000000000e-01 -0.000000000000e+00
   outer loop
     vertex 1.405154517392e+00 7.652063657941e-01 6.000000000000e+00
     vertex 1.365265410611e+00 8.342963254072e-01 -5.000000000000e+00
     vertex 1.405154517392e+00 7.652063657941e-01 -5.000000000000e+00
   endloop
 endfacet
 facet normal -8.898718088115e-01 -4.562106573532e-01 -0.000000000000e+00
   outer loop
     vertex 1.405154517392e+00 7.652063657941e-01 6.000000000000e+00
     vertex 1.405154517392e+00 7.652063657941e-01 -5.000000000000e+00
     vertex 1.441550188644e+00 6.942139825881e-01 6.000000000000e+00
   endloop
 endfacet
 facet normal -8.660254037844e-01 -5.000000000000e-01 -0.000000000000e+00
   outer loop
     vertex 1.365265410611e+00 8.342963254072e-01 6.000000000000e+00
     vertex 1.365265410611e+00 8.342963254072e-01 -5.000000000000e+00
     vertex 1.405154517392e+00 7.652063657941e-01 6.000000000000e+00
   endloop
 endfacet
 facet normal -8.400259231508e-01 -5.425462638658e-01 -0.000000000000e+00
   outer loop
     vertex 1.365265410611e+00 8.342963254072e-01 6.000000000000e+00
     vertex 1.321982038906e+00 9.013120929018e-01 -5.000000000000e+00
     vertex 1.365265410611e+00 8.342963254072e-01 -5.000000000000e+00
   endloop
 endfacet
 facet normal -8.400259231508e-01 -5.425462638658e-01 -0.000000000000e+00
   outer loop
     vertex 1.321982038906e+00 9.013120929018e-01 6.000000000000e+00
     vertex 1.321982038906e+00 9.013120929018e-01 -5.000000000000e+00
     vertex 1.365265410611e+00 8.342963254072e-01 6.000000000000e+00
   endloop
 endfacet
 facet normal -8.119380057159e-01 -5.837436722348e-01 0.000000000000e+00
   outer loop
     vertex 1.275412011557e+00 9.660870565208e-01 6.000000000000e+00
     vertex 1.321982038906e+00 9.013120929018e-01 -5.000000000000e+00
     vertex 1.321982038906e+00 9.013120929018e-01 6.000000000000e+00
   endloop
 endfacet
 facet normal -8.119380057159e-01 -5.837436722348e-01 -0.000000000000e+00
   outer loop
     vertex 1.275412011557e+00 9.660870565208e-01 6.000000000000e+00
     vertex 1.275412011557e+00 9.660870565208e-01 -5.000000000000e+00
     vertex 1.321982038906e+00 9.013120929018e-01 -5.000000000000e+00
   endloop
 endfacet
 facet normal -7.818314824680e-01 -6.234898018587e-01 -0.000000000000e+00
   outer loop
     vertex 1.275412011557e+00 9.660870565208e-01 6.000000000000e+00
     vertex 1.225671108990e+00 1.028460175498e+00 -5.000000000000e+00
     vertex 1.275412011557e+00 9.660870565208e-01 -5.000000000000e+00
   endloop
 endfacet
 facet normal -7.818314824680e-01 -6.234898018587e-01 -0.000000000000e+00
   outer loop
     vertex 1.225671108990e+00 1.028460175498e+00 6.000000000000e+00
     vertex 1.225671108990e+00 1.028460175498e+00 -5.000000000000e+00
     vertex 1.275412011557e+00 9.660870565208e-01 6.000000000000e+00
   endloop
 endfacet
 facet normal -7.497812029677e-01 -6.616858375969e-01 0.000000000000e+00
   outer loop
     vertex 1.172882994928e+00 1.088276380433e+00 6.000000000000e+00
     vertex 1.225671108990e+00 1.028460175498e+00 -5.000000000000e+00
     vertex 1.225671108990e+00 1.028460175498e+00 6.000000000000e+00
   endloop
 endfacet
 facet normal -7.497812029677e-01 -6.616858375969e-01 -0.000000000000e+00
   outer loop
     vertex 1.172882994928e+00 1.088276380433e+00 6.000000000000e+00
     vertex 1.172882994928e+00 1.088276380433e+00 -5.000000000000e+00
     vertex 1.225671108990e+00 1.028460175498e+00 -5.000000000000e+00
   endloop
 endfacet
 facet normal -7.158668492597e-01 -6.982368180861e-01 0.000000000000e+00
   outer loop
     vertex 1.117178908938e+00 1.145386958816e+00 6.000000000000e+00
     vertex 1.172882994928e+00 1.088276380433e+00 -5.000000000000e+00
     vertex 1.172882994928e+00 1.088276380433e+00 6.000000000000e+00
   endloop
 endfacet
 facet normal -7.158668492597e-01 -6.982368180861e-01 -0.000000000000e+00
   outer loop
     vertex 1.117178908938e+00 1.145386958816e+00 6.000000000000e+00
     vertex 1.117178908938e+00 1.145386958816e+00 -5.000000000000e+00
     vertex 1.172882994928e+00 1.088276380433e+00 -5.000000000000e+00
   endloop
 endfacet
 facet normal -6.801727377709e-01 -7.330518718298e-01 0.000000000000e+00
   outer loop
     vertex 1.058697340155e+00 1.199649924748e+00 6.000000000000e+00
     vertex 1.117178908938e+00 1.145386958816e+00 -5.000000000000e+00
     vertex 1.117178908938e+00 1.145386958816e+00 6.000000000000e+00
   endloop
 endfacet
 facet normal -6.801727377709e-01 -7.330518718298e-01 -0.000000000000e+00
   outer loop
     vertex 1.058697340155e+00 1.199649924748e+00 6.000000000000e+00
     vertex 1.058697340155e+00 1.199649924748e+00 -5.000000000000e+00
     vertex 1.117178908938e+00 1.145386958816e+00 -5.000000000000e+00
   endloop
 endfacet
 facet normal -6.427876096865e-01 -7.660444431190e-01 -0.000000000000e+00
   outer loop
     vertex 1.058697340155e+00 1.199649924748e+00 6.000000000000e+00
     vertex 9.975836829740e-01 1.250930371949e+00 -5.000000000000e+00
     vertex 1.058697340155e+00 1.199649924748e+00 -5.000000000000e+00
   endloop
 endfacet
 facet normal -6.427876096865e-01 -7.660444431190e-01 -0.000000000000e+00
   outer loop
     vertex 9.975836829740e-01 1.250930371949e+00 6.000000000000e+00
     vertex 9.975836829740e-01 1.250930371949e+00 -5.000000000000e+00
     vertex 1.058697340155e+00 1.199649924748e+00 6.000000000000e+00
   endloop
 endfacet
 facet normal -6.038044103255e-01 -7.971325072229e-01 0.000000000000e+00
   outer loop
     vertex 9.339898755757e-01 1.299100809145e+00 6.000000000000e+00
     vertex 9.975836829740e-01 1.250930371949e+00 -5.000000000000e+00
     vertex 9.975836829740e-01 1.250930371949e+00 6.000000000000e+00
   endloop
 endfacet
 facet normal -6.038044103255e-01 -7.971325072229e-01 -0.000000000000e+00
   outer loop
     vertex 9.339898755757e-01 1.299100809145e+00 6.000000000000e+00
     vertex 9.339898755757e-01 1.299100809145e+00 -5.000000000000e+00
     vertex 9.975836829740e-01 1.250930371949e+00 -5.000000000000e+00
   endloop
 endfacet
 facet normal -5.633200580636e-01 -8.262387743160e-01 -0.000000000000e+00
   outer loop
     vertex 9.339898755757e-01 1.299100809145e+00 6.000000000000e+00
     vertex 8.680740221852e-01 1.344041477041e+00 -5.000000000000e+00
     vertex 9.339898755757e-01 1.299100809145e+00 -5.000000000000e+00
   endloop
 endfacet
 facet normal -5.633200580636e-01 -8.262387743160e-01 -0.000000000000e+00
   outer loop
     vertex 8.680740221852e-01 1.344041477041e+00 6.000000000000e+00
     vertex 8.680740221852e-01 1.344041477041e+00 -5.000000000000e+00
     vertex 9.339898755757e-01 1.299100809145e+00 6.000000000000e+00
   endloop
 endfacet
 facet normal -5.214352033795e-01 -8.532908816322e-01 0.000000000000e+00
   outer loop
     vertex 8.000000000000e-01 1.385640646055e+00 6.000000000000e+00
     vertex 8.680740221852e-01 1.344041477041e+00 -5.000000000000e+00
     vertex 8.680740221852e-01 1.344041477041e+00 6.000000000000e+00
   endloop
 endfacet
 facet normal -5.214352033795e-01 -8.532908816322e-01 -0.000000000000e+00
   outer loop
     vertex 8.000000000000e-01 1.385640646055e+00 6.000000000000e+00
     vertex 8.000000000000e-01 1.385640646055e+00 -5.000000000000e+00
     vertex 8.680740221852e-01 1.344041477041e+00 -5.000000000000e+00
   endloop
 endfacet
 facet normal -4.782539786213e-01 -8.782215733702e-01 -0.000000000000e+00
   outer loop
     vertex 8.000000000000e-01 1.385640646055e+00 6.000000000000e+00
     vertex 7.299370517651e-01 1.423794894098e+00 -5.000000000000e+00
     vertex 8.000000000000e-01 1.385640646055e+00 -5.000000000000e+00
   endloop
 endfacet
 facet normal -4.782539786213e-01 -8.782215733702e-01 -0.000000000000e+00
   outer loop
     vertex 7.299370517651e-01 1.423794894098e+00 6.000000000000e+00
     vertex 7.299370517651e-01 1.423794894098e+00 -5.000000000000e+00
     vertex 8.000000000000e-01 1.385640646055e+00 6.000000000000e+00
   endloop
 endfacet
 facet normal -4.338837391176e-01 -9.009688679024e-01 -0.000000000000e+00
   outer loop
     vertex 6.580593650090e-01 1.458409363699e+00 6.000000000000e+00
     vertex 6.580593650090e-01 1.458409363699e+00 -5.000000000000e+00
     vertex 7.299370517651e-01 1.423794894098e+00 -5.000000000000e+00
   endloop
 endfacet
 facet normal -4.338837391176e-01 -9.009688679024e-01 0.000000000000e+00
   outer loop
     vertex 6.580593650090e-01 1.458409363699e+00 6.000000000000e+00
     vertex 7.299370517651e-01 1.423794894098e+00 -5.000000000000e+00
     vertex 7.299370517651e-01 1.423794894098e+00 6.000000000000e+00
   endloop
 endfacet
 facet normal -3.884347962747e-01 -9.214762118704e-01 -0.000000000000e+00
   outer loop
     vertex 5.845456389862e-01 1.489397997831e+00 6.000000000000e+00
     vertex 5.845456389862e-01 1.489397997831e+00 -5.000000000000e+00
     vertex 6.580593650090e-01 1.458409363699e+00 -5.000000000000e+00
   endloop
 endfacet
 facet normal -3.884347962747e-01 -9.214762118704e-01 0.000000000000e+00
   outer loop
     vertex 5.845456389862e-01 1.489397997831e+00 6.000000000000e+00
     vertex 6.580593650090e-01 1.458409363699e+00 -5.000000000000e+00
     vertex 6.580593650090e-01 1.458409363699e+00 6.000000000000e+00
   endloop
 endfacet
 facet normal -3.420201433257e-01 -9.396926207859e-01 -0.000000000000e+00
   outer loop
     vertex 5.095786404027e-01 1.516683753867e+00 6.000000000000e+00
     vertex 5.095786404027e-01 1.516683753867e+00 -5.000000000000e+00
     vertex 5.845456389862e-01 1.489397997831e+00 -5.000000000000e+00
   endloop
 endfacet
 facet normal -3.420201433257e-01 -9.396926207859e-01 0.000000000000e+00
   outer loop
     vertex 5.095786404027e-01 1.516683753867e+00 6.000000000000e+00
     vertex 5.845456389862e-01 1.489397997831e+00 -5.000000000000e+00
     vertex 5.845456389862e-01 1.489397997831e+00 6.000000000000e+00
   endloop
 endfacet
 facet normal -2.947551744109e-01 -9.555728057861e-01 -0.000000000000e+00
   outer loop
     vertex 4.333447490288e-01 1.540198795120e+00 6.000000000000e+00
     vertex 4.333447490288e-01 1.540198795120e+00 -5.000000000000e+00
     vertex 5.095786404027e-01 1.516683753867e+00 -5.000000000000e+00
   endloop
 endfacet
 facet normal -2.947551744109e-01 -9.555728057861e-01 0.000000000000e+00
   outer loop
     vertex 4.333447490288e-01 1.540198795120e+00 6.000000000000e+00
     vertex 5.095786404027e-01 1.516683753867e+00 -5.000000000000e+00
     vertex 5.095786404027e-01 1.516683753867e+00 6.000000000000e+00
   endloop
 endfacet
 facet normal -2.467573976903e-01 -9.690772862291e-01 -0.000000000000e+00
   outer loop
     vertex 3.560334943301e-01 1.559884659491e+00 6.000000000000e+00
     vertex 3.560334943301e-01 1.559884659491e+00 -5.000000000000e+00
     vertex 4.333447490288e-01 1.540198795120e+00 -5.000000000000e+00
   endloop
 endfacet
 facet normal -2.467573976903e-01 -9.690772862291e-01 0.000000000000e+00
   outer loop
     vertex 3.560334943301e-01 1.559884659491e+00 6.000000000000e+00
     vertex 4.333447490288e-01 1.540198795120e+00 -5.000000000000e+00
     vertex 4.333447490288e-01 1.540198795120e+00 6.000000000000e+00
   endloop
 endfacet
 facet normal -1.981461431994e-01 -9.801724878485e-01 -0.000000000000e+00
   outer loop
     vertex 2.778370842671e-01 1.575692404820e+00 6.000000000000e+00
     vertex 2.778370842671e-01 1.575692404820e+00 -5.000000000000e+00
     vertex 3.560334943301e-01 1.559884659491e+00 -5.000000000000e+00
   endloop
 endfacet
 facet normal -1.490422661762e-01 -9.888308262251e-01 -0.000000000000e+00
   outer loop
     vertex 2.778370842671e-01 1.575692404820e+00 6.000000000000e+00
     vertex 1.989499274360e-01 1.587582730560e+00 -5.000000000000e+00
     vertex 2.778370842671e-01 1.575692404820e+00 -5.000000000000e+00
   endloop
 endfacet
 facet normal -1.981461431994e-01 -9.801724878485e-01 0.000000000000e+00
   outer loop
     vertex 2.778370842671e-01 1.575692404820e+00 6.000000000000e+00
     vertex 3.560334943301e-01 1.559884659491e+00 -5.000000000000e+00
     vertex 3.560334943301e-01 1.559884659491e+00 6.000000000000e+00
   endloop
 endfacet
 facet normal -1.490422661762e-01 -9.888308262251e-01 -0.000000000000e+00
   outer loop
     vertex 1.989499274360e-01 1.587582730560e+00 6.000000000000e+00
     vertex 1.989499274360e-01 1.587582730560e+00 -5.000000000000e+00
     vertex 2.778370842671e-01 1.575692404820e+00 6.000000000000e+00
   endloop
 endfacet
 facet normal -9.956784659582e-02 -9.950307753654e-01 -0.000000000000e+00
   outer loop
     vertex 1.195681497383e-01 1.595526075490e+00 6.000000000000e+00
     vertex 1.195681497383e-01 1.595526075490e+00 -5.000000000000e+00
     vertex 1.989499274360e-01 1.587582730560e+00 -5.000000000000e+00
   endloop
 endfacet
 facet normal -9.956784659582e-02 -9.950307753654e-01 0.000000000000e+00
   outer loop
     vertex 1.195681497383e-01 1.595526075490e+00 6.000000000000e+00
     vertex 1.989499274360e-01 1.587582730560e+00 -5.000000000000e+00
     vertex 1.989499274360e-01 1.587582730560e+00 6.000000000000e+00
   endloop
 endfacet
 facet normal -4.984588566070e-02 -9.987569212189e-01 -0.000000000000e+00
   outer loop
     vertex 3.988910678092e-02 1.599502691201e+00 6.000000000000e+00
     vertex 3.988910678092e-02 1.599502691201e+00 -5.000000000000e+00
     vertex 1.195681497383e-01 1.595526075490e+00 -5.000000000000e+00
   endloop
 endfacet
 facet normal 0.000000000000e+00 -1.000000000000e+00 -0.000000000000e+00
   outer loop
     vertex 3.988910678092e-02 1.599502691201e+00 6.000000000000e+00
     vertex -3.988910678092e-02 1.599502691201e+00 -5.000000000000e+00
     vertex 3.988910678092e-02 1.599502691201e+00 -5.000000000000e+00
   endloop
 endfacet
 facet normal -4.984588566070e-02 -9.987569212189e-01 0.000000000000e+00
   outer loop
     vertex 3.988910678092e-02 1.599502691201e+00 6.000000000000e+00
     vertex 1.195681497383e-01 1.595526075490e+00 -5.000000000000e+00
     vertex 1.195681497383e-01 1.595526075490e+00 6.000000000000e+00
   endloop
 endfacet
 facet normal 4.984588566069e-02 -9.987569212189e-01 0.000000000000e+00
   outer loop
     vertex -3.988910678092e-02 1.599502691201e+00 6.000000000000e+00
     vertex -1.195681497383e-01 1.595526075490e+00 -5.000000000000e+00
     vertex -3.988910678092e-02 1.599502691201e+00 -5.000000000000e+00
   endloop
 endfacet
 facet normal 0.000000000000e+00 -1.000000000000e+00 0.000000000000e+00
   outer loop
     vertex -3.988910678092e-02 1.599502691201e+00 6.000000000000e+00
     vertex -3.988910678092e-02 1.599502691201e+00 -5.000000000000e+00
     vertex 3.988910678092e-02 1.599502691201e+00 6.000000000000e+00
   endloop
 endfacet
 facet normal 4.984588566069e-02 -9.987569212189e-01 0.000000000000e+00
   outer loop
     vertex -1.195681497383e-01 1.595526075490e+00 6.000000000000e+00
     vertex -1.195681497383e-01 1.595526075490e+00 -5.000000000000e+00
     vertex -3.988910678092e-02 1.599502691201e+00 6.000000000000e+00
   endloop
 endfacet
 facet normal 9.956784659582e-02 -9.950307753654e-01 0.000000000000e+00
   outer loop
     vertex -1.989499274360e-01 1.587582730560e+00 6.000000000000e+00
     vertex -1.989499274360e-01 1.587582730560e+00 -5.000000000000e+00
     vertex -1.195681497383e-01 1.595526075490e+00 -5.000000000000e+00
   endloop
 endfacet
 facet normal 9.956784659582e-02 -9.950307753654e-01 0.000000000000e+00
   outer loop
     vertex -1.989499274360e-01 1.587582730560e+00 6.000000000000e+00
     vertex -1.195681497383e-01 1.595526075490e+00 -5.000000000000e+00
     vertex -1.195681497383e-01 1.595526075490e+00 6.000000000000e+00
   endloop
 endfacet
 facet normal 1.490422661762e-01 -9.888308262251e-01 0.000000000000e+00
   outer loop
     vertex -2.778370842671e-01 1.575692404820e+00 6.000000000000e+00
     vertex -2.778370842671e-01 1.575692404820e+00 -5.000000000000e+00
     vertex -1.989499274360e-01 1.587582730560e+00 -5.000000000000e+00
   endloop
 endfacet
 facet normal 1.490422661762e-01 -9.888308262251e-01 0.000000000000e+00
   outer loop
     vertex -2.778370842671e-01 1.575692404820e+00 6.000000000000e+00
     vertex -1.989499274360e-01 1.587582730560e+00 -5.000000000000e+00
     vertex -1.989499274360e-01 1.587582730560e+00 6.000000000000e+00
   endloop
 endfacet
 facet normal 1.981461431994e-01 -9.801724878485e-01 0.000000000000e+00
   outer loop
     vertex -3.560334943301e-01 1.559884659491e+00 6.000000000000e+00
     vertex -3.560334943301e-01 1.559884659491e+00 -5.000000000000e+00
     vertex -2.778370842671e-01 1.575692404820e+00 -5.000000000000e+00
   endloop
 endfacet
 facet normal 1.981461431994e-01 -9.801724878485e-01 0.000000000000e+00
   outer loop
     vertex -3.560334943301e-01 1.559884659491e+00 6.000000000000e+00
     vertex -2.778370842671e-01 1.575692404820e+00 -5.000000000000e+00
     vertex -2.778370842671e-01 1.575692404820e+00 6.000000000000e+00
   endloop
 endfacet
 facet normal 2.467573976903e-01 -9.690772862291e-01 0.000000000000e+00
   outer loop
     vertex -4.333447490288e-01 1.540198795120e+00 6.000000000000e+00
     vertex -3.560334943301e-01 1.559884659491e+00 -5.000000000000e+00
     vertex -3.560334943301e-01 1.559884659491e+00 6.000000000000e+00
   endloop
 endfacet
 facet normal 2.467573976903e-01 -9.690772862291e-01 0.000000000000e+00
   outer loop
     vertex -4.333447490288e-01 1.540198795120e+00 6.000000000000e+00
     vertex -4.333447490288e-01 1.540198795120e+00 -5.000000000000e+00
     vertex -3.560334943301e-01 1.559884659491e+00 -5.000000000000e+00
   endloop
 endfacet
 facet normal 2.947551744109e-01 -9.555728057861e-01 0.000000000000e+00
   outer loop
     vertex -4.333447490288e-01 1.540198795120e+00 6.000000000000e+00
     vertex -5.095786404027e-01 1.516683753867e+00 -5.000000000000e+00
     vertex -4.333447490288e-01 1.540198795120e+00 -5.000000000000e+00
   endloop
 endfacet
 facet normal 2.947551744109e-01 -9.555728057861e-01 0.000000000000e+00
   outer loop
     vertex -5.095786404027e-01 1.516683753867e+00 6.000000000000e+00
     vertex -5.095786404027e-01 1.516683753867e+00 -5.000000000000e+00
     vertex -4.333447490288e-01 1.540198795120e+00 6.000000000000e+00
   endloop
 endfacet
 facet normal 3.420201433257e-01 -9.396926207859e-01 0.000000000000e+00
   outer loop
     vertex -5.095786404027e-01 1.516683753867e+00 6.000000000000e+00
     vertex -5.845456389862e-01 1.489397997831e+00 -5.000000000000e+00
     vertex -5.095786404027e-01 1.516683753867e+00 -5.000000000000e+00
   endloop
 endfacet
 facet normal 3.420201433257e-01 -9.396926207859e-01 0.000000000000e+00
   outer loop
     vertex -5.845456389862e-01 1.489397997831e+00 6.000000000000e+00
     vertex -5.845456389862e-01 1.489397997831e+00 -5.000000000000e+00
     vertex -5.095786404027e-01 1.516683753867e+00 6.000000000000e+00
   endloop
 endfacet
 facet normal 3.884347962747e-01 -9.214762118704e-01 0.000000000000e+00
   outer loop
     vertex -6.580593650090e-01 1.458409363699e+00 6.000000000000e+00
     vertex -5.845456389862e-01 1.489397997831e+00 -5.000000000000e+00
     vertex -5.845456389862e-01 1.489397997831e+00 6.000000000000e+00
   endloop
 endfacet
 facet normal 3.884347962747e-01 -9.214762118704e-01 0.000000000000e+00
   outer loop
     vertex -6.580593650090e-01 1.458409363699e+00 6.000000000000e+00
     vertex -6.580593650090e-01 1.458409363699e+00 -5.000000000000e+00
     vertex -5.845456389862e-01 1.489397997831e+00 -5.000000000000e+00
   endloop
 endfacet
 facet normal 4.338837391176e-01 -9.009688679024e-01 0.000000000000e+00
   outer loop
     vertex -7.299370517651e-01 1.423794894098e+00 6.000000000000e+00
     vertex -6.580593650090e-01 1.458409363699e+00 -5.000000000000e+00
     vertex -6.580593650090e-01 1.458409363699e+00 6.000000000000e+00
   endloop
 endfacet
 facet normal 4.338837391176e-01 -9.009688679024e-01 0.000000000000e+00
   outer loop
     vertex -7.299370517651e-01 1.423794894098e+00 6.000000000000e+00
     vertex -7.299370517651e-01 1.423794894098e+00 -5.000000000000e+00
     vertex -6.580593650090e-01 1.458409363699e+00 -5.000000000000e+00
   endloop
 endfacet
 facet normal 4.782539786213e-01 -8.782215733702e-01 0.000000000000e+00
   outer loop
     vertex -7.299370517651e-01 1.423794894098e+00 6.000000000000e+00
     vertex -8.000000000000e-01 1.385640646055e+00 -5.000000000000e+00
     vertex -7.299370517651e-01 1.423794894098e+00 -5.000000000000e+00
   endloop
 endfacet
 facet normal 4.782539786213e-01 -8.782215733702e-01 0.000000000000e+00
   outer loop
     vertex -8.000000000000e-01 1.385640646055e+00 6.000000000000e+00
     vertex -8.000000000000e-01 1.385640646055e+00 -5.000000000000e+00
     vertex -7.299370517651e-01 1.423794894098e+00 6.000000000000e+00
   endloop
 endfacet
 facet normal 5.214352033795e-01 -8.532908816322e-01 0.000000000000e+00
   outer loop
     vertex -8.000000000000e-01 1.385640646055e+00 6.000000000000e+00
     vertex -8.680740221852e-01 1.344041477041e+00 -5.000000000000e+00
     vertex -8.000000000000e-01 1.385640646055e+00 -5.000000000000e+00
   endloop
 endfacet
 facet normal 5.214352033795e-01 -8.532908816322e-01 0.000000000000e+00
   outer loop
     vertex -8.680740221852e-01 1.344041477041e+00 6.000000000000e+00
     vertex -8.680740221852e-01 1.344041477041e+00 -5.000000000000e+00
     vertex -8.000000000000e-01 1.385640646055e+00 6.000000000000e+00
   endloop
 endfacet
 facet normal 5.633200580636e-01 -8.262387743160e-01 0.000000000000e+00
   outer loop
     vertex -9.339898755757e-01 1.299100809145e+00 6.000000000000e+00
     vertex -8.680740221852e-01 1.344041477041e+00 -5.000000000000e+00
     vertex -8.680740221852e-01 1.344041477041e+00 6.000000000000e+00
   endloop
 endfacet
 facet normal 5.633200580636e-01 -8.262387743160e-01 0.000000000000e+00
   outer loop
     vertex -9.339898755757e-01 1.299100809145e+00 6.000000000000e+00
     vertex -9.339898755757e-01 1.299100809145e+00 -5.000000000000e+00
     vertex -8.680740221852e-01 1.344041477041e+00 -5.000000000000e+00
   endloop
 endfacet
 facet normal 6.038044103255e-01 -7.971325072229e-01 0.000000000000e+00
   outer loop
     vertex -9.339898755757e-01 1.299100809145e+00 6.000000000000e+00
     vertex -9.975836829740e-01 1.250930371949e+00 -5.000000000000e+00
     vertex -9.339898755757e-01 1.299100809145e+00 -5.000000000000e+00
   endloop
 endfacet
 facet normal 6.038044103255e-01 -7.971325072229e-01 0.000000000000e+00
   outer loop
     vertex -9.975836829740e-01 1.250930371949e+00 6.000000000000e+00
     vertex -9.975836829740e-01 1.250930371949e+00 -5.000000000000e+00
     vertex -9.339898755757e-01 1.299100809145e+00 6.000000000000e+00
   endloop
 endfacet
 facet normal 6.427876096865e-01 -7.660444431190e-01 0.000000000000e+00
   outer loop
     vertex -9.975836829740e-01 1.250930371949e+00 6.000000000000e+00
     vertex -1.058697340155e+00 1.199649924748e+00 -5.000000000000e+00
     vertex -9.975836829740e-01 1.250930371949e+00 -5.000000000000e+00
   endloop
 endfacet
 facet normal 6.427876096865e-01 -7.660444431190e-01 0.000000000000e+00
   outer loop
     vertex -1.058697340155e+00 1.199649924748e+00 6.000000000000e+00
     vertex -1.058697340155e+00 1.199649924748e+00 -5.000000000000e+00
     vertex -9.975836829740e-01 1.250930371949e+00 6.000000000000e+00
   endloop
 endfacet
 facet normal 6.801727377709e-01 -7.330518718298e-01 0.000000000000e+00
   outer loop
     vertex -1.117178908938e+00 1.145386958816e+00 6.000000000000e+00
     vertex -1.058697340155e+00 1.199649924748e+00 -5.000000000000e+00
     vertex -1.058697340155e+00 1.199649924748e+00 6.000000000000e+00
   endloop
 endfacet
 facet normal 6.801727377709e-01 -7.330518718298e-01 0.000000000000e+00
   outer loop
     vertex -1.117178908938e+00 1.145386958816e+00 6.000000000000e+00
     vertex -1.117178908938e+00 1.145386958816e+00 -5.000000000000e+00
     vertex -1.058697340155e+00 1.199649924748e+00 -5.000000000000e+00
   endloop
 endfacet
 facet normal 7.158668492597e-01 -6.982368180861e-01 0.000000000000e+00
   outer loop
     vertex -1.117178908938e+00 1.145386958816e+00 6.000000000000e+00
     vertex -1.172882994928e+00 1.088276380433e+00 -5.000000000000e+00
     vertex -1.117178908938e+00 1.145386958816e+00 -5.000000000000e+00
   endloop
 endfacet
 facet normal 7.158668492597e-01 -6.982368180861e-01 0.000000000000e+00
   outer loop
     vertex -1.172882994928e+00 1.088276380433e+00 6.000000000000e+00
     vertex -1.172882994928e+00 1.088276380433e+00 -5.000000000000e+00
     vertex -1.117178908938e+00 1.145386958816e+00 6.000000000000e+00
   endloop
 endfacet
 facet normal 7.497812029677e-01 -6.616858375969e-01 0.000000000000e+00
   outer loop
     vertex -1.225671108990e+00 1.028460175498e+00 6.000000000000e+00
     vertex -1.172882994928e+00 1.088276380433e+00 -5.000000000000e+00
     vertex -1.172882994928e+00 1.088276380433e+00 6.000000000000e+00
   endloop
 endfacet
 facet normal 7.497812029677e-01 -6.616858375969e-01 0.000000000000e+00
   outer loop
     vertex -1.225671108990e+00 1.028460175498e+00 6.000000000000e+00
     vertex -1.225671108990e+00 1.028460175498e+00 -5.000000000000e+00
     vertex -1.172882994928e+00 1.088276380433e+00 -5.000000000000e+00
   endloop
 endfacet
 facet normal 7.818314824680e-01 -6.234898018587e-01 0.000000000000e+00
   outer loop
     vertex -1.225671108990e+00 1.028460175498e+00 6.000000000000e+00
     vertex -1.275412011557e+00 9.660870565208e-01 -5.000000000000e+00
     vertex -1.225671108990e+00 1.028460175498e+00 -5.000000000000e+00
   endloop
 endfacet
 facet normal 7.818314824680e-01 -6.234898018587e-01 0.000000000000e+00
   outer loop
     vertex -1.275412011557e+00 9.660870565208e-01 6.000000000000e+00
     vertex -1.275412011557e+00 9.660870565208e-01 -5.000000000000e+00
     vertex -1.225671108990e+00 1.028460175498e+00 6.000000000000e+00
   endloop
 endfacet
 facet normal 8.119380057159e-01 -5.837436722348e-01 0.000000000000e+00
   outer loop
     vertex -1.321982038906e+00 9.013120929018e-01 6.000000000000e+00
     vertex -1.275412011557e+00 9.660870565208e-01 -5.000000000000e+00
     vertex -1.275412011557e+00 9.660870565208e-01 6.000000000000e+00
   endloop
 endfacet
 facet normal 8.119380057159e-01 -5.837436722348e-01 0.000000000000e+00
   outer loop
     vertex -1.321982038906e+00 9.013120929018e-01 6.000000000000e+00
     vertex -1.321982038906e+00 9.013120929018e-01 -5.000000000000e+00
     vertex -1.275412011557e+00 9.660870565208e-01 -5.000000000000e+00
   endloop
 endfacet
 facet normal 8.400259231508e-01 -5.425462638658e-01 0.000000000000e+00
   outer loop
     vertex -1.365265410611e+00 8.342963254072e-01 6.000000000000e+00
     vertex -1.321982038906e+00 9.013120929018e-01 -5.000000000000e+00
     vertex -1.321982038906e+00 9.013120929018e-01 6.000000000000e+00
   endloop
 endfacet
 facet normal 8.400259231508e-01 -5.425462638658e-01 0.000000000000e+00
   outer loop
     vertex -1.365265410611e+00 8.342963254072e-01 6.000000000000e+00
     vertex -1.365265410611e+00 8.342963254072e-01 -5.000000000000e+00
     vertex -1.321982038906e+00 9.013120929018e-01 -5.000000000000e+00
   endloop
 endfacet
 facet normal 8.660254037844e-01 -5.000000000000e-01 0.000000000000e+00
   outer loop
     vertex -1.405154517392e+00 7.652063657941e-01 6.000000000000e+00
     vertex -1.365265410611e+00 8.342963254072e-01 -5.000000000000e+00
     vertex -1.365265410611e+00 8.342963254072e-01 6.000000000000e+00
   endloop
 endfacet
 facet normal 8.660254037844e-01 -5.000000000000e-01 0.000000000000e+00
   outer loop
     vertex -1.405154517392e+00 7.652063657941e-01 6.000000000000e+00
     vertex -1.405154517392e+00 7.652063657941e-01 -5.000000000000e+00
     vertex -1.365265410611e+00 8.342963254072e-01 -5.000000000000e+00
   endloop
 endfacet
 facet normal 8.898718088115e-01 -4.562106573532e-01 0.000000000000e+00
   outer loop
     vertex -1.405154517392e+00 7.652063657941e-01 6.000000000000e+00
     vertex -1.441550188644e+00 6.942139825881e-01 -5.000000000000e+00
     vertex -1.405154517392e+00 7.652063657941e-01 -5.000000000000e+00
   endloop
 endfacet
 facet normal 8.898718088115e-01 -4.562106573532e-01 0.000000000000e+00
   outer loop
     vertex -1.441550188644e+00 6.942139825881e-01 6.000000000000e+00
     vertex -1.441550188644e+00 6.942139825881e-01 -5.000000000000e+00
     vertex -1.405154517392e+00 7.652063657941e-01 6.000000000000e+00
   endloop
 endfacet
 facet normal 9.115058523117e-01 -4.112871031306e-01 0.000000000000e+00
   outer loop
     vertex -1.474361938993e+00 6.214956740395e-01 6.000000000000e+00
     vertex -1.441550188644e+00 6.942139825881e-01 -5.000000000000e+00
     vertex -1.441550188644e+00 6.942139825881e-01 6.000000000000e+00
   endloop
 endfacet
 facet normal 9.115058523117e-01 -4.112871031306e-01 0.000000000000e+00
   outer loop
     vertex -1.474361938993e+00 6.214956740395e-01 6.000000000000e+00
     vertex -1.474361938993e+00 6.214956740395e-01 -5.000000000000e+00
     vertex -1.441550188644e+00 6.942139825881e-01 -5.000000000000e+00
   endloop
 endfacet
 facet normal 9.308737486442e-01 -3.653410243664e-01 0.000000000000e+00
   outer loop
     vertex -1.503508193257e+00 5.472322293211e-01 6.000000000000e+00
     vertex -1.474361938993e+00 6.214956740395e-01 -5.000000000000e+00
     vertex -1.474361938993e+00 6.214956740395e-01 6.000000000000e+00
   endloop
 endfacet
 facet normal 9.308737486442e-01 -3.653410243664e-01 0.000000000000e+00
   outer loop
     vertex -1.503508193257e+00 5.472322293211e-01 6.000000000000e+00
     vertex -1.503508193257e+00 5.472322293211e-01 -5.000000000000e+00
     vertex -1.474361938993e+00 6.214956740395e-01 -5.000000000000e+00
   endloop
 endfacet
 facet normal 9.479273461671e-01 -3.184866502517e-01 0.000000000000e+00
   outer loop
     vertex -1.528916489258e+00 4.716082790574e-01 6.000000000000e+00
     vertex -1.503508193257e+00 5.472322293211e-01 -5.000000000000e+00
     vertex -1.503508193257e+00 5.472322293211e-01 6.000000000000e+00
   endloop
 endfacet
 facet normal 9.479273461671e-01 -3.184866502517e-01 0.000000000000e+00
   outer loop
     vertex -1.528916489258e+00 4.716082790574e-01 6.000000000000e+00
     vertex -1.528916489258e+00 4.716082790574e-01 -5.000000000000e+00
     vertex -1.503508193257e+00 5.472322293211e-01 -5.000000000000e+00
   endloop
 endfacet
 facet normal 9.626242469500e-01 -2.708404681430e-01 0.000000000000e+00
   outer loop
     vertex -1.550523657967e+00 3.948118363045e-01 6.000000000000e+00
     vertex -1.550523657967e+00 3.948118363045e-01 -5.000000000000e+00
     vertex -1.528916489258e+00 4.716082790574e-01 -5.000000000000e+00
   endloop
 endfacet
 facet normal 9.626242469500e-01 -2.708404681430e-01 0.000000000000e+00
   outer loop
     vertex -1.550523657967e+00 3.948118363045e-01 6.000000000000e+00
     vertex -1.528916489258e+00 4.716082790574e-01 -5.000000000000e+00
     vertex -1.528916489258e+00 4.716082790574e-01 6.000000000000e+00
   endloop
 endfacet
 facet normal 9.749279121818e-01 -2.225209339563e-01 0.000000000000e+00
   outer loop
     vertex -1.568275980558e+00 3.170338291190e-01 6.000000000000e+00
     vertex -1.568275980558e+00 3.170338291190e-01 -5.000000000000e+00
     vertex -1.550523657967e+00 3.948118363045e-01 -5.000000000000e+00
   endloop
 endfacet
 facet normal 9.749279121818e-01 -2.225209339563e-01 0.000000000000e+00
   outer loop
     vertex -1.568275980558e+00 3.170338291190e-01 6.000000000000e+00
     vertex -1.550523657967e+00 3.948118363045e-01 -5.000000000000e+00
     vertex -1.550523657967e+00 3.948118363045e-01 6.000000000000e+00
   endloop
 endfacet
 facet normal 9.848077530122e-01 -1.736481776669e-01 0.000000000000e+00
   outer loop
     vertex -1.582129321960e+00 2.384676258819e-01 6.000000000000e+00
     vertex -1.582129321960e+00 2.384676258819e-01 -5.000000000000e+00
     vertex -1.568275980558e+00 3.170338291190e-01 -5.000000000000e+00
   endloop
 endfacet
 facet normal 9.848077530122e-01 -1.736481776669e-01 0.000000000000e+00
   outer loop
     vertex -1.582129321960e+00 2.384676258819e-01 6.000000000000e+00
     vertex -1.568275980558e+00 3.170338291190e-01 -5.000000000000e+00
     vertex -1.568275980558e+00 3.170338291190e-01 6.000000000000e+00
   endloop
 endfacet
 facet normal 9.922392066002e-01 -1.243437046475e-01 0.000000000000e+00
   outer loop
     vertex -1.592049240585e+00 1.593085545533e-01 6.000000000000e+00
     vertex -1.592049240585e+00 1.593085545533e-01 -5.000000000000e+00
     vertex -1.582129321960e+00 2.384676258819e-01 -5.000000000000e+00
   endloop
 endfacet
 facet normal 9.922392066002e-01 -1.243437046475e-01 0.000000000000e+00
   outer loop
     vertex -1.592049240585e+00 1.593085545533e-01 6.000000000000e+00
     vertex -1.582129321960e+00 2.384676258819e-01 -5.000000000000e+00
     vertex -1.582129321960e+00 2.384676258819e-01 6.000000000000e+00
   endloop
 endfacet
 facet normal 9.972037971812e-01 -7.473009358642e-02 0.000000000000e+00
   outer loop
     vertex -1.598011073950e+00 7.975341705711e-02 6.000000000000e+00
     vertex -1.592049240585e+00 1.593085545533e-01 -5.000000000000e+00
     vertex -1.592049240585e+00 1.593085545533e-01 6.000000000000e+00
   endloop
 endfacet
 facet normal 9.972037971812e-01 -7.473009358642e-02 0.000000000000e+00
   outer loop
     vertex -1.598011073950e+00 7.975341705711e-02 6.000000000000e+00
     vertex -1.598011073950e+00 7.975341705711e-02 -5.000000000000e+00
     vertex -1.592049240585e+00 1.593085545533e-01 -5.000000000000e+00
   endloop
 endfacet
 facet normal 9.996891820008e-01 -2.493069173807e-02 0.000000000000e+00
   outer loop
     vertex -1.600000000000e+00 -5.488398398217e-15 6.000000000000e+00
     vertex -1.598011073950e+00 7.975341705711e-02 -5.000000000000e+00
     vertex -1.598011073950e+00 7.975341705711e-02 6.000000000000e+00
   endloop
 endfacet
 facet normal 9.996891820008e-01 -2.493069173807e-02 0.000000000000e+00
   outer loop
     vertex -1.600000000000e+00 -5.488398398217e-15 6.000000000000e+00
     vertex -1.600000000000e+00 -5.488398398217e-15 -5.000000000000e+00
     vertex -1.598011073950e+00 7.975341705711e-02 -5.000000000000e+00
   endloop
 endfacet
 facet normal 9.996891820008e-01 2.493069173807e-02 0.000000000000e+00
   outer loop
     vertex -1.598011073950e+00 -7.975341705712e-02 6.000000000000e+00
     vertex -1.600000000000e+00 -5.488398398217e-15 -5.000000000000e+00
     vertex -1.600000000000e+00 -5.488398398217e-15 6.000000000000e+00
   endloop
 endfacet
 facet normal 9.996891820008e-01 2.493069173807e-02 0.000000000000e+00
   outer loop
     vertex -1.598011073950e+00 -7.975341705712e-02 6.000000000000e+00
     vertex -1.598011073950e+00 -7.975341705712e-02 -5.000000000000e+00
     vertex -1.600000000000e+00 -5.488398398217e-15 -5.000000000000e+00
   endloop
 endfacet
 facet normal 9.972037971812e-01 7.473009358643e-02 0.000000000000e+00
   outer loop
     vertex -1.592049240585e+00 -1.593085545533e-01 6.000000000000e+00
     vertex -1.598011073950e+00 -7.975341705712e-02 -5.000000000000e+00
     vertex -1.598011073950e+00 -7.975341705712e-02 6.000000000000e+00
   endloop
 endfacet
 facet normal 9.972037971812e-01 7.473009358643e-02 0.000000000000e+00
   outer loop
     vertex -1.592049240585e+00 -1.593085545533e-01 6.000000000000e+00
     vertex -1.592049240585e+00 -1.593085545533e-01 -5.000000000000e+00
     vertex -1.598011073950e+00 -7.975341705712e-02 -5.000000000000e+00
   endloop
 endfacet
 facet normal 9.922392066002e-01 1.243437046475e-01 0.000000000000e+00
   outer loop
     vertex -1.582129321960e+00 -2.384676258819e-01 6.000000000000e+00
     vertex -1.592049240585e+00 -1.593085545533e-01 -5.000000000000e+00
     vertex -1.592049240585e+00 -1.593085545533e-01 6.000000000000e+00
   endloop
 endfacet
 facet normal 9.922392066002e-01 1.243437046475e-01 0.000000000000e+00
   outer loop
     vertex -1.582129321960e+00 -2.384676258819e-01 6.000000000000e+00
     vertex -1.582129321960e+00 -2.384676258819e-01 -5.000000000000e+00
     vertex -1.592049240585e+00 -1.593085545533e-01 -5.000000000000e+00
   endloop
 endfacet
 facet normal 9.848077530122e-01 1.736481776669e-01 0.000000000000e+00
   outer loop
     vertex -1.582129321960e+00 -2.384676258819e-01 6.000000000000e+00
     vertex -1.568275980558e+00 -3.170338291190e-01 -5.000000000000e+00
     vertex -1.582129321960e+00 -2.384676258819e-01 -5.000000000000e+00
   endloop
 endfacet
 facet normal 9.848077530122e-01 1.736481776669e-01 0.000000000000e+00
   outer loop
     vertex -1.568275980558e+00 -3.170338291190e-01 6.000000000000e+00
     vertex -1.568275980558e+00 -3.170338291190e-01 -5.000000000000e+00
     vertex -1.582129321960e+00 -2.384676258819e-01 6.000000000000e+00
   endloop
 endfacet
 facet normal 9.749279121818e-01 2.225209339563e-01 0.000000000000e+00
   outer loop
     vertex -1.550523657967e+00 -3.948118363045e-01 6.000000000000e+00
     vertex -1.568275980558e+00 -3.170338291190e-01 -5.000000000000e+00
     vertex -1.568275980558e+00 -3.170338291190e-01 6.000000000000e+00
   endloop
 endfacet
 facet normal 9.749279121818e-01 2.225209339563e-01 0.000000000000e+00
   outer loop
     vertex -1.550523657967e+00 -3.948118363045e-01 6.000000000000e+00
     vertex -1.550523657967e+00 -3.948118363045e-01 -5.000000000000e+00
     vertex -1.568275980558e+00 -3.170338291190e-01 -5.000000000000e+00
   endloop
 endfacet
 facet normal 9.626242469500e-01 2.708404681430e-01 0.000000000000e+00
   outer loop
     vertex -1.550523657967e+00 -3.948118363045e-01 6.000000000000e+00
     vertex -1.528916489258e+00 -4.716082790575e-01 -5.000000000000e+00
     vertex -1.550523657967e+00 -3.948118363045e-01 -5.000000000000e+00
   endloop
 endfacet
 facet normal 9.626242469500e-01 2.708404681430e-01 0.000000000000e+00
   outer loop
     vertex -1.528916489258e+00 -4.716082790575e-01 6.000000000000e+00
     vertex -1.528916489258e+00 -4.716082790575e-01 -5.000000000000e+00
     vertex -1.550523657967e+00 -3.948118363045e-01 6.000000000000e+00
   endloop
 endfacet
 facet normal 9.479273461671e-01 3.184866502517e-01 0.000000000000e+00
   outer loop
     vertex -1.503508193257e+00 -5.472322293211e-01 6.000000000000e+00
     vertex -1.528916489258e+00 -4.716082790575e-01 -5.000000000000e+00
     vertex -1.528916489258e+00 -4.716082790575e-01 6.000000000000e+00
   endloop
 endfacet
 facet normal 9.479273461671e-01 3.184866502517e-01 0.000000000000e+00
   outer loop
     vertex -1.503508193257e+00 -5.472322293211e-01 6.000000000000e+00
     vertex -1.503508193257e+00 -5.472322293211e-01 -5.000000000000e+00
     vertex -1.528916489258e+00 -4.716082790575e-01 -5.000000000000e+00
   endloop
 endfacet
 facet normal 9.308737486442e-01 3.653410243664e-01 0.000000000000e+00
   outer loop
     vertex -1.503508193257e+00 -5.472322293211e-01 6.000000000000e+00
     vertex -1.474361938993e+00 -6.214956740395e-01 -5.000000000000e+00
     vertex -1.503508193257e+00 -5.472322293211e-01 -5.000000000000e+00
   endloop
 endfacet
 facet normal 9.308737486442e-01 3.653410243664e-01 0.000000000000e+00
   outer loop
     vertex -1.474361938993e+00 -6.214956740395e-01 6.000000000000e+00
     vertex -1.474361938993e+00 -6.214956740395e-01 -5.000000000000e+00
     vertex -1.503508193257e+00 -5.472322293211e-01 6.000000000000e+00
   endloop
 endfacet
 facet normal 9.115058523117e-01 4.112871031306e-01 0.000000000000e+00
   outer loop
     vertex -1.441550188644e+00 -6.942139825881e-01 6.000000000000e+00
     vertex -1.474361938993e+00 -6.214956740395e-01 -5.000000000000e+00
     vertex -1.474361938993e+00 -6.214956740395e-01 6.000000000000e+00
   endloop
 endfacet
 facet normal 9.115058523117e-01 4.112871031306e-01 0.000000000000e+00
   outer loop
     vertex -1.441550188644e+00 -6.942139825881e-01 6.000000000000e+00
     vertex -1.441550188644e+00 -6.942139825881e-01 -5.000000000000e+00
     vertex -1.474361938993e+00 -6.214956740395e-01 -5.000000000000e+00
   endloop
 endfacet
 facet normal 8.898718088115e-01 4.562106573532e-01 0.000000000000e+00
   outer loop
     vertex -1.405154517392e+00 -7.652063657941e-01 6.000000000000e+00
     vertex -1.441550188644e+00 -6.942139825881e-01 -5.000000000000e+00
     vertex -1.441550188644e+00 -6.942139825881e-01 6.000000000000e+00
   endloop
 endfacet
 facet normal 8.898718088115e-01 4.562106573532e-01 0.000000000000e+00
   outer loop
     vertex -1.405154517392e+00 -7.652063657941e-01 6.000000000000e+00
     vertex -1.405154517392e+00 -7.652063657941e-01 -5.000000000000e+00
     vertex -1.441550188644e+00 -6.942139825881e-01 -5.000000000000e+00
   endloop
 endfacet
 facet normal 8.400259231508e-01 5.425462638658e-01 0.000000000000e+00
   outer loop
     vertex -1.365265410611e+00 -8.342963254072e-01 6.000000000000e+00
     vertex -1.321982038906e+00 -9.013120929018e-01 -5.000000000000e+00
     vertex -1.365265410611e+00 -8.342963254072e-01 -5.000000000000e+00
   endloop
 endfacet
 facet normal 8.660254037844e-01 5.000000000000e-01 0.000000000000e+00
   outer loop
     vertex -1.365265410611e+00 -8.342963254072e-01 6.000000000000e+00
     vertex -1.405154517392e+00 -7.652063657941e-01 -5.000000000000e+00
     vertex -1.405154517392e+00 -7.652063657941e-01 6.000000000000e+00
   endloop
 endfacet
 facet normal 8.660254037844e-01 5.000000000000e-01 0.000000000000e+00
   outer loop
     vertex -1.365265410611e+00 -8.342963254072e-01 6.000000000000e+00
     vertex -1.365265410611e+00 -8.342963254072e-01 -5.000000000000e+00
     vertex -1.405154517392e+00 -7.652063657941e-01 -5.000000000000e+00
   endloop
 endfacet
 facet normal 8.400259231508e-01 5.425462638658e-01 0.000000000000e+00
   outer loop
     vertex -1.321982038906e+00 -9.013120929018e-01 6.000000000000e+00
     vertex -1.321982038906e+00 -9.013120929018e-01 -5.000000000000e+00
     vertex -1.365265410611e+00 -8.342963254072e-01 6.000000000000e+00
   endloop
 endfacet
 facet normal 8.119380057159e-01 5.837436722348e-01 0.000000000000e+00
   outer loop
     vertex -1.275412011557e+00 -9.660870565208e-01 6.000000000000e+00
     vertex -1.275412011557e+00 -9.660870565208e-01 -5.000000000000e+00
     vertex -1.321982038906e+00 -9.013120929018e-01 -5.000000000000e+00
   endloop
 endfacet
 facet normal 8.119380057159e-01 5.837436722348e-01 0.000000000000e+00
   outer loop
     vertex -1.275412011557e+00 -9.660870565208e-01 6.000000000000e+00
     vertex -1.321982038906e+00 -9.013120929018e-01 -5.000000000000e+00
     vertex -1.321982038906e+00 -9.013120929018e-01 6.000000000000e+00
   endloop
 endfacet
 facet normal 7.818314824680e-01 6.234898018587e-01 0.000000000000e+00
   outer loop
     vertex -1.225671108990e+00 -1.028460175498e+00 6.000000000000e+00
     vertex -1.225671108990e+00 -1.028460175498e+00 -5.000000000000e+00
     vertex -1.275412011557e+00 -9.660870565208e-01 -5.000000000000e+00
   endloop
 endfacet
 facet normal 7.497812029677e-01 6.616858375969e-01 0.000000000000e+00
   outer loop
     vertex -1.225671108990e+00 -1.028460175498e+00 6.000000000000e+00
     vertex -1.172882994928e+00 -1.088276380433e+00 -5.000000000000e+00
     vertex -1.225671108990e+00 -1.028460175498e+00 -5.000000000000e+00
   endloop
 endfacet
 facet normal 7.818314824680e-01 6.234898018587e-01 0.000000000000e+00
   outer loop
     vertex -1.225671108990e+00 -1.028460175498e+00 6.000000000000e+00
     vertex -1.275412011557e+00 -9.660870565208e-01 -5.000000000000e+00
     vertex -1.275412011557e+00 -9.660870565208e-01 6.000000000000e+00
   endloop
 endfacet
 facet normal 7.497812029677e-01 6.616858375969e-01 0.000000000000e+00
   outer loop
     vertex -1.172882994928e+00 -1.088276380433e+00 6.000000000000e+00
     vertex -1.172882994928e+00 -1.088276380433e+00 -5.000000000000e+00
     vertex -1.225671108990e+00 -1.028460175498e+00 6.000000000000e+00
   endloop
 endfacet
 facet normal 7.158668492597e-01 6.982368180861e-01 0.000000000000e+00
   outer loop
     vertex -1.117178908938e+00 -1.145386958816e+00 6.000000000000e+00
     vertex -1.117178908938e+00 -1.145386958816e+00 -5.000000000000e+00
     vertex -1.172882994928e+00 -1.088276380433e+00 -5.000000000000e+00
   endloop
 endfacet
 facet normal 7.158668492597e-01 6.982368180861e-01 0.000000000000e+00
   outer loop
     vertex -1.117178908938e+00 -1.145386958816e+00 6.000000000000e+00
     vertex -1.172882994928e+00 -1.088276380433e+00 -5.000000000000e+00
     vertex -1.172882994928e+00 -1.088276380433e+00 6.000000000000e+00
   endloop
 endfacet
 facet normal 6.801727377709e-01 7.330518718298e-01 0.000000000000e+00
   outer loop
     vertex -1.058697340155e+00 -1.199649924748e+00 6.000000000000e+00
     vertex -1.058697340155e+00 -1.199649924748e+00 -5.000000000000e+00
     vertex -1.117178908938e+00 -1.145386958816e+00 -5.000000000000e+00
   endloop
 endfacet
 facet normal 6.801727377709e-01 7.330518718298e-01 0.000000000000e+00
   outer loop
     vertex -1.058697340155e+00 -1.199649924748e+00 6.000000000000e+00
     vertex -1.117178908938e+00 -1.145386958816e+00 -5.000000000000e+00
     vertex -1.117178908938e+00 -1.145386958816e+00 6.000000000000e+00
   endloop
 endfacet
 facet normal 6.427876096865e-01 7.660444431190e-01 0.000000000000e+00
   outer loop
     vertex -9.975836829740e-01 -1.250930371949e+00 6.000000000000e+00
     vertex -9.975836829740e-01 -1.250930371949e+00 -5.000000000000e+00
     vertex -1.058697340155e+00 -1.199649924748e+00 -5.000000000000e+00
   endloop
 endfacet
 facet normal 6.038044103255e-01 7.971325072229e-01 0.000000000000e+00
   outer loop
     vertex -9.975836829740e-01 -1.250930371949e+00 6.000000000000e+00
     vertex -9.339898755757e-01 -1.299100809145e+00 -5.000000000000e+00
     vertex -9.975836829740e-01 -1.250930371949e+00 -5.000000000000e+00
   endloop
 endfacet
 facet normal 6.427876096865e-01 7.660444431190e-01 0.000000000000e+00
   outer loop
     vertex -9.975836829740e-01 -1.250930371949e+00 6.000000000000e+00
     vertex -1.058697340155e+00 -1.199649924748e+00 -5.000000000000e+00
     vertex -1.058697340155e+00 -1.199649924748e+00 6.000000000000e+00
   endloop
 endfacet
 facet normal 6.038044103255e-01 7.971325072229e-01 0.000000000000e+00
   outer loop
     vertex -9.339898755757e-01 -1.299100809145e+00 6.000000000000e+00
     vertex -9.339898755757e-01 -1.299100809145e+00 -5.000000000000e+00
     vertex -9.975836829740e-01 -1.250930371949e+00 6.000000000000e+00
   endloop
 endfacet
 facet normal 5.633200580636e-01 8.262387743160e-01 0.000000000000e+00
   outer loop
     vertex -8.680740221852e-01 -1.344041477041e+00 6.000000000000e+00
     vertex -8.680740221852e-01 -1.344041477041e+00 -5.000000000000e+00
     vertex -9.339898755757e-01 -1.299100809145e+00 -5.000000000000e+00
   endloop
 endfacet
 facet normal 5.214352033795e-01 8.532908816322e-01 0.000000000000e+00
   outer loop
     vertex -8.680740221852e-01 -1.344041477041e+00 6.000000000000e+00
     vertex -8.000000000000e-01 -1.385640646055e+00 -5.000000000000e+00
     vertex -8.680740221852e-01 -1.344041477041e+00 -5.000000000000e+00
   endloop
 endfacet
 facet normal 5.633200580636e-01 8.262387743160e-01 0.000000000000e+00
   outer loop
     vertex -8.680740221852e-01 -1.344041477041e+00 6.000000000000e+00
     vertex -9.339898755757e-01 -1.299100809145e+00 -5.000000000000e+00
     vertex -9.339898755757e-01 -1.299100809145e+00 6.000000000000e+00
   endloop
 endfacet
 facet normal 5.214352033795e-01 8.532908816322e-01 0.000000000000e+00
   outer loop
     vertex -8.000000000000e-01 -1.385640646055e+00 6.000000000000e+00
     vertex -8.000000000000e-01 -1.385640646055e+00 -5.000000000000e+00
     vertex -8.680740221852e-01 -1.344041477041e+00 6.000000000000e+00
   endloop
 endfacet
 facet normal 4.782539786213e-01 8.782215733702e-01 0.000000000000e+00
   outer loop
     vertex -7.299370517650e-01 -1.423794894098e+00 6.000000000000e+00
     vertex -7.299370517650e-01 -1.423794894098e+00 -5.000000000000e+00
     vertex -8.000000000000e-01 -1.385640646055e+00 -5.000000000000e+00
   endloop
 endfacet
 facet normal 4.782539786213e-01 8.782215733702e-01 0.000000000000e+00
   outer loop
     vertex -7.299370517650e-01 -1.423794894098e+00 6.000000000000e+00
     vertex -8.000000000000e-01 -1.385640646055e+00 -5.000000000000e+00
     vertex -8.000000000000e-01 -1.385640646055e+00 6.000000000000e+00
   endloop
 endfacet
 facet normal 4.338837391176e-01 9.009688679024e-01 0.000000000000e+00
   outer loop
     vertex -6.580593650090e-01 -1.458409363699e+00 6.000000000000e+00
     vertex -6.580593650090e-01 -1.458409363699e+00 -5.000000000000e+00
     vertex -7.299370517650e-01 -1.423794894098e+00 -5.000000000000e+00
   endloop
 endfacet
 facet normal 4.338837391176e-01 9.009688679024e-01 0.000000000000e+00
   outer loop
     vertex -6.580593650090e-01 -1.458409363699e+00 6.000000000000e+00
     vertex -7.299370517650e-01 -1.423794894098e+00 -5.000000000000e+00
     vertex -7.299370517650e-01 -1.423794894098e+00 6.000000000000e+00
   endloop
 endfacet
 facet normal 3.884347962747e-01 9.214762118704e-01 0.000000000000e+00
   outer loop
     vertex -5.845456389862e-01 -1.489397997831e+00 6.000000000000e+00
     vertex -5.845456389862e-01 -1.489397997831e+00 -5.000000000000e+00
     vertex -6.580593650090e-01 -1.458409363699e+00 -5.000000000000e+00
   endloop
 endfacet
 facet normal 3.420201433257e-01 9.396926207859e-01 0.000000000000e+00
   outer loop
     vertex -5.845456389862e-01 -1.489397997831e+00 6.000000000000e+00
     vertex -5.095786404027e-01 -1.516683753867e+00 -5.000000000000e+00
     vertex -5.845456389862e-01 -1.489397997831e+00 -5.000000000000e+00
   endloop
 endfacet
 facet normal 3.884347962747e-01 9.214762118704e-01 0.000000000000e+00
   outer loop
     vertex -5.845456389862e-01 -1.489397997831e+00 6.000000000000e+00
     vertex -6.580593650090e-01 -1.458409363699e+00 -5.000000000000e+00
     vertex -6.580593650090e-01 -1.458409363699e+00 6.000000000000e+00
   endloop
 endfacet
 facet normal 3.420201433257e-01 9.396926207859e-01 0.000000000000e+00
   outer loop
     vertex -5.095786404027e-01 -1.516683753867e+00 6.000000000000e+00
     vertex -5.095786404027e-01 -1.516683753867e+00 -5.000000000000e+00
     vertex -5.845456389862e-01 -1.489397997831e+00 6.000000000000e+00
   endloop
 endfacet
 facet normal 2.947551744109e-01 9.555728057861e-01 0.000000000000e+00
   outer loop
     vertex -4.333447490288e-01 -1.540198795120e+00 6.000000000000e+00
     vertex -5.095786404027e-01 -1.516683753867e+00 -5.000000000000e+00
     vertex -5.095786404027e-01 -1.516683753867e+00 6.000000000000e+00
   endloop
 endfacet
 facet normal 2.947551744109e-01 9.555728057861e-01 0.000000000000e+00
   outer loop
     vertex -4.333447490288e-01 -1.540198795120e+00 6.000000000000e+00
     vertex -4.333447490288e-01 -1.540198795120e+00 -5.000000000000e+00
     vertex -5.095786404027e-01 -1.516683753867e+00 -5.000000000000e+00
   endloop
 endfacet
 facet normal 2.467573976903e-01 9.690772862291e-01 0.000000000000e+00
   outer loop
     vertex -3.560334943301e-01 -1.559884659491e+00 6.000000000000e+00
     vertex -4.333447490288e-01 -1.540198795120e+00 -5.000000000000e+00
     vertex -4.333447490288e-01 -1.540198795120e+00 6.000000000000e+00
   endloop
 endfacet
 facet normal 2.467573976903e-01 9.690772862291e-01 0.000000000000e+00
   outer loop
     vertex -3.560334943301e-01 -1.559884659491e+00 6.000000000000e+00
     vertex -3.560334943301e-01 -1.559884659491e+00 -5.000000000000e+00
     vertex -4.333447490288e-01 -1.540198795120e+00 -5.000000000000e+00
   endloop
 endfacet
 facet normal 1.981461431994e-01 9.801724878485e-01 0.000000000000e+00
   outer loop
     vertex -2.778370842671e-01 -1.575692404820e+00 6.000000000000e+00
     vertex -3.560334943301e-01 -1.559884659491e+00 -5.000000000000e+00
     vertex -3.560334943301e-01 -1.559884659491e+00 6.000000000000e+00
   endloop
 endfacet
 facet normal 1.981461431994e-01 9.801724878485e-01 0.000000000000e+00
   outer loop
     vertex -2.778370842671e-01 -1.575692404820e+00 6.000000000000e+00
     vertex -2.778370842671e-01 -1.575692404820e+00 -5.000000000000e+00
     vertex -3.560334943301e-01 -1.559884659491e+00 -5.000000000000e+00
   endloop
 endfacet
 facet normal 1.490422661762e-01 9.888308262251e-01 0.000000000000e+00
   outer loop
     vertex -2.778370842671e-01 -1.575692404820e+00 6.000000000000e+00
     vertex -1.989499274360e-01 -1.587582730560e+00 -5.000000000000e+00
     vertex -2.778370842671e-01 -1.575692404820e+00 -5.000000000000e+00
   endloop
 endfacet
 facet normal 1.490422661762e-01 9.888308262251e-01 0.000000000000e+00
   outer loop
     vertex -1.989499274360e-01 -1.587582730560e+00 6.000000000000e+00
     vertex -1.989499274360e-01 -1.587582730560e+00 -5.000000000000e+00
     vertex -2.778370842671e-01 -1.575692404820e+00 6.000000000000e+00
   endloop
 endfacet
 facet normal 9.956784659581e-02 9.950307753654e-01 0.000000000000e+00
   outer loop
     vertex -1.989499274360e-01 -1.587582730560e+00 6.000000000000e+00
     vertex -1.195681497383e-01 -1.595526075490e+00 -5.000000000000e+00
     vertex -1.989499274360e-01 -1.587582730560e+00 -5.000000000000e+00
   endloop
 endfacet
 facet normal 4.984588566069e-02 9.987569212189e-01 0.000000000000e+00
   outer loop
     vertex -1.195681497383e-01 -1.595526075490e+00 6.000000000000e+00
     vertex -3.988910678090e-02 -1.599502691201e+00 -5.000000000000e+00
     vertex -1.195681497383e-01 -1.595526075490e+00 -5.000000000000e+00
   endloop
 endfacet
 facet normal 9.956784659581e-02 9.950307753654e-01 0.000000000000e+00
   outer loop
     vertex -1.195681497383e-01 -1.595526075490e+00 6.000000000000e+00
     vertex -1.195681497383e-01 -1.595526075490e+00 -5.000000000000e+00
     vertex -1.989499274360e-01 -1.587582730560e+00 6.000000000000e+00
   endloop
 endfacet
 facet normal 4.984588566069e-02 9.987569212189e-01 0.000000000000e+00
   outer loop
     vertex -3.988910678090e-02 -1.599502691201e+00 6.000000000000e+00
     vertex -3.988910678090e-02 -1.599502691201e+00 -5.000000000000e+00
     vertex -1.195681497383e-01 -1.595526075490e+00 6.000000000000e+00
   endloop
 endfacet
 facet normal -8.349821148336e-15 1.000000000000e+00 0.000000000000e+00
   outer loop
     vertex 3.988910678093e-02 -1.599502691201e+00 6.000000000000e+00
     vertex 3.988910678093e-02 -1.599502691201e+00 -5.000000000000e+00
     vertex -3.988910678090e-02 -1.599502691201e+00 -5.000000000000e+00
   endloop
 endfacet
 facet normal -8.349821148336e-15 1.000000000000e+00 0.000000000000e+00
   outer loop
     vertex 3.988910678093e-02 -1.599502691201e+00 6.000000000000e+00
     vertex -3.988910678090e-02 -1.599502691201e+00 -5.000000000000e+00
     vertex -3.988910678090e-02 -1.599502691201e+00 6.000000000000e+00
   endloop
 endfacet
 facet normal -4.984588566071e-02 9.987569212189e-01 0.000000000000e+00
   outer loop
     vertex 1.195681497383e-01 -1.595526075490e+00 6.000000000000e+00
     vertex 1.195681497383e-01 -1.595526075490e+00 -5.000000000000e+00
     vertex 3.988910678093e-02 -1.599502691201e+00 -5.000000000000e+00
   endloop
 endfacet
 facet normal -4.984588566071e-02 9.987569212189e-01 0.000000000000e+00
   outer loop
     vertex 1.195681497383e-01 -1.595526075490e+00 6.000000000000e+00
     vertex 3.988910678093e-02 -1.599502691201e+00 -5.000000000000e+00
     vertex 3.988910678093e-02 -1.599502691201e+00 6.000000000000e+00
   endloop
 endfacet
 facet normal -9.956784659583e-02 9.950307753654e-01 0.000000000000e+00
   outer loop
     vertex 1.989499274360e-01 -1.587582730560e+00 6.000000000000e+00
     vertex 1.989499274360e-01 -1.587582730560e+00 -5.000000000000e+00
     vertex 1.195681497383e-01 -1.595526075490e+00 -5.000000000000e+00
   endloop
 endfacet
 facet normal -9.956784659583e-02 9.950307753654e-01 0.000000000000e+00
   outer loop
     vertex 1.989499274360e-01 -1.587582730560e+00 6.000000000000e+00
     vertex 1.195681497383e-01 -1.595526075490e+00 -5.000000000000e+00
     vertex 1.195681497383e-01 -1.595526075490e+00 6.000000000000e+00
   endloop
 endfacet
 facet normal -1.490422661762e-01 9.888308262251e-01 0.000000000000e+00
   outer loop
     vertex 2.778370842671e-01 -1.575692404820e+00 6.000000000000e+00
     vertex 2.778370842671e-01 -1.575692404820e+00 -5.000000000000e+00
     vertex 1.989499274360e-01 -1.587582730560e+00 -5.000000000000e+00
   endloop
 endfacet
 facet normal -1.490422661762e-01 9.888308262251e-01 0.000000000000e+00
   outer loop
     vertex 2.778370842671e-01 -1.575692404820e+00 6.000000000000e+00
     vertex 1.989499274360e-01 -1.587582730560e+00 -5.000000000000e+00
     vertex 1.989499274360e-01 -1.587582730560e+00 6.000000000000e+00
   endloop
 endfacet
 facet normal -1.981461431994e-01 9.801724878485e-01 0.000000000000e+00
   outer loop
     vertex 3.560334943301e-01 -1.559884659491e+00 6.000000000000e+00
     vertex 3.560334943301e-01 -1.559884659491e+00 -5.000000000000e+00
     vertex 2.778370842671e-01 -1.575692404820e+00 -5.000000000000e+00
   endloop
 endfacet
 facet normal -1.981461431994e-01 9.801724878485e-01 0.000000000000e+00
   outer loop
     vertex 3.560334943301e-01 -1.559884659491e+00 6.000000000000e+00
     vertex 2.778370842671e-01 -1.575692404820e+00 -5.000000000000e+00
     vertex 2.778370842671e-01 -1.575692404820e+00 6.000000000000e+00
   endloop
 endfacet
 facet normal -2.467573976903e-01 9.690772862291e-01 0.000000000000e+00
   outer loop
     vertex 4.333447490288e-01 -1.540198795120e+00 6.000000000000e+00
     vertex 4.333447490288e-01 -1.540198795120e+00 -5.000000000000e+00
     vertex 3.560334943301e-01 -1.559884659491e+00 -5.000000000000e+00
   endloop
 endfacet
 facet normal -2.947551744109e-01 9.555728057861e-01 0.000000000000e+00
   outer loop
     vertex 4.333447490288e-01 -1.540198795120e+00 6.000000000000e+00
     vertex 5.095786404027e-01 -1.516683753867e+00 -5.000000000000e+00
     vertex 4.333447490288e-01 -1.540198795120e+00 -5.000000000000e+00
   endloop
 endfacet
 facet normal -2.467573976903e-01 9.690772862291e-01 0.000000000000e+00
   outer loop
     vertex 4.333447490288e-01 -1.540198795120e+00 6.000000000000e+00
     vertex 3.560334943301e-01 -1.559884659491e+00 -5.000000000000e+00
     vertex 3.560334943301e-01 -1.559884659491e+00 6.000000000000e+00
   endloop
 endfacet
 facet normal -2.947551744109e-01 9.555728057861e-01 0.000000000000e+00
   outer loop
     vertex 5.095786404027e-01 -1.516683753867e+00 6.000000000000e+00
     vertex 5.095786404027e-01 -1.516683753867e+00 -5.000000000000e+00
     vertex 4.333447490288e-01 -1.540198795120e+00 6.000000000000e+00
   endloop
 endfacet
 facet normal -3.420201433257e-01 9.396926207859e-01 0.000000000000e+00
   outer loop
     vertex 5.845456389862e-01 -1.489397997831e+00 6.000000000000e+00
     vertex 5.845456389862e-01 -1.489397997831e+00 -5.000000000000e+00
     vertex 5.095786404027e-01 -1.516683753867e+00 -5.000000000000e+00
   endloop
 endfacet
 facet normal -3.420201433257e-01 9.396926207859e-01 0.000000000000e+00
   outer loop
     vertex 5.845456389862e-01 -1.489397997831e+00 6.000000000000e+00
     vertex 5.095786404027e-01 -1.516683753867e+00 -5.000000000000e+00
     vertex 5.095786404027e-01 -1.516683753867e+00 6.000000000000e+00
   endloop
 endfacet
 facet normal -3.884347962747e-01 9.214762118704e-01 0.000000000000e+00
   outer loop
     vertex 6.580593650090e-01 -1.458409363699e+00 6.000000000000e+00
     vertex 6.580593650090e-01 -1.458409363699e+00 -5.000000000000e+00
     vertex 5.845456389862e-01 -1.489397997831e+00 -5.000000000000e+00
   endloop
 endfacet
 facet normal -4.338837391176e-01 9.009688679024e-01 0.000000000000e+00
   outer loop
     vertex 6.580593650090e-01 -1.458409363699e+00 6.000000000000e+00
     vertex 7.299370517651e-01 -1.423794894098e+00 -5.000000000000e+00
     vertex 6.580593650090e-01 -1.458409363699e+00 -5.000000000000e+00
   endloop
 endfacet
 facet normal -3.884347962747e-01 9.214762118704e-01 0.000000000000e+00
   outer loop
     vertex 6.580593650090e-01 -1.458409363699e+00 6.000000000000e+00
     vertex 5.845456389862e-01 -1.489397997831e+00 -5.000000000000e+00
     vertex 5.845456389862e-01 -1.489397997831e+00 6.000000000000e+00
   endloop
 endfacet
 facet normal -4.338837391176e-01 9.009688679024e-01 0.000000000000e+00
   outer loop
     vertex 7.299370517651e-01 -1.423794894098e+00 6.000000000000e+00
     vertex 7.299370517651e-01 -1.423794894098e+00 -5.000000000000e+00
     vertex 6.580593650090e-01 -1.458409363699e+00 6.000000000000e+00
   endloop
 endfacet
 facet normal -4.782539786213e-01 8.782215733702e-01 0.000000000000e+00
   outer loop
     vertex 8.000000000000e-01 -1.385640646055e+00 6.000000000000e+00
     vertex 8.000000000000e-01 -1.385640646055e+00 -5.000000000000e+00
     vertex 7.299370517651e-01 -1.423794894098e+00 -5.000000000000e+00
   endloop
 endfacet
 facet normal -5.214352033795e-01 8.532908816321e-01 0.000000000000e+00
   outer loop
     vertex 8.000000000000e-01 -1.385640646055e+00 6.000000000000e+00
     vertex 8.680740221852e-01 -1.344041477041e+00 -5.000000000000e+00
     vertex 8.000000000000e-01 -1.385640646055e+00 -5.000000000000e+00
   endloop
 endfacet
 facet normal -4.782539786213e-01 8.782215733702e-01 0.000000000000e+00
   outer loop
     vertex 8.000000000000e-01 -1.385640646055e+00 6.000000000000e+00
     vertex 7.299370517651e-01 -1.423794894098e+00 -5.000000000000e+00
     vertex 7.299370517651e-01 -1.423794894098e+00 6.000000000000e+00
   endloop
 endfacet
 facet normal -5.214352033795e-01 8.532908816321e-01 0.000000000000e+00
   outer loop
     vertex 8.680740221852e-01 -1.344041477041e+00 6.000000000000e+00
     vertex 8.680740221852e-01 -1.344041477041e+00 -5.000000000000e+00
     vertex 8.000000000000e-01 -1.385640646055e+00 6.000000000000e+00
   endloop
 endfacet
 facet normal -5.633200580636e-01 8.262387743160e-01 0.000000000000e+00
   outer loop
     vertex 9.339898755757e-01 -1.299100809145e+00 6.000000000000e+00
     vertex 9.339898755757e-01 -1.299100809145e+00 -5.000000000000e+00
     vertex 8.680740221852e-01 -1.344041477041e+00 -5.000000000000e+00
   endloop
 endfacet
 facet normal -6.038044103255e-01 7.971325072229e-01 0.000000000000e+00
   outer loop
     vertex 9.339898755757e-01 -1.299100809145e+00 6.000000000000e+00
     vertex 9.975836829740e-01 -1.250930371949e+00 -5.000000000000e+00
     vertex 9.339898755757e-01 -1.299100809145e+00 -5.000000000000e+00
   endloop
 endfacet
 facet normal -5.633200580636e-01 8.262387743160e-01 0.000000000000e+00
   outer loop
     vertex 9.339898755757e-01 -1.299100809145e+00 6.000000000000e+00
     vertex 8.680740221852e-01 -1.344041477041e+00 -5.000000000000e+00
     vertex 8.680740221852e-01 -1.344041477041e+00 6.000000000000e+00
   endloop
 endfacet
 facet normal -6.038044103255e-01 7.971325072229e-01 0.000000000000e+00
   outer loop
     vertex 9.975836829740e-01 -1.250930371949e+00 6.000000000000e+00
     vertex 9.975836829740e-01 -1.250930371949e+00 -5.000000000000e+00
     vertex 9.339898755757e-01 -1.299100809145e+00 6.000000000000e+00
   endloop
 endfacet
 facet normal -6.427876096865e-01 7.660444431190e-01 0.000000000000e+00
   outer loop
     vertex 1.058697340155e+00 -1.199649924748e+00 6.000000000000e+00
     vertex 1.058697340155e+00 -1.199649924748e+00 -5.000000000000e+00
     vertex 9.975836829740e-01 -1.250930371949e+00 -5.000000000000e+00
   endloop
 endfacet
 facet normal -6.427876096865e-01 7.660444431190e-01 0.000000000000e+00
   outer loop
     vertex 1.058697340155e+00 -1.199649924748e+00 6.000000000000e+00
     vertex 9.975836829740e-01 -1.250930371949e+00 -5.000000000000e+00
     vertex 9.975836829740e-01 -1.250930371949e+00 6.000000000000e+00
   endloop
 endfacet
 facet normal -6.801727377709e-01 7.330518718298e-01 0.000000000000e+00
   outer loop
     vertex 1.117178908938e+00 -1.145386958816e+00 6.000000000000e+00
     vertex 1.117178908938e+00 -1.145386958816e+00 -5.000000000000e+00
     vertex 1.058697340155e+00 -1.199649924748e+00 -5.000000000000e+00
   endloop
 endfacet
 facet normal -6.801727377709e-01 7.330518718298e-01 0.000000000000e+00
   outer loop
     vertex 1.117178908938e+00 -1.145386958816e+00 6.000000000000e+00
     vertex 1.058697340155e+00 -1.199649924748e+00 -5.000000000000e+00
     vertex 1.058697340155e+00 -1.199649924748e+00 6.000000000000e+00
   endloop
 endfacet
 facet normal -7.158668492597e-01 6.982368180861e-01 0.000000000000e+00
   outer loop
     vertex 1.172882994928e+00 -1.088276380433e+00 6.000000000000e+00
     vertex 1.172882994928e+00 -1.088276380433e+00 -5.000000000000e+00
     vertex 1.117178908938e+00 -1.145386958816e+00 -5.000000000000e+00
   endloop
 endfacet
 facet normal -7.158668492597e-01 6.982368180861e-01 0.000000000000e+00
   outer loop
     vertex 1.172882994928e+00 -1.088276380433e+00 6.000000000000e+00
     vertex 1.117178908938e+00 -1.145386958816e+00 -5.000000000000e+00
     vertex 1.117178908938e+00 -1.145386958816e+00 6.000000000000e+00
   endloop
 endfacet
 facet normal -7.497812029677e-01 6.616858375969e-01 0.000000000000e+00
   outer loop
     vertex 1.225671108990e+00 -1.028460175498e+00 6.000000000000e+00
     vertex 1.172882994928e+00 -1.088276380433e+00 -5.000000000000e+00
     vertex 1.172882994928e+00 -1.088276380433e+00 6.000000000000e+00
   endloop
 endfacet
 facet normal -7.497812029677e-01 6.616858375969e-01 0.000000000000e+00
   outer loop
     vertex 1.225671108990e+00 -1.028460175498e+00 6.000000000000e+00
     vertex 1.225671108990e+00 -1.028460175498e+00 -5.000000000000e+00
     vertex 1.172882994928e+00 -1.088276380433e+00 -5.000000000000e+00
   endloop
 endfacet
 facet normal -7.818314824680e-01 6.234898018587e-01 0.000000000000e+00
   outer loop
     vertex 1.275412011557e+00 -9.660870565207e-01 6.000000000000e+00
     vertex 1.225671108990e+00 -1.028460175498e+00 -5.000000000000e+00
     vertex 1.225671108990e+00 -1.028460175498e+00 6.000000000000e+00
   endloop
 endfacet
 facet normal -7.818314824680e-01 6.234898018587e-01 0.000000000000e+00
   outer loop
     vertex 1.275412011557e+00 -9.660870565207e-01 6.000000000000e+00
     vertex 1.275412011557e+00 -9.660870565207e-01 -5.000000000000e+00
     vertex 1.225671108990e+00 -1.028460175498e+00 -5.000000000000e+00
   endloop
 endfacet
 facet normal -8.119380057159e-01 5.837436722348e-01 0.000000000000e+00
   outer loop
     vertex 1.321982038906e+00 -9.013120929018e-01 6.000000000000e+00
     vertex 1.275412011557e+00 -9.660870565207e-01 -5.000000000000e+00
     vertex 1.275412011557e+00 -9.660870565207e-01 6.000000000000e+00
   endloop
 endfacet
 facet normal -8.119380057159e-01 5.837436722348e-01 0.000000000000e+00
   outer loop
     vertex 1.321982038906e+00 -9.013120929018e-01 6.000000000000e+00
     vertex 1.321982038906e+00 -9.013120929018e-01 -5.000000000000e+00
     vertex 1.275412011557e+00 -9.660870565207e-01 -5.000000000000e+00
   endloop
 endfacet
 facet normal -8.400259231508e-01 5.425462638657e-01 0.000000000000e+00
   outer loop
     vertex 1.321982038906e+00 -9.013120929018e-01 6.000000000000e+00
     vertex 1.365265410611e+00 -8.342963254072e-01 -5.000000000000e+00
     vertex 1.321982038906e+00 -9.013120929018e-01 -5.000000000000e+00
   endloop
 endfacet
 facet normal -8.400259231508e-01 5.425462638657e-01 0.000000000000e+00
   outer loop
     vertex 1.365265410611e+00 -8.342963254072e-01 6.000000000000e+00
     vertex 1.365265410611e+00 -8.342963254072e-01 -5.000000000000e+00
     vertex 1.321982038906e+00 -9.013120929018e-01 6.000000000000e+00
   endloop
 endfacet
 facet normal -8.660254037844e-01 5.000000000000e-01 0.000000000000e+00
   outer loop
     vertex 1.365265410611e+00 -8.342963254072e-01 6.000000000000e+00
     vertex 1.405154517392e+00 -7.652063657941e-01 -5.000000000000e+00
     vertex 1.365265410611e+00 -8.342963254072e-01 -5.000000000000e+00
   endloop
 endfacet
 facet normal -8.660254037844e-01 5.000000000000e-01 0.000000000000e+00
   outer loop
     vertex 1.405154517392e+00 -7.652063657941e-01 6.000000000000e+00
     vertex 1.405154517392e+00 -7.652063657941e-01 -5.000000000000e+00
     vertex 1.365265410611e+00 -8.342963254072e-01 6.000000000000e+00
   endloop
 endfacet
 facet normal -8.898718088115e-01 4.562106573532e-01 0.000000000000e+00
   outer loop
     vertex 1.441550188644e+00 -6.942139825881e-01 6.000000000000e+00
     vertex 1.405154517392e+00 -7.652063657941e-01 -5.000000000000e+00
     vertex 1.405154517392e+00 -7.652063657941e-01 6.000000000000e+00
   endloop
 endfacet
 facet normal -8.898718088115e-01 4.562106573532e-01 0.000000000000e+00
   outer loop
     vertex 1.441550188644e+00 -6.942139825881e-01 6.000000000000e+00
     vertex 1.441550188644e+00 -6.942139825881e-01 -5.000000000000e+00
     vertex 1.405154517392e+00 -7.652063657941e-01 -5.000000000000e+00
   endloop
 endfacet
 facet normal -9.115058523117e-01 4.112871031306e-01 0.000000000000e+00
   outer loop
     vertex 1.474361938993e+00 -6.214956740395e-01 6.000000000000e+00
     vertex 1.441550188644e+00 -6.942139825881e-01 -5.000000000000e+00
     vertex 1.441550188644e+00 -6.942139825881e-01 6.000000000000e+00
   endloop
 endfacet
 facet normal -9.115058523117e-01 4.112871031306e-01 0.000000000000e+00
   outer loop
     vertex 1.474361938993e+00 -6.214956740395e-01 6.000000000000e+00
     vertex 1.474361938993e+00 -6.214956740395e-01 -5.000000000000e+00
     vertex 1.441550188644e+00 -6.942139825881e-01 -5.000000000000e+00
   endloop
 endfacet
 facet normal -9.308737486442e-01 3.653410243664e-01 0.000000000000e+00
   outer loop
     vertex 1.474361938993e+00 -6.214956740395e-01 6.000000000000e+00
     vertex 1.503508193257e+00 -5.472322293210e-01 -5.000000000000e+00
     vertex 1.474361938993e+00 -6.214956740395e-01 -5.000000000000e+00
   endloop
 endfacet
 facet normal -9.308737486442e-01 3.653410243664e-01 0.000000000000e+00
   outer loop
     vertex 1.503508193257e+00 -5.472322293210e-01 6.000000000000e+00
     vertex 1.503508193257e+00 -5.472322293210e-01 -5.000000000000e+00
     vertex 1.474361938993e+00 -6.214956740395e-01 6.000000000000e+00
   endloop
 endfacet
 facet normal -9.479273461671e-01 3.184866502517e-01 0.000000000000e+00
   outer loop
     vertex 1.528916489258e+00 -4.716082790574e-01 6.000000000000e+00
     vertex 1.503508193257e+00 -5.472322293210e-01 -5.000000000000e+00
     vertex 1.503508193257e+00 -5.472322293210e-01 6.000000000000e+00
   endloop
 endfacet
 facet normal -9.479273461671e-01 3.184866502517e-01 0.000000000000e+00
   outer loop
     vertex 1.528916489258e+00 -4.716082790574e-01 6.000000000000e+00
     vertex 1.528916489258e+00 -4.716082790574e-01 -5.000000000000e+00
     vertex 1.503508193257e+00 -5.472322293210e-01 -5.000000000000e+00
   endloop
 endfacet
 facet normal -9.626242469500e-01 2.708404681430e-01 0.000000000000e+00
   outer loop
     vertex 1.550523657967e+00 -3.948118363044e-01 6.000000000000e+00
     vertex 1.528916489258e+00 -4.716082790574e-01 -5.000000000000e+00
     vertex 1.528916489258e+00 -4.716082790574e-01 6.000000000000e+00
   endloop
 endfacet
 facet normal -9.626242469500e-01 2.708404681430e-01 0.000000000000e+00
   outer loop
     vertex 1.550523657967e+00 -3.948118363044e-01 6.000000000000e+00
     vertex 1.550523657967e+00 -3.948118363044e-01 -5.000000000000e+00
     vertex 1.528916489258e+00 -4.716082790574e-01 -5.000000000000e+00
   endloop
 endfacet
 facet normal -9.749279121818e-01 2.225209339563e-01 0.000000000000e+00
   outer loop
     vertex 1.568275980558e+00 -3.170338291190e-01 6.000000000000e+00
     vertex 1.550523657967e+00 -3.948118363044e-01 -5.000000000000e+00
     vertex 1.550523657967e+00 -3.948118363044e-01 6.000000000000e+00
   endloop
 endfacet
 facet normal -9.749279121818e-01 2.225209339563e-01 0.000000000000e+00
   outer loop
     vertex 1.568275980558e+00 -3.170338291190e-01 6.000000000000e+00
     vertex 1.568275980558e+00 -3.170338291190e-01 -5.000000000000e+00
     vertex 1.550523657967e+00 -3.948118363044e-01 -5.000000000000e+00
   endloop
 endfacet
 facet normal -9.848077530122e-01 1.736481776669e-01 0.000000000000e+00
   outer loop
     vertex 1.568275980558e+00 -3.170338291190e-01 6.000000000000e+00
     vertex 1.582129321960e+00 -2.384676258819e-01 -5.000000000000e+00
     vertex 1.568275980558e+00 -3.170338291190e-01 -5.000000000000e+00
   endloop
 endfacet
 facet normal -9.848077530122e-01 1.736481776669e-01 0.000000000000e+00
   outer loop
     vertex 1.582129321960e+00 -2.384676258819e-01 6.000000000000e+00
     vertex 1.582129321960e+00 -2.384676258819e-01 -5.000000000000e+00
     vertex 1.568275980558e+00 -3.170338291190e-01 6.000000000000e+00
   endloop
 endfacet
 facet normal -9.922392066002e-01 1.243437046475e-01 0.000000000000e+00
   outer loop
     vertex 1.592049240585e+00 -1.593085545533e-01 6.000000000000e+00
     vertex 1.592049240585e+00 -1.593085545533e-01 -5.000000000000e+00
     vertex 1.582129321960e+00 -2.384676258819e-01 -5.000000000000e+00
   endloop
 endfacet
 facet normal -9.922392066002e-01 1.243437046475e-01 0.000000000000e+00
   outer loop
     vertex 1.592049240585e+00 -1.593085545533e-01 6.000000000000e+00
     vertex 1.582129321960e+00 -2.384676258819e-01 -5.000000000000e+00
     vertex 1.582129321960e+00 -2.384676258819e-01 6.000000000000e+00
   endloop
 endfacet
 facet normal -9.972037971812e-01 7.473009358641e-02 0.000000000000e+00
   outer loop
     vertex 1.598011073950e+00 -7.975341705709e-02 6.000000000000e+00
     vertex 1.598011073950e+00 -7.975341705709e-02 -5.000000000000e+00
     vertex 1.592049240585e+00 -1.593085545533e-01 -5.000000000000e+00
   endloop
 endfacet
 facet normal -9.972037971812e-01 7.473009358641e-02 0.000000000000e+00
   outer loop
     vertex 1.598011073950e+00 -7.975341705709e-02 6.000000000000e+00
     vertex 1.592049240585e+00 -1.593085545533e-01 -5.000000000000e+00
     vertex 1.592049240585e+00 -1.593085545533e-01 6.000000000000e+00
   endloop
 endfacet
 facet normal -9.996891820008e-01 2.493069173807e-02 0.000000000000e+00
   outer loop
     vertex 1.600000000000e+00 -3.918869757272e-16 6.000000000000e+00
     vertex 1.600000000000e+00 -3.918869757272e-16 -5.000000000000e+00
     vertex 1.598011073950e+00 -7.975341705709e-02 -5.000000000000e+00
   endloop
 endfacet
 facet normal -9.996891820008e-01 2.493069173807e-02 0.000000000000e+00
   outer loop
     vertex 1.600000000000e+00 -3.918869757272e-16 6.000000000000e+00
     vertex 1.598011073950e+00 -7.975341705709e-02 -5.000000000000e+00
     vertex 1.598011073950e+00 -7.975341705709e-02 6.000000000000e+00
   endloop
 endfacet
 facet normal 0.000000000000e+00 -1.000000000000e+00 -0.000000000000e+00
   outer loop
     vertex 4.000000000000e+00 -4.000000000000e+00 0.000000000000e+00
     vertex -4.000000000000e+00 -4.000000000000e+00 -5.000000000000e+00
     vertex 4.000000000000e+00 -4.000000000000e+00 -5.000000000000e+00
   endloop
 endfacet
 facet normal -0.000000000000e+00 -1.000000000000e+00 0.000000000000e+00
   outer loop
     vertex 4.000000000000e+00 -4.000000000000e+00 0.000000000000e+00
     vertex -4.000000000000e+00 -4.000000000000e+00 0.000000000000e+00
     vertex -4.000000000000e+00 -4.000000000000e+00 -5.000000000000e+00
   endloop
 endfacet
 facet normal 1.000000000000e+00 0.000000000000e+00 0.000000000000e+00
   outer loop
     vertex 4.000000000000e+00 -4.000000000000e+00 -5.000000000000e+00
     vertex 4.000000000000e+00 4.000000000000e+00 -5.000000000000e+00
     vertex 4.000000000000e+00 4.000000000000e+00 0.000000000000e+00
   endloop
 endfacet
 facet normal 1.000000000000e+00 -0.000000000000e+00 0.000000000000e+00
   outer loop
     vertex 4.000000000000e+00 -4.000000000000e+00 0.000000000000e+00
     vertex 4.000000000000e+00 -4.000000000000e+00 -5.000000000000e+00
     vertex 4.000000000000e+00 4.000000000000e+00 0.000000000000e+00
   endloop
 endfacet
 facet normal 0.000000000000e+00 1.000000000000e+00 0.000000000000e+00
   outer loop
     vertex 4.000000000000e+00 4.000000000000e+00 0.000000000000e+00
     vertex 4.000000000000e+00 4.000000000000e+00 -5.000000000000e+00
     vertex -4.000000000000e+00 4.000000000000e+00 -5.000000000000e+00
   endloop
 endfacet
 facet normal 0.000000000000e+00 1.000000000000e+00 0.000000000000e+00
   outer loop
     vertex 4.000000000000e+00 4.000000000000e+00 0.000000000000e+00
     vertex -4.000000000000e+00 4.000000000000e+00 -5.000000000000e+00
     vertex -4.000000000000e+00 4.000000000000e+00 0.000000000000e+00
   endloop
 endfacet
 facet normal -1.000000000000e+00 0.000000000000e+00 0.000000000000e+00
   outer loop
     vertex -4.000000000000e+00 -4.000000000000e+00 -5.000000000000e+00
     vertex -4.000000000000e+00 4.000000000000e+00 0.000000000000e+00
     vertex -4.000000000000e+00 4.000000000000e+00 -5.000000000000e+00
   endloop
 endfacet
 facet normal -1.000000000000e+00 0.000000000000e+00 0.000000000000e+00
   outer loop
     vertex -4.000000000000e+00 -4.000000000000e+00 0.000000000000e+00
     vertex -4.000000000000e+00 4.000000000000e+00 0.000000000000e+00
     vertex -4.000000000000e+00 -4.000000000000e+00 -5.000000000000e+00
   endloop
 endfacet
 facet normal 0.000000000000e+00 -0.000000000000e+00 -1.000000000000e+00
   outer loop
     vertex -1.172882994928e+00 -1.088276380433e+00 -5.000000000000e+00
     vertex -1.117178908938e+00 -1.145386958816e+00 -5.000000000000e+00
     vertex -4.000000000000e+00 -4.000000000000e+00 -5.000000000000e+00
   endloop
 endfacet
 facet normal -0.000000000000e+00 0.000000000000e+00 -1.000000000000e+00
   outer loop
     vertex -1.058697340155e+00 -1.199649924748e+00 -5.000000000000e+00
     vertex -4.000000000000e+00 -4.000000000000e+00 -5.000000000000e+00
     vertex -1.117178908938e+00 -1.145386958816e+00 -5.000000000000e+00
   endloop
 endfacet
 facet normal 0.000000000000e+00 -0.000000000000e+00 -1.000000000000e+00
   outer loop
     vertex -1.225671108990e+00 -1.028460175498e+00 -5.000000000000e+00
     vertex -1.172882994928e+00 -1.088276380433e+00 -5.000000000000e+00
     vertex -4.000000000000e+00 -4.000000000000e+00 -5.000000000000e+00
   endloop
 endfacet
 facet normal -0.000000000000e+00 0.000000000000e+00 -1.000000000000e+00
   outer loop
     vertex -9.975836829740e-01 -1.250930371949e+00 -5.000000000000e+00
     vertex -4.000000000000e+00 -4.000000000000e+00 -5.000000000000e+00
     vertex -1.058697340155e+00 -1.199649924748e+00 -5.000000000000e+00
   endloop
 endfacet
 facet normal 0.000000000000e+00 -0.000000000000e+00 -1.000000000000e+00
   outer loop
     vertex -1.275412011557e+00 -9.660870565208e-01 -5.000000000000e+00
     vertex -1.225671108990e+00 -1.028460175498e+00 -5.000000000000e+00
     vertex -4.000000000000e+00 -4.000000000000e+00 -5.000000000000e+00
   endloop
 endfacet
 facet normal -0.000000000000e+00 0.000000000000e+00 -1.000000000000e+00
   outer loop
     vertex -9.339898755757e-01 -1.299100809145e+00 -5.000000000000e+00
     vertex -4.000000000000e+00 -4.000000000000e+00 -5.000000000000e+00
     vertex -9.975836829740e-01 -1.250930371949e+00 -5.000000000000e+00
   endloop
 endfacet
 facet normal 0.000000000000e+00 -0.000000000000e+00 -1.000000000000e+00
   outer loop
     vertex -1.321982038906e+00 -9.013120929018e-01 -5.000000000000e+00
     vertex -1.275412011557e+00 -9.660870565208e-01 -5.000000000000e+00
     vertex -4.000000000000e+00 -4.000000000000e+00 -5.000000000000e+00
   endloop
 endfacet
 facet normal -0.000000000000e+00 0.000000000000e+00 -1.000000000000e+00
   outer loop
     vertex -8.680740221852e-01 -1.344041477041e+00 -5.000000000000e+00
     vertex -4.000000000000e+00 -4.000000000000e+00 -5.000000000000e+00
     vertex -9.339898755757e-01 -1.299100809145e+00 -5.000000000000e+00
   endloop
 endfacet
 facet normal 0.000000000000e+00 -0.000000000000e+00 -1.000000000000e+00
   outer loop
     vertex -1.365265410611e+00 -8.342963254072e-01 -5.000000000000e+00
     vertex -1.321982038906e+00 -9.013120929018e-01 -5.000000000000e+00
     vertex -4.000000000000e+00 -4.000000000000e+00 -5.000000000000e+00
   endloop
 endfacet
 facet normal -0.000000000000e+00 0.000000000000e+00 -1.000000000000e+00
   outer loop
     vertex -8.000000000000e-01 -1.385640646055e+00 -5.000000000000e+00
     vertex -4.000000000000e+00 -4.000000000000e+00 -5.000000000000e+00
     vertex -8.680740221852e-01 -1.344041477041e+00 -5.000000000000e+00
   endloop
 endfacet
 facet normal 0.000000000000e+00 -0.000000000000e+00 -1.000000000000e+00
   outer loop
     vertex -1.405154517392e+00 -7.652063657941e-01 -5.000000000000e+00
     vertex -1.365265410611e+00 -8.342963254072e-01 -5.000000000000e+00
     vertex -4.000000000000e+00 -4.000000000000e+00 -5.000000000000e+00
   endloop
 endfacet
 facet normal -0.000000000000e+00 0.000000000000e+00 -1.000000000000e+00
   outer loop
     vertex -7.299370517650e-01 -1.423794894098e+00 -5.000000000000e+00
     vertex -4.000000000000e+00 -4.000000000000e+00 -5.000000000000e+00
     vertex -8.000000000000e-01 -1.385640646055e+00 -5.000000000000e+00
   endloop
 endfacet
 facet normal 0.000000000000e+00 -0.000000000000e+00 -1.000000000000e+00
   outer loop
     vertex -1.441550188644e+00 -6.942139825881e-01 -5.000000000000e+00
     vertex -1.405154517392e+00 -7.652063657941e-01 -5.000000000000e+00
     vertex -4.000000000000e+00 -4.000000000000e+00 -5.000000000000e+00
   endloop
 endfacet
 facet normal -0.000000000000e+00 0.000000000000e+00 -1.000000000000e+00
   outer loop
     vertex -6.580593650090e-01 -1.458409363699e+00 -5.000000000000e+00
     vertex -4.000000000000e+00 -4.000000000000e+00 -5.000000000000e+00
     vertex -7.299370517650e-01 -1.423794894098e+00 -5.000000000000e+00
   endloop
 endfacet
 facet normal 0.000000000000e+00 -0.000000000000e+00 -1.000000000000e+00
   outer loop
     vertex -1.474361938993e+00 -6.214956740395e-01 -5.000000000000e+00
     vertex -1.441550188644e+00 -6.942139825881e-01 -5.000000000000e+00
     vertex -4.000000000000e+00 -4.000000000000e+00 -5.000000000000e+00
   endloop
 endfacet
 facet normal -0.000000000000e+00 0.000000000000e+00 -1.000000000000e+00
   outer loop
     vertex -5.845456389862e-01 -1.489397997831e+00 -5.000000000000e+00
     vertex -4.000000000000e+00 -4.000000000000e+00 -5.000000000000e+00
     vertex -6.580593650090e-01 -1.458409363699e+00 -5.000000000000e+00
   endloop
 endfacet
 facet normal 0.000000000000e+00 -0.000000000000e+00 -1.000000000000e+00
   outer loop
     vertex -1.503508193257e+00 -5.472322293211e-01 -5.000000000000e+00
     vertex -1.474361938993e+00 -6.214956740395e-01 -5.000000000000e+00
     vertex -4.000000000000e+00 -4.000000000000e+00 -5.000000000000e+00
   endloop
 endfacet
 facet normal -0.000000000000e+00 0.000000000000e+00 -1.000000000000e+00
   outer loop
     vertex -5.095786404027e-01 -1.516683753867e+00 -5.000000000000e+00
     vertex -4.000000000000e+00 -4.000000000000e+00 -5.000000000000e+00
     vertex -5.845456389862e-01 -1.489397997831e+00 -5.000000000000e+00
   endloop
 endfacet
 facet normal 0.000000000000e+00 -0.000000000000e+00 -1.000000000000e+00
   outer loop
     vertex -1.528916489258e+00 -4.716082790575e-01 -5.000000000000e+00
     vertex -1.503508193257e+00 -5.472322293211e-01 -5.000000000000e+00
     vertex -4.000000000000e+00 -4.000000000000e+00 -5.000000000000e+00
   endloop
 endfacet
 facet normal -0.000000000000e+00 0.000000000000e+00 -1.000000000000e+00
   outer loop
     vertex -4.333447490288e-01 -1.540198795120e+00 -5.000000000000e+00
     vertex -4.000000000000e+00 -4.000000000000e+00 -5.000000000000e+00
     vertex -5.095786404027e-01 -1.516683753867e+00 -5.000000000000e+00
   endloop
 endfacet
 facet normal 0.000000000000e+00 -0.000000000000e+00 -1.000000000000e+00
   outer loop
     vertex -1.550523657967e+00 -3.948118363045e-01 -5.000000000000e+00
     vertex -1.528916489258e+00 -4.716082790575e-01 -5.000000000000e+00
     vertex -4.000000000000e+00 -4.000000000000e+00 -5.000000000000e+00
   endloop
 endfacet
 facet normal -0.000000000000e+00 0.000000000000e+00 -1.000000000000e+00
   outer loop
     vertex -3.560334943301e-01 -1.559884659491e+00 -5.000000000000e+00
     vertex -4.000000000000e+00 -4.000000000000e+00 -5.000000000000e+00
     vertex -4.333447490288e-01 -1.540198795120e+00 -5.000000000000e+00
   endloop
 endfacet
 facet normal 0.000000000000e+00 -0.000000000000e+00 -1.000000000000e+00
   outer loop
     vertex -1.568275980558e+00 -3.170338291190e-01 -5.000000000000e+00
     vertex -1.550523657967e+00 -3.948118363045e-01 -5.000000000000e+00
     vertex -4.000000000000e+00 -4.000000000000e+00 -5.000000000000e+00
   endloop
 endfacet
 facet normal -0.000000000000e+00 0.000000000000e+00 -1.000000000000e+00
   outer loop
     vertex -2.778370842671e-01 -1.575692404820e+00 -5.000000000000e+00
     vertex -4.000000000000e+00 -4.000000000000e+00 -5.000000000000e+00
     vertex -3.560334943301e-01 -1.559884659491e+00 -5.000000000000e+00
   endloop
 endfacet
 facet normal 0.000000000000e+00 -0.000000000000e+00 -1.000000000000e+00
   outer loop
     vertex -1.582129321960e+00 -2.384676258819e-01 -5.000000000000e+00
     vertex -1.568275980558e+00 -3.170338291190e-01 -5.000000000000e+00
     vertex -4.000000000000e+00 -4.000000000000e+00 -5.000000000000e+00
   endloop
 endfacet
 facet normal -0.000000000000e+00 0.000000000000e+00 -1.000000000000e+00
   outer loop
     vertex -1.989499274360e-01 -1.587582730560e+00 -5.000000000000e+00
     vertex -4.000000000000e+00 -4.000000000000e+00 -5.000000000000e+00
     vertex -2.778370842671e-01 -1.575692404820e+00 -5.000000000000e+00
   endloop
 endfacet
 facet normal 0.000000000000e+00 -0.000000000000e+00 -1.000000000000e+00
   outer loop
     vertex -1.592049240585e+00 -1.593085545533e-01 -5.000000000000e+00
     vertex -1.582129321960e+00 -2.384676258819e-01 -5.000000000000e+00
     vertex -4.000000000000e+00 -4.000000000000e+00 -5.000000000000e+00
   endloop
 endfacet
 facet normal -0.000000000000e+00 0.000000000000e+00 -1.000000000000e+00
   outer loop
     vertex -1.195681497383e-01 -1.595526075490e+00 -5.000000000000e+00
     vertex -4.000000000000e+00 -4.000000000000e+00 -5.000000000000e+00
     vertex -1.989499274360e-01 -1.587582730560e+00 -5.000000000000e+00
   endloop
 endfacet
 facet normal 0.000000000000e+00 -0.000000000000e+00 -1.000000000000e+00
   outer loop
     vertex -1.598011073950e+00 -7.975341705712e-02 -5.000000000000e+00
     vertex -1.592049240585e+00 -1.593085545533e-01 -5.000000000000e+00
     vertex -4.000000000000e+00 -4.000000000000e+00 -5.000000000000e+00
   endloop
 endfacet
 facet normal -0.000000000000e+00 0.000000000000e+00 -1.000000000000e+00
   outer loop
     vertex -3.988910678090e-02 -1.599502691201e+00 -5.000000000000e+00
     vertex -4.000000000000e+00 -4.000000000000e+00 -5.000000000000e+00
     vertex -1.195681497383e-01 -1.595526075490e+00 -5.000000000000e+00
   endloop
 endfacet
 facet normal 0.000000000000e+00 -0.000000000000e+00 -1.000000000000e+00
   outer loop
     vertex -1.600000000000e+00 -5.488398398217e-15 -5.000000000000e+00
     vertex -1.598011073950e+00 -7.975341705712e-02 -5.000000000000e+00
     vertex -4.000000000000e+00 -4.000000000000e+00 -5.000000000000e+00
   endloop
 endfacet
 facet normal 0.000000000000e+00 0.000000000000e+00 -1.000000000000e+00
   outer loop
     vertex -4.000000000000e+00 4.000000000000e+00 -5.000000000000e+00
     vertex -1.172882994928e+00 1.088276380433e+00 -5.000000000000e+00
     vertex -1.225671108990e+00 1.028460175498e+00 -5.000000000000e+00
   endloop
 endfacet
 facet normal 0.000000000000e+00 0.000000000000e+00 -1.000000000000e+00
   outer loop
     vertex -4.000000000000e+00 4.000000000000e+00 -5.000000000000e+00
     vertex -1.225671108990e+00 1.028460175498e+00 -5.000000000000e+00
     vertex -1.275412011557e+00 9.660870565208e-01 -5.000000000000e+00
   endloop
 endfacet
 facet normal 0.000000000000e+00 0.000000000000e+00 -1.000000000000e+00
   outer loop
     vertex -4.000000000000e+00 4.000000000000e+00 -5.000000000000e+00
     vertex -1.275412011557e+00 9.660870565208e-01 -5.000000000000e+00
     vertex -1.321982038906e+00 9.013120929018e-01 -5.000000000000e+00
   endloop
 endfacet
 facet normal 0.000000000000e+00 0.000000000000e+00 -1.000000000000e+00
   outer loop
     vertex -4.000000000000e+00 4.000000000000e+00 -5.000000000000e+00
     vertex -1.321982038906e+00 9.013120929018e-01 -5.000000000000e+00
     vertex -1.365265410611e+00 8.342963254072e-01 -5.000000000000e+00
   endloop
 endfacet
 facet normal 0.000000000000e+00 0.000000000000e+00 -1.000000000000e+00
   outer loop
     vertex -4.000000000000e+00 4.000000000000e+00 -5.000000000000e+00
     vertex -1.365265410611e+00 8.342963254072e-01 -5.000000000000e+00
     vertex -1.405154517392e+00 7.652063657941e-01 -5.000000000000e+00
   endloop
 endfacet
 facet normal 0.000000000000e+00 0.000000000000e+00 -1.000000000000e+00
   outer loop
     vertex -4.000000000000e+00 4.000000000000e+00 -5.000000000000e+00
     vertex -1.405154517392e+00 7.652063657941e-01 -5.000000000000e+00
     vertex -1.441550188644e+00 6.942139825881e-01 -5.000000000000e+00
   endloop
 endfacet
 facet normal 0.000000000000e+00 0.000000000000e+00 -1.000000000000e+00
   outer loop
     vertex -4.000000000000e+00 4.000000000000e+00 -5.000000000000e+00
     vertex -1.441550188644e+00 6.942139825881e-01 -5.000000000000e+00
     vertex -1.474361938993e+00 6.214956740395e-01 -5.000000000000e+00
   endloop
 endfacet
 facet normal 0.000000000000e+00 0.000000000000e+00 -1.000000000000e+00
   outer loop
     vertex -4.000000000000e+00 4.000000000000e+00 -5.000000000000e+00
     vertex -1.474361938993e+00 6.214956740395e-01 -5.000000000000e+00
     vertex -1.503508193257e+00 5.472322293211e-01 -5.000000000000e+00
   endloop
 endfacet
 facet normal 0.000000000000e+00 0.000000000000e+00 -1.000000000000e+00
   outer loop
     vertex -4.000000000000e+00 4.000000000000e+00 -5.000000000000e+00
     vertex -1.503508193257e+00 5.472322293211e-01 -5.000000000000e+00
     vertex -1.528916489258e+00 4.716082790574e-01 -5.000000000000e+00
   endloop
 endfacet
 facet normal 0.000000000000e+00 0.000000000000e+00 -1.000000000000e+00
   outer loop
     vertex -4.000000000000e+00 4.000000000000e+00 -5.000000000000e+00
     vertex -1.528916489258e+00 4.716082790574e-01 -5.000000000000e+00
     vertex -1.550523657967e+00 3.948118363045e-01 -5.000000000000e+00
   endloop
 endfacet
 facet normal 0.000000000000e+00 0.000000000000e+00 -1.000000000000e+00
   outer loop
     vertex -4.000000000000e+00 4.000000000000e+00 -5.000000000000e+00
     vertex -1.550523657967e+00 3.948118363045e-01 -5.000000000000e+00
     vertex -1.568275980558e+00 3.170338291190e-01 -5.000000000000e+00
   endloop
 endfacet
 facet normal 0.000000000000e+00 0.000000000000e+00 -1.000000000000e+00
   outer loop
     vertex -4.000000000000e+00 4.000000000000e+00 -5.000000000000e+00
     vertex -1.568275980558e+00 3.170338291190e-01 -5.000000000000e+00
     vertex -1.582129321960e+00 2.384676258819e-01 -5.000000000000e+00
   endloop
 endfacet
 facet normal 0.000000000000e+00 0.000000000000e+00 -1.000000000000e+00
   outer loop
     vertex -4.000000000000e+00 4.000000000000e+00 -5.000000000000e+00
     vertex -1.582129321960e+00 2.384676258819e-01 -5.000000000000e+00
     vertex -1.592049240585e+00 1.593085545533e-01 -5.000000000000e+00
   endloop
 endfacet
 facet normal 0.000000000000e+00 0.000000000000e+00 -1.000000000000e+00
   outer loop
     vertex -4.000000000000e+00 4.000000000000e+00 -5.000000000000e+00
     vertex -1.592049240585e+00 1.593085545533e-01 -5.000000000000e+00
     vertex -1.598011073950e+00 7.975341705711e-02 -5.000000000000e+00
   endloop
 endfacet
 facet normal 0.000000000000e+00 0.000000000000e+00 -1.000000000000e+00
   outer loop
     vertex -4.000000000000e+00 4.000000000000e+00 -5.000000000000e+00
     vertex -1.598011073950e+00 7.975341705711e-02 -5.000000000000e+00
     vertex -1.600000000000e+00 -5.488398398217e-15 -5.000000000000e+00
   endloop
 endfacet
 facet normal 0.000000000000e+00 0.000000000000e+00 -1.000000000000e+00
   outer loop
     vertex -4.000000000000e+00 4.000000000000e+00 -5.000000000000e+00
     vertex -1.600000000000e+00 -5.488398398217e-15 -5.000000000000e+00
     vertex -4.000000000000e+00 -4.000000000000e+00 -5.000000000000e+00
   endloop
 endfacet
 facet normal 0.000000000000e+00 0.000000000000e+00 -1.000000000000e+00
   outer loop
     vertex 4.000000000000e+00 -4.000000000000e+00 -5.000000000000e+00
     vertex 1.195681497383e-01 -1.595526075490e+00 -5.000000000000e+00
     vertex 1.989499274360e-01 -1.587582730560e+00 -5.000000000000e+00
   endloop
 endfacet
 facet normal 0.000000000000e+00 0.000000000000e+00 -1.000000000000e+00
   outer loop
     vertex 4.000000000000e+00 -4.000000000000e+00 -5.000000000000e+00
     vertex 1.989499274360e-01 -1.587582730560e+00 -5.000000000000e+00
     vertex 2.778370842671e-01 -1.575692404820e+00 -5.000000000000e+00
   endloop
 endfacet
 facet normal 0.000000000000e+00 0.000000000000e+00 -1.000000000000e+00
   outer loop
     vertex 4.000000000000e+00 -4.000000000000e+00 -5.000000000000e+00
     vertex 2.778370842671e-01 -1.575692404820e+00 -5.000000000000e+00
     vertex 3.560334943301e-01 -1.559884659491e+00 -5.000000000000e+00
   endloop
 endfacet
 facet normal 0.000000000000e+00 0.000000000000e+00 -1.000000000000e+00
   outer loop
     vertex 4.000000000000e+00 -4.000000000000e+00 -5.000000000000e+00
     vertex 3.560334943301e-01 -1.559884659491e+00 -5.000000000000e+00
     vertex 4.333447490288e-01 -1.540198795120e+00 -5.000000000000e+00
   endloop
 endfacet
 facet normal 0.000000000000e+00 0.000000000000e+00 -1.000000000000e+00
   outer loop
     vertex 4.000000000000e+00 -4.000000000000e+00 -5.000000000000e+00
     vertex 4.333447490288e-01 -1.540198795120e+00 -5.000000000000e+00
     vertex 5.095786404027e-01 -1.516683753867e+00 -5.000000000000e+00
   endloop
 endfacet
 facet normal 0.000000000000e+00 0.000000000000e+00 -1.000000000000e+00
   outer loop
     vertex 4.000000000000e+00 -4.000000000000e+00 -5.000000000000e+00
     vertex 5.095786404027e-01 -1.516683753867e+00 -5.000000000000e+00
     vertex 5.845456389862e-01 -1.489397997831e+00 -5.000000000000e+00
   endloop
 endfacet
 facet normal 0.000000000000e+00 0.000000000000e+00 -1.000000000000e+00
   outer loop
     vertex 4.000000000000e+00 -4.000000000000e+00 -5.000000000000e+00
     vertex 5.845456389862e-01 -1.489397997831e+00 -5.000000000000e+00
     vertex 6.580593650090e-01 -1.458409363699e+00 -5.000000000000e+00
   endloop
 endfacet
 facet normal 0.000000000000e+00 0.000000000000e+00 -1.000000000000e+00
   outer loop
     vertex 4.000000000000e+00 -4.000000000000e+00 -5.000000000000e+00
     vertex 6.580593650090e-01 -1.458409363699e+00 -5.000000000000e+00
     vertex 7.299370517651e-01 -1.423794894098e+00 -5.000000000000e+00
   endloop
 endfacet
 facet normal 0.000000000000e+00 0.000000000000e+00 -1.000000000000e+00
   outer loop
     vertex 4.000000000000e+00 -4.000000000000e+00 -5.000000000000e+00
     vertex 7.299370517651e-01 -1.423794894098e+00 -5.000000000000e+00
     vertex 8.000000000000e-01 -1.385640646055e+00 -5.000000000000e+00
   endloop
 endfacet
 facet normal 0.000000000000e+00 0.000000000000e+00 -1.000000000000e+00
   outer loop
     vertex 4.000000000000e+00 -4.000000000000e+00 -5.000000000000e+00
     vertex 8.000000000000e-01 -1.385640646055e+00 -5.000000000000e+00
     vertex 8.680740221852e-01 -1.344041477041e+00 -5.000000000000e+00
   endloop
 endfacet
 facet normal 0.000000000000e+00 0.000000000000e+00 -1.000000000000e+00
   outer loop
     vertex 4.000000000000e+00 -4.000000000000e+00 -5.000000000000e+00
     vertex 8.680740221852e-01 -1.344041477041e+00 -5.000000000000e+00
     vertex 9.339898755757e-01 -1.299100809145e+00 -5.000000000000e+00
   endloop
 endfacet
 facet normal 0.000000000000e+00 0.000000000000e+00 -1.000000000000e+00
   outer loop
     vertex 4.000000000000e+00 -4.000000000000e+00 -5.000000000000e+00
     vertex 9.339898755757e-01 -1.299100809145e+00 -5.000000000000e+00
     vertex 9.975836829740e-01 -1.250930371949e+00 -5.000000000000e+00
   endloop
 endfacet
 facet normal 0.000000000000e+00 0.000000000000e+00 -1.000000000000e+00
   outer loop
     vertex 4.000000000000e+00 -4.000000000000e+00 -5.000000000000e+00
     vertex 9.975836829740e-01 -1.250930371949e+00 -5.000000000000e+00
     vertex 1.058697340155e+00 -1.199649924748e+00 -5.000000000000e+00
   endloop
 endfacet
 facet normal 0.000000000000e+00 0.000000000000e+00 -1.000000000000e+00
   outer loop
     vertex 4.000000000000e+00 -4.000000000000e+00 -5.000000000000e+00
     vertex 1.058697340155e+00 -1.199649924748e+00 -5.000000000000e+00
     vertex 1.117178908938e+00 -1.145386958816e+00 -5.000000000000e+00
   endloop
 endfacet
 facet normal 0.000000000000e+00 0.000000000000e+00 -1.000000000000e+00
   outer loop
     vertex 4.000000000000e+00 -4.000000000000e+00 -5.000000000000e+00
     vertex -4.000000000000e+00 -4.000000000000e+00 -5.000000000000e+00
     vertex -3.988910678090e-02 -1.599502691201e+00 -5.000000000000e+00
   endloop
 endfacet
 facet normal 0.000000000000e+00 0.000000000000e+00 -1.000000000000e+00
   outer loop
     vertex 4.000000000000e+00 -4.000000000000e+00 -5.000000000000e+00
     vertex -3.988910678090e-02 -1.599502691201e+00 -5.000000000000e+00
     vertex 3.988910678093e-02 -1.599502691201e+00 -5.000000000000e+00
   endloop
 endfacet
 facet normal 0.000000000000e+00 0.000000000000e+00 -1.000000000000e+00
   outer loop
     vertex 4.000000000000e+00 -4.000000000000e+00 -5.000000000000e+00
     vertex 3.988910678093e-02 -1.599502691201e+00 -5.000000000000e+00
     vertex 1.195681497383e-01 -1.595526075490e+00 -5.000000000000e+00
   endloop
 endfacet
 facet normal -0.000000000000e+00 0.000000000000e+00 -1.000000000000e+00
   outer loop
     vertex -1.117178908938e+00 1.145386958816e+00 -5.000000000000e+00
     vertex -1.172882994928e+00 1.088276380433e+00 -5.000000000000e+00
     vertex -4.000000000000e+00 4.000000000000e+00 -5.000000000000e+00
   endloop
 endfacet
 facet normal 0.000000000000e+00 -0.000000000000e+00 -1.000000000000e+00
   outer loop
     vertex 1.172882994928e+00 -1.088276380433e+00 -5.000000000000e+00
     vertex 4.000000000000e+00 -4.000000000000e+00 -5.000000000000e+00
     vertex 1.117178908938e+00 -1.145386958816e+00 -5.000000000000e+00
   endloop
 endfacet
 facet normal -0.000000000000e+00 0.000000000000e+00 -1.000000000000e+00
   outer loop
     vertex -1.058697340155e+00 1.199649924748e+00 -5.000000000000e+00
     vertex -1.117178908938e+00 1.145386958816e+00 -5.000000000000e+00
     vertex -4.000000000000e+00 4.000000000000e+00 -5.000000000000e+00
   endloop
 endfacet
 facet normal 0.000000000000e+00 -0.000000000000e+00 -1.000000000000e+00
   outer loop
     vertex 1.225671108990e+00 -1.028460175498e+00 -5.000000000000e+00
     vertex 4.000000000000e+00 -4.000000000000e+00 -5.000000000000e+00
     vertex 1.172882994928e+00 -1.088276380433e+00 -5.000000000000e+00
   endloop
 endfacet
 facet normal -0.000000000000e+00 0.000000000000e+00 -1.000000000000e+00
   outer loop
     vertex -9.975836829740e-01 1.250930371949e+00 -5.000000000000e+00
     vertex -1.058697340155e+00 1.199649924748e+00 -5.000000000000e+00
     vertex -4.000000000000e+00 4.000000000000e+00 -5.000000000000e+00
   endloop
 endfacet
 facet normal 0.000000000000e+00 -0.000000000000e+00 -1.000000000000e+00
   outer loop
     vertex 1.275412011557e+00 -9.660870565207e-01 -5.000000000000e+00
     vertex 4.000000000000e+00 -4.000000000000e+00 -5.000000000000e+00
     vertex 1.225671108990e+00 -1.028460175498e+00 -5.000000000000e+00
   endloop
 endfacet
 facet normal -0.000000000000e+00 0.000000000000e+00 -1.000000000000e+00
   outer loop
     vertex -9.339898755757e-01 1.299100809145e+00 -5.000000000000e+00
     vertex -9.975836829740e-01 1.250930371949e+00 -5.000000000000e+00
     vertex -4.000000000000e+00 4.000000000000e+00 -5.000000000000e+00
   endloop
 endfacet
 facet normal 0.000000000000e+00 -0.000000000000e+00 -1.000000000000e+00
   outer loop
     vertex 1.321982038906e+00 -9.013120929018e-01 -5.000000000000e+00
     vertex 4.000000000000e+00 -4.000000000000e+00 -5.000000000000e+00
     vertex 1.275412011557e+00 -9.660870565207e-01 -5.000000000000e+00
   endloop
 endfacet
 facet normal -0.000000000000e+00 0.000000000000e+00 -1.000000000000e+00
   outer loop
     vertex -8.680740221852e-01 1.344041477041e+00 -5.000000000000e+00
     vertex -9.339898755757e-01 1.299100809145e+00 -5.000000000000e+00
     vertex -4.000000000000e+00 4.000000000000e+00 -5.000000000000e+00
   endloop
 endfacet
 facet normal 0.000000000000e+00 -0.000000000000e+00 -1.000000000000e+00
   outer loop
     vertex 1.365265410611e+00 -8.342963254072e-01 -5.000000000000e+00
     vertex 4.000000000000e+00 -4.000000000000e+00 -5.000000000000e+00
     vertex 1.321982038906e+00 -9.013120929018e-01 -5.000000000000e+00
   endloop
 endfacet
 facet normal -0.000000000000e+00 0.000000000000e+00 -1.000000000000e+00
   outer loop
     vertex -8.000000000000e-01 1.385640646055e+00 -5.000000000000e+00
     vertex -8.680740221852e-01 1.344041477041e+00 -5.000000000000e+00
     vertex -4.000000000000e+00 4.000000000000e+00 -5.000000000000e+00
   endloop
 endfacet
 facet normal 0.000000000000e+00 -0.000000000000e+00 -1.000000000000e+00
   outer loop
     vertex 1.405154517392e+00 -7.652063657941e-01 -5.000000000000e+00
     vertex 4.000000000000e+00 -4.000000000000e+00 -5.000000000000e+00
     vertex 1.365265410611e+00 -8.342963254072e-01 -5.000000000000e+00
   endloop
 endfacet
 facet normal -0.000000000000e+00 0.000000000000e+00 -1.000000000000e+00
   outer loop
     vertex -7.299370517651e-01 1.423794894098e+00 -5.000000000000e+00
     vertex -8.000000000000e-01 1.385640646055e+00 -5.000000000000e+00
     vertex -4.000000000000e+00 4.000000000000e+00 -5.000000000000e+00
   endloop
 endfacet
 facet normal 0.000000000000e+00 -0.000000000000e+00 -1.000000000000e+00
   outer loop
     vertex 1.441550188644e+00 -6.942139825881e-01 -5.000000000000e+00
     vertex 4.000000000000e+00 -4.000000000000e+00 -5.000000000000e+00
     vertex 1.405154517392e+00 -7.652063657941e-01 -5.000000000000e+00
   endloop
 endfacet
 facet normal -0.000000000000e+00 0.000000000000e+00 -1.000000000000e+00
   outer loop
     vertex -6.580593650090e-01 1.458409363699e+00 -5.000000000000e+00
     vertex -7.299370517651e-01 1.423794894098e+00 -5.000000000000e+00
     vertex -4.000000000000e+00 4.000000000000e+00 -5.000000000000e+00
   endloop
 endfacet
 facet normal 0.000000000000e+00 -0.000000000000e+00 -1.000000000000e+00
   outer loop
     vertex 1.474361938993e+00 -6.214956740395e-01 -5.000000000000e+00
     vertex 4.000000000000e+00 -4.000000000000e+00 -5.000000000000e+00
     vertex 1.441550188644e+00 -6.942139825881e-01 -5.000000000000e+00
   endloop
 endfacet
 facet normal -0.000000000000e+00 0.000000000000e+00 -1.000000000000e+00
   outer loop
     vertex -5.845456389862e-01 1.489397997831e+00 -5.000000000000e+00
     vertex -6.580593650090e-01 1.458409363699e+00 -5.000000000000e+00
     vertex -4.000000000000e+00 4.000000000000e+00 -5.000000000000e+00
   endloop
 endfacet
 facet normal 0.000000000000e+00 -0.000000000000e+00 -1.000000000000e+00
   outer loop
     vertex 1.503508193257e+00 -5.472322293210e-01 -5.000000000000e+00
     vertex 4.000000000000e+00 -4.000000000000e+00 -5.000000000000e+00
     vertex 1.474361938993e+00 -6.214956740395e-01 -5.000000000000e+00
   endloop
 endfacet
 facet normal -0.000000000000e+00 0.000000000000e+00 -1.000000000000e+00
   outer loop
     vertex -5.095786404027e-01 1.516683753867e+00 -5.000000000000e+00
     vertex -5.845456389862e-01 1.489397997831e+00 -5.000000000000e+00
     vertex -4.000000000000e+00 4.000000000000e+00 -5.000000000000e+00
   endloop
 endfacet
 facet normal 0.000000000000e+00 -0.000000000000e+00 -1.000000000000e+00
   outer loop
     vertex 1.528916489258e+00 -4.716082790574e-01 -5.000000000000e+00
     vertex 4.000000000000e+00 -4.000000000000e+00 -5.000000000000e+00
     vertex 1.503508193257e+00 -5.472322293210e-01 -5.000000000000e+00
   endloop
 endfacet
 facet normal -0.000000000000e+00 0.000000000000e+00 -1.000000000000e+00
   outer loop
     vertex -4.333447490288e-01 1.540198795120e+00 -5.000000000000e+00
     vertex -5.095786404027e-01 1.516683753867e+00 -5.000000000000e+00
     vertex -4.000000000000e+00 4.000000000000e+00 -5.000000000000e+00
   endloop
 endfacet
 facet normal 0.000000000000e+00 -0.000000000000e+00 -1.000000000000e+00
   outer loop
     vertex 1.550523657967e+00 -3.948118363044e-01 -5.000000000000e+00
     vertex 4.000000000000e+00 -4.000000000000e+00 -5.000000000000e+00
     vertex 1.528916489258e+00 -4.716082790574e-01 -5.000000000000e+00
   endloop
 endfacet
 facet normal -0.000000000000e+00 0.000000000000e+00 -1.000000000000e+00
   outer loop
     vertex -3.560334943301e-01 1.559884659491e+00 -5.000000000000e+00
     vertex -4.333447490288e-01 1.540198795120e+00 -5.000000000000e+00
     vertex -4.000000000000e+00 4.000000000000e+00 -5.000000000000e+00
   endloop
 endfacet
 facet normal 0.000000000000e+00 -0.000000000000e+00 -1.000000000000e+00
   outer loop
     vertex 1.568275980558e+00 -3.170338291190e-01 -5.000000000000e+00
     vertex 4.000000000000e+00 -4.000000000000e+00 -5.000000000000e+00
     vertex 1.550523657967e+00 -3.948118363044e-01 -5.000000000000e+00
   endloop
 endfacet
 facet normal -0.000000000000e+00 0.000000000000e+00 -1.000000000000e+00
   outer loop
     vertex -2.778370842671e-01 1.575692404820e+00 -5.000000000000e+00
     vertex -3.560334943301e-01 1.559884659491e+00 -5.000000000000e+00
     vertex -4.000000000000e+00 4.000000000000e+00 -5.000000000000e+00
   endloop
 endfacet
 facet normal 0.000000000000e+00 -0.000000000000e+00 -1.000000000000e+00
   outer loop
     vertex 1.582129321960e+00 -2.384676258819e-01 -5.000000000000e+00
     vertex 4.000000000000e+00 -4.000000000000e+00 -5.000000000000e+00
     vertex 1.568275980558e+00 -3.170338291190e-01 -5.000000000000e+00
   endloop
 endfacet
 facet normal -0.000000000000e+00 0.000000000000e+00 -1.000000000000e+00
   outer loop
     vertex -1.989499274360e-01 1.587582730560e+00 -5.000000000000e+00
     vertex -2.778370842671e-01 1.575692404820e+00 -5.000000000000e+00
     vertex -4.000000000000e+00 4.000000000000e+00 -5.000000000000e+00
   endloop
 endfacet
 facet normal 0.000000000000e+00 -0.000000000000e+00 -1.000000000000e+00
   outer loop
     vertex 1.592049240585e+00 -1.593085545533e-01 -5.000000000000e+00
     vertex 4.000000000000e+00 -4.000000000000e+00 -5.000000000000e+00
     vertex 1.582129321960e+00 -2.384676258819e-01 -5.000000000000e+00
   endloop
 endfacet
 facet normal -0.000000000000e+00 0.000000000000e+00 -1.000000000000e+00
   outer loop
     vertex -1.195681497383e-01 1.595526075490e+00 -5.000000000000e+00
     vertex -1.989499274360e-01 1.587582730560e+00 -5.000000000000e+00
     vertex -4.000000000000e+00 4.000000000000e+00 -5.000000000000e+00
   endloop
 endfacet
 facet normal 0.000000000000e+00 -0.000000000000e+00 -1.000000000000e+00
   outer loop
     vertex 1.598011073950e+00 -7.975341705709e-02 -5.000000000000e+00
     vertex 4.000000000000e+00 -4.000000000000e+00 -5.000000000000e+00
     vertex 1.592049240585e+00 -1.593085545533e-01 -5.000000000000e+00
   endloop
 endfacet
 facet normal -0.000000000000e+00 0.000000000000e+00 -1.000000000000e+00
   outer loop
     vertex -3.988910678092e-02 1.599502691201e+00 -5.000000000000e+00
     vertex -1.195681497383e-01 1.595526075490e+00 -5.000000000000e+00
     vertex -4.000000000000e+00 4.000000000000e+00 -5.000000000000e+00
   endloop
 endfacet
 facet normal 0.000000000000e+00 -0.000000000000e+00 -1.000000000000e+00
   outer loop
     vertex 1.600000000000e+00 -3.918869757272e-16 -5.000000000000e+00
     vertex 4.000000000000e+00 -4.000000000000e+00 -5.000000000000e+00
     vertex 1.598011073950e+00 -7.975341705709e-02 -5.000000000000e+00
   endloop
 endfacet
 facet normal 0.000000000000e+00 0.000000000000e+00 -1.000000000000e+00
   outer loop
     vertex 4.000000000000e+00 4.000000000000e+00 -5.000000000000e+00
     vertex 1.600000000000e+00 -3.918869757272e-16 -5.000000000000e+00
     vertex 1.598011073950e+00 7.975341705712e-02 -5.000000000000e+00
   endloop
 endfacet
 facet normal 0.000000000000e+00 0.000000000000e+00 -1.000000000000e+00
   outer loop
     vertex 4.000000000000e+00 4.000000000000e+00 -5.000000000000e+00
     vertex 1.598011073950e+00 7.975341705712e-02 -5.000000000000e+00
     vertex 1.592049240585e+00 1.593085545533e-01 -5.000000000000e+00
   endloop
 endfacet
 facet normal 0.000000000000e+00 0.000000000000e+00 -1.000000000000e+00
   outer loop
     vertex 4.000000000000e+00 4.000000000000e+00 -5.000000000000e+00
     vertex 1.592049240585e+00 1.593085545533e-01 -5.000000000000e+00
     vertex 1.582129321960e+00 2.384676258819e-01 -5.000000000000e+00
   endloop
 endfacet
 facet normal 0.000000000000e+00 0.000000000000e+00 -1.000000000000e+00
   outer loop
     vertex 4.000000000000e+00 4.000000000000e+00 -5.000000000000e+00
     vertex 1.582129321960e+00 2.384676258819e-01 -5.000000000000e+00
     vertex 1.568275980558e+00 3.170338291190e-01 -5.000000000000e+00
   endloop
 endfacet
 facet normal 0.000000000000e+00 0.000000000000e+00 -1.000000000000e+00
   outer loop
     vertex 4.000000000000e+00 4.000000000000e+00 -5.000000000000e+00
     vertex 1.568275980558e+00 3.170338291190e-01 -5.000000000000e+00
     vertex 1.550523657967e+00 3.948118363045e-01 -5.000000000000e+00
   endloop
 endfacet
 facet normal 0.000000000000e+00 0.000000000000e+00 -1.000000000000e+00
   outer loop
     vertex 4.000000000000e+00 4.000000000000e+00 -5.000000000000e+00
     vertex 1.550523657967e+00 3.948118363045e-01 -5.000000000000e+00
     vertex 1.528916489258e+00 4.716082790574e-01 -5.000000000000e+00
   endloop
 endfacet
 facet normal 0.000000000000e+00 0.000000000000e+00 -1.000000000000e+00
   outer loop
     vertex 4.000000000000e+00 4.000000000000e+00 -5.000000000000e+00
     vertex 1.528916489258e+00 4.716082790574e-01 -5.000000000000e+00
     vertex 1.503508193257e+00 5.472322293211e-01 -5.000000000000e+00
   endloop
 endfacet
 facet normal 0.000000000000e+00 0.000000000000e+00 -1.000000000000e+00
   outer loop
     vertex 4.000000000000e+00 4.000000000000e+00 -5.000000000000e+00
     vertex 1.503508193257e+00 5.472322293211e-01 -5.000000000000e+00
     vertex 1.474361938993e+00 6.214956740395e-01 -5.000000000000e+00
   endloop
 endfacet
 facet normal 0.000000000000e+00 -0.000000000000e+00 -1.000000000000e+00
   outer loop
     vertex 4.000000000000e+00 4.000000000000e+00 -5.000000000000e+00
     vertex 4.000000000000e+00 -4.000000000000e+00 -5.000000000000e+00
     vertex 1.600000000000e+00 -3.918869757272e-16 -5.000000000000e+00
   endloop
 endfacet
 facet normal 0.000000000000e+00 0.000000000000e+00 -1.000000000000e+00
   outer loop
     vertex 4.000000000000e+00 4.000000000000e+00 -5.000000000000e+00
     vertex 1.474361938993e+00 6.214956740395e-01 -5.000000000000e+00
     vertex 1.441550188644e+00 6.942139825881e-01 -5.000000000000e+00
   endloop
 endfacet
 facet normal 0.000000000000e+00 0.000000000000e+00 -1.000000000000e+00
   outer loop
     vertex 4.000000000000e+00 4.000000000000e+00 -5.000000000000e+00
     vertex 1.441550188644e+00 6.942139825881e-01 -5.000000000000e+00
     vertex 1.405154517392e+00 7.652063657941e-01 -5.000000000000e+00
   endloop
 endfacet
 facet normal 0.000000000000e+00 0.000000000000e+00 -1.000000000000e+00
   outer loop
     vertex 4.000000000000e+00 4.000000000000e+00 -5.000000000000e+00
     vertex 1.405154517392e+00 7.652063657941e-01 -5.000000000000e+00
     vertex 1.365265410611e+00 8.342963254072e-01 -5.000000000000e+00
   endloop
 endfacet
 facet normal 0.000000000000e+00 0.000000000000e+00 -1.000000000000e+00
   outer loop
     vertex 4.000000000000e+00 4.000000000000e+00 -5.000000000000e+00
     vertex 1.365265410611e+00 8.342963254072e-01 -5.000000000000e+00
     vertex 1.321982038906e+00 9.013120929018e-01 -5.000000000000e+00
   endloop
 endfacet
 facet normal 0.000000000000e+00 0.000000000000e+00 -1.000000000000e+00
   outer loop
     vertex 4.000000000000e+00 4.000000000000e+00 -5.000000000000e+00
     vertex 1.321982038906e+00 9.013120929018e-01 -5.000000000000e+00
     vertex 1.275412011557e+00 9.660870565208e-01 -5.000000000000e+00
   endloop
 endfacet
 facet normal 0.000000000000e+00 0.000000000000e+00 -1.000000000000e+00
   outer loop
     vertex 4.000000000000e+00 4.000000000000e+00 -5.000000000000e+00
     vertex 1.275412011557e+00 9.660870565208e-01 -5.000000000000e+00
     vertex 1.225671108990e+00 1.028460175498e+00 -5.000000000000e+00
   endloop
 endfacet
 facet normal 0.000000000000e+00 0.000000000000e+00 -1.000000000000e+00
   outer loop
     vertex 4.000000000000e+00 4.000000000000e+00 -5.000000000000e+00
     vertex 1.225671108990e+00 1.028460175498e+00 -5.000000000000e+00
     vertex 1.172882994928e+00 1.088276380433e+00 -5.000000000000e+00
   endloop
 endfacet
 facet normal 0.000000000000e+00 0.000000000000e+00 -1.000000000000e+00
   outer loop
     vertex 4.000000000000e+00 4.000000000000e+00 -5.000000000000e+00
     vertex 1.172882994928e+00 1.088276380433e+00 -5.000000000000e+00
     vertex 1.117178908938e+00 1.145386958816e+00 -5.000000000000e+00
   endloop
 endfacet
 facet normal 0.000000000000e+00 0.000000000000e+00 -1.000000000000e+00
   outer loop
     vertex 4.000000000000e+00 4.000000000000e+00 -5.000000000000e+00
     vertex 1.117178908938e+00 1.145386958816e+00 -5.000000000000e+00
     vertex 1.058697340155e+00 1.199649924748e+00 -5.000000000000e+00
   endloop
 endfacet
 facet normal 0.000000000000e+00 0.000000000000e+00 -1.000000000000e+00
   outer loop
     vertex 4.000000000000e+00 4.000000000000e+00 -5.000000000000e+00
     vertex 1.058697340155e+00 1.199649924748e+00 -5.000000000000e+00
     vertex 9.975836829740e-01 1.250930371949e+00 -5.000000000000e+00
   endloop
 endfacet
 facet normal 0.000000000000e+00 0.000000000000e+00 -1.000000000000e+00
   outer loop
     vertex 4.000000000000e+00 4.000000000000e+00 -5.000000000000e+00
     vertex 9.975836829740e-01 1.250930371949e+00 -5.000000000000e+00
     vertex 9.339898755757e-01 1.299100809145e+00 -5.000000000000e+00
   endloop
 endfacet
 facet normal 0.000000000000e+00 0.000000000000e+00 -1.000000000000e+00
   outer loop
     vertex 4.000000000000e+00 4.000000000000e+00 -5.000000000000e+00
     vertex 9.339898755757e-01 1.299100809145e+00 -5.000000000000e+00
     vertex 8.680740221852e-01 1.344041477041e+00 -5.000000000000e+00
   endloop
 endfacet
 facet normal -0.000000000000e+00 0.000000000000e+00 -1.000000000000e+00
   outer loop
     vertex 4.000000000000e+00 4.000000000000e+00 -5.000000000000e+00
     vertex -3.988910678092e-02 1.599502691201e+00 -5.000000000000e+00
     vertex -4.000000000000e+00 4.000000000000e+00 -5.000000000000e+00
   endloop
 endfacet
 facet normal 0.000000000000e+00 0.000000000000e+00 -1.000000000000e+00
   outer loop
     vertex 4.000000000000e+00 4.000000000000e+00 -5.000000000000e+00
     vertex 8.680740221852e-01 1.344041477041e+00 -5.000000000000e+00
     vertex 8.000000000000e-01 1.385640646055e+00 -5.000000000000e+00
   endloop
 endfacet
 facet normal 0.000000000000e+00 0.000000000000e+00 -1.000000000000e+00
   outer loop
     vertex 4.000000000000e+00 4.000000000000e+00 -5.000000000000e+00
     vertex 8.000000000000e-01 1.385640646055e+00 -5.000000000000e+00
     vertex 7.299370517651e-01 1.423794894098e+00 -5.000000000000e+00
   endloop
 endfacet
 facet normal 0.000000000000e+00 0.000000000000e+00 -1.000000000000e+00
   outer loop
     vertex 4.000000000000e+00 4.000000000000e+00 -5.000000000000e+00
     vertex 7.299370517651e-01 1.423794894098e+00 -5.000000000000e+00
     vertex 6.580593650090e-01 1.458409363699e+00 -5.000000000000e+00
   endloop
 endfacet
 facet normal 0.000000000000e+00 0.000000000000e+00 -1.000000000000e+00
   outer loop
     vertex 4.000000000000e+00 4.000000000000e+00 -5.000000000000e+00
     vertex 6.580593650090e-01 1.458409363699e+00 -5.000000000000e+00
     vertex 5.845456389862e-01 1.489397997831e+00 -5.000000000000e+00
   endloop
 endfacet
 facet normal 0.000000000000e+00 0.000000000000e+00 -1.000000000000e+00
   outer loop
     vertex 4.000000000000e+00 4.000000000000e+00 -5.000000000000e+00
     vertex 5.845456389862e-01 1.489397997831e+00 -5.000000000000e+00
     vertex 5.095786404027e-01 1.516683753867e+00 -5.000000000000e+00
   endloop
 endfacet
 facet normal 0.000000000000e+00 0.000000000000e+00 -1.000000000000e+00
   outer loop
     vertex 4.000000000000e+00 4.000000000000e+00 -5.000000000000e+00
     vertex 5.095786404027e-01 1.516683753867e+00 -5.000000000000e+00
     vertex 4.333447490288e-01 1.540198795120e+00 -5.000000000000e+00
   endloop
 endfacet
 facet normal 0.000000000000e+00 0.000000000000e+00 -1.000000000000e+00
   outer loop
     vertex 4.000000000000e+00 4.000000000000e+00 -5.000000000000e+00
     vertex 4.333447490288e-01 1.540198795120e+00 -5.000000000000e+00
     vertex 3.560334943301e-01 1.559884659491e+00 -5.000000000000e+00
   endloop
 endfacet
 facet normal 0.000000000000e+00 0.000000000000e+00 -1.000000000000e+00
   outer loop
     vertex 4.000000000000e+00 4.000000000000e+00 -5.000000000000e+00
     vertex 3.560334943301e-01 1.559884659491e+00 -5.000000000000e+00
     vertex 2.778370842671e-01 1.575692404820e+00 -5.000000000000e+00
   endloop
 endfacet
 facet normal 0.000000000000e+00 0.000000000000e+00 -1.000000000000e+00
   outer loop
     vertex 4.000000000000e+00 4.000000000000e+00 -5.000000000000e+00
     vertex 2.778370842671e-01 1.575692404820e+00 -5.000000000000e+00
     vertex 1.989499274360e-01 1.587582730560e+00 -5.000000000000e+00
   endloop
 endfacet
 facet normal 0.000000000000e+00 0.000000000000e+00 -1.000000000000e+00
   outer loop
     vertex 4.000000000000e+00 4.000000000000e+00 -5.000000000000e+00
     vertex 1.989499274360e-01 1.587582730560e+00 -5.000000000000e+00
     vertex 1.195681497383e-01 1.595526075490e+00 -5.000000000000e+00
   endloop
 endfacet
 facet normal 0.000000000000e+00 0.000000000000e+00 -1.000000000000e+00
   outer loop
     vertex 4.000000000000e+00 4.000000000000e+00 -5.000000000000e+00
     vertex 1.195681497383e-01 1.595526075490e+00 -5.000000000000e+00
     vertex 3.988910678092e-02 1.599502691201e+00 -5.000000000000e+00
   endloop
 endfacet
 facet normal 0.000000000000e+00 0.000000000000e+00 -1.000000000000e+00
   outer loop
     vertex 4.000000000000e+00 4.000000000000e+00 -5.000000000000e+00
     vertex 3.988910678092e-02 1.599502691201e+00 -5.000000000000e+00
     vertex -3.988910678092e-02 1.599502691201e+00 -5.000000000000e+00
   endloop
 endfacet
endsolid
